anno,variable,seccion_fuente,division_publicada,grupo_rev4_homologado,valor,archivo_fuente,cuadro_fuente,usar_para_homologacion,estado_mapeo
2001,fbcf,D,,,3378168000.0,2 Digitos/EAE_cu14afe2_01.xls,C14_2dig_2001,no,no_mapeado_o_no_usado
2001,adquisiciones_importadas,D,,,1075519000.0,2 Digitos/EAE_cu14afe2_01.xls,C14_2dig_2001,no,no_mapeado_o_no_usado
2001,fbcf,D,15-16,10_11_12_alimentos_bebidas_tabaco,1257423000.0,2 Digitos/EAE_cu14afe2_01.xls,C14_2dig_2001,si,mapeado
2001,adquisiciones_importadas,D,15-16,10_11_12_alimentos_bebidas_tabaco,491997000.0,2 Digitos/EAE_cu14afe2_01.xls,C14_2dig_2001,si,mapeado
2001,fbcf,D,17-18-19,13_14_15_textiles_prendas_cuero,292552000.0,2 Digitos/EAE_cu14afe2_01.xls,C14_2dig_2001,si,mapeado
2001,adquisiciones_importadas,D,17-18-19,13_14_15_textiles_prendas_cuero,156270000.0,2 Digitos/EAE_cu14afe2_01.xls,C14_2dig_2001,si,mapeado
2001,fbcf,D,20,16_madera,54740000.0,2 Digitos/EAE_cu14afe2_01.xls,C14_2dig_2001,si,mapeado
2001,adquisiciones_importadas,D,20,16_madera,8848000.0,2 Digitos/EAE_cu14afe2_01.xls,C14_2dig_2001,si,mapeado
2001,fbcf,D,21-22,17_18_papel_impresion,378044000.0,2 Digitos/EAE_cu14afe2_01.xls,C14_2dig_2001,si,mapeado
2001,adquisiciones_importadas,D,21-22,17_18_papel_impresion,114360000.0,2 Digitos/EAE_cu14afe2_01.xls,C14_2dig_2001,si,mapeado
2001,fbcf,D,23,19_refinacion,109434000.0,2 Digitos/EAE_cu14afe2_01.xls,C14_2dig_2001,si,mapeado
2001,adquisiciones_importadas,D,23,19_refinacion,46774000.0,2 Digitos/EAE_cu14afe2_01.xls,C14_2dig_2001,si,mapeado
2001,fbcf,D,24-25,20_21_22_quimicos_farma_caucho_plastico,604996000.0,2 Digitos/EAE_cu14afe2_01.xls,C14_2dig_2001,si,mapeado
2001,adquisiciones_importadas,D,24-25,20_21_22_quimicos_farma_caucho_plastico,170248000.0,2 Digitos/EAE_cu14afe2_01.xls,C14_2dig_2001,si,mapeado
2001,fbcf,D,26-27,23_24_minerales_metales,122059000.0,2 Digitos/EAE_cu14afe2_01.xls,C14_2dig_2001,si,mapeado
2001,adquisiciones_importadas,D,26-27,23_24_minerales_metales,32853000.0,2 Digitos/EAE_cu14afe2_01.xls,C14_2dig_2001,si,mapeado
2001,fbcf,D,28-29-30,25_26_27_28_33_metal_equipos_reparacion,139652000.0,2 Digitos/EAE_cu14afe2_01.xls,C14_2dig_2001,si,mapeado
2001,adquisiciones_importadas,D,28-29-30,25_26_27_28_33_metal_equipos_reparacion,5568000.0,2 Digitos/EAE_cu14afe2_01.xls,C14_2dig_2001,si,mapeado
2001,fbcf,D,31-32-33,25_26_27_28_33_metal_equipos_reparacion,51701000.0,2 Digitos/EAE_cu14afe2_01.xls,C14_2dig_2001,si,mapeado
2001,adquisiciones_importadas,D,31-32-33,25_26_27_28_33_metal_equipos_reparacion,23011000.0,2 Digitos/EAE_cu14afe2_01.xls,C14_2dig_2001,si,mapeado
2001,fbcf,D,34-35,29_30_vehiculos_transporte,244239000.0,2 Digitos/EAE_cu14afe2_01.xls,C14_2dig_2001,si,mapeado
2001,adquisiciones_importadas,D,34-35,29_30_vehiculos_transporte,6024000.0,2 Digitos/EAE_cu14afe2_01.xls,C14_2dig_2001,si,mapeado
2001,fbcf,D,36,31_32_muebles_otras_manufacturas,123328000.0,2 Digitos/EAE_cu14afe2_01.xls,C14_2dig_2001,si,mapeado
2001,adquisiciones_importadas,D,36,31_32_muebles_otras_manufacturas,19566000.0,2 Digitos/EAE_cu14afe2_01.xls,C14_2dig_2001,si,mapeado
2001,fbcf,E,,,1873450000.0,2 Digitos/EAE_cu14afe2_01.xls,C14_2dig_2001,no,no_mapeado_o_no_usado
2001,adquisiciones_importadas,E,,,1707000.0,2 Digitos/EAE_cu14afe2_01.xls,C14_2dig_2001,no,no_mapeado_o_no_usado
2001,fbcf,E,40,,1775833000.0,2 Digitos/EAE_cu14afe2_01.xls,C14_2dig_2001,si,no_mapeado_o_no_usado
2001,adquisiciones_importadas,E,40,,0.0,2 Digitos/EAE_cu14afe2_01.xls,C14_2dig_2001,si,no_mapeado_o_no_usado
2001,fbcf,E,41,,97617000.0,2 Digitos/EAE_cu14afe2_01.xls,C14_2dig_2001,si,no_mapeado_o_no_usado
2001,adquisiciones_importadas,E,41,,1707000.0,2 Digitos/EAE_cu14afe2_01.xls,C14_2dig_2001,si,no_mapeado_o_no_usado
2001,fbcf,G,,,1513529000.0,2 Digitos/EAE_cu14afe2_01.xls,C14_2dig_2001,no,no_mapeado_o_no_usado
2001,adquisiciones_importadas,G,,,106040000.0,2 Digitos/EAE_cu14afe2_01.xls,C14_2dig_2001,no,no_mapeado_o_no_usado
2001,fbcf,G,50-51,,742536000.0,2 Digitos/EAE_cu14afe2_01.xls,C14_2dig_2001,si,no_mapeado_o_no_usado
2001,adquisiciones_importadas,G,50-51,,98964000.0,2 Digitos/EAE_cu14afe2_01.xls,C14_2dig_2001,si,no_mapeado_o_no_usado
2001,fbcf,G,52,,770993000.0,2 Digitos/EAE_cu14afe2_01.xls,C14_2dig_2001,si,no_mapeado_o_no_usado
2001,adquisiciones_importadas,G,52,,7076000.0,2 Digitos/EAE_cu14afe2_01.xls,C14_2dig_2001,si,no_mapeado_o_no_usado
2001,fbcf,H,,,2018610000.0,2 Digitos/EAE_cu14afe2_01.xls,C14_2dig_2001,no,no_mapeado_o_no_usado
2001,adquisiciones_importadas,H,,,5081000.0,2 Digitos/EAE_cu14afe2_01.xls,C14_2dig_2001,no,no_mapeado_o_no_usado
2001,fbcf,H,55,,2018610000.0,2 Digitos/EAE_cu14afe2_01.xls,C14_2dig_2001,si,no_mapeado_o_no_usado
2001,adquisiciones_importadas,H,55,,5081000.0,2 Digitos/EAE_cu14afe2_01.xls,C14_2dig_2001,si,no_mapeado_o_no_usado
2001,fbcf,I,,,2715373000.0,2 Digitos/EAE_cu14afe2_01.xls,C14_2dig_2001,no,no_mapeado_o_no_usado
2001,adquisiciones_importadas,I,,,1786934000.0,2 Digitos/EAE_cu14afe2_01.xls,C14_2dig_2001,no,no_mapeado_o_no_usado
2001,fbcf,I,60-61-62-63-64,,2715373000.0,2 Digitos/EAE_cu14afe2_01.xls,C14_2dig_2001,si,no_mapeado_o_no_usado
2001,adquisiciones_importadas,I,60-61-62-63-64,,1786934000.0,2 Digitos/EAE_cu14afe2_01.xls,C14_2dig_2001,si,no_mapeado_o_no_usado
2001,fbcf,K,,,407808000.0,2 Digitos/EAE_cu14afe2_01.xls,C14_2dig_2001,no,no_mapeado_o_no_usado
2001,adquisiciones_importadas,K,,,23660000.0,2 Digitos/EAE_cu14afe2_01.xls,C14_2dig_2001,no,no_mapeado_o_no_usado
2001,fbcf,K,71,,69824000.0,2 Digitos/EAE_cu14afe2_01.xls,C14_2dig_2001,si,no_mapeado_o_no_usado
2001,adquisiciones_importadas,K,71,,1218000.0,2 Digitos/EAE_cu14afe2_01.xls,C14_2dig_2001,si,no_mapeado_o_no_usado
2001,fbcf,K,72,,39136000.0,2 Digitos/EAE_cu14afe2_01.xls,C14_2dig_2001,si,no_mapeado_o_no_usado
2001,adquisiciones_importadas,K,72,,7885000.0,2 Digitos/EAE_cu14afe2_01.xls,C14_2dig_2001,si,no_mapeado_o_no_usado
2001,fbcf,K,73,,8476000.0,2 Digitos/EAE_cu14afe2_01.xls,C14_2dig_2001,si,no_mapeado_o_no_usado
2001,adquisiciones_importadas,K,73,,2233000.0,2 Digitos/EAE_cu14afe2_01.xls,C14_2dig_2001,si,no_mapeado_o_no_usado
2001,fbcf,K,74,,290372000.0,2 Digitos/EAE_cu14afe2_01.xls,C14_2dig_2001,si,no_mapeado_o_no_usado
2001,adquisiciones_importadas,K,74,,12324000.0,2 Digitos/EAE_cu14afe2_01.xls,C14_2dig_2001,si,no_mapeado_o_no_usado
2001,fbcf,M,,,240196000.0,2 Digitos/EAE_cu14afe2_01.xls,C14_2dig_2001,no,no_mapeado_o_no_usado
2001,adquisiciones_importadas,M,,,5934000.0,2 Digitos/EAE_cu14afe2_01.xls,C14_2dig_2001,no,no_mapeado_o_no_usado
2001,fbcf,M,80,,240196000.0,2 Digitos/EAE_cu14afe2_01.xls,C14_2dig_2001,si,no_mapeado_o_no_usado
2001,adquisiciones_importadas,M,80,,5934000.0,2 Digitos/EAE_cu14afe2_01.xls,C14_2dig_2001,si,no_mapeado_o_no_usado
2001,fbcf,N,,,1052732000.0,2 Digitos/EAE_cu14afe2_01.xls,C14_2dig_2001,no,no_mapeado_o_no_usado
2001,adquisiciones_importadas,N,,,15697000.0,2 Digitos/EAE_cu14afe2_01.xls,C14_2dig_2001,no,no_mapeado_o_no_usado
2001,fbcf,N,85,,1052732000.0,2 Digitos/EAE_cu14afe2_01.xls,C14_2dig_2001,si,no_mapeado_o_no_usado
2001,adquisiciones_importadas,N,85,,15697000.0,2 Digitos/EAE_cu14afe2_01.xls,C14_2dig_2001,si,no_mapeado_o_no_usado
2001,fbkf_maq_eq,D,,,1974576000.0,2 Digitos/EAE_cu17afe2_01.xls,C17_2dig_2001,no,no_mapeado_o_no_usado
2001,fbkf_maq_eq,D,15-16,10_11_12_alimentos_bebidas_tabaco,815786000.0,2 Digitos/EAE_cu17afe2_01.xls,C17_2dig_2001,si,mapeado
2001,fbkf_maq_eq,D,17-18-19,13_14_15_textiles_prendas_cuero,173805000.0,2 Digitos/EAE_cu17afe2_01.xls,C17_2dig_2001,si,mapeado
2001,fbkf_maq_eq,D,20,16_madera,38123000.0,2 Digitos/EAE_cu17afe2_01.xls,C17_2dig_2001,si,mapeado
2001,fbkf_maq_eq,D,21-22,17_18_papel_impresion,276284000.0,2 Digitos/EAE_cu17afe2_01.xls,C17_2dig_2001,si,mapeado
2001,fbkf_maq_eq,D,23,19_refinacion,46924000.0,2 Digitos/EAE_cu17afe2_01.xls,C17_2dig_2001,si,mapeado
2001,fbkf_maq_eq,D,24-25,20_21_22_quimicos_farma_caucho_plastico,315448000.0,2 Digitos/EAE_cu17afe2_01.xls,C17_2dig_2001,si,mapeado
2001,fbkf_maq_eq,D,26-27,23_24_minerales_metales,71848000.0,2 Digitos/EAE_cu17afe2_01.xls,C17_2dig_2001,si,mapeado
2001,fbkf_maq_eq,D,28-29-30,25_26_27_28_33_metal_equipos_reparacion,74541000.0,2 Digitos/EAE_cu17afe2_01.xls,C17_2dig_2001,si,mapeado
2001,fbkf_maq_eq,D,31-32-33,25_26_27_28_33_metal_equipos_reparacion,22318000.0,2 Digitos/EAE_cu17afe2_01.xls,C17_2dig_2001,si,mapeado
2001,fbkf_maq_eq,D,34-35,29_30_vehiculos_transporte,82162000.0,2 Digitos/EAE_cu17afe2_01.xls,C17_2dig_2001,si,mapeado
2001,fbkf_maq_eq,D,36,31_32_muebles_otras_manufacturas,57337000.0,2 Digitos/EAE_cu17afe2_01.xls,C17_2dig_2001,si,mapeado
2001,fbkf_maq_eq,E,,,147612000.0,2 Digitos/EAE_cu17afe2_01.xls,C17_2dig_2001,no,no_mapeado_o_no_usado
2001,fbkf_maq_eq,E,40,,138856000.0,2 Digitos/EAE_cu17afe2_01.xls,C17_2dig_2001,si,no_mapeado_o_no_usado
2001,fbkf_maq_eq,E,41,,8756000.0,2 Digitos/EAE_cu17afe2_01.xls,C17_2dig_2001,si,no_mapeado_o_no_usado
2001,fbkf_maq_eq,G,,,385069000.0,2 Digitos/EAE_cu17afe2_01.xls,C17_2dig_2001,no,no_mapeado_o_no_usado
2001,fbkf_maq_eq,G,50-51,,212362000.0,2 Digitos/EAE_cu17afe2_01.xls,C17_2dig_2001,si,no_mapeado_o_no_usado
2001,fbkf_maq_eq,G,52,,172707000.0,2 Digitos/EAE_cu17afe2_01.xls,C17_2dig_2001,si,no_mapeado_o_no_usado
2001,fbkf_maq_eq,H,,,37710000.0,2 Digitos/EAE_cu17afe2_01.xls,C17_2dig_2001,no,no_mapeado_o_no_usado
2001,fbkf_maq_eq,H,55,,37710000.0,2 Digitos/EAE_cu17afe2_01.xls,C17_2dig_2001,si,no_mapeado_o_no_usado
2001,fbkf_maq_eq,I,,,1248202000.0,2 Digitos/EAE_cu17afe2_01.xls,C17_2dig_2001,no,no_mapeado_o_no_usado
2001,fbkf_maq_eq,I,60-61-62-63-64,,1248202000.0,2 Digitos/EAE_cu17afe2_01.xls,C17_2dig_2001,si,no_mapeado_o_no_usado
2001,fbkf_maq_eq,K,,,161856000.0,2 Digitos/EAE_cu17afe2_01.xls,C17_2dig_2001,no,no_mapeado_o_no_usado
2001,fbkf_maq_eq,K,71,,24349000.0,2 Digitos/EAE_cu17afe2_01.xls,C17_2dig_2001,si,no_mapeado_o_no_usado
2001,fbkf_maq_eq,K,72,,23056000.0,2 Digitos/EAE_cu17afe2_01.xls,C17_2dig_2001,si,no_mapeado_o_no_usado
2001,fbkf_maq_eq,K,73,,3401000.0,2 Digitos/EAE_cu17afe2_01.xls,C17_2dig_2001,si,no_mapeado_o_no_usado
2001,fbkf_maq_eq,K,74,,111050000.0,2 Digitos/EAE_cu17afe2_01.xls,C17_2dig_2001,si,no_mapeado_o_no_usado
2001,fbkf_maq_eq,M,,,30200000.0,2 Digitos/EAE_cu17afe2_01.xls,C17_2dig_2001,no,no_mapeado_o_no_usado
2001,fbkf_maq_eq,M,80,,30200000.0,2 Digitos/EAE_cu17afe2_01.xls,C17_2dig_2001,si,no_mapeado_o_no_usado
2001,fbkf_maq_eq,N,,,330479000.0,2 Digitos/EAE_cu17afe2_01.xls,C17_2dig_2001,no,no_mapeado_o_no_usado
2001,fbkf_maq_eq,N,85,,330479000.0,2 Digitos/EAE_cu17afe2_01.xls,C17_2dig_2001,si,no_mapeado_o_no_usado
2003,fbcf,D,,,6899547696.0,EAE_C10_2003.xls,FBCF,no,no_mapeado_o_no_usado
2003,adquisiciones_importadas,D,,,5256351292.0,EAE_C10_2003.xls,FBCF,no,no_mapeado_o_no_usado
2003,fbcf,D,15,10_11_12_alimentos_bebidas_tabaco,1391535713.0,EAE_C10_2003.xls,FBCF,si,mapeado
2003,adquisiciones_importadas,D,15,10_11_12_alimentos_bebidas_tabaco,479596924.0,EAE_C10_2003.xls,FBCF,si,mapeado
2003,fbcf,D,151,,585091155.0,EAE_C10_2003.xls,FBCF,no,no_mapeado_o_no_usado
2003,adquisiciones_importadas,D,151,,185394575.0,EAE_C10_2003.xls,FBCF,no,no_mapeado_o_no_usado
2003,fbcf,D,1511,,336453290.0,EAE_C10_2003.xls,FBCF,no,no_mapeado_o_no_usado
2003,adquisiciones_importadas,D,1511,,57350224.0,EAE_C10_2003.xls,FBCF,no,no_mapeado_o_no_usado
2003,fbcf,D,1512,,175574553.0,EAE_C10_2003.xls,FBCF,no,no_mapeado_o_no_usado
2003,adquisiciones_importadas,D,1512,,109410864.0,EAE_C10_2003.xls,FBCF,no,no_mapeado_o_no_usado
2003,fbcf,D,1513,,65502512.0,EAE_C10_2003.xls,FBCF,no,no_mapeado_o_no_usado
2003,adquisiciones_importadas,D,1513,,10377487.0,EAE_C10_2003.xls,FBCF,no,no_mapeado_o_no_usado
2003,fbcf,D,1514,,7560800.0,EAE_C10_2003.xls,FBCF,no,no_mapeado_o_no_usado
2003,adquisiciones_importadas,D,1514,,8256000.0,EAE_C10_2003.xls,FBCF,no,no_mapeado_o_no_usado
2003,fbcf,D,152,,572228275.0,EAE_C10_2003.xls,FBCF,no,no_mapeado_o_no_usado
2003,adquisiciones_importadas,D,152,,209806209.0,EAE_C10_2003.xls,FBCF,no,no_mapeado_o_no_usado
2003,fbcf,D,1520,,572228275.0,EAE_C10_2003.xls,FBCF,no,no_mapeado_o_no_usado
2003,adquisiciones_importadas,D,1520,,209806209.0,EAE_C10_2003.xls,FBCF,no,no_mapeado_o_no_usado
2003,fbcf,D,153,,90657996.0,EAE_C10_2003.xls,FBCF,no,no_mapeado_o_no_usado
2003,adquisiciones_importadas,D,153,,15257418.0,EAE_C10_2003.xls,FBCF,no,no_mapeado_o_no_usado
2003,fbcf,D,1531,,26810323.0,EAE_C10_2003.xls,FBCF,no,no_mapeado_o_no_usado
2003,adquisiciones_importadas,D,1531,,7437753.0,EAE_C10_2003.xls,FBCF,no,no_mapeado_o_no_usado
2003,fbcf,D,1533,,16435946.0,EAE_C10_2003.xls,FBCF,no,no_mapeado_o_no_usado
2003,adquisiciones_importadas,D,1533,,585000.0,EAE_C10_2003.xls,FBCF,no,no_mapeado_o_no_usado
2003,fbcf,D,1534,,47411727.0,EAE_C10_2003.xls,FBCF,no,no_mapeado_o_no_usado
2003,adquisiciones_importadas,D,1534,,7234665.0,EAE_C10_2003.xls,FBCF,no,no_mapeado_o_no_usado
2003,fbcf,D,154,,184815284.0,EAE_C10_2003.xls,FBCF,no,no_mapeado_o_no_usado
2003,adquisiciones_importadas,D,154,,50492929.0,EAE_C10_2003.xls,FBCF,no,no_mapeado_o_no_usado
2003,fbcf,D,1541,,96857587.0,EAE_C10_2003.xls,FBCF,no,no_mapeado_o_no_usado
2003,adquisiciones_importadas,D,1541,,1343960.0,EAE_C10_2003.xls,FBCF,no,no_mapeado_o_no_usado
2003,fbcf,D,1542,,3100634.0,EAE_C10_2003.xls,FBCF,no,no_mapeado_o_no_usado
2003,adquisiciones_importadas,D,1542,,4104465.0,EAE_C10_2003.xls,FBCF,no,no_mapeado_o_no_usado
2003,fbcf,D,1543,,881075.0,EAE_C10_2003.xls,FBCF,no,no_mapeado_o_no_usado
2003,adquisiciones_importadas,D,1543,,0.0,EAE_C10_2003.xls,FBCF,no,no_mapeado_o_no_usado
2003,fbcf,D,1544,,29856862.0,EAE_C10_2003.xls,FBCF,no,no_mapeado_o_no_usado
2003,adquisiciones_importadas,D,1544,,23165475.0,EAE_C10_2003.xls,FBCF,no,no_mapeado_o_no_usado
2003,fbcf,D,1549,,54119126.0,EAE_C10_2003.xls,FBCF,no,no_mapeado_o_no_usado
2003,adquisiciones_importadas,D,1549,,21879029.0,EAE_C10_2003.xls,FBCF,no,no_mapeado_o_no_usado
2003,fbcf,D,155,,-41256997.0,EAE_C10_2003.xls,FBCF,no,no_mapeado_o_no_usado
2003,adquisiciones_importadas,D,155,,18645793.0,EAE_C10_2003.xls,FBCF,no,no_mapeado_o_no_usado
2003,fbcf,D,1551,,2883067.0,EAE_C10_2003.xls,FBCF,no,no_mapeado_o_no_usado
2003,adquisiciones_importadas,D,1551,,831185.0,EAE_C10_2003.xls,FBCF,no,no_mapeado_o_no_usado
2003,fbcf,D,1552,,10426433.0,EAE_C10_2003.xls,FBCF,no,no_mapeado_o_no_usado
2003,adquisiciones_importadas,D,1552,,858873.0,EAE_C10_2003.xls,FBCF,no,no_mapeado_o_no_usado
2003,fbcf,D,1553,,-222958476.0,EAE_C10_2003.xls,FBCF,no,no_mapeado_o_no_usado
2003,adquisiciones_importadas,D,1553,,0.0,EAE_C10_2003.xls,FBCF,no,no_mapeado_o_no_usado
2003,fbcf,D,1554,,168391979.0,EAE_C10_2003.xls,FBCF,no,no_mapeado_o_no_usado
2003,adquisiciones_importadas,D,1554,,16955735.0,EAE_C10_2003.xls,FBCF,no,no_mapeado_o_no_usado
2003,fbcf,D,16,10_11_12_alimentos_bebidas_tabaco,88529940.0,EAE_C10_2003.xls,FBCF,si,mapeado
2003,adquisiciones_importadas,D,16,10_11_12_alimentos_bebidas_tabaco,83823226.0,EAE_C10_2003.xls,FBCF,si,mapeado
2003,fbcf,D,160,,88529940.0,EAE_C10_2003.xls,FBCF,no,no_mapeado_o_no_usado
2003,adquisiciones_importadas,D,160,,83823226.0,EAE_C10_2003.xls,FBCF,no,no_mapeado_o_no_usado
2003,fbcf,D,1600,,88529940.0,EAE_C10_2003.xls,FBCF,no,no_mapeado_o_no_usado
2003,adquisiciones_importadas,D,1600,,83823226.0,EAE_C10_2003.xls,FBCF,no,no_mapeado_o_no_usado
2003,fbcf,D,17,13_14_15_textiles_prendas_cuero,105170301.0,EAE_C10_2003.xls,FBCF,si,mapeado
2003,adquisiciones_importadas,D,17,13_14_15_textiles_prendas_cuero,76842519.0,EAE_C10_2003.xls,FBCF,si,mapeado
2003,fbcf,D,171,,91748053.0,EAE_C10_2003.xls,FBCF,no,no_mapeado_o_no_usado
2003,adquisiciones_importadas,D,171,,72250218.0,EAE_C10_2003.xls,FBCF,no,no_mapeado_o_no_usado
2003,fbcf,D,1711,,44618469.0,EAE_C10_2003.xls,FBCF,no,no_mapeado_o_no_usado
2003,adquisiciones_importadas,D,1711,,42822567.0,EAE_C10_2003.xls,FBCF,no,no_mapeado_o_no_usado
2003,fbcf,D,1712,,32597.0,EAE_C10_2003.xls,FBCF,no,no_mapeado_o_no_usado
2003,adquisiciones_importadas,D,1712,,0.0,EAE_C10_2003.xls,FBCF,no,no_mapeado_o_no_usado
2003,fbcf,D,1713,,47096987.0,EAE_C10_2003.xls,FBCF,no,no_mapeado_o_no_usado
2003,adquisiciones_importadas,D,1713,,29427651.0,EAE_C10_2003.xls,FBCF,no,no_mapeado_o_no_usado
2003,fbcf,D,172,,11172420.0,EAE_C10_2003.xls,FBCF,no,no_mapeado_o_no_usado
2003,adquisiciones_importadas,D,172,,2217568.0,EAE_C10_2003.xls,FBCF,no,no_mapeado_o_no_usado
2003,fbcf,D,1720,,11172420.0,EAE_C10_2003.xls,FBCF,no,no_mapeado_o_no_usado
2003,adquisiciones_importadas,D,1720,,2217568.0,EAE_C10_2003.xls,FBCF,no,no_mapeado_o_no_usado
2003,fbcf,D,173,,2249828.0,EAE_C10_2003.xls,FBCF,no,no_mapeado_o_no_usado
2003,adquisiciones_importadas,D,173,,2374733.0,EAE_C10_2003.xls,FBCF,no,no_mapeado_o_no_usado
2003,fbcf,D,1730,,2249828.0,EAE_C10_2003.xls,FBCF,no,no_mapeado_o_no_usado
2003,adquisiciones_importadas,D,1730,,2374733.0,EAE_C10_2003.xls,FBCF,no,no_mapeado_o_no_usado
2003,fbcf,D,18,13_14_15_textiles_prendas_cuero,38136623.0,EAE_C10_2003.xls,FBCF,si,mapeado
2003,adquisiciones_importadas,D,18,13_14_15_textiles_prendas_cuero,21576124.0,EAE_C10_2003.xls,FBCF,si,mapeado
2003,fbcf,D,181,,38136623.0,EAE_C10_2003.xls,FBCF,no,no_mapeado_o_no_usado
2003,adquisiciones_importadas,D,181,,21576124.0,EAE_C10_2003.xls,FBCF,no,no_mapeado_o_no_usado
2003,fbcf,D,1810,,38136623.0,EAE_C10_2003.xls,FBCF,no,no_mapeado_o_no_usado
2003,adquisiciones_importadas,D,1810,,21576124.0,EAE_C10_2003.xls,FBCF,no,no_mapeado_o_no_usado
2003,fbcf,D,19,13_14_15_textiles_prendas_cuero,242476156.0,EAE_C10_2003.xls,FBCF,si,mapeado
2003,adquisiciones_importadas,D,19,13_14_15_textiles_prendas_cuero,130098896.0,EAE_C10_2003.xls,FBCF,si,mapeado
2003,fbcf,D,191,,241012822.0,EAE_C10_2003.xls,FBCF,no,no_mapeado_o_no_usado
2003,adquisiciones_importadas,D,191,,130077593.0,EAE_C10_2003.xls,FBCF,no,no_mapeado_o_no_usado
2003,fbcf,D,1911,,240875482.0,EAE_C10_2003.xls,FBCF,no,no_mapeado_o_no_usado
2003,adquisiciones_importadas,D,1911,,130077593.0,EAE_C10_2003.xls,FBCF,no,no_mapeado_o_no_usado
2003,fbcf,D,1912,,137340.0,EAE_C10_2003.xls,FBCF,no,no_mapeado_o_no_usado
2003,adquisiciones_importadas,D,1912,,0.0,EAE_C10_2003.xls,FBCF,no,no_mapeado_o_no_usado
2003,fbcf,D,192,,1463334.0,EAE_C10_2003.xls,FBCF,no,no_mapeado_o_no_usado
2003,adquisiciones_importadas,D,192,,21303.0,EAE_C10_2003.xls,FBCF,no,no_mapeado_o_no_usado
2003,fbcf,D,1920,,1463334.0,EAE_C10_2003.xls,FBCF,no,no_mapeado_o_no_usado
2003,adquisiciones_importadas,D,1920,,21303.0,EAE_C10_2003.xls,FBCF,no,no_mapeado_o_no_usado
2003,fbcf,D,20,16_madera,44995311.0,EAE_C10_2003.xls,FBCF,si,mapeado
2003,adquisiciones_importadas,D,20,16_madera,30994700.0,EAE_C10_2003.xls,FBCF,si,mapeado
2003,fbcf,D,201,,15450176.0,EAE_C10_2003.xls,FBCF,no,no_mapeado_o_no_usado
2003,adquisiciones_importadas,D,201,,13514320.0,EAE_C10_2003.xls,FBCF,no,no_mapeado_o_no_usado
2003,fbcf,D,2010,,15450176.0,EAE_C10_2003.xls,FBCF,no,no_mapeado_o_no_usado
2003,adquisiciones_importadas,D,2010,,13514320.0,EAE_C10_2003.xls,FBCF,no,no_mapeado_o_no_usado
2003,fbcf,D,202,,29545135.0,EAE_C10_2003.xls,FBCF,no,no_mapeado_o_no_usado
2003,adquisiciones_importadas,D,202,,17480380.0,EAE_C10_2003.xls,FBCF,no,no_mapeado_o_no_usado
2003,fbcf,D,2021,,29545135.0,EAE_C10_2003.xls,FBCF,no,no_mapeado_o_no_usado
2003,adquisiciones_importadas,D,2021,,17480380.0,EAE_C10_2003.xls,FBCF,no,no_mapeado_o_no_usado
2003,fbcf,D,2029,,0.0,EAE_C10_2003.xls,FBCF,no,no_mapeado_o_no_usado
2003,adquisiciones_importadas,D,2029,,0.0,EAE_C10_2003.xls,FBCF,no,no_mapeado_o_no_usado
2003,fbcf,D,21,17_18_papel_impresion,211889456.0,EAE_C10_2003.xls,FBCF,si,mapeado
2003,adquisiciones_importadas,D,21,17_18_papel_impresion,81223788.0,EAE_C10_2003.xls,FBCF,si,mapeado
2003,fbcf,D,210,,211889456.0,EAE_C10_2003.xls,FBCF,no,no_mapeado_o_no_usado
2003,adquisiciones_importadas,D,210,,81223788.0,EAE_C10_2003.xls,FBCF,no,no_mapeado_o_no_usado
2003,fbcf,D,2101,,152628991.0,EAE_C10_2003.xls,FBCF,no,no_mapeado_o_no_usado
2003,adquisiciones_importadas,D,2101,,63018612.0,EAE_C10_2003.xls,FBCF,no,no_mapeado_o_no_usado
2003,fbcf,D,2102,,29030780.0,EAE_C10_2003.xls,FBCF,no,no_mapeado_o_no_usado
2003,adquisiciones_importadas,D,2102,,18205176.0,EAE_C10_2003.xls,FBCF,no,no_mapeado_o_no_usado
2003,fbcf,D,2109,,30229685.0,EAE_C10_2003.xls,FBCF,no,no_mapeado_o_no_usado
2003,adquisiciones_importadas,D,2109,,0.0,EAE_C10_2003.xls,FBCF,no,no_mapeado_o_no_usado
2003,fbcf,D,22,17_18_papel_impresion,-27743910.0,EAE_C10_2003.xls,FBCF,si,mapeado
2003,adquisiciones_importadas,D,22,17_18_papel_impresion,25032010.0,EAE_C10_2003.xls,FBCF,si,mapeado
2003,fbcf,D,221,,-27070549.0,EAE_C10_2003.xls,FBCF,no,no_mapeado_o_no_usado
2003,adquisiciones_importadas,D,221,,25032010.0,EAE_C10_2003.xls,FBCF,no,no_mapeado_o_no_usado
2003,fbcf,D,2211,,-64758714.0,EAE_C10_2003.xls,FBCF,no,no_mapeado_o_no_usado
2003,adquisiciones_importadas,D,2211,,22749252.0,EAE_C10_2003.xls,FBCF,no,no_mapeado_o_no_usado
2003,fbcf,D,2212,,37688165.0,EAE_C10_2003.xls,FBCF,no,no_mapeado_o_no_usado
2003,adquisiciones_importadas,D,2212,,2282758.0,EAE_C10_2003.xls,FBCF,no,no_mapeado_o_no_usado
2003,fbcf,D,223,,-673361.0,EAE_C10_2003.xls,FBCF,no,no_mapeado_o_no_usado
2003,adquisiciones_importadas,D,223,,0.0,EAE_C10_2003.xls,FBCF,no,no_mapeado_o_no_usado
2003,fbcf,D,2230,,-673361.0,EAE_C10_2003.xls,FBCF,no,no_mapeado_o_no_usado
2003,adquisiciones_importadas,D,2230,,0.0,EAE_C10_2003.xls,FBCF,no,no_mapeado_o_no_usado
2003,fbcf,D,23,19_refinacion,3920600003.0,EAE_C10_2003.xls,FBCF,si,mapeado
2003,adquisiciones_importadas,D,23,19_refinacion,3895679829.0,EAE_C10_2003.xls,FBCF,si,mapeado
2003,fbcf,D,232,,3920600003.0,EAE_C10_2003.xls,FBCF,no,no_mapeado_o_no_usado
2003,adquisiciones_importadas,D,232,,3895679829.0,EAE_C10_2003.xls,FBCF,no,no_mapeado_o_no_usado
2003,fbcf,D,2320,,3920600003.0,EAE_C10_2003.xls,FBCF,no,no_mapeado_o_no_usado
2003,adquisiciones_importadas,D,2320,,3895679829.0,EAE_C10_2003.xls,FBCF,no,no_mapeado_o_no_usado
2003,fbcf,D,24,20_21_22_quimicos_farma_caucho_plastico,226476287.0,EAE_C10_2003.xls,FBCF,si,mapeado
2003,adquisiciones_importadas,D,24,20_21_22_quimicos_farma_caucho_plastico,126277053.0,EAE_C10_2003.xls,FBCF,si,mapeado
2003,fbcf,D,241,,155689840.0,EAE_C10_2003.xls,FBCF,no,no_mapeado_o_no_usado
2003,adquisiciones_importadas,D,241,,67613217.0,EAE_C10_2003.xls,FBCF,no,no_mapeado_o_no_usado
2003,fbcf,D,2411,,109891177.0,EAE_C10_2003.xls,FBCF,no,no_mapeado_o_no_usado
2003,adquisiciones_importadas,D,2411,,47994748.0,EAE_C10_2003.xls,FBCF,no,no_mapeado_o_no_usado
2003,fbcf,D,2412,,36403263.0,EAE_C10_2003.xls,FBCF,no,no_mapeado_o_no_usado
2003,adquisiciones_importadas,D,2412,,14455101.0,EAE_C10_2003.xls,FBCF,no,no_mapeado_o_no_usado
2003,fbcf,D,2413,,9395400.0,EAE_C10_2003.xls,FBCF,no,no_mapeado_o_no_usado
2003,adquisiciones_importadas,D,2413,,5163368.0,EAE_C10_2003.xls,FBCF,no,no_mapeado_o_no_usado
2003,fbcf,D,242,,70786447.0,EAE_C10_2003.xls,FBCF,no,no_mapeado_o_no_usado
2003,adquisiciones_importadas,D,242,,58663836.0,EAE_C10_2003.xls,FBCF,no,no_mapeado_o_no_usado
2003,fbcf,D,2421,,8256165.0,EAE_C10_2003.xls,FBCF,no,no_mapeado_o_no_usado
2003,adquisiciones_importadas,D,2421,,543600.0,EAE_C10_2003.xls,FBCF,no,no_mapeado_o_no_usado
2003,fbcf,D,2422,,14882366.0,EAE_C10_2003.xls,FBCF,no,no_mapeado_o_no_usado
2003,adquisiciones_importadas,D,2422,,729863.0,EAE_C10_2003.xls,FBCF,no,no_mapeado_o_no_usado
2003,fbcf,D,2423,,109170136.0,EAE_C10_2003.xls,FBCF,no,no_mapeado_o_no_usado
2003,adquisiciones_importadas,D,2423,,49879080.0,EAE_C10_2003.xls,FBCF,no,no_mapeado_o_no_usado
2003,fbcf,D,2424,,-68903050.0,EAE_C10_2003.xls,FBCF,no,no_mapeado_o_no_usado
2003,adquisiciones_importadas,D,2424,,5989277.0,EAE_C10_2003.xls,FBCF,no,no_mapeado_o_no_usado
2003,fbcf,D,2429,,7380830.0,EAE_C10_2003.xls,FBCF,no,no_mapeado_o_no_usado
2003,adquisiciones_importadas,D,2429,,1522016.0,EAE_C10_2003.xls,FBCF,no,no_mapeado_o_no_usado
2003,fbcf,D,25,20_21_22_quimicos_farma_caucho_plastico,138191793.0,EAE_C10_2003.xls,FBCF,si,mapeado
2003,adquisiciones_importadas,D,25,20_21_22_quimicos_farma_caucho_plastico,105791788.0,EAE_C10_2003.xls,FBCF,si,mapeado
2003,fbcf,D,251,,854550.0,EAE_C10_2003.xls,FBCF,no,no_mapeado_o_no_usado
2003,adquisiciones_importadas,D,251,,810416.0,EAE_C10_2003.xls,FBCF,no,no_mapeado_o_no_usado
2003,fbcf,D,2511,,0.0,EAE_C10_2003.xls,FBCF,no,no_mapeado_o_no_usado
2003,adquisiciones_importadas,D,2511,,0.0,EAE_C10_2003.xls,FBCF,no,no_mapeado_o_no_usado
2003,fbcf,D,2519,,854550.0,EAE_C10_2003.xls,FBCF,no,no_mapeado_o_no_usado
2003,adquisiciones_importadas,D,2519,,810416.0,EAE_C10_2003.xls,FBCF,no,no_mapeado_o_no_usado
2003,fbcf,D,252,,137337243.0,EAE_C10_2003.xls,FBCF,no,no_mapeado_o_no_usado
2003,adquisiciones_importadas,D,252,,104981372.0,EAE_C10_2003.xls,FBCF,no,no_mapeado_o_no_usado
2003,fbcf,D,2520,,137337243.0,EAE_C10_2003.xls,FBCF,no,no_mapeado_o_no_usado
2003,adquisiciones_importadas,D,2520,,104981372.0,EAE_C10_2003.xls,FBCF,no,no_mapeado_o_no_usado
2003,fbcf,D,26,23_24_minerales_metales,95011182.0,EAE_C10_2003.xls,FBCF,si,mapeado
2003,adquisiciones_importadas,D,26,23_24_minerales_metales,41389170.0,EAE_C10_2003.xls,FBCF,si,mapeado
2003,fbcf,D,261,,1936755.0,EAE_C10_2003.xls,FBCF,no,no_mapeado_o_no_usado
2003,adquisiciones_importadas,D,261,,107922.0,EAE_C10_2003.xls,FBCF,no,no_mapeado_o_no_usado
2003,fbcf,D,2610,,1936755.0,EAE_C10_2003.xls,FBCF,no,no_mapeado_o_no_usado
2003,adquisiciones_importadas,D,2610,,107922.0,EAE_C10_2003.xls,FBCF,no,no_mapeado_o_no_usado
2003,fbcf,D,269,,93074427.0,EAE_C10_2003.xls,FBCF,no,no_mapeado_o_no_usado
2003,adquisiciones_importadas,D,269,,41281248.0,EAE_C10_2003.xls,FBCF,no,no_mapeado_o_no_usado
2003,fbcf,D,2691,,183187.0,EAE_C10_2003.xls,FBCF,no,no_mapeado_o_no_usado
2003,adquisiciones_importadas,D,2691,,0.0,EAE_C10_2003.xls,FBCF,no,no_mapeado_o_no_usado
2003,fbcf,D,2692,,216903.0,EAE_C10_2003.xls,FBCF,no,no_mapeado_o_no_usado
2003,adquisiciones_importadas,D,2692,,0.0,EAE_C10_2003.xls,FBCF,no,no_mapeado_o_no_usado
2003,fbcf,D,2694,,92307816.0,EAE_C10_2003.xls,FBCF,no,no_mapeado_o_no_usado
2003,adquisiciones_importadas,D,2694,,41204260.0,EAE_C10_2003.xls,FBCF,no,no_mapeado_o_no_usado
2003,fbcf,D,2695,,195801.0,EAE_C10_2003.xls,FBCF,no,no_mapeado_o_no_usado
2003,adquisiciones_importadas,D,2695,,76988.0,EAE_C10_2003.xls,FBCF,no,no_mapeado_o_no_usado
2003,fbcf,D,2699,,170720.0,EAE_C10_2003.xls,FBCF,no,no_mapeado_o_no_usado
2003,adquisiciones_importadas,D,2699,,0.0,EAE_C10_2003.xls,FBCF,no,no_mapeado_o_no_usado
2003,fbcf,D,27,23_24_minerales_metales,75653292.0,EAE_C10_2003.xls,FBCF,si,mapeado
2003,adquisiciones_importadas,D,27,23_24_minerales_metales,20810012.0,EAE_C10_2003.xls,FBCF,si,mapeado
2003,fbcf,D,270,,75653292.0,EAE_C10_2003.xls,FBCF,no,no_mapeado_o_no_usado
2003,adquisiciones_importadas,D,270,,20810012.0,EAE_C10_2003.xls,FBCF,no,no_mapeado_o_no_usado
2003,fbcf,D,2700,,75653292.0,EAE_C10_2003.xls,FBCF,no,no_mapeado_o_no_usado
2003,adquisiciones_importadas,D,2700,,20810012.0,EAE_C10_2003.xls,FBCF,no,no_mapeado_o_no_usado
2003,fbcf,D,28,25_26_27_28_33_metal_equipos_reparacion,111173902.0,EAE_C10_2003.xls,FBCF,si,mapeado
2003,adquisiciones_importadas,D,28,25_26_27_28_33_metal_equipos_reparacion,104282732.0,EAE_C10_2003.xls,FBCF,si,mapeado
2003,fbcf,D,281,,127462328.0,EAE_C10_2003.xls,FBCF,no,no_mapeado_o_no_usado
2003,adquisiciones_importadas,D,281,,95226794.0,EAE_C10_2003.xls,FBCF,no,no_mapeado_o_no_usado
2003,fbcf,D,2811,,118681498.0,EAE_C10_2003.xls,FBCF,no,no_mapeado_o_no_usado
2003,adquisiciones_importadas,D,2811,,95226794.0,EAE_C10_2003.xls,FBCF,no,no_mapeado_o_no_usado
2003,fbcf,D,2812,,8780830.0,EAE_C10_2003.xls,FBCF,no,no_mapeado_o_no_usado
2003,adquisiciones_importadas,D,2812,,0.0,EAE_C10_2003.xls,FBCF,no,no_mapeado_o_no_usado
2003,fbcf,D,289,,-16288426.0,EAE_C10_2003.xls,FBCF,no,no_mapeado_o_no_usado
2003,adquisiciones_importadas,D,289,,9055938.0,EAE_C10_2003.xls,FBCF,no,no_mapeado_o_no_usado
2003,fbcf,D,2890,,-16288426.0,EAE_C10_2003.xls,FBCF,no,no_mapeado_o_no_usado
2003,adquisiciones_importadas,D,2890,,9055938.0,EAE_C10_2003.xls,FBCF,no,no_mapeado_o_no_usado
2003,fbcf,D,29,25_26_27_28_33_metal_equipos_reparacion,-27673747.0,EAE_C10_2003.xls,FBCF,si,mapeado
2003,adquisiciones_importadas,D,29,25_26_27_28_33_metal_equipos_reparacion,0.0,EAE_C10_2003.xls,FBCF,si,mapeado
2003,fbcf,D,291,,-105913.0,EAE_C10_2003.xls,FBCF,no,no_mapeado_o_no_usado
2003,adquisiciones_importadas,D,291,,0.0,EAE_C10_2003.xls,FBCF,no,no_mapeado_o_no_usado
2003,fbcf,D,2910,,-105913.0,EAE_C10_2003.xls,FBCF,no,no_mapeado_o_no_usado
2003,adquisiciones_importadas,D,2910,,0.0,EAE_C10_2003.xls,FBCF,no,no_mapeado_o_no_usado
2003,fbcf,D,292,,-29326264.0,EAE_C10_2003.xls,FBCF,no,no_mapeado_o_no_usado
2003,adquisiciones_importadas,D,292,,0.0,EAE_C10_2003.xls,FBCF,no,no_mapeado_o_no_usado
2003,fbcf,D,2920,,-29326264.0,EAE_C10_2003.xls,FBCF,no,no_mapeado_o_no_usado
2003,adquisiciones_importadas,D,2920,,0.0,EAE_C10_2003.xls,FBCF,no,no_mapeado_o_no_usado
2003,fbcf,D,293,,1758430.0,EAE_C10_2003.xls,FBCF,no,no_mapeado_o_no_usado
2003,adquisiciones_importadas,D,293,,0.0,EAE_C10_2003.xls,FBCF,no,no_mapeado_o_no_usado
2003,fbcf,D,2930,,1758430.0,EAE_C10_2003.xls,FBCF,no,no_mapeado_o_no_usado
2003,adquisiciones_importadas,D,2930,,0.0,EAE_C10_2003.xls,FBCF,no,no_mapeado_o_no_usado
2003,fbcf,D,30,25_26_27_28_33_metal_equipos_reparacion,0.0,EAE_C10_2003.xls,FBCF,si,mapeado
2003,adquisiciones_importadas,D,30,25_26_27_28_33_metal_equipos_reparacion,0.0,EAE_C10_2003.xls,FBCF,si,mapeado
2003,fbcf,D,300,,0.0,EAE_C10_2003.xls,FBCF,no,no_mapeado_o_no_usado
2003,adquisiciones_importadas,D,300,,0.0,EAE_C10_2003.xls,FBCF,no,no_mapeado_o_no_usado
2003,fbcf,D,3000,,0.0,EAE_C10_2003.xls,FBCF,no,no_mapeado_o_no_usado
2003,adquisiciones_importadas,D,3000,,0.0,EAE_C10_2003.xls,FBCF,no,no_mapeado_o_no_usado
2003,fbcf,D,31,25_26_27_28_33_metal_equipos_reparacion,9677486.0,EAE_C10_2003.xls,FBCF,si,mapeado
2003,adquisiciones_importadas,D,31,25_26_27_28_33_metal_equipos_reparacion,3447830.0,EAE_C10_2003.xls,FBCF,si,mapeado
2003,fbcf,D,310,,9677486.0,EAE_C10_2003.xls,FBCF,no,no_mapeado_o_no_usado
2003,adquisiciones_importadas,D,310,,3447830.0,EAE_C10_2003.xls,FBCF,no,no_mapeado_o_no_usado
2003,fbcf,D,3100,,9677486.0,EAE_C10_2003.xls,FBCF,no,no_mapeado_o_no_usado
2003,adquisiciones_importadas,D,3100,,3447830.0,EAE_C10_2003.xls,FBCF,no,no_mapeado_o_no_usado
2003,fbcf,D,32,25_26_27_28_33_metal_equipos_reparacion,17757.0,EAE_C10_2003.xls,FBCF,si,mapeado
2003,adquisiciones_importadas,D,32,25_26_27_28_33_metal_equipos_reparacion,0.0,EAE_C10_2003.xls,FBCF,si,mapeado
2003,fbcf,D,320,,17757.0,EAE_C10_2003.xls,FBCF,no,no_mapeado_o_no_usado
2003,adquisiciones_importadas,D,320,,0.0,EAE_C10_2003.xls,FBCF,no,no_mapeado_o_no_usado
2003,fbcf,D,3200,,17757.0,EAE_C10_2003.xls,FBCF,no,no_mapeado_o_no_usado
2003,adquisiciones_importadas,D,3200,,0.0,EAE_C10_2003.xls,FBCF,no,no_mapeado_o_no_usado
2003,fbcf,D,33,25_26_27_28_33_metal_equipos_reparacion,21415077.0,EAE_C10_2003.xls,FBCF,si,mapeado
2003,adquisiciones_importadas,D,33,25_26_27_28_33_metal_equipos_reparacion,11357952.0,EAE_C10_2003.xls,FBCF,si,mapeado
2003,fbcf,D,330,,21415077.0,EAE_C10_2003.xls,FBCF,no,no_mapeado_o_no_usado
2003,adquisiciones_importadas,D,330,,11357952.0,EAE_C10_2003.xls,FBCF,no,no_mapeado_o_no_usado
2003,fbcf,D,3300,,21415077.0,EAE_C10_2003.xls,FBCF,no,no_mapeado_o_no_usado
2003,adquisiciones_importadas,D,3300,,11357952.0,EAE_C10_2003.xls,FBCF,no,no_mapeado_o_no_usado
2003,fbcf,D,34,29_30_vehiculos_transporte,177230263.0,EAE_C10_2003.xls,FBCF,si,mapeado
2003,adquisiciones_importadas,D,34,29_30_vehiculos_transporte,12784351.0,EAE_C10_2003.xls,FBCF,si,mapeado
2003,fbcf,D,340,,177230263.0,EAE_C10_2003.xls,FBCF,no,no_mapeado_o_no_usado
2003,adquisiciones_importadas,D,340,,12784351.0,EAE_C10_2003.xls,FBCF,no,no_mapeado_o_no_usado
2003,fbcf,D,3400,,177230263.0,EAE_C10_2003.xls,FBCF,no,no_mapeado_o_no_usado
2003,adquisiciones_importadas,D,3400,,12784351.0,EAE_C10_2003.xls,FBCF,no,no_mapeado_o_no_usado
2003,fbcf,D,35,29_30_vehiculos_transporte,34266224.0,EAE_C10_2003.xls,FBCF,si,mapeado
2003,adquisiciones_importadas,D,35,29_30_vehiculos_transporte,2561735.0,EAE_C10_2003.xls,FBCF,si,mapeado
2003,fbcf,D,351,,17032606.0,EAE_C10_2003.xls,FBCF,no,no_mapeado_o_no_usado
2003,adquisiciones_importadas,D,351,,2294483.0,EAE_C10_2003.xls,FBCF,no,no_mapeado_o_no_usado
2003,fbcf,D,3510,,17032606.0,EAE_C10_2003.xls,FBCF,no,no_mapeado_o_no_usado
2003,adquisiciones_importadas,D,3510,,2294483.0,EAE_C10_2003.xls,FBCF,no,no_mapeado_o_no_usado
2003,fbcf,D,353,,12340.0,EAE_C10_2003.xls,FBCF,no,no_mapeado_o_no_usado
2003,adquisiciones_importadas,D,353,,0.0,EAE_C10_2003.xls,FBCF,no,no_mapeado_o_no_usado
2003,fbcf,D,3530,,12340.0,EAE_C10_2003.xls,FBCF,no,no_mapeado_o_no_usado
2003,adquisiciones_importadas,D,3530,,0.0,EAE_C10_2003.xls,FBCF,no,no_mapeado_o_no_usado
2003,fbcf,D,359,,17221278.0,EAE_C10_2003.xls,FBCF,no,no_mapeado_o_no_usado
2003,adquisiciones_importadas,D,359,,267252.0,EAE_C10_2003.xls,FBCF,no,no_mapeado_o_no_usado
2003,fbcf,D,3590,,17221278.0,EAE_C10_2003.xls,FBCF,no,no_mapeado_o_no_usado
2003,adquisiciones_importadas,D,3590,,267252.0,EAE_C10_2003.xls,FBCF,no,no_mapeado_o_no_usado
2003,fbcf,D,36,31_32_muebles_otras_manufacturas,22518587.0,EAE_C10_2003.xls,FBCF,si,mapeado
2003,adquisiciones_importadas,D,36,31_32_muebles_otras_manufacturas,2780653.0,EAE_C10_2003.xls,FBCF,si,mapeado
2003,fbcf,D,361,,12391924.0,EAE_C10_2003.xls,FBCF,no,no_mapeado_o_no_usado
2003,adquisiciones_importadas,D,361,,2599049.0,EAE_C10_2003.xls,FBCF,no,no_mapeado_o_no_usado
2003,fbcf,D,3610,,12391924.0,EAE_C10_2003.xls,FBCF,no,no_mapeado_o_no_usado
2003,adquisiciones_importadas,D,3610,,2599049.0,EAE_C10_2003.xls,FBCF,no,no_mapeado_o_no_usado
2003,fbcf,D,369,,10126663.0,EAE_C10_2003.xls,FBCF,no,no_mapeado_o_no_usado
2003,adquisiciones_importadas,D,369,,181604.0,EAE_C10_2003.xls,FBCF,no,no_mapeado_o_no_usado
2003,fbcf,D,3691,,1019932.0,EAE_C10_2003.xls,FBCF,no,no_mapeado_o_no_usado
2003,adquisiciones_importadas,D,3691,,0.0,EAE_C10_2003.xls,FBCF,no,no_mapeado_o_no_usado
2003,fbcf,D,3699,,9106731.0,EAE_C10_2003.xls,FBCF,no,no_mapeado_o_no_usado
2003,adquisiciones_importadas,D,3699,,181604.0,EAE_C10_2003.xls,FBCF,no,no_mapeado_o_no_usado
2003,fbcf,D,37,,0.0,EAE_C10_2003.xls,FBCF,si,no_mapeado_o_no_usado
2003,adquisiciones_importadas,D,37,,0.0,EAE_C10_2003.xls,FBCF,si,no_mapeado_o_no_usado
2003,fbcf,D,370,,0.0,EAE_C10_2003.xls,FBCF,no,no_mapeado_o_no_usado
2003,adquisiciones_importadas,D,370,,0.0,EAE_C10_2003.xls,FBCF,no,no_mapeado_o_no_usado
2003,fbcf,D,3700,,0.0,EAE_C10_2003.xls,FBCF,no,no_mapeado_o_no_usado
2003,adquisiciones_importadas,D,3700,,0.0,EAE_C10_2003.xls,FBCF,no,no_mapeado_o_no_usado
2003,fbcf,E,,,1881480432.0,EAE_C10_2003.xls,FBCF,no,no_mapeado_o_no_usado
2003,adquisiciones_importadas,E,,,289523.0,EAE_C10_2003.xls,FBCF,no,no_mapeado_o_no_usado
2003,fbcf,E,40,,1232048254.0,EAE_C10_2003.xls,FBCF,si,no_mapeado_o_no_usado
2003,adquisiciones_importadas,E,40,,0.0,EAE_C10_2003.xls,FBCF,si,no_mapeado_o_no_usado
2003,fbcf,E,401,,1162029795.0,EAE_C10_2003.xls,FBCF,no,no_mapeado_o_no_usado
2003,adquisiciones_importadas,E,401,,0.0,EAE_C10_2003.xls,FBCF,no,no_mapeado_o_no_usado
2003,fbcf,E,4010,,1162029795.0,EAE_C10_2003.xls,FBCF,no,no_mapeado_o_no_usado
2003,adquisiciones_importadas,E,4010,,0.0,EAE_C10_2003.xls,FBCF,no,no_mapeado_o_no_usado
2003,fbcf,E,402,,70018459.0,EAE_C10_2003.xls,FBCF,no,no_mapeado_o_no_usado
2003,adquisiciones_importadas,E,402,,0.0,EAE_C10_2003.xls,FBCF,no,no_mapeado_o_no_usado
2003,fbcf,E,4020,,70018459.0,EAE_C10_2003.xls,FBCF,no,no_mapeado_o_no_usado
2003,adquisiciones_importadas,E,4020,,0.0,EAE_C10_2003.xls,FBCF,no,no_mapeado_o_no_usado
2003,fbcf,E,41,,649432178.0,EAE_C10_2003.xls,FBCF,si,no_mapeado_o_no_usado
2003,adquisiciones_importadas,E,41,,289523.0,EAE_C10_2003.xls,FBCF,si,no_mapeado_o_no_usado
2003,fbcf,E,410,,649432178.0,EAE_C10_2003.xls,FBCF,no,no_mapeado_o_no_usado
2003,adquisiciones_importadas,E,410,,289523.0,EAE_C10_2003.xls,FBCF,no,no_mapeado_o_no_usado
2003,fbcf,E,4100,,649432178.0,EAE_C10_2003.xls,FBCF,no,no_mapeado_o_no_usado
2003,adquisiciones_importadas,E,4100,,289523.0,EAE_C10_2003.xls,FBCF,no,no_mapeado_o_no_usado
2003,fbcf,G,,,1137150229.0,EAE_C10_2003.xls,FBCF,no,no_mapeado_o_no_usado
2003,adquisiciones_importadas,G,,,84676957.0,EAE_C10_2003.xls,FBCF,no,no_mapeado_o_no_usado
2003,fbcf,G,50,,133980038.0,EAE_C10_2003.xls,FBCF,si,no_mapeado_o_no_usado
2003,adquisiciones_importadas,G,50,,8571223.0,EAE_C10_2003.xls,FBCF,si,no_mapeado_o_no_usado
2003,fbcf,G,501,,21256992.0,EAE_C10_2003.xls,FBCF,no,no_mapeado_o_no_usado
2003,adquisiciones_importadas,G,501,,6771875.0,EAE_C10_2003.xls,FBCF,no,no_mapeado_o_no_usado
2003,fbcf,G,5010,,21256992.0,EAE_C10_2003.xls,FBCF,no,no_mapeado_o_no_usado
2003,adquisiciones_importadas,G,5010,,6771875.0,EAE_C10_2003.xls,FBCF,no,no_mapeado_o_no_usado
2003,fbcf,G,502,,33818255.0,EAE_C10_2003.xls,FBCF,no,no_mapeado_o_no_usado
2003,adquisiciones_importadas,G,502,,416338.0,EAE_C10_2003.xls,FBCF,no,no_mapeado_o_no_usado
2003,fbcf,G,5020,,33818255.0,EAE_C10_2003.xls,FBCF,no,no_mapeado_o_no_usado
2003,adquisiciones_importadas,G,5020,,416338.0,EAE_C10_2003.xls,FBCF,no,no_mapeado_o_no_usado
2003,fbcf,G,503,,7826423.0,EAE_C10_2003.xls,FBCF,no,no_mapeado_o_no_usado
2003,adquisiciones_importadas,G,503,,1383010.0,EAE_C10_2003.xls,FBCF,no,no_mapeado_o_no_usado
2003,fbcf,G,5030,,7826423.0,EAE_C10_2003.xls,FBCF,no,no_mapeado_o_no_usado
2003,adquisiciones_importadas,G,5030,,1383010.0,EAE_C10_2003.xls,FBCF,no,no_mapeado_o_no_usado
2003,fbcf,G,504,,6322584.0,EAE_C10_2003.xls,FBCF,no,no_mapeado_o_no_usado
2003,adquisiciones_importadas,G,504,,0.0,EAE_C10_2003.xls,FBCF,no,no_mapeado_o_no_usado
2003,fbcf,G,5040,,6322584.0,EAE_C10_2003.xls,FBCF,no,no_mapeado_o_no_usado
2003,adquisiciones_importadas,G,5040,,0.0,EAE_C10_2003.xls,FBCF,no,no_mapeado_o_no_usado
2003,fbcf,G,505,,64755784.0,EAE_C10_2003.xls,FBCF,no,no_mapeado_o_no_usado
2003,adquisiciones_importadas,G,505,,0.0,EAE_C10_2003.xls,FBCF,no,no_mapeado_o_no_usado
2003,fbcf,G,5050,,64755784.0,EAE_C10_2003.xls,FBCF,no,no_mapeado_o_no_usado
2003,adquisiciones_importadas,G,5050,,0.0,EAE_C10_2003.xls,FBCF,no,no_mapeado_o_no_usado
2003,fbcf,G,51,,525143643.0,EAE_C10_2003.xls,FBCF,si,no_mapeado_o_no_usado
2003,adquisiciones_importadas,G,51,,70160130.0,EAE_C10_2003.xls,FBCF,si,no_mapeado_o_no_usado
2003,fbcf,G,511,,3633898.0,EAE_C10_2003.xls,FBCF,no,no_mapeado_o_no_usado
2003,adquisiciones_importadas,G,511,,0.0,EAE_C10_2003.xls,FBCF,no,no_mapeado_o_no_usado
2003,fbcf,G,5110,,3633898.0,EAE_C10_2003.xls,FBCF,no,no_mapeado_o_no_usado
2003,adquisiciones_importadas,G,5110,,0.0,EAE_C10_2003.xls,FBCF,no,no_mapeado_o_no_usado
2003,fbcf,G,512,,98707220.0,EAE_C10_2003.xls,FBCF,no,no_mapeado_o_no_usado
2003,adquisiciones_importadas,G,512,,12508633.0,EAE_C10_2003.xls,FBCF,no,no_mapeado_o_no_usado
2003,fbcf,G,5121,,54756799.0,EAE_C10_2003.xls,FBCF,no,no_mapeado_o_no_usado
2003,adquisiciones_importadas,G,5121,,0.0,EAE_C10_2003.xls,FBCF,no,no_mapeado_o_no_usado
2003,fbcf,G,5122,,43950421.0,EAE_C10_2003.xls,FBCF,no,no_mapeado_o_no_usado
2003,adquisiciones_importadas,G,5122,,12508633.0,EAE_C10_2003.xls,FBCF,no,no_mapeado_o_no_usado
2003,fbcf,G,513,,286604029.0,EAE_C10_2003.xls,FBCF,no,no_mapeado_o_no_usado
2003,adquisiciones_importadas,G,513,,44082896.0,EAE_C10_2003.xls,FBCF,no,no_mapeado_o_no_usado
2003,fbcf,G,5131,,60511324.0,EAE_C10_2003.xls,FBCF,no,no_mapeado_o_no_usado
2003,adquisiciones_importadas,G,5131,,0.0,EAE_C10_2003.xls,FBCF,no,no_mapeado_o_no_usado
2003,fbcf,G,5139,,226092705.0,EAE_C10_2003.xls,FBCF,no,no_mapeado_o_no_usado
2003,adquisiciones_importadas,G,5139,,44082896.0,EAE_C10_2003.xls,FBCF,no,no_mapeado_o_no_usado
2003,fbcf,G,514,,115728458.0,EAE_C10_2003.xls,FBCF,no,no_mapeado_o_no_usado
2003,adquisiciones_importadas,G,514,,5553220.0,EAE_C10_2003.xls,FBCF,no,no_mapeado_o_no_usado
2003,fbcf,G,5141,,60023929.0,EAE_C10_2003.xls,FBCF,no,no_mapeado_o_no_usado
2003,adquisiciones_importadas,G,5141,,3877898.0,EAE_C10_2003.xls,FBCF,no,no_mapeado_o_no_usado
2003,fbcf,G,5142,,1023190.0,EAE_C10_2003.xls,FBCF,no,no_mapeado_o_no_usado
2003,adquisiciones_importadas,G,5142,,0.0,EAE_C10_2003.xls,FBCF,no,no_mapeado_o_no_usado
2003,fbcf,G,5143,,32234948.0,EAE_C10_2003.xls,FBCF,no,no_mapeado_o_no_usado
2003,adquisiciones_importadas,G,5143,,0.0,EAE_C10_2003.xls,FBCF,no,no_mapeado_o_no_usado
2003,fbcf,G,5149,,22446391.0,EAE_C10_2003.xls,FBCF,no,no_mapeado_o_no_usado
2003,adquisiciones_importadas,G,5149,,1675322.0,EAE_C10_2003.xls,FBCF,no,no_mapeado_o_no_usado
2003,fbcf,G,515,,7166803.0,EAE_C10_2003.xls,FBCF,no,no_mapeado_o_no_usado
2003,adquisiciones_importadas,G,515,,8015381.0,EAE_C10_2003.xls,FBCF,no,no_mapeado_o_no_usado
2003,fbcf,G,5150,,7166803.0,EAE_C10_2003.xls,FBCF,no,no_mapeado_o_no_usado
2003,adquisiciones_importadas,G,5150,,8015381.0,EAE_C10_2003.xls,FBCF,no,no_mapeado_o_no_usado
2003,fbcf,G,519,,13303235.0,EAE_C10_2003.xls,FBCF,no,no_mapeado_o_no_usado
2003,adquisiciones_importadas,G,519,,0.0,EAE_C10_2003.xls,FBCF,no,no_mapeado_o_no_usado
2003,fbcf,G,5190,,13303235.0,EAE_C10_2003.xls,FBCF,no,no_mapeado_o_no_usado
2003,adquisiciones_importadas,G,5190,,0.0,EAE_C10_2003.xls,FBCF,no,no_mapeado_o_no_usado
2003,fbcf,G,52,,478026548.0,EAE_C10_2003.xls,FBCF,si,no_mapeado_o_no_usado
2003,adquisiciones_importadas,G,52,,5945604.0,EAE_C10_2003.xls,FBCF,si,no_mapeado_o_no_usado
2003,fbcf,G,521,,250794057.0,EAE_C10_2003.xls,FBCF,no,no_mapeado_o_no_usado
2003,adquisiciones_importadas,G,521,,0.0,EAE_C10_2003.xls,FBCF,no,no_mapeado_o_no_usado
2003,fbcf,G,5210,,250794057.0,EAE_C10_2003.xls,FBCF,no,no_mapeado_o_no_usado
2003,adquisiciones_importadas,G,5210,,0.0,EAE_C10_2003.xls,FBCF,no,no_mapeado_o_no_usado
2003,fbcf,G,522,,-6584792.0,EAE_C10_2003.xls,FBCF,no,no_mapeado_o_no_usado
2003,adquisiciones_importadas,G,522,,0.0,EAE_C10_2003.xls,FBCF,no,no_mapeado_o_no_usado
2003,fbcf,G,5220,,-6584792.0,EAE_C10_2003.xls,FBCF,no,no_mapeado_o_no_usado
2003,adquisiciones_importadas,G,5220,,0.0,EAE_C10_2003.xls,FBCF,no,no_mapeado_o_no_usado
2003,fbcf,G,523,,233119012.0,EAE_C10_2003.xls,FBCF,no,no_mapeado_o_no_usado
2003,adquisiciones_importadas,G,523,,5945604.0,EAE_C10_2003.xls,FBCF,no,no_mapeado_o_no_usado
2003,fbcf,G,5231,,31959098.0,EAE_C10_2003.xls,FBCF,no,no_mapeado_o_no_usado
2003,adquisiciones_importadas,G,5231,,0.0,EAE_C10_2003.xls,FBCF,no,no_mapeado_o_no_usado
2003,fbcf,G,5232,,70371868.0,EAE_C10_2003.xls,FBCF,no,no_mapeado_o_no_usado
2003,adquisiciones_importadas,G,5232,,3746955.0,EAE_C10_2003.xls,FBCF,no,no_mapeado_o_no_usado
2003,fbcf,G,5233,,54691934.0,EAE_C10_2003.xls,FBCF,no,no_mapeado_o_no_usado
2003,adquisiciones_importadas,G,5233,,0.0,EAE_C10_2003.xls,FBCF,no,no_mapeado_o_no_usado
2003,fbcf,G,5234,,42536025.0,EAE_C10_2003.xls,FBCF,no,no_mapeado_o_no_usado
2003,adquisiciones_importadas,G,5234,,2198649.0,EAE_C10_2003.xls,FBCF,no,no_mapeado_o_no_usado
2003,fbcf,G,5239,,33560087.0,EAE_C10_2003.xls,FBCF,no,no_mapeado_o_no_usado
2003,adquisiciones_importadas,G,5239,,0.0,EAE_C10_2003.xls,FBCF,no,no_mapeado_o_no_usado
2003,fbcf,G,525,,0.0,EAE_C10_2003.xls,FBCF,no,no_mapeado_o_no_usado
2003,adquisiciones_importadas,G,525,,0.0,EAE_C10_2003.xls,FBCF,no,no_mapeado_o_no_usado
2003,fbcf,G,5252,,0.0,EAE_C10_2003.xls,FBCF,no,no_mapeado_o_no_usado
2003,adquisiciones_importadas,G,5252,,0.0,EAE_C10_2003.xls,FBCF,no,no_mapeado_o_no_usado
2003,fbcf,G,526,,698271.0,EAE_C10_2003.xls,FBCF,no,no_mapeado_o_no_usado
2003,adquisiciones_importadas,G,526,,0.0,EAE_C10_2003.xls,FBCF,no,no_mapeado_o_no_usado
2003,fbcf,G,5260,,698271.0,EAE_C10_2003.xls,FBCF,no,no_mapeado_o_no_usado
2003,adquisiciones_importadas,G,5260,,0.0,EAE_C10_2003.xls,FBCF,no,no_mapeado_o_no_usado
2003,fbcf,H,,,407835768.0,EAE_C10_2003.xls,FBCF,no,no_mapeado_o_no_usado
2003,adquisiciones_importadas,H,,,4134443.0,EAE_C10_2003.xls,FBCF,no,no_mapeado_o_no_usado
2003,fbcf,H,55,,407835768.0,EAE_C10_2003.xls,FBCF,si,no_mapeado_o_no_usado
2003,adquisiciones_importadas,H,55,,4134443.0,EAE_C10_2003.xls,FBCF,si,no_mapeado_o_no_usado
2003,fbcf,H,551,,105796418.0,EAE_C10_2003.xls,FBCF,no,no_mapeado_o_no_usado
2003,adquisiciones_importadas,H,551,,0.0,EAE_C10_2003.xls,FBCF,no,no_mapeado_o_no_usado
2003,fbcf,H,5511,,85555226.0,EAE_C10_2003.xls,FBCF,no,no_mapeado_o_no_usado
2003,adquisiciones_importadas,H,5511,,0.0,EAE_C10_2003.xls,FBCF,no,no_mapeado_o_no_usado
2003,fbcf,H,5512,,20241192.0,EAE_C10_2003.xls,FBCF,no,no_mapeado_o_no_usado
2003,adquisiciones_importadas,H,5512,,0.0,EAE_C10_2003.xls,FBCF,no,no_mapeado_o_no_usado
2003,fbcf,H,552,,302039350.0,EAE_C10_2003.xls,FBCF,no,no_mapeado_o_no_usado
2003,adquisiciones_importadas,H,552,,4134443.0,EAE_C10_2003.xls,FBCF,no,no_mapeado_o_no_usado
2003,fbcf,H,5520,,302039350.0,EAE_C10_2003.xls,FBCF,no,no_mapeado_o_no_usado
2003,adquisiciones_importadas,H,5520,,4134443.0,EAE_C10_2003.xls,FBCF,no,no_mapeado_o_no_usado
2003,fbcf,I,,,2989215591.0,EAE_C10_2003.xls,FBCF,no,no_mapeado_o_no_usado
2003,adquisiciones_importadas,I,,,336383626.0,EAE_C10_2003.xls,FBCF,no,no_mapeado_o_no_usado
2003,fbcf,I,60,,235831550.0,EAE_C10_2003.xls,FBCF,si,no_mapeado_o_no_usado
2003,adquisiciones_importadas,I,60,,29821016.0,EAE_C10_2003.xls,FBCF,si,no_mapeado_o_no_usado
2003,fbcf,I,601,,419033.0,EAE_C10_2003.xls,FBCF,no,no_mapeado_o_no_usado
2003,adquisiciones_importadas,I,601,,339765.0,EAE_C10_2003.xls,FBCF,no,no_mapeado_o_no_usado
2003,fbcf,I,6010,,419033.0,EAE_C10_2003.xls,FBCF,no,no_mapeado_o_no_usado
2003,adquisiciones_importadas,I,6010,,339765.0,EAE_C10_2003.xls,FBCF,no,no_mapeado_o_no_usado
2003,fbcf,I,602,,235412517.0,EAE_C10_2003.xls,FBCF,no,no_mapeado_o_no_usado
2003,adquisiciones_importadas,I,602,,29481251.0,EAE_C10_2003.xls,FBCF,no,no_mapeado_o_no_usado
2003,fbcf,I,6021,,38123902.0,EAE_C10_2003.xls,FBCF,no,no_mapeado_o_no_usado
2003,adquisiciones_importadas,I,6021,,23375080.0,EAE_C10_2003.xls,FBCF,no,no_mapeado_o_no_usado
2003,fbcf,I,6022,,-1005084.0,EAE_C10_2003.xls,FBCF,no,no_mapeado_o_no_usado
2003,adquisiciones_importadas,I,6022,,0.0,EAE_C10_2003.xls,FBCF,no,no_mapeado_o_no_usado
2003,fbcf,I,6023,,198293699.0,EAE_C10_2003.xls,FBCF,no,no_mapeado_o_no_usado
2003,adquisiciones_importadas,I,6023,,6106171.0,EAE_C10_2003.xls,FBCF,no,no_mapeado_o_no_usado
2003,fbcf,I,61,,73698397.0,EAE_C10_2003.xls,FBCF,si,no_mapeado_o_no_usado
2003,adquisiciones_importadas,I,61,,65750880.0,EAE_C10_2003.xls,FBCF,si,no_mapeado_o_no_usado
2003,fbcf,I,611,,73698397.0,EAE_C10_2003.xls,FBCF,no,no_mapeado_o_no_usado
2003,adquisiciones_importadas,I,611,,65750880.0,EAE_C10_2003.xls,FBCF,no,no_mapeado_o_no_usado
2003,fbcf,I,6110,,73698397.0,EAE_C10_2003.xls,FBCF,no,no_mapeado_o_no_usado
2003,adquisiciones_importadas,I,6110,,65750880.0,EAE_C10_2003.xls,FBCF,no,no_mapeado_o_no_usado
2003,fbcf,I,612,,0.0,EAE_C10_2003.xls,FBCF,no,no_mapeado_o_no_usado
2003,adquisiciones_importadas,I,612,,0.0,EAE_C10_2003.xls,FBCF,no,no_mapeado_o_no_usado
2003,fbcf,I,6120,,0.0,EAE_C10_2003.xls,FBCF,no,no_mapeado_o_no_usado
2003,adquisiciones_importadas,I,6120,,0.0,EAE_C10_2003.xls,FBCF,no,no_mapeado_o_no_usado
2003,fbcf,I,62,,22217959.0,EAE_C10_2003.xls,FBCF,si,no_mapeado_o_no_usado
2003,adquisiciones_importadas,I,62,,0.0,EAE_C10_2003.xls,FBCF,si,no_mapeado_o_no_usado
2003,fbcf,I,621,,22217959.0,EAE_C10_2003.xls,FBCF,no,no_mapeado_o_no_usado
2003,adquisiciones_importadas,I,621,,0.0,EAE_C10_2003.xls,FBCF,no,no_mapeado_o_no_usado
2003,fbcf,I,6210,,22217959.0,EAE_C10_2003.xls,FBCF,no,no_mapeado_o_no_usado
2003,adquisiciones_importadas,I,6210,,0.0,EAE_C10_2003.xls,FBCF,no,no_mapeado_o_no_usado
2003,fbcf,I,63,,439516236.0,EAE_C10_2003.xls,FBCF,si,no_mapeado_o_no_usado
2003,adquisiciones_importadas,I,63,,123985959.0,EAE_C10_2003.xls,FBCF,si,no_mapeado_o_no_usado
2003,fbcf,I,630,,439516236.0,EAE_C10_2003.xls,FBCF,no,no_mapeado_o_no_usado
2003,adquisiciones_importadas,I,630,,123985959.0,EAE_C10_2003.xls,FBCF,no,no_mapeado_o_no_usado
2003,fbcf,I,6301,,60154650.0,EAE_C10_2003.xls,FBCF,no,no_mapeado_o_no_usado
2003,adquisiciones_importadas,I,6301,,442908.0,EAE_C10_2003.xls,FBCF,no,no_mapeado_o_no_usado
2003,fbcf,I,6302,,157967502.0,EAE_C10_2003.xls,FBCF,no,no_mapeado_o_no_usado
2003,adquisiciones_importadas,I,6302,,105094720.0,EAE_C10_2003.xls,FBCF,no,no_mapeado_o_no_usado
2003,fbcf,I,6303,,7823315.0,EAE_C10_2003.xls,FBCF,no,no_mapeado_o_no_usado
2003,adquisiciones_importadas,I,6303,,10629946.0,EAE_C10_2003.xls,FBCF,no,no_mapeado_o_no_usado
2003,fbcf,I,6304,,5478997.0,EAE_C10_2003.xls,FBCF,no,no_mapeado_o_no_usado
2003,adquisiciones_importadas,I,6304,,0.0,EAE_C10_2003.xls,FBCF,no,no_mapeado_o_no_usado
2003,fbcf,I,6309,,208091772.0,EAE_C10_2003.xls,FBCF,no,no_mapeado_o_no_usado
2003,adquisiciones_importadas,I,6309,,7818385.0,EAE_C10_2003.xls,FBCF,no,no_mapeado_o_no_usado
2003,fbcf,I,64,,2217951449.0,EAE_C10_2003.xls,FBCF,si,no_mapeado_o_no_usado
2003,adquisiciones_importadas,I,64,,116825771.0,EAE_C10_2003.xls,FBCF,si,no_mapeado_o_no_usado
2003,fbcf,I,641,,18466806.0,EAE_C10_2003.xls,FBCF,no,no_mapeado_o_no_usado
2003,adquisiciones_importadas,I,641,,1374290.0,EAE_C10_2003.xls,FBCF,no,no_mapeado_o_no_usado
2003,fbcf,I,6410,,18466806.0,EAE_C10_2003.xls,FBCF,no,no_mapeado_o_no_usado
2003,adquisiciones_importadas,I,6410,,1374290.0,EAE_C10_2003.xls,FBCF,no,no_mapeado_o_no_usado
2003,fbcf,I,642,,2199484643.0,EAE_C10_2003.xls,FBCF,no,no_mapeado_o_no_usado
2003,adquisiciones_importadas,I,642,,115451481.0,EAE_C10_2003.xls,FBCF,no,no_mapeado_o_no_usado
2003,fbcf,I,6420,,2199484643.0,EAE_C10_2003.xls,FBCF,no,no_mapeado_o_no_usado
2003,adquisiciones_importadas,I,6420,,115451481.0,EAE_C10_2003.xls,FBCF,no,no_mapeado_o_no_usado
2003,fbcf,K,,,893749498.0,EAE_C10_2003.xls,FBCF,no,no_mapeado_o_no_usado
2003,adquisiciones_importadas,K,,,60040937.0,EAE_C10_2003.xls,FBCF,no,no_mapeado_o_no_usado
2003,fbcf,K,71,,17380061.0,EAE_C10_2003.xls,FBCF,si,no_mapeado_o_no_usado
2003,adquisiciones_importadas,K,71,,97819.0,EAE_C10_2003.xls,FBCF,si,no_mapeado_o_no_usado
2003,fbcf,K,711,,2852413.0,EAE_C10_2003.xls,FBCF,no,no_mapeado_o_no_usado
2003,adquisiciones_importadas,K,711,,0.0,EAE_C10_2003.xls,FBCF,no,no_mapeado_o_no_usado
2003,fbcf,K,7110,,2852413.0,EAE_C10_2003.xls,FBCF,no,no_mapeado_o_no_usado
2003,adquisiciones_importadas,K,7110,,0.0,EAE_C10_2003.xls,FBCF,no,no_mapeado_o_no_usado
2003,fbcf,K,712,,10676471.0,EAE_C10_2003.xls,FBCF,no,no_mapeado_o_no_usado
2003,adquisiciones_importadas,K,712,,97819.0,EAE_C10_2003.xls,FBCF,no,no_mapeado_o_no_usado
2003,fbcf,K,7120,,10676471.0,EAE_C10_2003.xls,FBCF,no,no_mapeado_o_no_usado
2003,adquisiciones_importadas,K,7120,,97819.0,EAE_C10_2003.xls,FBCF,no,no_mapeado_o_no_usado
2003,fbcf,K,713,,3851177.0,EAE_C10_2003.xls,FBCF,no,no_mapeado_o_no_usado
2003,adquisiciones_importadas,K,713,,0.0,EAE_C10_2003.xls,FBCF,no,no_mapeado_o_no_usado
2003,fbcf,K,7130,,3851177.0,EAE_C10_2003.xls,FBCF,no,no_mapeado_o_no_usado
2003,adquisiciones_importadas,K,7130,,0.0,EAE_C10_2003.xls,FBCF,no,no_mapeado_o_no_usado
2003,fbcf,K,72,,108986337.0,EAE_C10_2003.xls,FBCF,si,no_mapeado_o_no_usado
2003,adquisiciones_importadas,K,72,,49201404.0,EAE_C10_2003.xls,FBCF,si,no_mapeado_o_no_usado
2003,fbcf,K,721,,72277298.0,EAE_C10_2003.xls,FBCF,no,no_mapeado_o_no_usado
2003,adquisiciones_importadas,K,721,,45204170.0,EAE_C10_2003.xls,FBCF,no,no_mapeado_o_no_usado
2003,fbcf,K,7210,,72277298.0,EAE_C10_2003.xls,FBCF,no,no_mapeado_o_no_usado
2003,adquisiciones_importadas,K,7210,,45204170.0,EAE_C10_2003.xls,FBCF,no,no_mapeado_o_no_usado
2003,fbcf,K,722,,26132407.0,EAE_C10_2003.xls,FBCF,no,no_mapeado_o_no_usado
2003,adquisiciones_importadas,K,722,,3997234.0,EAE_C10_2003.xls,FBCF,no,no_mapeado_o_no_usado
2003,fbcf,K,7220,,26132407.0,EAE_C10_2003.xls,FBCF,no,no_mapeado_o_no_usado
2003,adquisiciones_importadas,K,7220,,3997234.0,EAE_C10_2003.xls,FBCF,no,no_mapeado_o_no_usado
2003,fbcf,K,723,,3612575.0,EAE_C10_2003.xls,FBCF,no,no_mapeado_o_no_usado
2003,adquisiciones_importadas,K,723,,0.0,EAE_C10_2003.xls,FBCF,no,no_mapeado_o_no_usado
2003,fbcf,K,7230,,3612575.0,EAE_C10_2003.xls,FBCF,no,no_mapeado_o_no_usado
2003,adquisiciones_importadas,K,7230,,0.0,EAE_C10_2003.xls,FBCF,no,no_mapeado_o_no_usado
2003,fbcf,K,724,,6422.0,EAE_C10_2003.xls,FBCF,no,no_mapeado_o_no_usado
2003,adquisiciones_importadas,K,724,,0.0,EAE_C10_2003.xls,FBCF,no,no_mapeado_o_no_usado
2003,fbcf,K,7240,,6422.0,EAE_C10_2003.xls,FBCF,no,no_mapeado_o_no_usado
2003,adquisiciones_importadas,K,7240,,0.0,EAE_C10_2003.xls,FBCF,no,no_mapeado_o_no_usado
2003,fbcf,K,725,,6957635.0,EAE_C10_2003.xls,FBCF,no,no_mapeado_o_no_usado
2003,adquisiciones_importadas,K,725,,0.0,EAE_C10_2003.xls,FBCF,no,no_mapeado_o_no_usado
2003,fbcf,K,7250,,6957635.0,EAE_C10_2003.xls,FBCF,no,no_mapeado_o_no_usado
2003,adquisiciones_importadas,K,7250,,0.0,EAE_C10_2003.xls,FBCF,no,no_mapeado_o_no_usado
2003,fbcf,K,73,,16928477.0,EAE_C10_2003.xls,FBCF,si,no_mapeado_o_no_usado
2003,adquisiciones_importadas,K,73,,877754.0,EAE_C10_2003.xls,FBCF,si,no_mapeado_o_no_usado
2003,fbcf,K,730,,16928477.0,EAE_C10_2003.xls,FBCF,no,no_mapeado_o_no_usado
2003,adquisiciones_importadas,K,730,,877754.0,EAE_C10_2003.xls,FBCF,no,no_mapeado_o_no_usado
2003,fbcf,K,7300,,16928477.0,EAE_C10_2003.xls,FBCF,no,no_mapeado_o_no_usado
2003,adquisiciones_importadas,K,7300,,877754.0,EAE_C10_2003.xls,FBCF,no,no_mapeado_o_no_usado
2003,fbcf,K,74,,750454623.0,EAE_C10_2003.xls,FBCF,si,no_mapeado_o_no_usado
2003,adquisiciones_importadas,K,74,,9863960.0,EAE_C10_2003.xls,FBCF,si,no_mapeado_o_no_usado
2003,fbcf,K,741,,29875032.0,EAE_C10_2003.xls,FBCF,no,no_mapeado_o_no_usado
2003,adquisiciones_importadas,K,741,,0.0,EAE_C10_2003.xls,FBCF,no,no_mapeado_o_no_usado
2003,fbcf,K,7411,,2320053.0,EAE_C10_2003.xls,FBCF,no,no_mapeado_o_no_usado
2003,adquisiciones_importadas,K,7411,,0.0,EAE_C10_2003.xls,FBCF,no,no_mapeado_o_no_usado
2003,fbcf,K,7412,,23568448.0,EAE_C10_2003.xls,FBCF,no,no_mapeado_o_no_usado
2003,adquisiciones_importadas,K,7412,,0.0,EAE_C10_2003.xls,FBCF,no,no_mapeado_o_no_usado
2003,fbcf,K,7413,,2342665.0,EAE_C10_2003.xls,FBCF,no,no_mapeado_o_no_usado
2003,adquisiciones_importadas,K,7413,,0.0,EAE_C10_2003.xls,FBCF,no,no_mapeado_o_no_usado
2003,fbcf,K,7414,,1643866.0,EAE_C10_2003.xls,FBCF,no,no_mapeado_o_no_usado
2003,adquisiciones_importadas,K,7414,,0.0,EAE_C10_2003.xls,FBCF,no,no_mapeado_o_no_usado
2003,fbcf,K,742,,242964353.0,EAE_C10_2003.xls,FBCF,no,no_mapeado_o_no_usado
2003,adquisiciones_importadas,K,742,,9403323.0,EAE_C10_2003.xls,FBCF,no,no_mapeado_o_no_usado
2003,fbcf,K,7421,,226986083.0,EAE_C10_2003.xls,FBCF,no,no_mapeado_o_no_usado
2003,adquisiciones_importadas,K,7421,,498030.0,EAE_C10_2003.xls,FBCF,no,no_mapeado_o_no_usado
2003,fbcf,K,7422,,15978270.0,EAE_C10_2003.xls,FBCF,no,no_mapeado_o_no_usado
2003,adquisiciones_importadas,K,7422,,8905293.0,EAE_C10_2003.xls,FBCF,no,no_mapeado_o_no_usado
2003,fbcf,K,743,,14947359.0,EAE_C10_2003.xls,FBCF,no,no_mapeado_o_no_usado
2003,adquisiciones_importadas,K,743,,134550.0,EAE_C10_2003.xls,FBCF,no,no_mapeado_o_no_usado
2003,fbcf,K,7430,,14947359.0,EAE_C10_2003.xls,FBCF,no,no_mapeado_o_no_usado
2003,adquisiciones_importadas,K,7430,,134550.0,EAE_C10_2003.xls,FBCF,no,no_mapeado_o_no_usado
2003,fbcf,K,749,,462667879.0,EAE_C10_2003.xls,FBCF,no,no_mapeado_o_no_usado
2003,adquisiciones_importadas,K,749,,326087.0,EAE_C10_2003.xls,FBCF,no,no_mapeado_o_no_usado
2003,fbcf,K,7491,,118053.0,EAE_C10_2003.xls,FBCF,no,no_mapeado_o_no_usado
2003,adquisiciones_importadas,K,7491,,77863.0,EAE_C10_2003.xls,FBCF,no,no_mapeado_o_no_usado
2003,fbcf,K,7492,,37274622.0,EAE_C10_2003.xls,FBCF,no,no_mapeado_o_no_usado
2003,adquisiciones_importadas,K,7492,,248224.0,EAE_C10_2003.xls,FBCF,no,no_mapeado_o_no_usado
2003,fbcf,K,7493,,21168862.0,EAE_C10_2003.xls,FBCF,no,no_mapeado_o_no_usado
2003,adquisiciones_importadas,K,7493,,0.0,EAE_C10_2003.xls,FBCF,no,no_mapeado_o_no_usado
2003,fbcf,K,7494,,4136829.0,EAE_C10_2003.xls,FBCF,no,no_mapeado_o_no_usado
2003,adquisiciones_importadas,K,7494,,0.0,EAE_C10_2003.xls,FBCF,no,no_mapeado_o_no_usado
2003,fbcf,K,7499,,399969513.0,EAE_C10_2003.xls,FBCF,no,no_mapeado_o_no_usado
2003,adquisiciones_importadas,K,7499,,0.0,EAE_C10_2003.xls,FBCF,no,no_mapeado_o_no_usado
2003,fbcf,M,,,265611515.0,EAE_C10_2003.xls,FBCF,no,no_mapeado_o_no_usado
2003,adquisiciones_importadas,M,,,6872122.0,EAE_C10_2003.xls,FBCF,no,no_mapeado_o_no_usado
2003,fbcf,M,80,,265611515.0,EAE_C10_2003.xls,FBCF,si,no_mapeado_o_no_usado
2003,adquisiciones_importadas,M,80,,6872122.0,EAE_C10_2003.xls,FBCF,si,no_mapeado_o_no_usado
2003,fbcf,M,801,,121730690.0,EAE_C10_2003.xls,FBCF,no,no_mapeado_o_no_usado
2003,adquisiciones_importadas,M,801,,58258.0,EAE_C10_2003.xls,FBCF,no,no_mapeado_o_no_usado
2003,fbcf,M,8010,,121730690.0,EAE_C10_2003.xls,FBCF,no,no_mapeado_o_no_usado
2003,adquisiciones_importadas,M,8010,,58258.0,EAE_C10_2003.xls,FBCF,no,no_mapeado_o_no_usado
2003,fbcf,M,802,,-67491546.0,EAE_C10_2003.xls,FBCF,no,no_mapeado_o_no_usado
2003,adquisiciones_importadas,M,802,,1363755.0,EAE_C10_2003.xls,FBCF,no,no_mapeado_o_no_usado
2003,fbcf,M,8020,,-67491546.0,EAE_C10_2003.xls,FBCF,no,no_mapeado_o_no_usado
2003,adquisiciones_importadas,M,8020,,1363755.0,EAE_C10_2003.xls,FBCF,no,no_mapeado_o_no_usado
2003,fbcf,M,803,,58021232.0,EAE_C10_2003.xls,FBCF,no,no_mapeado_o_no_usado
2003,adquisiciones_importadas,M,803,,5450109.0,EAE_C10_2003.xls,FBCF,no,no_mapeado_o_no_usado
2003,fbcf,M,8030,,58021232.0,EAE_C10_2003.xls,FBCF,no,no_mapeado_o_no_usado
2003,adquisiciones_importadas,M,8030,,5450109.0,EAE_C10_2003.xls,FBCF,no,no_mapeado_o_no_usado
2003,fbcf,M,809,,153351139.0,EAE_C10_2003.xls,FBCF,no,no_mapeado_o_no_usado
2003,adquisiciones_importadas,M,809,,0.0,EAE_C10_2003.xls,FBCF,no,no_mapeado_o_no_usado
2003,fbcf,M,8090,,153351139.0,EAE_C10_2003.xls,FBCF,no,no_mapeado_o_no_usado
2003,adquisiciones_importadas,M,8090,,0.0,EAE_C10_2003.xls,FBCF,no,no_mapeado_o_no_usado
2003,fbcf,N,,,464436226.0,EAE_C10_2003.xls,FBCF,no,no_mapeado_o_no_usado
2003,adquisiciones_importadas,N,,,16922814.0,EAE_C10_2003.xls,FBCF,no,no_mapeado_o_no_usado
2003,fbcf,N,85,,464436226.0,EAE_C10_2003.xls,FBCF,si,no_mapeado_o_no_usado
2003,adquisiciones_importadas,N,85,,16922814.0,EAE_C10_2003.xls,FBCF,si,no_mapeado_o_no_usado
2003,fbcf,N,851,,460005529.0,EAE_C10_2003.xls,FBCF,no,no_mapeado_o_no_usado
2003,adquisiciones_importadas,N,851,,16922814.0,EAE_C10_2003.xls,FBCF,no,no_mapeado_o_no_usado
2003,fbcf,N,8511,,412921431.0,EAE_C10_2003.xls,FBCF,no,no_mapeado_o_no_usado
2003,adquisiciones_importadas,N,8511,,16922814.0,EAE_C10_2003.xls,FBCF,no,no_mapeado_o_no_usado
2003,fbcf,N,8512,,41006136.0,EAE_C10_2003.xls,FBCF,no,no_mapeado_o_no_usado
2003,adquisiciones_importadas,N,8512,,0.0,EAE_C10_2003.xls,FBCF,no,no_mapeado_o_no_usado
2003,fbcf,N,8513,,381166.0,EAE_C10_2003.xls,FBCF,no,no_mapeado_o_no_usado
2003,adquisiciones_importadas,N,8513,,0.0,EAE_C10_2003.xls,FBCF,no,no_mapeado_o_no_usado
2003,fbcf,N,8519,,5696796.0,EAE_C10_2003.xls,FBCF,no,no_mapeado_o_no_usado
2003,adquisiciones_importadas,N,8519,,0.0,EAE_C10_2003.xls,FBCF,no,no_mapeado_o_no_usado
2003,fbcf,N,852,,77077.0,EAE_C10_2003.xls,FBCF,no,no_mapeado_o_no_usado
2003,adquisiciones_importadas,N,852,,0.0,EAE_C10_2003.xls,FBCF,no,no_mapeado_o_no_usado
2003,fbcf,N,8520,,77077.0,EAE_C10_2003.xls,FBCF,no,no_mapeado_o_no_usado
2003,adquisiciones_importadas,N,8520,,0.0,EAE_C10_2003.xls,FBCF,no,no_mapeado_o_no_usado
2003,fbcf,N,853,,4353620.0,EAE_C10_2003.xls,FBCF,no,no_mapeado_o_no_usado
2003,adquisiciones_importadas,N,853,,0.0,EAE_C10_2003.xls,FBCF,no,no_mapeado_o_no_usado
2003,fbcf,N,8530,,4353620.0,EAE_C10_2003.xls,FBCF,no,no_mapeado_o_no_usado
2003,adquisiciones_importadas,N,8530,,0.0,EAE_C10_2003.xls,FBCF,no,no_mapeado_o_no_usado
2003,fbkf_maq_eq,D,,,5558448986.0,EAE_C13_2003.xls,FBKF_componentes,no,no_mapeado_o_no_usado
2003,fbkf_maq_eq,D,15,10_11_12_alimentos_bebidas_tabaco,692723706.0,EAE_C13_2003.xls,FBKF_componentes,si,mapeado
2003,fbkf_maq_eq,D,151,,324468758.0,EAE_C13_2003.xls,FBKF_componentes,no,no_mapeado_o_no_usado
2003,fbkf_maq_eq,D,1511,,176542153.0,EAE_C13_2003.xls,FBKF_componentes,no,no_mapeado_o_no_usado
2003,fbkf_maq_eq,D,1512,,101381602.0,EAE_C13_2003.xls,FBKF_componentes,no,no_mapeado_o_no_usado
2003,fbkf_maq_eq,D,1513,,39569003.0,EAE_C13_2003.xls,FBKF_componentes,no,no_mapeado_o_no_usado
2003,fbkf_maq_eq,D,1514,,6976000.0,EAE_C13_2003.xls,FBKF_componentes,no,no_mapeado_o_no_usado
2003,fbkf_maq_eq,D,152,,385759917.0,EAE_C13_2003.xls,FBKF_componentes,no,no_mapeado_o_no_usado
2003,fbkf_maq_eq,D,1520,,385759917.0,EAE_C13_2003.xls,FBKF_componentes,no,no_mapeado_o_no_usado
2003,fbkf_maq_eq,D,153,,68217405.0,EAE_C13_2003.xls,FBKF_componentes,no,no_mapeado_o_no_usado
2003,fbkf_maq_eq,D,1531,,22259465.0,EAE_C13_2003.xls,FBKF_componentes,no,no_mapeado_o_no_usado
2003,fbkf_maq_eq,D,1533,,10563536.0,EAE_C13_2003.xls,FBKF_componentes,no,no_mapeado_o_no_usado
2003,fbkf_maq_eq,D,1534,,35394404.0,EAE_C13_2003.xls,FBKF_componentes,no,no_mapeado_o_no_usado
2003,fbkf_maq_eq,D,154,,120120449.0,EAE_C13_2003.xls,FBKF_componentes,no,no_mapeado_o_no_usado
2003,fbkf_maq_eq,D,1541,,59184890.0,EAE_C13_2003.xls,FBKF_componentes,no,no_mapeado_o_no_usado
2003,fbkf_maq_eq,D,1542,,3343896.0,EAE_C13_2003.xls,FBKF_componentes,no,no_mapeado_o_no_usado
2003,fbkf_maq_eq,D,1543,,609665.0,EAE_C13_2003.xls,FBKF_componentes,no,no_mapeado_o_no_usado
2003,fbkf_maq_eq,D,1544,,26896642.0,EAE_C13_2003.xls,FBKF_componentes,no,no_mapeado_o_no_usado
2003,fbkf_maq_eq,D,1549,,30085356.0,EAE_C13_2003.xls,FBKF_componentes,no,no_mapeado_o_no_usado
2003,fbkf_maq_eq,D,155,,-205842823.0,EAE_C13_2003.xls,FBKF_componentes,no,no_mapeado_o_no_usado
2003,fbkf_maq_eq,D,1551,,1028901.0,EAE_C13_2003.xls,FBKF_componentes,no,no_mapeado_o_no_usado
2003,fbkf_maq_eq,D,1552,,3410792.0,EAE_C13_2003.xls,FBKF_componentes,no,no_mapeado_o_no_usado
2003,fbkf_maq_eq,D,1553,,-232112455.0,EAE_C13_2003.xls,FBKF_componentes,no,no_mapeado_o_no_usado
2003,fbkf_maq_eq,D,1554,,21829939.0,EAE_C13_2003.xls,FBKF_componentes,no,no_mapeado_o_no_usado
2003,fbkf_maq_eq,D,16,10_11_12_alimentos_bebidas_tabaco,84998366.0,EAE_C13_2003.xls,FBKF_componentes,si,mapeado
2003,fbkf_maq_eq,D,160,,84998366.0,EAE_C13_2003.xls,FBKF_componentes,no,no_mapeado_o_no_usado
2003,fbkf_maq_eq,D,1600,,84998366.0,EAE_C13_2003.xls,FBKF_componentes,no,no_mapeado_o_no_usado
2003,fbkf_maq_eq,D,17,13_14_15_textiles_prendas_cuero,88495820.0,EAE_C13_2003.xls,FBKF_componentes,si,mapeado
2003,fbkf_maq_eq,D,171,,75245882.0,EAE_C13_2003.xls,FBKF_componentes,no,no_mapeado_o_no_usado
2003,fbkf_maq_eq,D,1711,,21023864.0,EAE_C13_2003.xls,FBKF_componentes,no,no_mapeado_o_no_usado
2003,fbkf_maq_eq,D,1712,,-79804.0,EAE_C13_2003.xls,FBKF_componentes,no,no_mapeado_o_no_usado
2003,fbkf_maq_eq,D,1713,,54301822.0,EAE_C13_2003.xls,FBKF_componentes,no,no_mapeado_o_no_usado
2003,fbkf_maq_eq,D,172,,9832423.0,EAE_C13_2003.xls,FBKF_componentes,no,no_mapeado_o_no_usado
2003,fbkf_maq_eq,D,1720,,9832423.0,EAE_C13_2003.xls,FBKF_componentes,no,no_mapeado_o_no_usado
2003,fbkf_maq_eq,D,173,,3417515.0,EAE_C13_2003.xls,FBKF_componentes,no,no_mapeado_o_no_usado
2003,fbkf_maq_eq,D,1730,,3417515.0,EAE_C13_2003.xls,FBKF_componentes,no,no_mapeado_o_no_usado
2003,fbkf_maq_eq,D,18,13_14_15_textiles_prendas_cuero,26831350.0,EAE_C13_2003.xls,FBKF_componentes,si,mapeado
2003,fbkf_maq_eq,D,181,,26831350.0,EAE_C13_2003.xls,FBKF_componentes,no,no_mapeado_o_no_usado
2003,fbkf_maq_eq,D,1810,,26831350.0,EAE_C13_2003.xls,FBKF_componentes,no,no_mapeado_o_no_usado
2003,fbkf_maq_eq,D,19,13_14_15_textiles_prendas_cuero,140414072.0,EAE_C13_2003.xls,FBKF_componentes,si,mapeado
2003,fbkf_maq_eq,D,191,,139461940.0,EAE_C13_2003.xls,FBKF_componentes,no,no_mapeado_o_no_usado
2003,fbkf_maq_eq,D,1911,,139324600.0,EAE_C13_2003.xls,FBKF_componentes,no,no_mapeado_o_no_usado
2003,fbkf_maq_eq,D,1912,,137340.0,EAE_C13_2003.xls,FBKF_componentes,no,no_mapeado_o_no_usado
2003,fbkf_maq_eq,D,192,,952132.0,EAE_C13_2003.xls,FBKF_componentes,no,no_mapeado_o_no_usado
2003,fbkf_maq_eq,D,1920,,952132.0,EAE_C13_2003.xls,FBKF_componentes,no,no_mapeado_o_no_usado
2003,fbkf_maq_eq,D,20,16_madera,35601022.0,EAE_C13_2003.xls,FBKF_componentes,si,mapeado
2003,fbkf_maq_eq,D,201,,7854066.0,EAE_C13_2003.xls,FBKF_componentes,no,no_mapeado_o_no_usado
2003,fbkf_maq_eq,D,2010,,7854066.0,EAE_C13_2003.xls,FBKF_componentes,no,no_mapeado_o_no_usado
2003,fbkf_maq_eq,D,202,,27746956.0,EAE_C13_2003.xls,FBKF_componentes,no,no_mapeado_o_no_usado
2003,fbkf_maq_eq,D,2021,,27746956.0,EAE_C13_2003.xls,FBKF_componentes,no,no_mapeado_o_no_usado
2003,fbkf_maq_eq,D,2029,,0.0,EAE_C13_2003.xls,FBKF_componentes,no,no_mapeado_o_no_usado
2003,fbkf_maq_eq,D,21,17_18_papel_impresion,102945575.0,EAE_C13_2003.xls,FBKF_componentes,si,mapeado
2003,fbkf_maq_eq,D,210,,102945575.0,EAE_C13_2003.xls,FBKF_componentes,no,no_mapeado_o_no_usado
2003,fbkf_maq_eq,D,2101,,58285853.0,EAE_C13_2003.xls,FBKF_componentes,no,no_mapeado_o_no_usado
2003,fbkf_maq_eq,D,2102,,18626717.0,EAE_C13_2003.xls,FBKF_componentes,no,no_mapeado_o_no_usado
2003,fbkf_maq_eq,D,2109,,26033005.0,EAE_C13_2003.xls,FBKF_componentes,no,no_mapeado_o_no_usado
2003,fbkf_maq_eq,D,22,17_18_papel_impresion,-37765538.0,EAE_C13_2003.xls,FBKF_componentes,si,mapeado
2003,fbkf_maq_eq,D,221,,-37089683.0,EAE_C13_2003.xls,FBKF_componentes,no,no_mapeado_o_no_usado
2003,fbkf_maq_eq,D,2211,,-60897855.0,EAE_C13_2003.xls,FBKF_componentes,no,no_mapeado_o_no_usado
2003,fbkf_maq_eq,D,2212,,23808172.0,EAE_C13_2003.xls,FBKF_componentes,no,no_mapeado_o_no_usado
2003,fbkf_maq_eq,D,223,,-675855.0,EAE_C13_2003.xls,FBKF_componentes,no,no_mapeado_o_no_usado
2003,fbkf_maq_eq,D,2230,,-675855.0,EAE_C13_2003.xls,FBKF_componentes,no,no_mapeado_o_no_usado
2003,fbkf_maq_eq,D,23,19_refinacion,3908632485.0,EAE_C13_2003.xls,FBKF_componentes,si,mapeado
2003,fbkf_maq_eq,D,232,,3908632485.0,EAE_C13_2003.xls,FBKF_componentes,no,no_mapeado_o_no_usado
2003,fbkf_maq_eq,D,2320,,3908632485.0,EAE_C13_2003.xls,FBKF_componentes,no,no_mapeado_o_no_usado
2003,fbkf_maq_eq,D,24,20_21_22_quimicos_farma_caucho_plastico,82788313.0,EAE_C13_2003.xls,FBKF_componentes,si,mapeado
2003,fbkf_maq_eq,D,241,,101970727.0,EAE_C13_2003.xls,FBKF_componentes,no,no_mapeado_o_no_usado
2003,fbkf_maq_eq,D,2411,,70170771.0,EAE_C13_2003.xls,FBKF_componentes,no,no_mapeado_o_no_usado
2003,fbkf_maq_eq,D,2412,,24529747.0,EAE_C13_2003.xls,FBKF_componentes,no,no_mapeado_o_no_usado
2003,fbkf_maq_eq,D,2413,,7270209.0,EAE_C13_2003.xls,FBKF_componentes,no,no_mapeado_o_no_usado
2003,fbkf_maq_eq,D,242,,-19182414.0,EAE_C13_2003.xls,FBKF_componentes,no,no_mapeado_o_no_usado
2003,fbkf_maq_eq,D,2421,,3572343.0,EAE_C13_2003.xls,FBKF_componentes,no,no_mapeado_o_no_usado
2003,fbkf_maq_eq,D,2422,,5811174.0,EAE_C13_2003.xls,FBKF_componentes,no,no_mapeado_o_no_usado
2003,fbkf_maq_eq,D,2423,,33376824.0,EAE_C13_2003.xls,FBKF_componentes,no,no_mapeado_o_no_usado
2003,fbkf_maq_eq,D,2424,,-63626344.0,EAE_C13_2003.xls,FBKF_componentes,no,no_mapeado_o_no_usado
2003,fbkf_maq_eq,D,2429,,1683589.0,EAE_C13_2003.xls,FBKF_componentes,no,no_mapeado_o_no_usado
2003,fbkf_maq_eq,D,25,20_21_22_quimicos_farma_caucho_plastico,111368139.0,EAE_C13_2003.xls,FBKF_componentes,si,mapeado
2003,fbkf_maq_eq,D,251,,844148.0,EAE_C13_2003.xls,FBKF_componentes,no,no_mapeado_o_no_usado
2003,fbkf_maq_eq,D,2511,,0.0,EAE_C13_2003.xls,FBKF_componentes,no,no_mapeado_o_no_usado
2003,fbkf_maq_eq,D,2519,,844148.0,EAE_C13_2003.xls,FBKF_componentes,no,no_mapeado_o_no_usado
2003,fbkf_maq_eq,D,252,,110523991.0,EAE_C13_2003.xls,FBKF_componentes,no,no_mapeado_o_no_usado
2003,fbkf_maq_eq,D,2520,,110523991.0,EAE_C13_2003.xls,FBKF_componentes,no,no_mapeado_o_no_usado
2003,fbkf_maq_eq,D,26,23_24_minerales_metales,45147574.0,EAE_C13_2003.xls,FBKF_componentes,si,mapeado
2003,fbkf_maq_eq,D,261,,2011277.0,EAE_C13_2003.xls,FBKF_componentes,no,no_mapeado_o_no_usado
2003,fbkf_maq_eq,D,2610,,2011277.0,EAE_C13_2003.xls,FBKF_componentes,no,no_mapeado_o_no_usado
2003,fbkf_maq_eq,D,269,,43136297.0,EAE_C13_2003.xls,FBKF_componentes,no,no_mapeado_o_no_usado
2003,fbkf_maq_eq,D,2691,,136182.0,EAE_C13_2003.xls,FBKF_componentes,no,no_mapeado_o_no_usado
2003,fbkf_maq_eq,D,2692,,188068.0,EAE_C13_2003.xls,FBKF_componentes,no,no_mapeado_o_no_usado
2003,fbkf_maq_eq,D,2694,,42733918.0,EAE_C13_2003.xls,FBKF_componentes,no,no_mapeado_o_no_usado
2003,fbkf_maq_eq,D,2695,,72756.0,EAE_C13_2003.xls,FBKF_componentes,no,no_mapeado_o_no_usado
2003,fbkf_maq_eq,D,2699,,5373.0,EAE_C13_2003.xls,FBKF_componentes,no,no_mapeado_o_no_usado
2003,fbkf_maq_eq,D,27,23_24_minerales_metales,63958984.0,EAE_C13_2003.xls,FBKF_componentes,si,mapeado
2003,fbkf_maq_eq,D,270,,63958984.0,EAE_C13_2003.xls,FBKF_componentes,no,no_mapeado_o_no_usado
2003,fbkf_maq_eq,D,2700,,63958984.0,EAE_C13_2003.xls,FBKF_componentes,no,no_mapeado_o_no_usado
2003,fbkf_maq_eq,D,28,25_26_27_28_33_metal_equipos_reparacion,111343396.0,EAE_C13_2003.xls,FBKF_componentes,si,mapeado
2003,fbkf_maq_eq,D,281,,118555902.0,EAE_C13_2003.xls,FBKF_componentes,no,no_mapeado_o_no_usado
2003,fbkf_maq_eq,D,2811,,110033281.0,EAE_C13_2003.xls,FBKF_componentes,no,no_mapeado_o_no_usado
2003,fbkf_maq_eq,D,2812,,8522621.0,EAE_C13_2003.xls,FBKF_componentes,no,no_mapeado_o_no_usado
2003,fbkf_maq_eq,D,289,,-7212506.0,EAE_C13_2003.xls,FBKF_componentes,no,no_mapeado_o_no_usado
2003,fbkf_maq_eq,D,2890,,-7212506.0,EAE_C13_2003.xls,FBKF_componentes,no,no_mapeado_o_no_usado
2003,fbkf_maq_eq,D,29,25_26_27_28_33_metal_equipos_reparacion,-20755744.0,EAE_C13_2003.xls,FBKF_componentes,si,mapeado
2003,fbkf_maq_eq,D,291,,7759138.0,EAE_C13_2003.xls,FBKF_componentes,no,no_mapeado_o_no_usado
2003,fbkf_maq_eq,D,2910,,7759138.0,EAE_C13_2003.xls,FBKF_componentes,no,no_mapeado_o_no_usado
2003,fbkf_maq_eq,D,292,,-29777292.0,EAE_C13_2003.xls,FBKF_componentes,no,no_mapeado_o_no_usado
2003,fbkf_maq_eq,D,2920,,-29777292.0,EAE_C13_2003.xls,FBKF_componentes,no,no_mapeado_o_no_usado
2003,fbkf_maq_eq,D,293,,1262410.0,EAE_C13_2003.xls,FBKF_componentes,no,no_mapeado_o_no_usado
2003,fbkf_maq_eq,D,2930,,1262410.0,EAE_C13_2003.xls,FBKF_componentes,no,no_mapeado_o_no_usado
2003,fbkf_maq_eq,D,30,25_26_27_28_33_metal_equipos_reparacion,0.0,EAE_C13_2003.xls,FBKF_componentes,si,mapeado
2003,fbkf_maq_eq,D,300,,0.0,EAE_C13_2003.xls,FBKF_componentes,no,no_mapeado_o_no_usado
2003,fbkf_maq_eq,D,3000,,0.0,EAE_C13_2003.xls,FBKF_componentes,no,no_mapeado_o_no_usado
2003,fbkf_maq_eq,D,31,25_26_27_28_33_metal_equipos_reparacion,-1119092.0,EAE_C13_2003.xls,FBKF_componentes,si,mapeado
2003,fbkf_maq_eq,D,310,,-1119092.0,EAE_C13_2003.xls,FBKF_componentes,no,no_mapeado_o_no_usado
2003,fbkf_maq_eq,D,3100,,-1119092.0,EAE_C13_2003.xls,FBKF_componentes,no,no_mapeado_o_no_usado
2003,fbkf_maq_eq,D,32,25_26_27_28_33_metal_equipos_reparacion,0.0,EAE_C13_2003.xls,FBKF_componentes,si,mapeado
2003,fbkf_maq_eq,D,320,,0.0,EAE_C13_2003.xls,FBKF_componentes,no,no_mapeado_o_no_usado
2003,fbkf_maq_eq,D,3200,,0.0,EAE_C13_2003.xls,FBKF_componentes,no,no_mapeado_o_no_usado
2003,fbkf_maq_eq,D,33,25_26_27_28_33_metal_equipos_reparacion,12980994.0,EAE_C13_2003.xls,FBKF_componentes,si,mapeado
2003,fbkf_maq_eq,D,330,,12980994.0,EAE_C13_2003.xls,FBKF_componentes,no,no_mapeado_o_no_usado
2003,fbkf_maq_eq,D,3300,,12980994.0,EAE_C13_2003.xls,FBKF_componentes,no,no_mapeado_o_no_usado
2003,fbkf_maq_eq,D,34,29_30_vehiculos_transporte,95400062.0,EAE_C13_2003.xls,FBKF_componentes,si,mapeado
2003,fbkf_maq_eq,D,340,,95400062.0,EAE_C13_2003.xls,FBKF_componentes,no,no_mapeado_o_no_usado
2003,fbkf_maq_eq,D,3400,,95400062.0,EAE_C13_2003.xls,FBKF_componentes,no,no_mapeado_o_no_usado
2003,fbkf_maq_eq,D,35,29_30_vehiculos_transporte,6484778.0,EAE_C13_2003.xls,FBKF_componentes,si,mapeado
2003,fbkf_maq_eq,D,351,,6507849.0,EAE_C13_2003.xls,FBKF_componentes,no,no_mapeado_o_no_usado
2003,fbkf_maq_eq,D,3510,,6507849.0,EAE_C13_2003.xls,FBKF_componentes,no,no_mapeado_o_no_usado
2003,fbkf_maq_eq,D,353,,0.0,EAE_C13_2003.xls,FBKF_componentes,no,no_mapeado_o_no_usado
2003,fbkf_maq_eq,D,3530,,0.0,EAE_C13_2003.xls,FBKF_componentes,no,no_mapeado_o_no_usado
2003,fbkf_maq_eq,D,359,,-23071.0,EAE_C13_2003.xls,FBKF_componentes,no,no_mapeado_o_no_usado
2003,fbkf_maq_eq,D,3590,,-23071.0,EAE_C13_2003.xls,FBKF_componentes,no,no_mapeado_o_no_usado
2003,fbkf_maq_eq,D,36,31_32_muebles_otras_manufacturas,7974724.0,EAE_C13_2003.xls,FBKF_componentes,si,mapeado
2003,fbkf_maq_eq,D,361,,6049073.0,EAE_C13_2003.xls,FBKF_componentes,no,no_mapeado_o_no_usado
2003,fbkf_maq_eq,D,3610,,6049073.0,EAE_C13_2003.xls,FBKF_componentes,no,no_mapeado_o_no_usado
2003,fbkf_maq_eq,D,369,,1925651.0,EAE_C13_2003.xls,FBKF_componentes,no,no_mapeado_o_no_usado
2003,fbkf_maq_eq,D,3691,,154623.0,EAE_C13_2003.xls,FBKF_componentes,no,no_mapeado_o_no_usado
2003,fbkf_maq_eq,D,3699,,1771028.0,EAE_C13_2003.xls,FBKF_componentes,no,no_mapeado_o_no_usado
2003,fbkf_maq_eq,D,37,,0.0,EAE_C13_2003.xls,FBKF_componentes,si,no_mapeado_o_no_usado
2003,fbkf_maq_eq,D,370,,0.0,EAE_C13_2003.xls,FBKF_componentes,no,no_mapeado_o_no_usado
2003,fbkf_maq_eq,D,3700,,0.0,EAE_C13_2003.xls,FBKF_componentes,no,no_mapeado_o_no_usado
2003,fbkf_maq_eq,E,,,729819150.0,EAE_C13_2003.xls,FBKF_componentes,no,no_mapeado_o_no_usado
2003,fbkf_maq_eq,E,40,,728620868.0,EAE_C13_2003.xls,FBKF_componentes,si,no_mapeado_o_no_usado
2003,fbkf_maq_eq,E,401,,727123076.0,EAE_C13_2003.xls,FBKF_componentes,no,no_mapeado_o_no_usado
2003,fbkf_maq_eq,E,4010,,727123076.0,EAE_C13_2003.xls,FBKF_componentes,no,no_mapeado_o_no_usado
2003,fbkf_maq_eq,E,402,,1497792.0,EAE_C13_2003.xls,FBKF_componentes,no,no_mapeado_o_no_usado
2003,fbkf_maq_eq,E,4020,,1497792.0,EAE_C13_2003.xls,FBKF_componentes,no,no_mapeado_o_no_usado
2003,fbkf_maq_eq,E,41,,1198282.0,EAE_C13_2003.xls,FBKF_componentes,si,no_mapeado_o_no_usado
2003,fbkf_maq_eq,E,410,,1198282.0,EAE_C13_2003.xls,FBKF_componentes,no,no_mapeado_o_no_usado
2003,fbkf_maq_eq,E,4100,,1198282.0,EAE_C13_2003.xls,FBKF_componentes,no,no_mapeado_o_no_usado
2003,fbkf_maq_eq,G,,,345789196.0,EAE_C13_2003.xls,FBKF_componentes,no,no_mapeado_o_no_usado
2003,fbkf_maq_eq,G,50,,32939854.0,EAE_C13_2003.xls,FBKF_componentes,si,no_mapeado_o_no_usado
2003,fbkf_maq_eq,G,501,,3875743.0,EAE_C13_2003.xls,FBKF_componentes,no,no_mapeado_o_no_usado
2003,fbkf_maq_eq,G,5010,,3875743.0,EAE_C13_2003.xls,FBKF_componentes,no,no_mapeado_o_no_usado
2003,fbkf_maq_eq,G,502,,17239784.0,EAE_C13_2003.xls,FBKF_componentes,no,no_mapeado_o_no_usado
2003,fbkf_maq_eq,G,5020,,17239784.0,EAE_C13_2003.xls,FBKF_componentes,no,no_mapeado_o_no_usado
2003,fbkf_maq_eq,G,503,,2217092.0,EAE_C13_2003.xls,FBKF_componentes,no,no_mapeado_o_no_usado
2003,fbkf_maq_eq,G,5030,,2217092.0,EAE_C13_2003.xls,FBKF_componentes,no,no_mapeado_o_no_usado
2003,fbkf_maq_eq,G,504,,1948217.0,EAE_C13_2003.xls,FBKF_componentes,no,no_mapeado_o_no_usado
2003,fbkf_maq_eq,G,5040,,1948217.0,EAE_C13_2003.xls,FBKF_componentes,no,no_mapeado_o_no_usado
2003,fbkf_maq_eq,G,505,,7659018.0,EAE_C13_2003.xls,FBKF_componentes,no,no_mapeado_o_no_usado
2003,fbkf_maq_eq,G,5050,,7659018.0,EAE_C13_2003.xls,FBKF_componentes,no,no_mapeado_o_no_usado
2003,fbkf_maq_eq,G,51,,129748182.0,EAE_C13_2003.xls,FBKF_componentes,si,no_mapeado_o_no_usado
2003,fbkf_maq_eq,G,511,,216690.0,EAE_C13_2003.xls,FBKF_componentes,no,no_mapeado_o_no_usado
2003,fbkf_maq_eq,G,5110,,216690.0,EAE_C13_2003.xls,FBKF_componentes,no,no_mapeado_o_no_usado
2003,fbkf_maq_eq,G,512,,42156356.0,EAE_C13_2003.xls,FBKF_componentes,no,no_mapeado_o_no_usado
2003,fbkf_maq_eq,G,5121,,23634787.0,EAE_C13_2003.xls,FBKF_componentes,no,no_mapeado_o_no_usado
2003,fbkf_maq_eq,G,5122,,18521569.0,EAE_C13_2003.xls,FBKF_componentes,no,no_mapeado_o_no_usado
2003,fbkf_maq_eq,G,513,,80560756.0,EAE_C13_2003.xls,FBKF_componentes,no,no_mapeado_o_no_usado
2003,fbkf_maq_eq,G,5131,,973187.0,EAE_C13_2003.xls,FBKF_componentes,no,no_mapeado_o_no_usado
2003,fbkf_maq_eq,G,5139,,79587569.0,EAE_C13_2003.xls,FBKF_componentes,no,no_mapeado_o_no_usado
2003,fbkf_maq_eq,G,514,,-585557.0,EAE_C13_2003.xls,FBKF_componentes,no,no_mapeado_o_no_usado
2003,fbkf_maq_eq,G,5141,,-11916960.0,EAE_C13_2003.xls,FBKF_componentes,no,no_mapeado_o_no_usado
2003,fbkf_maq_eq,G,5142,,37680.0,EAE_C13_2003.xls,FBKF_componentes,no,no_mapeado_o_no_usado
2003,fbkf_maq_eq,G,5143,,3339652.0,EAE_C13_2003.xls,FBKF_componentes,no,no_mapeado_o_no_usado
2003,fbkf_maq_eq,G,5149,,7954071.0,EAE_C13_2003.xls,FBKF_componentes,no,no_mapeado_o_no_usado
2003,fbkf_maq_eq,G,515,,-4094772.0,EAE_C13_2003.xls,FBKF_componentes,no,no_mapeado_o_no_usado
2003,fbkf_maq_eq,G,5150,,-4094772.0,EAE_C13_2003.xls,FBKF_componentes,no,no_mapeado_o_no_usado
2003,fbkf_maq_eq,G,519,,11494709.0,EAE_C13_2003.xls,FBKF_componentes,no,no_mapeado_o_no_usado
2003,fbkf_maq_eq,G,5190,,11494709.0,EAE_C13_2003.xls,FBKF_componentes,no,no_mapeado_o_no_usado
2003,fbkf_maq_eq,G,52,,183101160.0,EAE_C13_2003.xls,FBKF_componentes,si,no_mapeado_o_no_usado
2003,fbkf_maq_eq,G,521,,132376194.0,EAE_C13_2003.xls,FBKF_componentes,no,no_mapeado_o_no_usado
2003,fbkf_maq_eq,G,5210,,132376194.0,EAE_C13_2003.xls,FBKF_componentes,no,no_mapeado_o_no_usado
2003,fbkf_maq_eq,G,522,,-9740689.0,EAE_C13_2003.xls,FBKF_componentes,no,no_mapeado_o_no_usado
2003,fbkf_maq_eq,G,5220,,-9740689.0,EAE_C13_2003.xls,FBKF_componentes,no,no_mapeado_o_no_usado
2003,fbkf_maq_eq,G,523,,59767384.0,EAE_C13_2003.xls,FBKF_componentes,no,no_mapeado_o_no_usado
2003,fbkf_maq_eq,G,5231,,6177494.0,EAE_C13_2003.xls,FBKF_componentes,no,no_mapeado_o_no_usado
2003,fbkf_maq_eq,G,5232,,7313692.0,EAE_C13_2003.xls,FBKF_componentes,no,no_mapeado_o_no_usado
2003,fbkf_maq_eq,G,5233,,4931712.0,EAE_C13_2003.xls,FBKF_componentes,no,no_mapeado_o_no_usado
2003,fbkf_maq_eq,G,5234,,18808186.0,EAE_C13_2003.xls,FBKF_componentes,no,no_mapeado_o_no_usado
2003,fbkf_maq_eq,G,5239,,22536300.0,EAE_C13_2003.xls,FBKF_componentes,no,no_mapeado_o_no_usado
2003,fbkf_maq_eq,G,525,,0.0,EAE_C13_2003.xls,FBKF_componentes,no,no_mapeado_o_no_usado
2003,fbkf_maq_eq,G,5252,,0.0,EAE_C13_2003.xls,FBKF_componentes,no,no_mapeado_o_no_usado
2003,fbkf_maq_eq,G,526,,698271.0,EAE_C13_2003.xls,FBKF_componentes,no,no_mapeado_o_no_usado
2003,fbkf_maq_eq,G,5260,,698271.0,EAE_C13_2003.xls,FBKF_componentes,no,no_mapeado_o_no_usado
2003,fbkf_maq_eq,H,,,234293111.0,EAE_C13_2003.xls,FBKF_componentes,no,no_mapeado_o_no_usado
2003,fbkf_maq_eq,H,55,,234293111.0,EAE_C13_2003.xls,FBKF_componentes,si,no_mapeado_o_no_usado
2003,fbkf_maq_eq,H,551,,44323828.0,EAE_C13_2003.xls,FBKF_componentes,no,no_mapeado_o_no_usado
2003,fbkf_maq_eq,H,5511,,39756759.0,EAE_C13_2003.xls,FBKF_componentes,no,no_mapeado_o_no_usado
2003,fbkf_maq_eq,H,5512,,4567069.0,EAE_C13_2003.xls,FBKF_componentes,no,no_mapeado_o_no_usado
2003,fbkf_maq_eq,H,552,,189969283.0,EAE_C13_2003.xls,FBKF_componentes,no,no_mapeado_o_no_usado
2003,fbkf_maq_eq,H,5520,,189969283.0,EAE_C13_2003.xls,FBKF_componentes,no,no_mapeado_o_no_usado
2003,fbkf_maq_eq,I,,,1954096578.0,EAE_C13_2003.xls,FBKF_componentes,no,no_mapeado_o_no_usado
2003,fbkf_maq_eq,I,60,,181224947.0,EAE_C13_2003.xls,FBKF_componentes,si,no_mapeado_o_no_usado
2003,fbkf_maq_eq,I,601,,339765.0,EAE_C13_2003.xls,FBKF_componentes,no,no_mapeado_o_no_usado
2003,fbkf_maq_eq,I,6010,,339765.0,EAE_C13_2003.xls,FBKF_componentes,no,no_mapeado_o_no_usado
2003,fbkf_maq_eq,I,602,,180885182.0,EAE_C13_2003.xls,FBKF_componentes,no,no_mapeado_o_no_usado
2003,fbkf_maq_eq,I,6021,,19022460.0,EAE_C13_2003.xls,FBKF_componentes,no,no_mapeado_o_no_usado
2003,fbkf_maq_eq,I,6022,,176446.0,EAE_C13_2003.xls,FBKF_componentes,no,no_mapeado_o_no_usado
2003,fbkf_maq_eq,I,6023,,161686276.0,EAE_C13_2003.xls,FBKF_componentes,no,no_mapeado_o_no_usado
2003,fbkf_maq_eq,I,61,,71131425.0,EAE_C13_2003.xls,FBKF_componentes,si,no_mapeado_o_no_usado
2003,fbkf_maq_eq,I,611,,71131425.0,EAE_C13_2003.xls,FBKF_componentes,no,no_mapeado_o_no_usado
2003,fbkf_maq_eq,I,6110,,71131425.0,EAE_C13_2003.xls,FBKF_componentes,no,no_mapeado_o_no_usado
2003,fbkf_maq_eq,I,612,,0.0,EAE_C13_2003.xls,FBKF_componentes,no,no_mapeado_o_no_usado
2003,fbkf_maq_eq,I,6120,,0.0,EAE_C13_2003.xls,FBKF_componentes,no,no_mapeado_o_no_usado
2003,fbkf_maq_eq,I,62,,92613.0,EAE_C13_2003.xls,FBKF_componentes,si,no_mapeado_o_no_usado
2003,fbkf_maq_eq,I,621,,92613.0,EAE_C13_2003.xls,FBKF_componentes,no,no_mapeado_o_no_usado
2003,fbkf_maq_eq,I,6210,,92613.0,EAE_C13_2003.xls,FBKF_componentes,no,no_mapeado_o_no_usado
2003,fbkf_maq_eq,I,63,,133351458.0,EAE_C13_2003.xls,FBKF_componentes,si,no_mapeado_o_no_usado
2003,fbkf_maq_eq,I,630,,133351458.0,EAE_C13_2003.xls,FBKF_componentes,no,no_mapeado_o_no_usado
2003,fbkf_maq_eq,I,6301,,307243.0,EAE_C13_2003.xls,FBKF_componentes,no,no_mapeado_o_no_usado
2003,fbkf_maq_eq,I,6302,,95410710.0,EAE_C13_2003.xls,FBKF_componentes,no,no_mapeado_o_no_usado
2003,fbkf_maq_eq,I,6303,,640345.0,EAE_C13_2003.xls,FBKF_componentes,no,no_mapeado_o_no_usado
2003,fbkf_maq_eq,I,6304,,4022987.0,EAE_C13_2003.xls,FBKF_componentes,no,no_mapeado_o_no_usado
2003,fbkf_maq_eq,I,6309,,32970173.0,EAE_C13_2003.xls,FBKF_componentes,no,no_mapeado_o_no_usado
2003,fbkf_maq_eq,I,64,,1568296135.0,EAE_C13_2003.xls,FBKF_componentes,si,no_mapeado_o_no_usado
2003,fbkf_maq_eq,I,641,,2556608.0,EAE_C13_2003.xls,FBKF_componentes,no,no_mapeado_o_no_usado
2003,fbkf_maq_eq,I,6410,,2556608.0,EAE_C13_2003.xls,FBKF_componentes,no,no_mapeado_o_no_usado
2003,fbkf_maq_eq,I,642,,1565739527.0,EAE_C13_2003.xls,FBKF_componentes,no,no_mapeado_o_no_usado
2003,fbkf_maq_eq,I,6420,,1565739527.0,EAE_C13_2003.xls,FBKF_componentes,no,no_mapeado_o_no_usado
2003,fbkf_maq_eq,K,,,392670668.0,EAE_C13_2003.xls,FBKF_componentes,no,no_mapeado_o_no_usado
2003,fbkf_maq_eq,K,71,,13003774.0,EAE_C13_2003.xls,FBKF_componentes,si,no_mapeado_o_no_usado
2003,fbkf_maq_eq,K,711,,0.0,EAE_C13_2003.xls,FBKF_componentes,no,no_mapeado_o_no_usado
2003,fbkf_maq_eq,K,7110,,0.0,EAE_C13_2003.xls,FBKF_componentes,no,no_mapeado_o_no_usado
2003,fbkf_maq_eq,K,712,,9152597.0,EAE_C13_2003.xls,FBKF_componentes,no,no_mapeado_o_no_usado
2003,fbkf_maq_eq,K,7120,,9152597.0,EAE_C13_2003.xls,FBKF_componentes,no,no_mapeado_o_no_usado
2003,fbkf_maq_eq,K,713,,3851177.0,EAE_C13_2003.xls,FBKF_componentes,no,no_mapeado_o_no_usado
2003,fbkf_maq_eq,K,7130,,3851177.0,EAE_C13_2003.xls,FBKF_componentes,no,no_mapeado_o_no_usado
2003,fbkf_maq_eq,K,72,,63763649.0,EAE_C13_2003.xls,FBKF_componentes,si,no_mapeado_o_no_usado
2003,fbkf_maq_eq,K,721,,52897356.0,EAE_C13_2003.xls,FBKF_componentes,no,no_mapeado_o_no_usado
2003,fbkf_maq_eq,K,7210,,52897356.0,EAE_C13_2003.xls,FBKF_componentes,no,no_mapeado_o_no_usado
2003,fbkf_maq_eq,K,722,,3274866.0,EAE_C13_2003.xls,FBKF_componentes,no,no_mapeado_o_no_usado
2003,fbkf_maq_eq,K,7220,,3274866.0,EAE_C13_2003.xls,FBKF_componentes,no,no_mapeado_o_no_usado
2003,fbkf_maq_eq,K,723,,3550582.0,EAE_C13_2003.xls,FBKF_componentes,no,no_mapeado_o_no_usado
2003,fbkf_maq_eq,K,7230,,3550582.0,EAE_C13_2003.xls,FBKF_componentes,no,no_mapeado_o_no_usado
2003,fbkf_maq_eq,K,724,,6422.0,EAE_C13_2003.xls,FBKF_componentes,no,no_mapeado_o_no_usado
2003,fbkf_maq_eq,K,7240,,6422.0,EAE_C13_2003.xls,FBKF_componentes,no,no_mapeado_o_no_usado
2003,fbkf_maq_eq,K,725,,4034423.0,EAE_C13_2003.xls,FBKF_componentes,no,no_mapeado_o_no_usado
2003,fbkf_maq_eq,K,7250,,4034423.0,EAE_C13_2003.xls,FBKF_componentes,no,no_mapeado_o_no_usado
2003,fbkf_maq_eq,K,73,,5351335.0,EAE_C13_2003.xls,FBKF_componentes,si,no_mapeado_o_no_usado
2003,fbkf_maq_eq,K,730,,5351335.0,EAE_C13_2003.xls,FBKF_componentes,no,no_mapeado_o_no_usado
2003,fbkf_maq_eq,K,7300,,5351335.0,EAE_C13_2003.xls,FBKF_componentes,no,no_mapeado_o_no_usado
2003,fbkf_maq_eq,K,74,,310551910.0,EAE_C13_2003.xls,FBKF_componentes,si,no_mapeado_o_no_usado
2003,fbkf_maq_eq,K,741,,20541649.0,EAE_C13_2003.xls,FBKF_componentes,no,no_mapeado_o_no_usado
2003,fbkf_maq_eq,K,7411,,673987.0,EAE_C13_2003.xls,FBKF_componentes,no,no_mapeado_o_no_usado
2003,fbkf_maq_eq,K,7412,,16355762.0,EAE_C13_2003.xls,FBKF_componentes,no,no_mapeado_o_no_usado
2003,fbkf_maq_eq,K,7413,,2087631.0,EAE_C13_2003.xls,FBKF_componentes,no,no_mapeado_o_no_usado
2003,fbkf_maq_eq,K,7414,,1424269.0,EAE_C13_2003.xls,FBKF_componentes,no,no_mapeado_o_no_usado
2003,fbkf_maq_eq,K,742,,180000275.0,EAE_C13_2003.xls,FBKF_componentes,no,no_mapeado_o_no_usado
2003,fbkf_maq_eq,K,7421,,169838828.0,EAE_C13_2003.xls,FBKF_componentes,no,no_mapeado_o_no_usado
2003,fbkf_maq_eq,K,7422,,10161447.0,EAE_C13_2003.xls,FBKF_componentes,no,no_mapeado_o_no_usado
2003,fbkf_maq_eq,K,743,,13318385.0,EAE_C13_2003.xls,FBKF_componentes,no,no_mapeado_o_no_usado
2003,fbkf_maq_eq,K,7430,,13318385.0,EAE_C13_2003.xls,FBKF_componentes,no,no_mapeado_o_no_usado
2003,fbkf_maq_eq,K,749,,96691601.0,EAE_C13_2003.xls,FBKF_componentes,no,no_mapeado_o_no_usado
2003,fbkf_maq_eq,K,7491,,263981.0,EAE_C13_2003.xls,FBKF_componentes,no,no_mapeado_o_no_usado
2003,fbkf_maq_eq,K,7492,,14472239.0,EAE_C13_2003.xls,FBKF_componentes,no,no_mapeado_o_no_usado
2003,fbkf_maq_eq,K,7493,,12657615.0,EAE_C13_2003.xls,FBKF_componentes,no,no_mapeado_o_no_usado
2003,fbkf_maq_eq,K,7494,,739345.0,EAE_C13_2003.xls,FBKF_componentes,no,no_mapeado_o_no_usado
2003,fbkf_maq_eq,K,7499,,68558421.0,EAE_C13_2003.xls,FBKF_componentes,no,no_mapeado_o_no_usado
2003,fbkf_maq_eq,M,,,182986853.0,EAE_C13_2003.xls,FBKF_componentes,no,no_mapeado_o_no_usado
2003,fbkf_maq_eq,M,80,,182986853.0,EAE_C13_2003.xls,FBKF_componentes,si,no_mapeado_o_no_usado
2003,fbkf_maq_eq,M,801,,13897648.0,EAE_C13_2003.xls,FBKF_componentes,no,no_mapeado_o_no_usado
2003,fbkf_maq_eq,M,8010,,13897648.0,EAE_C13_2003.xls,FBKF_componentes,no,no_mapeado_o_no_usado
2003,fbkf_maq_eq,M,802,,11063540.0,EAE_C13_2003.xls,FBKF_componentes,no,no_mapeado_o_no_usado
2003,fbkf_maq_eq,M,8020,,11063540.0,EAE_C13_2003.xls,FBKF_componentes,no,no_mapeado_o_no_usado
2003,fbkf_maq_eq,M,803,,35037401.0,EAE_C13_2003.xls,FBKF_componentes,no,no_mapeado_o_no_usado
2003,fbkf_maq_eq,M,8030,,35037401.0,EAE_C13_2003.xls,FBKF_componentes,no,no_mapeado_o_no_usado
2003,fbkf_maq_eq,M,809,,122988264.0,EAE_C13_2003.xls,FBKF_componentes,no,no_mapeado_o_no_usado
2003,fbkf_maq_eq,M,8090,,122988264.0,EAE_C13_2003.xls,FBKF_componentes,no,no_mapeado_o_no_usado
2003,fbkf_maq_eq,N,,,160670968.0,EAE_C13_2003.xls,FBKF_componentes,no,no_mapeado_o_no_usado
2003,fbkf_maq_eq,N,85,,160670968.0,EAE_C13_2003.xls,FBKF_componentes,si,no_mapeado_o_no_usado
2003,fbkf_maq_eq,N,851,,160551768.0,EAE_C13_2003.xls,FBKF_componentes,no,no_mapeado_o_no_usado
2003,fbkf_maq_eq,N,8511,,132290907.0,EAE_C13_2003.xls,FBKF_componentes,no,no_mapeado_o_no_usado
2003,fbkf_maq_eq,N,8512,,23177502.0,EAE_C13_2003.xls,FBKF_componentes,no,no_mapeado_o_no_usado
2003,fbkf_maq_eq,N,8513,,354791.0,EAE_C13_2003.xls,FBKF_componentes,no,no_mapeado_o_no_usado
2003,fbkf_maq_eq,N,8519,,4728568.0,EAE_C13_2003.xls,FBKF_componentes,no,no_mapeado_o_no_usado
2003,fbkf_maq_eq,N,852,,77077.0,EAE_C13_2003.xls,FBKF_componentes,no,no_mapeado_o_no_usado
2003,fbkf_maq_eq,N,8520,,77077.0,EAE_C13_2003.xls,FBKF_componentes,no,no_mapeado_o_no_usado
2003,fbkf_maq_eq,N,853,,42123.0,EAE_C13_2003.xls,FBKF_componentes,no,no_mapeado_o_no_usado
2003,fbkf_maq_eq,N,8530,,42123.0,EAE_C13_2003.xls,FBKF_componentes,no,no_mapeado_o_no_usado
2004,fbcf,D,,,6396127195.0,EAE_C10_2004.xls,FBCF,no,no_mapeado_o_no_usado
2004,adquisiciones_importadas,D,,,1599697016.0,EAE_C10_2004.xls,FBCF,no,no_mapeado_o_no_usado
2004,adquisiciones_origen_importado,D,,,1743085329.0,EAE_C10_2004.xls,FBCF,no,no_mapeado_o_no_usado
2004,fbcf,D,15,10_11_12_alimentos_bebidas_tabaco,1714583450.0,EAE_C10_2004.xls,FBCF,si,mapeado
2004,adquisiciones_importadas,D,15,10_11_12_alimentos_bebidas_tabaco,423549797.0,EAE_C10_2004.xls,FBCF,si,mapeado
2004,adquisiciones_origen_importado,D,15,10_11_12_alimentos_bebidas_tabaco,679364498.0,EAE_C10_2004.xls,FBCF,si,mapeado
2004,fbcf,D,151,,778912137.0,EAE_C10_2004.xls,FBCF,no,no_mapeado_o_no_usado
2004,adquisiciones_importadas,D,151,,150639367.0,EAE_C10_2004.xls,FBCF,no,no_mapeado_o_no_usado
2004,adquisiciones_origen_importado,D,151,,196200647.0,EAE_C10_2004.xls,FBCF,no,no_mapeado_o_no_usado
2004,fbcf,D,1511,,573001673.0,EAE_C10_2004.xls,FBCF,no,no_mapeado_o_no_usado
2004,adquisiciones_importadas,D,1511,,54177131.0,EAE_C10_2004.xls,FBCF,no,no_mapeado_o_no_usado
2004,adquisiciones_origen_importado,D,1511,,171565156.0,EAE_C10_2004.xls,FBCF,no,no_mapeado_o_no_usado
2004,fbcf,D,1512,,138447255.0,EAE_C10_2004.xls,FBCF,no,no_mapeado_o_no_usado
2004,adquisiciones_importadas,D,1512,,91304898.0,EAE_C10_2004.xls,FBCF,no,no_mapeado_o_no_usado
2004,adquisiciones_origen_importado,D,1512,,1933892.0,EAE_C10_2004.xls,FBCF,no,no_mapeado_o_no_usado
2004,fbcf,D,1513,,37324509.0,EAE_C10_2004.xls,FBCF,no,no_mapeado_o_no_usado
2004,adquisiciones_importadas,D,1513,,238338.0,EAE_C10_2004.xls,FBCF,no,no_mapeado_o_no_usado
2004,adquisiciones_origen_importado,D,1513,,19018599.0,EAE_C10_2004.xls,FBCF,no,no_mapeado_o_no_usado
2004,fbcf,D,1514,,30138700.0,EAE_C10_2004.xls,FBCF,no,no_mapeado_o_no_usado
2004,adquisiciones_importadas,D,1514,,4919000.0,EAE_C10_2004.xls,FBCF,no,no_mapeado_o_no_usado
2004,adquisiciones_origen_importado,D,1514,,3683000.0,EAE_C10_2004.xls,FBCF,no,no_mapeado_o_no_usado
2004,fbcf,D,152,,542785329.0,EAE_C10_2004.xls,FBCF,no,no_mapeado_o_no_usado
2004,adquisiciones_importadas,D,152,,157935766.0,EAE_C10_2004.xls,FBCF,no,no_mapeado_o_no_usado
2004,adquisiciones_origen_importado,D,152,,200076570.0,EAE_C10_2004.xls,FBCF,no,no_mapeado_o_no_usado
2004,fbcf,D,1520,,542785329.0,EAE_C10_2004.xls,FBCF,no,no_mapeado_o_no_usado
2004,adquisiciones_importadas,D,1520,,157935766.0,EAE_C10_2004.xls,FBCF,no,no_mapeado_o_no_usado
2004,adquisiciones_origen_importado,D,1520,,200076570.0,EAE_C10_2004.xls,FBCF,no,no_mapeado_o_no_usado
2004,fbcf,D,153,,252917374.0,EAE_C10_2004.xls,FBCF,no,no_mapeado_o_no_usado
2004,adquisiciones_importadas,D,153,,38597364.0,EAE_C10_2004.xls,FBCF,no,no_mapeado_o_no_usado
2004,adquisiciones_origen_importado,D,153,,86208888.0,EAE_C10_2004.xls,FBCF,no,no_mapeado_o_no_usado
2004,fbcf,D,1531,,35188166.0,EAE_C10_2004.xls,FBCF,no,no_mapeado_o_no_usado
2004,adquisiciones_importadas,D,1531,,26475615.0,EAE_C10_2004.xls,FBCF,no,no_mapeado_o_no_usado
2004,adquisiciones_origen_importado,D,1531,,8795696.0,EAE_C10_2004.xls,FBCF,no,no_mapeado_o_no_usado
2004,fbcf,D,1533,,15014426.0,EAE_C10_2004.xls,FBCF,no,no_mapeado_o_no_usado
2004,adquisiciones_importadas,D,1533,,847716.0,EAE_C10_2004.xls,FBCF,no,no_mapeado_o_no_usado
2004,adquisiciones_origen_importado,D,1533,,0.0,EAE_C10_2004.xls,FBCF,no,no_mapeado_o_no_usado
2004,fbcf,D,1534,,202714782.0,EAE_C10_2004.xls,FBCF,no,no_mapeado_o_no_usado
2004,adquisiciones_importadas,D,1534,,11274033.0,EAE_C10_2004.xls,FBCF,no,no_mapeado_o_no_usado
2004,adquisiciones_origen_importado,D,1534,,77413192.0,EAE_C10_2004.xls,FBCF,no,no_mapeado_o_no_usado
2004,fbcf,D,154,,295225904.0,EAE_C10_2004.xls,FBCF,no,no_mapeado_o_no_usado
2004,adquisiciones_importadas,D,154,,42443338.0,EAE_C10_2004.xls,FBCF,no,no_mapeado_o_no_usado
2004,adquisiciones_origen_importado,D,154,,48912879.0,EAE_C10_2004.xls,FBCF,no,no_mapeado_o_no_usado
2004,fbcf,D,1541,,198909209.0,EAE_C10_2004.xls,FBCF,no,no_mapeado_o_no_usado
2004,adquisiciones_importadas,D,1541,,585268.0,EAE_C10_2004.xls,FBCF,no,no_mapeado_o_no_usado
2004,adquisiciones_origen_importado,D,1541,,27325114.0,EAE_C10_2004.xls,FBCF,no,no_mapeado_o_no_usado
2004,fbcf,D,1542-1543,,3225240.0,EAE_C10_2004.xls,FBCF,no,no_mapeado_o_no_usado
2004,adquisiciones_importadas,D,1542-1543,,0.0,EAE_C10_2004.xls,FBCF,no,no_mapeado_o_no_usado
2004,adquisiciones_origen_importado,D,1542-1543,,47004.0,EAE_C10_2004.xls,FBCF,no,no_mapeado_o_no_usado
2004,fbcf,D,1544,,-1242457.0,EAE_C10_2004.xls,FBCF,no,no_mapeado_o_no_usado
2004,adquisiciones_importadas,D,1544,,982190.0,EAE_C10_2004.xls,FBCF,no,no_mapeado_o_no_usado
2004,adquisiciones_origen_importado,D,1544,,17702683.0,EAE_C10_2004.xls,FBCF,no,no_mapeado_o_no_usado
2004,fbcf,D,1549,,94333912.0,EAE_C10_2004.xls,FBCF,no,no_mapeado_o_no_usado
2004,adquisiciones_importadas,D,1549,,40875880.0,EAE_C10_2004.xls,FBCF,no,no_mapeado_o_no_usado
2004,adquisiciones_origen_importado,D,1549,,3838078.0,EAE_C10_2004.xls,FBCF,no,no_mapeado_o_no_usado
2004,fbcf,D,155,,-155257294.0,EAE_C10_2004.xls,FBCF,no,no_mapeado_o_no_usado
2004,adquisiciones_importadas,D,155,,33933962.0,EAE_C10_2004.xls,FBCF,no,no_mapeado_o_no_usado
2004,adquisiciones_origen_importado,D,155,,147965514.0,EAE_C10_2004.xls,FBCF,no,no_mapeado_o_no_usado
2004,fbcf,D,1551,,1548305.0,EAE_C10_2004.xls,FBCF,no,no_mapeado_o_no_usado
2004,adquisiciones_importadas,D,1551,,198929.0,EAE_C10_2004.xls,FBCF,no,no_mapeado_o_no_usado
2004,adquisiciones_origen_importado,D,1551,,1524924.0,EAE_C10_2004.xls,FBCF,no,no_mapeado_o_no_usado
2004,fbcf,D,1552,,29195284.0,EAE_C10_2004.xls,FBCF,no,no_mapeado_o_no_usado
2004,adquisiciones_importadas,D,1552,,1771659.0,EAE_C10_2004.xls,FBCF,no,no_mapeado_o_no_usado
2004,adquisiciones_origen_importado,D,1552,,881570.0,EAE_C10_2004.xls,FBCF,no,no_mapeado_o_no_usado
2004,fbcf,D,1553,,-41807703.0,EAE_C10_2004.xls,FBCF,no,no_mapeado_o_no_usado
2004,adquisiciones_importadas,D,1553,,18690241.0,EAE_C10_2004.xls,FBCF,no,no_mapeado_o_no_usado
2004,adquisiciones_origen_importado,D,1553,,138984414.0,EAE_C10_2004.xls,FBCF,no,no_mapeado_o_no_usado
2004,fbcf,D,1554,,-144193180.0,EAE_C10_2004.xls,FBCF,no,no_mapeado_o_no_usado
2004,adquisiciones_importadas,D,1554,,13273133.0,EAE_C10_2004.xls,FBCF,no,no_mapeado_o_no_usado
2004,adquisiciones_origen_importado,D,1554,,6574606.0,EAE_C10_2004.xls,FBCF,no,no_mapeado_o_no_usado
2004,fbcf,D,16,10_11_12_alimentos_bebidas_tabaco,33424117.0,EAE_C10_2004.xls,FBCF,si,mapeado
2004,adquisiciones_importadas,D,16,10_11_12_alimentos_bebidas_tabaco,14121610.0,EAE_C10_2004.xls,FBCF,si,mapeado
2004,adquisiciones_origen_importado,D,16,10_11_12_alimentos_bebidas_tabaco,8187863.0,EAE_C10_2004.xls,FBCF,si,mapeado
2004,fbcf,D,160,,33424117.0,EAE_C10_2004.xls,FBCF,no,no_mapeado_o_no_usado
2004,adquisiciones_importadas,D,160,,14121610.0,EAE_C10_2004.xls,FBCF,no,no_mapeado_o_no_usado
2004,adquisiciones_origen_importado,D,160,,8187863.0,EAE_C10_2004.xls,FBCF,no,no_mapeado_o_no_usado
2004,fbcf,D,1600,,33424117.0,EAE_C10_2004.xls,FBCF,no,no_mapeado_o_no_usado
2004,adquisiciones_importadas,D,1600,,14121610.0,EAE_C10_2004.xls,FBCF,no,no_mapeado_o_no_usado
2004,adquisiciones_origen_importado,D,1600,,8187863.0,EAE_C10_2004.xls,FBCF,no,no_mapeado_o_no_usado
2004,fbcf,D,17,13_14_15_textiles_prendas_cuero,288348526.0,EAE_C10_2004.xls,FBCF,si,mapeado
2004,adquisiciones_importadas,D,17,13_14_15_textiles_prendas_cuero,89745928.0,EAE_C10_2004.xls,FBCF,si,mapeado
2004,adquisiciones_origen_importado,D,17,13_14_15_textiles_prendas_cuero,101792031.0,EAE_C10_2004.xls,FBCF,si,mapeado
2004,fbcf,D,171,,228984913.0,EAE_C10_2004.xls,FBCF,no,no_mapeado_o_no_usado
2004,adquisiciones_importadas,D,171,,70832581.0,EAE_C10_2004.xls,FBCF,no,no_mapeado_o_no_usado
2004,adquisiciones_origen_importado,D,171,,91710758.0,EAE_C10_2004.xls,FBCF,no,no_mapeado_o_no_usado
2004,fbcf,D,1711,,191580236.0,EAE_C10_2004.xls,FBCF,no,no_mapeado_o_no_usado
2004,adquisiciones_importadas,D,1711,,48206413.0,EAE_C10_2004.xls,FBCF,no,no_mapeado_o_no_usado
2004,adquisiciones_origen_importado,D,1711,,85990269.0,EAE_C10_2004.xls,FBCF,no,no_mapeado_o_no_usado
2004,fbcf,D,1712,,524547.0,EAE_C10_2004.xls,FBCF,no,no_mapeado_o_no_usado
2004,adquisiciones_importadas,D,1712,,464669.0,EAE_C10_2004.xls,FBCF,no,no_mapeado_o_no_usado
2004,adquisiciones_origen_importado,D,1712,,0.0,EAE_C10_2004.xls,FBCF,no,no_mapeado_o_no_usado
2004,fbcf,D,1713,,36880130.0,EAE_C10_2004.xls,FBCF,no,no_mapeado_o_no_usado
2004,adquisiciones_importadas,D,1713,,22161499.0,EAE_C10_2004.xls,FBCF,no,no_mapeado_o_no_usado
2004,adquisiciones_origen_importado,D,1713,,5720489.0,EAE_C10_2004.xls,FBCF,no,no_mapeado_o_no_usado
2004,fbcf,D,172,,37689271.0,EAE_C10_2004.xls,FBCF,no,no_mapeado_o_no_usado
2004,adquisiciones_importadas,D,172,,16856686.0,EAE_C10_2004.xls,FBCF,no,no_mapeado_o_no_usado
2004,adquisiciones_origen_importado,D,172,,8427713.0,EAE_C10_2004.xls,FBCF,no,no_mapeado_o_no_usado
2004,fbcf,D,1720,,37689271.0,EAE_C10_2004.xls,FBCF,no,no_mapeado_o_no_usado
2004,adquisiciones_importadas,D,1720,,16856686.0,EAE_C10_2004.xls,FBCF,no,no_mapeado_o_no_usado
2004,adquisiciones_origen_importado,D,1720,,8427713.0,EAE_C10_2004.xls,FBCF,no,no_mapeado_o_no_usado
2004,fbcf,D,173,,21674342.0,EAE_C10_2004.xls,FBCF,no,no_mapeado_o_no_usado
2004,adquisiciones_importadas,D,173,,2056661.0,EAE_C10_2004.xls,FBCF,no,no_mapeado_o_no_usado
2004,adquisiciones_origen_importado,D,173,,1653560.0,EAE_C10_2004.xls,FBCF,no,no_mapeado_o_no_usado
2004,fbcf,D,1730,,21674342.0,EAE_C10_2004.xls,FBCF,no,no_mapeado_o_no_usado
2004,adquisiciones_importadas,D,1730,,2056661.0,EAE_C10_2004.xls,FBCF,no,no_mapeado_o_no_usado
2004,adquisiciones_origen_importado,D,1730,,1653560.0,EAE_C10_2004.xls,FBCF,no,no_mapeado_o_no_usado
2004,fbcf,D,18,13_14_15_textiles_prendas_cuero,67291089.0,EAE_C10_2004.xls,FBCF,si,mapeado
2004,adquisiciones_importadas,D,18,13_14_15_textiles_prendas_cuero,29311529.0,EAE_C10_2004.xls,FBCF,si,mapeado
2004,adquisiciones_origen_importado,D,18,13_14_15_textiles_prendas_cuero,20986703.0,EAE_C10_2004.xls,FBCF,si,mapeado
2004,fbcf,D,181,,67291089.0,EAE_C10_2004.xls,FBCF,no,no_mapeado_o_no_usado
2004,adquisiciones_importadas,D,181,,29311529.0,EAE_C10_2004.xls,FBCF,no,no_mapeado_o_no_usado
2004,adquisiciones_origen_importado,D,181,,20986703.0,EAE_C10_2004.xls,FBCF,no,no_mapeado_o_no_usado
2004,fbcf,D,1810,,67291089.0,EAE_C10_2004.xls,FBCF,no,no_mapeado_o_no_usado
2004,adquisiciones_importadas,D,1810,,29311529.0,EAE_C10_2004.xls,FBCF,no,no_mapeado_o_no_usado
2004,adquisiciones_origen_importado,D,1810,,20986703.0,EAE_C10_2004.xls,FBCF,no,no_mapeado_o_no_usado
2004,fbcf,D,19,13_14_15_textiles_prendas_cuero,496384493.0,EAE_C10_2004.xls,FBCF,si,mapeado
2004,adquisiciones_importadas,D,19,13_14_15_textiles_prendas_cuero,259298500.0,EAE_C10_2004.xls,FBCF,si,mapeado
2004,adquisiciones_origen_importado,D,19,13_14_15_textiles_prendas_cuero,21343825.0,EAE_C10_2004.xls,FBCF,si,mapeado
2004,fbcf,D,191,,490129527.0,EAE_C10_2004.xls,FBCF,no,no_mapeado_o_no_usado
2004,adquisiciones_importadas,D,191,,259298500.0,EAE_C10_2004.xls,FBCF,no,no_mapeado_o_no_usado
2004,adquisiciones_origen_importado,D,191,,17029427.0,EAE_C10_2004.xls,FBCF,no,no_mapeado_o_no_usado
2004,fbcf,D,1911,,487263580.0,EAE_C10_2004.xls,FBCF,no,no_mapeado_o_no_usado
2004,adquisiciones_importadas,D,1911,,259298500.0,EAE_C10_2004.xls,FBCF,no,no_mapeado_o_no_usado
2004,adquisiciones_origen_importado,D,1911,,17029427.0,EAE_C10_2004.xls,FBCF,no,no_mapeado_o_no_usado
2004,fbcf,D,1912,,2865947.0,EAE_C10_2004.xls,FBCF,no,no_mapeado_o_no_usado
2004,adquisiciones_importadas,D,1912,,0.0,EAE_C10_2004.xls,FBCF,no,no_mapeado_o_no_usado
2004,adquisiciones_origen_importado,D,1912,,0.0,EAE_C10_2004.xls,FBCF,no,no_mapeado_o_no_usado
2004,fbcf,D,192,,6254966.0,EAE_C10_2004.xls,FBCF,no,no_mapeado_o_no_usado
2004,adquisiciones_importadas,D,192,,0.0,EAE_C10_2004.xls,FBCF,no,no_mapeado_o_no_usado
2004,adquisiciones_origen_importado,D,192,,4314398.0,EAE_C10_2004.xls,FBCF,no,no_mapeado_o_no_usado
2004,fbcf,D,1920,,6254966.0,EAE_C10_2004.xls,FBCF,no,no_mapeado_o_no_usado
2004,adquisiciones_importadas,D,1920,,0.0,EAE_C10_2004.xls,FBCF,no,no_mapeado_o_no_usado
2004,adquisiciones_origen_importado,D,1920,,4314398.0,EAE_C10_2004.xls,FBCF,no,no_mapeado_o_no_usado
2004,fbcf,D,20,16_madera,883552416.0,EAE_C10_2004.xls,FBCF,si,mapeado
2004,adquisiciones_importadas,D,20,16_madera,29193084.0,EAE_C10_2004.xls,FBCF,si,mapeado
2004,adquisiciones_origen_importado,D,20,16_madera,343886792.0,EAE_C10_2004.xls,FBCF,si,mapeado
2004,fbcf,D,201,,865078001.0,EAE_C10_2004.xls,FBCF,no,no_mapeado_o_no_usado
2004,adquisiciones_importadas,D,201,,19123666.0,EAE_C10_2004.xls,FBCF,no,no_mapeado_o_no_usado
2004,adquisiciones_origen_importado,D,201,,335814594.0,EAE_C10_2004.xls,FBCF,no,no_mapeado_o_no_usado
2004,fbcf,D,2010,,865078001.0,EAE_C10_2004.xls,FBCF,no,no_mapeado_o_no_usado
2004,adquisiciones_importadas,D,2010,,19123666.0,EAE_C10_2004.xls,FBCF,no,no_mapeado_o_no_usado
2004,adquisiciones_origen_importado,D,2010,,335814594.0,EAE_C10_2004.xls,FBCF,no,no_mapeado_o_no_usado
2004,fbcf,D,202,,18474415.0,EAE_C10_2004.xls,FBCF,no,no_mapeado_o_no_usado
2004,adquisiciones_importadas,D,202,,10069418.0,EAE_C10_2004.xls,FBCF,no,no_mapeado_o_no_usado
2004,adquisiciones_origen_importado,D,202,,8072198.0,EAE_C10_2004.xls,FBCF,no,no_mapeado_o_no_usado
2004,fbcf,D,2021,,18437215.0,EAE_C10_2004.xls,FBCF,no,no_mapeado_o_no_usado
2004,adquisiciones_importadas,D,2021,,10069418.0,EAE_C10_2004.xls,FBCF,no,no_mapeado_o_no_usado
2004,adquisiciones_origen_importado,D,2021,,8072198.0,EAE_C10_2004.xls,FBCF,no,no_mapeado_o_no_usado
2004,fbcf,D,2029,,37200.0,EAE_C10_2004.xls,FBCF,no,no_mapeado_o_no_usado
2004,adquisiciones_importadas,D,2029,,0.0,EAE_C10_2004.xls,FBCF,no,no_mapeado_o_no_usado
2004,adquisiciones_origen_importado,D,2029,,0.0,EAE_C10_2004.xls,FBCF,no,no_mapeado_o_no_usado
2004,fbcf,D,21,17_18_papel_impresion,246812659.0,EAE_C10_2004.xls,FBCF,si,mapeado
2004,adquisiciones_importadas,D,21,17_18_papel_impresion,110879794.0,EAE_C10_2004.xls,FBCF,si,mapeado
2004,adquisiciones_origen_importado,D,21,17_18_papel_impresion,63522857.0,EAE_C10_2004.xls,FBCF,si,mapeado
2004,fbcf,D,210,,246812659.0,EAE_C10_2004.xls,FBCF,no,no_mapeado_o_no_usado
2004,adquisiciones_importadas,D,210,,110879794.0,EAE_C10_2004.xls,FBCF,no,no_mapeado_o_no_usado
2004,adquisiciones_origen_importado,D,210,,63522857.0,EAE_C10_2004.xls,FBCF,no,no_mapeado_o_no_usado
2004,fbcf,D,2101,,191113935.0,EAE_C10_2004.xls,FBCF,no,no_mapeado_o_no_usado
2004,adquisiciones_importadas,D,2101,,80602252.0,EAE_C10_2004.xls,FBCF,no,no_mapeado_o_no_usado
2004,adquisiciones_origen_importado,D,2101,,49279477.0,EAE_C10_2004.xls,FBCF,no,no_mapeado_o_no_usado
2004,fbcf,D,2102,,38910218.0,EAE_C10_2004.xls,FBCF,no,no_mapeado_o_no_usado
2004,adquisiciones_importadas,D,2102,,22645166.0,EAE_C10_2004.xls,FBCF,no,no_mapeado_o_no_usado
2004,adquisiciones_origen_importado,D,2102,,9094260.0,EAE_C10_2004.xls,FBCF,no,no_mapeado_o_no_usado
2004,fbcf,D,2109,,16788506.0,EAE_C10_2004.xls,FBCF,no,no_mapeado_o_no_usado
2004,adquisiciones_importadas,D,2109,,7632376.0,EAE_C10_2004.xls,FBCF,no,no_mapeado_o_no_usado
2004,adquisiciones_origen_importado,D,2109,,5149120.0,EAE_C10_2004.xls,FBCF,no,no_mapeado_o_no_usado
2004,fbcf,D,22,17_18_papel_impresion,256216640.0,EAE_C10_2004.xls,FBCF,si,mapeado
2004,adquisiciones_importadas,D,22,17_18_papel_impresion,163421400.0,EAE_C10_2004.xls,FBCF,si,mapeado
2004,adquisiciones_origen_importado,D,22,17_18_papel_impresion,29068650.0,EAE_C10_2004.xls,FBCF,si,mapeado
2004,fbcf,D,221,,256214899.0,EAE_C10_2004.xls,FBCF,no,no_mapeado_o_no_usado
2004,adquisiciones_importadas,D,221,,163421400.0,EAE_C10_2004.xls,FBCF,no,no_mapeado_o_no_usado
2004,adquisiciones_origen_importado,D,221,,29068650.0,EAE_C10_2004.xls,FBCF,no,no_mapeado_o_no_usado
2004,fbcf,D,2211,,248801039.0,EAE_C10_2004.xls,FBCF,no,no_mapeado_o_no_usado
2004,adquisiciones_importadas,D,2211,,162550377.0,EAE_C10_2004.xls,FBCF,no,no_mapeado_o_no_usado
2004,adquisiciones_origen_importado,D,2211,,26341815.0,EAE_C10_2004.xls,FBCF,no,no_mapeado_o_no_usado
2004,fbcf,D,2212,,7413860.0,EAE_C10_2004.xls,FBCF,no,no_mapeado_o_no_usado
2004,adquisiciones_importadas,D,2212,,871023.0,EAE_C10_2004.xls,FBCF,no,no_mapeado_o_no_usado
2004,adquisiciones_origen_importado,D,2212,,2726835.0,EAE_C10_2004.xls,FBCF,no,no_mapeado_o_no_usado
2004,fbcf,D,223,,1741.0,EAE_C10_2004.xls,FBCF,no,no_mapeado_o_no_usado
2004,adquisiciones_importadas,D,223,,0.0,EAE_C10_2004.xls,FBCF,no,no_mapeado_o_no_usado
2004,adquisiciones_origen_importado,D,223,,0.0,EAE_C10_2004.xls,FBCF,no,no_mapeado_o_no_usado
2004,fbcf,D,2230,,1741.0,EAE_C10_2004.xls,FBCF,no,no_mapeado_o_no_usado
2004,adquisiciones_importadas,D,2230,,0.0,EAE_C10_2004.xls,FBCF,no,no_mapeado_o_no_usado
2004,adquisiciones_origen_importado,D,2230,,0.0,EAE_C10_2004.xls,FBCF,no,no_mapeado_o_no_usado
2004,fbcf,D,23,19_refinacion,786029806.0,EAE_C10_2004.xls,FBCF,si,mapeado
2004,adquisiciones_importadas,D,23,19_refinacion,0.0,EAE_C10_2004.xls,FBCF,si,mapeado
2004,adquisiciones_origen_importado,D,23,19_refinacion,0.0,EAE_C10_2004.xls,FBCF,si,mapeado
2004,fbcf,D,232,,786029806.0,EAE_C10_2004.xls,FBCF,no,no_mapeado_o_no_usado
2004,adquisiciones_importadas,D,232,,0.0,EAE_C10_2004.xls,FBCF,no,no_mapeado_o_no_usado
2004,adquisiciones_origen_importado,D,232,,0.0,EAE_C10_2004.xls,FBCF,no,no_mapeado_o_no_usado
2004,fbcf,D,2320,,786029806.0,EAE_C10_2004.xls,FBCF,no,no_mapeado_o_no_usado
2004,adquisiciones_importadas,D,2320,,0.0,EAE_C10_2004.xls,FBCF,no,no_mapeado_o_no_usado
2004,adquisiciones_origen_importado,D,2320,,0.0,EAE_C10_2004.xls,FBCF,no,no_mapeado_o_no_usado
2004,fbcf,D,24,20_21_22_quimicos_farma_caucho_plastico,548744367.0,EAE_C10_2004.xls,FBCF,si,mapeado
2004,adquisiciones_importadas,D,24,20_21_22_quimicos_farma_caucho_plastico,167371418.0,EAE_C10_2004.xls,FBCF,si,mapeado
2004,adquisiciones_origen_importado,D,24,20_21_22_quimicos_farma_caucho_plastico,62146456.0,EAE_C10_2004.xls,FBCF,si,mapeado
2004,fbcf,D,241,,202631339.0,EAE_C10_2004.xls,FBCF,no,no_mapeado_o_no_usado
2004,adquisiciones_importadas,D,241,,80176288.0,EAE_C10_2004.xls,FBCF,no,no_mapeado_o_no_usado
2004,adquisiciones_origen_importado,D,241,,18867108.0,EAE_C10_2004.xls,FBCF,no,no_mapeado_o_no_usado
2004,fbcf,D,2411,,133693579.0,EAE_C10_2004.xls,FBCF,no,no_mapeado_o_no_usado
2004,adquisiciones_importadas,D,2411,,45958457.0,EAE_C10_2004.xls,FBCF,no,no_mapeado_o_no_usado
2004,adquisiciones_origen_importado,D,2411,,5901531.0,EAE_C10_2004.xls,FBCF,no,no_mapeado_o_no_usado
2004,fbcf,D,2412,,60273570.0,EAE_C10_2004.xls,FBCF,no,no_mapeado_o_no_usado
2004,adquisiciones_importadas,D,2412,,25745625.0,EAE_C10_2004.xls,FBCF,no,no_mapeado_o_no_usado
2004,adquisiciones_origen_importado,D,2412,,12965577.0,EAE_C10_2004.xls,FBCF,no,no_mapeado_o_no_usado
2004,fbcf,D,2413,,8664190.0,EAE_C10_2004.xls,FBCF,no,no_mapeado_o_no_usado
2004,adquisiciones_importadas,D,2413,,8472206.0,EAE_C10_2004.xls,FBCF,no,no_mapeado_o_no_usado
2004,adquisiciones_origen_importado,D,2413,,0.0,EAE_C10_2004.xls,FBCF,no,no_mapeado_o_no_usado
2004,fbcf,D,242,,346113028.0,EAE_C10_2004.xls,FBCF,no,no_mapeado_o_no_usado
2004,adquisiciones_importadas,D,242,,87195130.0,EAE_C10_2004.xls,FBCF,no,no_mapeado_o_no_usado
2004,adquisiciones_origen_importado,D,242,,43279348.0,EAE_C10_2004.xls,FBCF,no,no_mapeado_o_no_usado
2004,fbcf,D,2421,,18238357.0,EAE_C10_2004.xls,FBCF,no,no_mapeado_o_no_usado
2004,adquisiciones_importadas,D,2421,,595646.0,EAE_C10_2004.xls,FBCF,no,no_mapeado_o_no_usado
2004,adquisiciones_origen_importado,D,2421,,657509.0,EAE_C10_2004.xls,FBCF,no,no_mapeado_o_no_usado
2004,fbcf,D,2422,,14565274.0,EAE_C10_2004.xls,FBCF,no,no_mapeado_o_no_usado
2004,adquisiciones_importadas,D,2422,,1570217.0,EAE_C10_2004.xls,FBCF,no,no_mapeado_o_no_usado
2004,adquisiciones_origen_importado,D,2422,,6259926.0,EAE_C10_2004.xls,FBCF,no,no_mapeado_o_no_usado
2004,fbcf,D,2423,,247382534.0,EAE_C10_2004.xls,FBCF,no,no_mapeado_o_no_usado
2004,adquisiciones_importadas,D,2423,,80128040.0,EAE_C10_2004.xls,FBCF,no,no_mapeado_o_no_usado
2004,adquisiciones_origen_importado,D,2423,,30277653.0,EAE_C10_2004.xls,FBCF,no,no_mapeado_o_no_usado
2004,fbcf,D,2424,,17541373.0,EAE_C10_2004.xls,FBCF,no,no_mapeado_o_no_usado
2004,adquisiciones_importadas,D,2424,,4901227.0,EAE_C10_2004.xls,FBCF,no,no_mapeado_o_no_usado
2004,adquisiciones_origen_importado,D,2424,,5695261.0,EAE_C10_2004.xls,FBCF,no,no_mapeado_o_no_usado
2004,fbcf,D,2429,,48385490.0,EAE_C10_2004.xls,FBCF,no,no_mapeado_o_no_usado
2004,adquisiciones_importadas,D,2429,,0.0,EAE_C10_2004.xls,FBCF,no,no_mapeado_o_no_usado
2004,adquisiciones_origen_importado,D,2429,,388999.0,EAE_C10_2004.xls,FBCF,no,no_mapeado_o_no_usado
2004,fbcf,D,25,20_21_22_quimicos_farma_caucho_plastico,300793513.0,EAE_C10_2004.xls,FBCF,si,mapeado
2004,adquisiciones_importadas,D,25,20_21_22_quimicos_farma_caucho_plastico,92309867.0,EAE_C10_2004.xls,FBCF,si,mapeado
2004,adquisiciones_origen_importado,D,25,20_21_22_quimicos_farma_caucho_plastico,20445534.0,EAE_C10_2004.xls,FBCF,si,mapeado
2004,fbcf,D,251,,17139144.0,EAE_C10_2004.xls,FBCF,no,no_mapeado_o_no_usado
2004,adquisiciones_importadas,D,251,,0.0,EAE_C10_2004.xls,FBCF,no,no_mapeado_o_no_usado
2004,adquisiciones_origen_importado,D,251,,1464492.0,EAE_C10_2004.xls,FBCF,no,no_mapeado_o_no_usado
2004,fbcf,D,2511,,13450829.0,EAE_C10_2004.xls,FBCF,no,no_mapeado_o_no_usado
2004,adquisiciones_importadas,D,2511,,0.0,EAE_C10_2004.xls,FBCF,no,no_mapeado_o_no_usado
2004,adquisiciones_origen_importado,D,2511,,1394925.0,EAE_C10_2004.xls,FBCF,no,no_mapeado_o_no_usado
2004,fbcf,D,2519,,3688315.0,EAE_C10_2004.xls,FBCF,no,no_mapeado_o_no_usado
2004,adquisiciones_importadas,D,2519,,0.0,EAE_C10_2004.xls,FBCF,no,no_mapeado_o_no_usado
2004,adquisiciones_origen_importado,D,2519,,69567.0,EAE_C10_2004.xls,FBCF,no,no_mapeado_o_no_usado
2004,fbcf,D,252,,283654369.0,EAE_C10_2004.xls,FBCF,no,no_mapeado_o_no_usado
2004,adquisiciones_importadas,D,252,,92309867.0,EAE_C10_2004.xls,FBCF,no,no_mapeado_o_no_usado
2004,adquisiciones_origen_importado,D,252,,18981042.0,EAE_C10_2004.xls,FBCF,no,no_mapeado_o_no_usado
2004,fbcf,D,2520,,283654369.0,EAE_C10_2004.xls,FBCF,no,no_mapeado_o_no_usado
2004,adquisiciones_importadas,D,2520,,92309867.0,EAE_C10_2004.xls,FBCF,no,no_mapeado_o_no_usado
2004,adquisiciones_origen_importado,D,2520,,18981042.0,EAE_C10_2004.xls,FBCF,no,no_mapeado_o_no_usado
2004,fbcf,D,26,23_24_minerales_metales,125788218.0,EAE_C10_2004.xls,FBCF,si,mapeado
2004,adquisiciones_importadas,D,26,23_24_minerales_metales,8406986.0,EAE_C10_2004.xls,FBCF,si,mapeado
2004,adquisiciones_origen_importado,D,26,23_24_minerales_metales,72036498.0,EAE_C10_2004.xls,FBCF,si,mapeado
2004,fbcf,D,261,,29271275.0,EAE_C10_2004.xls,FBCF,no,no_mapeado_o_no_usado
2004,adquisiciones_importadas,D,261,,2292791.0,EAE_C10_2004.xls,FBCF,no,no_mapeado_o_no_usado
2004,adquisiciones_origen_importado,D,261,,22336591.0,EAE_C10_2004.xls,FBCF,no,no_mapeado_o_no_usado
2004,fbcf,D,2610,,29271275.0,EAE_C10_2004.xls,FBCF,no,no_mapeado_o_no_usado
2004,adquisiciones_importadas,D,2610,,2292791.0,EAE_C10_2004.xls,FBCF,no,no_mapeado_o_no_usado
2004,adquisiciones_origen_importado,D,2610,,22336591.0,EAE_C10_2004.xls,FBCF,no,no_mapeado_o_no_usado
2004,fbcf,D,269,,96516943.0,EAE_C10_2004.xls,FBCF,no,no_mapeado_o_no_usado
2004,adquisiciones_importadas,D,269,,6114195.0,EAE_C10_2004.xls,FBCF,no,no_mapeado_o_no_usado
2004,adquisiciones_origen_importado,D,269,,49699907.0,EAE_C10_2004.xls,FBCF,no,no_mapeado_o_no_usado
2004,fbcf,D,2691,,2023592.0,EAE_C10_2004.xls,FBCF,no,no_mapeado_o_no_usado
2004,adquisiciones_importadas,D,2691,,0.0,EAE_C10_2004.xls,FBCF,no,no_mapeado_o_no_usado
2004,adquisiciones_origen_importado,D,2691,,0.0,EAE_C10_2004.xls,FBCF,no,no_mapeado_o_no_usado
2004,fbcf,D,2692,,394692.0,EAE_C10_2004.xls,FBCF,no,no_mapeado_o_no_usado
2004,adquisiciones_importadas,D,2692,,0.0,EAE_C10_2004.xls,FBCF,no,no_mapeado_o_no_usado
2004,adquisiciones_origen_importado,D,2692,,0.0,EAE_C10_2004.xls,FBCF,no,no_mapeado_o_no_usado
2004,fbcf,D,2694,,41012548.0,EAE_C10_2004.xls,FBCF,no,no_mapeado_o_no_usado
2004,adquisiciones_importadas,D,2694,,3432945.0,EAE_C10_2004.xls,FBCF,no,no_mapeado_o_no_usado
2004,adquisiciones_origen_importado,D,2694,,3131886.0,EAE_C10_2004.xls,FBCF,no,no_mapeado_o_no_usado
2004,fbcf,D,2695,,51543917.0,EAE_C10_2004.xls,FBCF,no,no_mapeado_o_no_usado
2004,adquisiciones_importadas,D,2695,,2681250.0,EAE_C10_2004.xls,FBCF,no,no_mapeado_o_no_usado
2004,adquisiciones_origen_importado,D,2695,,45589677.0,EAE_C10_2004.xls,FBCF,no,no_mapeado_o_no_usado
2004,fbcf,D,2699,,1542194.0,EAE_C10_2004.xls,FBCF,no,no_mapeado_o_no_usado
2004,adquisiciones_importadas,D,2699,,0.0,EAE_C10_2004.xls,FBCF,no,no_mapeado_o_no_usado
2004,adquisiciones_origen_importado,D,2699,,978344.0,EAE_C10_2004.xls,FBCF,no,no_mapeado_o_no_usado
2004,fbcf,D,27,23_24_minerales_metales,81697969.0,EAE_C10_2004.xls,FBCF,si,mapeado
2004,adquisiciones_importadas,D,27,23_24_minerales_metales,14114429.0,EAE_C10_2004.xls,FBCF,si,mapeado
2004,adquisiciones_origen_importado,D,27,23_24_minerales_metales,4381404.0,EAE_C10_2004.xls,FBCF,si,mapeado
2004,fbcf,D,270,,81697969.0,EAE_C10_2004.xls,FBCF,no,no_mapeado_o_no_usado
2004,adquisiciones_importadas,D,270,,14114429.0,EAE_C10_2004.xls,FBCF,no,no_mapeado_o_no_usado
2004,adquisiciones_origen_importado,D,270,,4381404.0,EAE_C10_2004.xls,FBCF,no,no_mapeado_o_no_usado
2004,fbcf,D,2700,,81697969.0,EAE_C10_2004.xls,FBCF,no,no_mapeado_o_no_usado
2004,adquisiciones_importadas,D,2700,,14114429.0,EAE_C10_2004.xls,FBCF,no,no_mapeado_o_no_usado
2004,adquisiciones_origen_importado,D,2700,,4381404.0,EAE_C10_2004.xls,FBCF,no,no_mapeado_o_no_usado
2004,fbcf,D,28,25_26_27_28_33_metal_equipos_reparacion,129882261.0,EAE_C10_2004.xls,FBCF,si,mapeado
2004,adquisiciones_importadas,D,28,25_26_27_28_33_metal_equipos_reparacion,99734993.0,EAE_C10_2004.xls,FBCF,si,mapeado
2004,adquisiciones_origen_importado,D,28,25_26_27_28_33_metal_equipos_reparacion,15734511.0,EAE_C10_2004.xls,FBCF,si,mapeado
2004,fbcf,D,281,,78549532.0,EAE_C10_2004.xls,FBCF,no,no_mapeado_o_no_usado
2004,adquisiciones_importadas,D,281,,58185921.0,EAE_C10_2004.xls,FBCF,no,no_mapeado_o_no_usado
2004,adquisiciones_origen_importado,D,281,,3723478.0,EAE_C10_2004.xls,FBCF,no,no_mapeado_o_no_usado
2004,fbcf,D,2811,,67769240.0,EAE_C10_2004.xls,FBCF,no,no_mapeado_o_no_usado
2004,adquisiciones_importadas,D,2811,,57682955.0,EAE_C10_2004.xls,FBCF,no,no_mapeado_o_no_usado
2004,adquisiciones_origen_importado,D,2811,,3723478.0,EAE_C10_2004.xls,FBCF,no,no_mapeado_o_no_usado
2004,fbcf,D,2812,,10780292.0,EAE_C10_2004.xls,FBCF,no,no_mapeado_o_no_usado
2004,adquisiciones_importadas,D,2812,,502966.0,EAE_C10_2004.xls,FBCF,no,no_mapeado_o_no_usado
2004,adquisiciones_origen_importado,D,2812,,0.0,EAE_C10_2004.xls,FBCF,no,no_mapeado_o_no_usado
2004,fbcf,D,289,,51332729.0,EAE_C10_2004.xls,FBCF,no,no_mapeado_o_no_usado
2004,adquisiciones_importadas,D,289,,41549072.0,EAE_C10_2004.xls,FBCF,no,no_mapeado_o_no_usado
2004,adquisiciones_origen_importado,D,289,,12011033.0,EAE_C10_2004.xls,FBCF,no,no_mapeado_o_no_usado
2004,fbcf,D,2890,,51332729.0,EAE_C10_2004.xls,FBCF,no,no_mapeado_o_no_usado
2004,adquisiciones_importadas,D,2890,,41549072.0,EAE_C10_2004.xls,FBCF,no,no_mapeado_o_no_usado
2004,adquisiciones_origen_importado,D,2890,,12011033.0,EAE_C10_2004.xls,FBCF,no,no_mapeado_o_no_usado
2004,fbcf,D,29,25_26_27_28_33_metal_equipos_reparacion,61366202.0,EAE_C10_2004.xls,FBCF,si,mapeado
2004,adquisiciones_importadas,D,29,25_26_27_28_33_metal_equipos_reparacion,50337674.0,EAE_C10_2004.xls,FBCF,si,mapeado
2004,adquisiciones_origen_importado,D,29,25_26_27_28_33_metal_equipos_reparacion,4418358.0,EAE_C10_2004.xls,FBCF,si,mapeado
2004,fbcf,D,291,,2010965.0,EAE_C10_2004.xls,FBCF,no,no_mapeado_o_no_usado
2004,adquisiciones_importadas,D,291,,0.0,EAE_C10_2004.xls,FBCF,no,no_mapeado_o_no_usado
2004,adquisiciones_origen_importado,D,291,,4114108.0,EAE_C10_2004.xls,FBCF,no,no_mapeado_o_no_usado
2004,fbcf,D,2910,,2010965.0,EAE_C10_2004.xls,FBCF,no,no_mapeado_o_no_usado
2004,adquisiciones_importadas,D,2910,,0.0,EAE_C10_2004.xls,FBCF,no,no_mapeado_o_no_usado
2004,adquisiciones_origen_importado,D,2910,,4114108.0,EAE_C10_2004.xls,FBCF,no,no_mapeado_o_no_usado
2004,fbcf,D,292,,58666829.0,EAE_C10_2004.xls,FBCF,no,no_mapeado_o_no_usado
2004,adquisiciones_importadas,D,292,,50313285.0,EAE_C10_2004.xls,FBCF,no,no_mapeado_o_no_usado
2004,adquisiciones_origen_importado,D,292,,304250.0,EAE_C10_2004.xls,FBCF,no,no_mapeado_o_no_usado
2004,fbcf,D,2920,,58666829.0,EAE_C10_2004.xls,FBCF,no,no_mapeado_o_no_usado
2004,adquisiciones_importadas,D,2920,,50313285.0,EAE_C10_2004.xls,FBCF,no,no_mapeado_o_no_usado
2004,adquisiciones_origen_importado,D,2920,,304250.0,EAE_C10_2004.xls,FBCF,no,no_mapeado_o_no_usado
2004,fbcf,D,293,,688408.0,EAE_C10_2004.xls,FBCF,no,no_mapeado_o_no_usado
2004,adquisiciones_importadas,D,293,,24389.0,EAE_C10_2004.xls,FBCF,no,no_mapeado_o_no_usado
2004,adquisiciones_origen_importado,D,293,,0.0,EAE_C10_2004.xls,FBCF,no,no_mapeado_o_no_usado
2004,fbcf,D,2930,,688408.0,EAE_C10_2004.xls,FBCF,no,no_mapeado_o_no_usado
2004,adquisiciones_importadas,D,2930,,24389.0,EAE_C10_2004.xls,FBCF,no,no_mapeado_o_no_usado
2004,adquisiciones_origen_importado,D,2930,,0.0,EAE_C10_2004.xls,FBCF,no,no_mapeado_o_no_usado
2004,fbcf,D,31,25_26_27_28_33_metal_equipos_reparacion,-42356420.0,EAE_C10_2004.xls,FBCF,si,mapeado
2004,adquisiciones_importadas,D,31,25_26_27_28_33_metal_equipos_reparacion,15191641.0,EAE_C10_2004.xls,FBCF,si,mapeado
2004,adquisiciones_origen_importado,D,31,25_26_27_28_33_metal_equipos_reparacion,501654.0,EAE_C10_2004.xls,FBCF,si,mapeado
2004,fbcf,D,310,,-42356420.0,EAE_C10_2004.xls,FBCF,no,no_mapeado_o_no_usado
2004,adquisiciones_importadas,D,310,,15191641.0,EAE_C10_2004.xls,FBCF,no,no_mapeado_o_no_usado
2004,adquisiciones_origen_importado,D,310,,501654.0,EAE_C10_2004.xls,FBCF,no,no_mapeado_o_no_usado
2004,fbcf,D,3100,,-42356420.0,EAE_C10_2004.xls,FBCF,no,no_mapeado_o_no_usado
2004,adquisiciones_importadas,D,3100,,15191641.0,EAE_C10_2004.xls,FBCF,no,no_mapeado_o_no_usado
2004,adquisiciones_origen_importado,D,3100,,501654.0,EAE_C10_2004.xls,FBCF,no,no_mapeado_o_no_usado
2004,fbcf,D,32,25_26_27_28_33_metal_equipos_reparacion,0.0,EAE_C10_2004.xls,FBCF,si,mapeado
2004,adquisiciones_importadas,D,32,25_26_27_28_33_metal_equipos_reparacion,0.0,EAE_C10_2004.xls,FBCF,si,mapeado
2004,adquisiciones_origen_importado,D,32,25_26_27_28_33_metal_equipos_reparacion,0.0,EAE_C10_2004.xls,FBCF,si,mapeado
2004,fbcf,D,320,,0.0,EAE_C10_2004.xls,FBCF,no,no_mapeado_o_no_usado
2004,adquisiciones_importadas,D,320,,0.0,EAE_C10_2004.xls,FBCF,no,no_mapeado_o_no_usado
2004,adquisiciones_origen_importado,D,320,,0.0,EAE_C10_2004.xls,FBCF,no,no_mapeado_o_no_usado
2004,fbcf,D,3200,,0.0,EAE_C10_2004.xls,FBCF,no,no_mapeado_o_no_usado
2004,adquisiciones_importadas,D,3200,,0.0,EAE_C10_2004.xls,FBCF,no,no_mapeado_o_no_usado
2004,adquisiciones_origen_importado,D,3200,,0.0,EAE_C10_2004.xls,FBCF,no,no_mapeado_o_no_usado
2004,fbcf,D,33,25_26_27_28_33_metal_equipos_reparacion,56426659.0,EAE_C10_2004.xls,FBCF,si,mapeado
2004,adquisiciones_importadas,D,33,25_26_27_28_33_metal_equipos_reparacion,17753692.0,EAE_C10_2004.xls,FBCF,si,mapeado
2004,adquisiciones_origen_importado,D,33,25_26_27_28_33_metal_equipos_reparacion,3136802.0,EAE_C10_2004.xls,FBCF,si,mapeado
2004,fbcf,D,330,,56426659.0,EAE_C10_2004.xls,FBCF,no,no_mapeado_o_no_usado
2004,adquisiciones_importadas,D,330,,17753692.0,EAE_C10_2004.xls,FBCF,no,no_mapeado_o_no_usado
2004,adquisiciones_origen_importado,D,330,,3136802.0,EAE_C10_2004.xls,FBCF,no,no_mapeado_o_no_usado
2004,fbcf,D,3300,,56426659.0,EAE_C10_2004.xls,FBCF,no,no_mapeado_o_no_usado
2004,adquisiciones_importadas,D,3300,,17753692.0,EAE_C10_2004.xls,FBCF,no,no_mapeado_o_no_usado
2004,adquisiciones_origen_importado,D,3300,,3136802.0,EAE_C10_2004.xls,FBCF,no,no_mapeado_o_no_usado
2004,fbcf,D,34,29_30_vehiculos_transporte,42135180.0,EAE_C10_2004.xls,FBCF,si,mapeado
2004,adquisiciones_importadas,D,34,29_30_vehiculos_transporte,3963176.0,EAE_C10_2004.xls,FBCF,si,mapeado
2004,adquisiciones_origen_importado,D,34,29_30_vehiculos_transporte,9768973.0,EAE_C10_2004.xls,FBCF,si,mapeado
2004,fbcf,D,340,,42135180.0,EAE_C10_2004.xls,FBCF,no,no_mapeado_o_no_usado
2004,adquisiciones_importadas,D,340,,3963176.0,EAE_C10_2004.xls,FBCF,no,no_mapeado_o_no_usado
2004,adquisiciones_origen_importado,D,340,,9768973.0,EAE_C10_2004.xls,FBCF,no,no_mapeado_o_no_usado
2004,fbcf,D,3400,,42135180.0,EAE_C10_2004.xls,FBCF,no,no_mapeado_o_no_usado
2004,adquisiciones_importadas,D,3400,,3963176.0,EAE_C10_2004.xls,FBCF,no,no_mapeado_o_no_usado
2004,adquisiciones_origen_importado,D,3400,,9768973.0,EAE_C10_2004.xls,FBCF,no,no_mapeado_o_no_usado
2004,fbcf,D,35,29_30_vehiculos_transporte,14167170.0,EAE_C10_2004.xls,FBCF,si,mapeado
2004,adquisiciones_importadas,D,35,29_30_vehiculos_transporte,0.0,EAE_C10_2004.xls,FBCF,si,mapeado
2004,adquisiciones_origen_importado,D,35,29_30_vehiculos_transporte,6801718.0,EAE_C10_2004.xls,FBCF,si,mapeado
2004,fbcf,D,351,,5028760.0,EAE_C10_2004.xls,FBCF,no,no_mapeado_o_no_usado
2004,adquisiciones_importadas,D,351,,0.0,EAE_C10_2004.xls,FBCF,no,no_mapeado_o_no_usado
2004,adquisiciones_origen_importado,D,351,,622224.0,EAE_C10_2004.xls,FBCF,no,no_mapeado_o_no_usado
2004,fbcf,D,3510,,5028760.0,EAE_C10_2004.xls,FBCF,no,no_mapeado_o_no_usado
2004,adquisiciones_importadas,D,3510,,0.0,EAE_C10_2004.xls,FBCF,no,no_mapeado_o_no_usado
2004,adquisiciones_origen_importado,D,3510,,622224.0,EAE_C10_2004.xls,FBCF,no,no_mapeado_o_no_usado
2004,fbcf,D,353-359,,9138410.0,EAE_C10_2004.xls,FBCF,no,no_mapeado_o_no_usado
2004,adquisiciones_importadas,D,353-359,,0.0,EAE_C10_2004.xls,FBCF,no,no_mapeado_o_no_usado
2004,adquisiciones_origen_importado,D,353-359,,6179494.0,EAE_C10_2004.xls,FBCF,no,no_mapeado_o_no_usado
2004,fbcf,D,3530-3590,,9138410.0,EAE_C10_2004.xls,FBCF,no,no_mapeado_o_no_usado
2004,adquisiciones_importadas,D,3530-3590,,0.0,EAE_C10_2004.xls,FBCF,no,no_mapeado_o_no_usado
2004,adquisiciones_origen_importado,D,3530-3590,,6179494.0,EAE_C10_2004.xls,FBCF,no,no_mapeado_o_no_usado
2004,fbcf,D,36,31_32_muebles_otras_manufacturas,304838880.0,EAE_C10_2004.xls,FBCF,si,mapeado
2004,adquisiciones_importadas,D,36,31_32_muebles_otras_manufacturas,10991498.0,EAE_C10_2004.xls,FBCF,si,mapeado
2004,adquisiciones_origen_importado,D,36,31_32_muebles_otras_manufacturas,275560202.0,EAE_C10_2004.xls,FBCF,si,mapeado
2004,fbcf,D,361,,21052582.0,EAE_C10_2004.xls,FBCF,no,no_mapeado_o_no_usado
2004,adquisiciones_importadas,D,361,,4221465.0,EAE_C10_2004.xls,FBCF,no,no_mapeado_o_no_usado
2004,adquisiciones_origen_importado,D,361,,7033040.0,EAE_C10_2004.xls,FBCF,no,no_mapeado_o_no_usado
2004,fbcf,D,3610,,21052582.0,EAE_C10_2004.xls,FBCF,no,no_mapeado_o_no_usado
2004,adquisiciones_importadas,D,3610,,4221465.0,EAE_C10_2004.xls,FBCF,no,no_mapeado_o_no_usado
2004,adquisiciones_origen_importado,D,3610,,7033040.0,EAE_C10_2004.xls,FBCF,no,no_mapeado_o_no_usado
2004,fbcf,D,369,,283786298.0,EAE_C10_2004.xls,FBCF,no,no_mapeado_o_no_usado
2004,adquisiciones_importadas,D,369,,6770033.0,EAE_C10_2004.xls,FBCF,no,no_mapeado_o_no_usado
2004,adquisiciones_origen_importado,D,369,,268527162.0,EAE_C10_2004.xls,FBCF,no,no_mapeado_o_no_usado
2004,fbcf,D,3691,,74252.0,EAE_C10_2004.xls,FBCF,no,no_mapeado_o_no_usado
2004,adquisiciones_importadas,D,3691,,0.0,EAE_C10_2004.xls,FBCF,no,no_mapeado_o_no_usado
2004,adquisiciones_origen_importado,D,3691,,61555.0,EAE_C10_2004.xls,FBCF,no,no_mapeado_o_no_usado
2004,fbcf,D,3699,,283712046.0,EAE_C10_2004.xls,FBCF,no,no_mapeado_o_no_usado
2004,adquisiciones_importadas,D,3699,,6770033.0,EAE_C10_2004.xls,FBCF,no,no_mapeado_o_no_usado
2004,adquisiciones_origen_importado,D,3699,,268465607.0,EAE_C10_2004.xls,FBCF,no,no_mapeado_o_no_usado
2004,fbcf,D,37,,0.0,EAE_C10_2004.xls,FBCF,si,no_mapeado_o_no_usado
2004,adquisiciones_importadas,D,37,,0.0,EAE_C10_2004.xls,FBCF,si,no_mapeado_o_no_usado
2004,adquisiciones_origen_importado,D,37,,0.0,EAE_C10_2004.xls,FBCF,si,no_mapeado_o_no_usado
2004,fbcf,D,370,,0.0,EAE_C10_2004.xls,FBCF,no,no_mapeado_o_no_usado
2004,adquisiciones_importadas,D,370,,0.0,EAE_C10_2004.xls,FBCF,no,no_mapeado_o_no_usado
2004,adquisiciones_origen_importado,D,370,,0.0,EAE_C10_2004.xls,FBCF,no,no_mapeado_o_no_usado
2004,fbcf,D,3700,,0.0,EAE_C10_2004.xls,FBCF,no,no_mapeado_o_no_usado
2004,adquisiciones_importadas,D,3700,,0.0,EAE_C10_2004.xls,FBCF,no,no_mapeado_o_no_usado
2004,adquisiciones_origen_importado,D,3700,,0.0,EAE_C10_2004.xls,FBCF,no,no_mapeado_o_no_usado
2004,fbcf,E,,,1586645703.0,EAE_C10_2004.xls,FBCF,no,no_mapeado_o_no_usado
2004,adquisiciones_importadas,E,,,577445.0,EAE_C10_2004.xls,FBCF,no,no_mapeado_o_no_usado
2004,adquisiciones_origen_importado,E,,,0.0,EAE_C10_2004.xls,FBCF,no,no_mapeado_o_no_usado
2004,fbcf,E,40,,1584273231.0,EAE_C10_2004.xls,FBCF,si,no_mapeado_o_no_usado
2004,adquisiciones_importadas,E,40,,0.0,EAE_C10_2004.xls,FBCF,si,no_mapeado_o_no_usado
2004,adquisiciones_origen_importado,E,40,,0.0,EAE_C10_2004.xls,FBCF,si,no_mapeado_o_no_usado
2004,fbcf,E,401,,1453117109.0,EAE_C10_2004.xls,FBCF,no,no_mapeado_o_no_usado
2004,adquisiciones_importadas,E,401,,0.0,EAE_C10_2004.xls,FBCF,no,no_mapeado_o_no_usado
2004,adquisiciones_origen_importado,E,401,,0.0,EAE_C10_2004.xls,FBCF,no,no_mapeado_o_no_usado
2004,fbcf,E,4010,,1453117109.0,EAE_C10_2004.xls,FBCF,no,no_mapeado_o_no_usado
2004,adquisiciones_importadas,E,4010,,0.0,EAE_C10_2004.xls,FBCF,no,no_mapeado_o_no_usado
2004,adquisiciones_origen_importado,E,4010,,0.0,EAE_C10_2004.xls,FBCF,no,no_mapeado_o_no_usado
2004,fbcf,E,402,,131156122.0,EAE_C10_2004.xls,FBCF,no,no_mapeado_o_no_usado
2004,adquisiciones_importadas,E,402,,0.0,EAE_C10_2004.xls,FBCF,no,no_mapeado_o_no_usado
2004,adquisiciones_origen_importado,E,402,,0.0,EAE_C10_2004.xls,FBCF,no,no_mapeado_o_no_usado
2004,fbcf,E,4020,,131156122.0,EAE_C10_2004.xls,FBCF,no,no_mapeado_o_no_usado
2004,adquisiciones_importadas,E,4020,,0.0,EAE_C10_2004.xls,FBCF,no,no_mapeado_o_no_usado
2004,adquisiciones_origen_importado,E,4020,,0.0,EAE_C10_2004.xls,FBCF,no,no_mapeado_o_no_usado
2004,fbcf,E,41,,2372472.0,EAE_C10_2004.xls,FBCF,si,no_mapeado_o_no_usado
2004,adquisiciones_importadas,E,41,,577445.0,EAE_C10_2004.xls,FBCF,si,no_mapeado_o_no_usado
2004,adquisiciones_origen_importado,E,41,,0.0,EAE_C10_2004.xls,FBCF,si,no_mapeado_o_no_usado
2004,fbcf,E,410,,2372472.0,EAE_C10_2004.xls,FBCF,no,no_mapeado_o_no_usado
2004,adquisiciones_importadas,E,410,,577445.0,EAE_C10_2004.xls,FBCF,no,no_mapeado_o_no_usado
2004,adquisiciones_origen_importado,E,410,,0.0,EAE_C10_2004.xls,FBCF,no,no_mapeado_o_no_usado
2004,fbcf,E,4100,,2372472.0,EAE_C10_2004.xls,FBCF,no,no_mapeado_o_no_usado
2004,adquisiciones_importadas,E,4100,,577445.0,EAE_C10_2004.xls,FBCF,no,no_mapeado_o_no_usado
2004,adquisiciones_origen_importado,E,4100,,0.0,EAE_C10_2004.xls,FBCF,no,no_mapeado_o_no_usado
2004,fbcf,G,,,2848082374.0,EAE_C10_2004.xls,FBCF,no,no_mapeado_o_no_usado
2004,adquisiciones_importadas,G,,,168379555.0,EAE_C10_2004.xls,FBCF,no,no_mapeado_o_no_usado
2004,adquisiciones_origen_importado,G,,,743240013.0,EAE_C10_2004.xls,FBCF,no,no_mapeado_o_no_usado
2004,fbcf,G,50,,663210568.0,EAE_C10_2004.xls,FBCF,si,no_mapeado_o_no_usado
2004,adquisiciones_importadas,G,50,,30270533.0,EAE_C10_2004.xls,FBCF,si,no_mapeado_o_no_usado
2004,adquisiciones_origen_importado,G,50,,233777410.0,EAE_C10_2004.xls,FBCF,si,no_mapeado_o_no_usado
2004,fbcf,G,501,,466215942.0,EAE_C10_2004.xls,FBCF,no,no_mapeado_o_no_usado
2004,adquisiciones_importadas,G,501,,28319454.0,EAE_C10_2004.xls,FBCF,no,no_mapeado_o_no_usado
2004,adquisiciones_origen_importado,G,501,,179477640.0,EAE_C10_2004.xls,FBCF,no,no_mapeado_o_no_usado
2004,fbcf,G,5010,,466215942.0,EAE_C10_2004.xls,FBCF,no,no_mapeado_o_no_usado
2004,adquisiciones_importadas,G,5010,,28319454.0,EAE_C10_2004.xls,FBCF,no,no_mapeado_o_no_usado
2004,adquisiciones_origen_importado,G,5010,,179477640.0,EAE_C10_2004.xls,FBCF,no,no_mapeado_o_no_usado
2004,fbcf,G,502,,55692929.0,EAE_C10_2004.xls,FBCF,no,no_mapeado_o_no_usado
2004,adquisiciones_importadas,G,502,,370592.0,EAE_C10_2004.xls,FBCF,no,no_mapeado_o_no_usado
2004,adquisiciones_origen_importado,G,502,,36029493.0,EAE_C10_2004.xls,FBCF,no,no_mapeado_o_no_usado
2004,fbcf,G,5020,,55692929.0,EAE_C10_2004.xls,FBCF,no,no_mapeado_o_no_usado
2004,adquisiciones_importadas,G,5020,,370592.0,EAE_C10_2004.xls,FBCF,no,no_mapeado_o_no_usado
2004,adquisiciones_origen_importado,G,5020,,36029493.0,EAE_C10_2004.xls,FBCF,no,no_mapeado_o_no_usado
2004,fbcf,G,503,,17289330.0,EAE_C10_2004.xls,FBCF,no,no_mapeado_o_no_usado
2004,adquisiciones_importadas,G,503,,1230627.0,EAE_C10_2004.xls,FBCF,no,no_mapeado_o_no_usado
2004,adquisiciones_origen_importado,G,503,,5707504.0,EAE_C10_2004.xls,FBCF,no,no_mapeado_o_no_usado
2004,fbcf,G,5030,,17289330.0,EAE_C10_2004.xls,FBCF,no,no_mapeado_o_no_usado
2004,adquisiciones_importadas,G,5030,,1230627.0,EAE_C10_2004.xls,FBCF,no,no_mapeado_o_no_usado
2004,adquisiciones_origen_importado,G,5030,,5707504.0,EAE_C10_2004.xls,FBCF,no,no_mapeado_o_no_usado
2004,fbcf,G,504,,5170768.0,EAE_C10_2004.xls,FBCF,no,no_mapeado_o_no_usado
2004,adquisiciones_importadas,G,504,,0.0,EAE_C10_2004.xls,FBCF,no,no_mapeado_o_no_usado
2004,adquisiciones_origen_importado,G,504,,63417.0,EAE_C10_2004.xls,FBCF,no,no_mapeado_o_no_usado
2004,fbcf,G,5040,,5170768.0,EAE_C10_2004.xls,FBCF,no,no_mapeado_o_no_usado
2004,adquisiciones_importadas,G,5040,,0.0,EAE_C10_2004.xls,FBCF,no,no_mapeado_o_no_usado
2004,adquisiciones_origen_importado,G,5040,,63417.0,EAE_C10_2004.xls,FBCF,no,no_mapeado_o_no_usado
2004,fbcf,G,505,,118841599.0,EAE_C10_2004.xls,FBCF,no,no_mapeado_o_no_usado
2004,adquisiciones_importadas,G,505,,349860.0,EAE_C10_2004.xls,FBCF,no,no_mapeado_o_no_usado
2004,adquisiciones_origen_importado,G,505,,12499356.0,EAE_C10_2004.xls,FBCF,no,no_mapeado_o_no_usado
2004,fbcf,G,5050,,118841599.0,EAE_C10_2004.xls,FBCF,no,no_mapeado_o_no_usado
2004,adquisiciones_importadas,G,5050,,349860.0,EAE_C10_2004.xls,FBCF,no,no_mapeado_o_no_usado
2004,adquisiciones_origen_importado,G,5050,,12499356.0,EAE_C10_2004.xls,FBCF,no,no_mapeado_o_no_usado
2004,fbcf,G,51,,960246243.0,EAE_C10_2004.xls,FBCF,si,no_mapeado_o_no_usado
2004,adquisiciones_importadas,G,51,,135347672.0,EAE_C10_2004.xls,FBCF,si,no_mapeado_o_no_usado
2004,adquisiciones_origen_importado,G,51,,206825810.0,EAE_C10_2004.xls,FBCF,si,no_mapeado_o_no_usado
2004,fbcf,G,511,,-4970272.0,EAE_C10_2004.xls,FBCF,no,no_mapeado_o_no_usado
2004,adquisiciones_importadas,G,511,,0.0,EAE_C10_2004.xls,FBCF,no,no_mapeado_o_no_usado
2004,adquisiciones_origen_importado,G,511,,1844804.0,EAE_C10_2004.xls,FBCF,no,no_mapeado_o_no_usado
2004,fbcf,G,5110,,-4970272.0,EAE_C10_2004.xls,FBCF,no,no_mapeado_o_no_usado
2004,adquisiciones_importadas,G,5110,,0.0,EAE_C10_2004.xls,FBCF,no,no_mapeado_o_no_usado
2004,adquisiciones_origen_importado,G,5110,,1844804.0,EAE_C10_2004.xls,FBCF,no,no_mapeado_o_no_usado
2004,fbcf,G,512,,270355282.0,EAE_C10_2004.xls,FBCF,no,no_mapeado_o_no_usado
2004,adquisiciones_importadas,G,512,,14170115.0,EAE_C10_2004.xls,FBCF,no,no_mapeado_o_no_usado
2004,adquisiciones_origen_importado,G,512,,59520722.0,EAE_C10_2004.xls,FBCF,no,no_mapeado_o_no_usado
2004,fbcf,G,5121,,143864342.0,EAE_C10_2004.xls,FBCF,no,no_mapeado_o_no_usado
2004,adquisiciones_importadas,G,5121,,3807325.0,EAE_C10_2004.xls,FBCF,no,no_mapeado_o_no_usado
2004,adquisiciones_origen_importado,G,5121,,13984590.0,EAE_C10_2004.xls,FBCF,no,no_mapeado_o_no_usado
2004,fbcf,G,5122,,126490940.0,EAE_C10_2004.xls,FBCF,no,no_mapeado_o_no_usado
2004,adquisiciones_importadas,G,5122,,10362790.0,EAE_C10_2004.xls,FBCF,no,no_mapeado_o_no_usado
2004,adquisiciones_origen_importado,G,5122,,45536132.0,EAE_C10_2004.xls,FBCF,no,no_mapeado_o_no_usado
2004,fbcf,G,513,,362242352.0,EAE_C10_2004.xls,FBCF,no,no_mapeado_o_no_usado
2004,adquisiciones_importadas,G,513,,76183032.0,EAE_C10_2004.xls,FBCF,no,no_mapeado_o_no_usado
2004,adquisiciones_origen_importado,G,513,,82119206.0,EAE_C10_2004.xls,FBCF,no,no_mapeado_o_no_usado
2004,fbcf,G,5131,,29718919.0,EAE_C10_2004.xls,FBCF,no,no_mapeado_o_no_usado
2004,adquisiciones_importadas,G,5131,,0.0,EAE_C10_2004.xls,FBCF,no,no_mapeado_o_no_usado
2004,adquisiciones_origen_importado,G,5131,,5107364.0,EAE_C10_2004.xls,FBCF,no,no_mapeado_o_no_usado
2004,fbcf,G,5139,,332523433.0,EAE_C10_2004.xls,FBCF,no,no_mapeado_o_no_usado
2004,adquisiciones_importadas,G,5139,,76183032.0,EAE_C10_2004.xls,FBCF,no,no_mapeado_o_no_usado
2004,adquisiciones_origen_importado,G,5139,,77011842.0,EAE_C10_2004.xls,FBCF,no,no_mapeado_o_no_usado
2004,fbcf,G,514,,196179098.0,EAE_C10_2004.xls,FBCF,no,no_mapeado_o_no_usado
2004,adquisiciones_importadas,G,514,,7253500.0,EAE_C10_2004.xls,FBCF,no,no_mapeado_o_no_usado
2004,adquisiciones_origen_importado,G,514,,36120948.0,EAE_C10_2004.xls,FBCF,no,no_mapeado_o_no_usado
2004,fbcf,G,5141,,55009949.0,EAE_C10_2004.xls,FBCF,no,no_mapeado_o_no_usado
2004,adquisiciones_importadas,G,5141,,584796.0,EAE_C10_2004.xls,FBCF,no,no_mapeado_o_no_usado
2004,adquisiciones_origen_importado,G,5141,,3249821.0,EAE_C10_2004.xls,FBCF,no,no_mapeado_o_no_usado
2004,fbcf,G,5142,,1900502.0,EAE_C10_2004.xls,FBCF,no,no_mapeado_o_no_usado
2004,adquisiciones_importadas,G,5142,,0.0,EAE_C10_2004.xls,FBCF,no,no_mapeado_o_no_usado
2004,adquisiciones_origen_importado,G,5142,,1750914.0,EAE_C10_2004.xls,FBCF,no,no_mapeado_o_no_usado
2004,fbcf,G,5143,,89763035.0,EAE_C10_2004.xls,FBCF,no,no_mapeado_o_no_usado
2004,adquisiciones_importadas,G,5143,,6044015.0,EAE_C10_2004.xls,FBCF,no,no_mapeado_o_no_usado
2004,adquisiciones_origen_importado,G,5143,,18050640.0,EAE_C10_2004.xls,FBCF,no,no_mapeado_o_no_usado
2004,fbcf,G,5149,,49505612.0,EAE_C10_2004.xls,FBCF,no,no_mapeado_o_no_usado
2004,adquisiciones_importadas,G,5149,,624689.0,EAE_C10_2004.xls,FBCF,no,no_mapeado_o_no_usado
2004,adquisiciones_origen_importado,G,5149,,13069573.0,EAE_C10_2004.xls,FBCF,no,no_mapeado_o_no_usado
2004,fbcf,G,515,,132344826.0,EAE_C10_2004.xls,FBCF,no,no_mapeado_o_no_usado
2004,adquisiciones_importadas,G,515,,37741025.0,EAE_C10_2004.xls,FBCF,no,no_mapeado_o_no_usado
2004,adquisiciones_origen_importado,G,515,,27220130.0,EAE_C10_2004.xls,FBCF,no,no_mapeado_o_no_usado
2004,fbcf,G,5150,,132344826.0,EAE_C10_2004.xls,FBCF,no,no_mapeado_o_no_usado
2004,adquisiciones_importadas,G,5150,,37741025.0,EAE_C10_2004.xls,FBCF,no,no_mapeado_o_no_usado
2004,adquisiciones_origen_importado,G,5150,,27220130.0,EAE_C10_2004.xls,FBCF,no,no_mapeado_o_no_usado
2004,fbcf,G,519,,4094957.0,EAE_C10_2004.xls,FBCF,no,no_mapeado_o_no_usado
2004,adquisiciones_importadas,G,519,,0.0,EAE_C10_2004.xls,FBCF,no,no_mapeado_o_no_usado
2004,adquisiciones_origen_importado,G,519,,0.0,EAE_C10_2004.xls,FBCF,no,no_mapeado_o_no_usado
2004,fbcf,G,5190,,4094957.0,EAE_C10_2004.xls,FBCF,no,no_mapeado_o_no_usado
2004,adquisiciones_importadas,G,5190,,0.0,EAE_C10_2004.xls,FBCF,no,no_mapeado_o_no_usado
2004,adquisiciones_origen_importado,G,5190,,0.0,EAE_C10_2004.xls,FBCF,no,no_mapeado_o_no_usado
2004,fbcf,G,52,,1224625563.0,EAE_C10_2004.xls,FBCF,si,no_mapeado_o_no_usado
2004,adquisiciones_importadas,G,52,,2761350.0,EAE_C10_2004.xls,FBCF,si,no_mapeado_o_no_usado
2004,adquisiciones_origen_importado,G,52,,302636793.0,EAE_C10_2004.xls,FBCF,si,no_mapeado_o_no_usado
2004,fbcf,G,521,,421044681.0,EAE_C10_2004.xls,FBCF,no,no_mapeado_o_no_usado
2004,adquisiciones_importadas,G,521,,520825.0,EAE_C10_2004.xls,FBCF,no,no_mapeado_o_no_usado
2004,adquisiciones_origen_importado,G,521,,15746335.0,EAE_C10_2004.xls,FBCF,no,no_mapeado_o_no_usado
2004,fbcf,G,5210,,421044681.0,EAE_C10_2004.xls,FBCF,no,no_mapeado_o_no_usado
2004,adquisiciones_importadas,G,5210,,520825.0,EAE_C10_2004.xls,FBCF,no,no_mapeado_o_no_usado
2004,adquisiciones_origen_importado,G,5210,,15746335.0,EAE_C10_2004.xls,FBCF,no,no_mapeado_o_no_usado
2004,fbcf,G,522,,74300360.0,EAE_C10_2004.xls,FBCF,no,no_mapeado_o_no_usado
2004,adquisiciones_importadas,G,522,,348618.0,EAE_C10_2004.xls,FBCF,no,no_mapeado_o_no_usado
2004,adquisiciones_origen_importado,G,522,,46253151.0,EAE_C10_2004.xls,FBCF,no,no_mapeado_o_no_usado
2004,fbcf,G,5220,,74300360.0,EAE_C10_2004.xls,FBCF,no,no_mapeado_o_no_usado
2004,adquisiciones_importadas,G,5220,,348618.0,EAE_C10_2004.xls,FBCF,no,no_mapeado_o_no_usado
2004,adquisiciones_origen_importado,G,5220,,46253151.0,EAE_C10_2004.xls,FBCF,no,no_mapeado_o_no_usado
2004,fbcf,G,523,,729055482.0,EAE_C10_2004.xls,FBCF,no,no_mapeado_o_no_usado
2004,adquisiciones_importadas,G,523,,1891907.0,EAE_C10_2004.xls,FBCF,no,no_mapeado_o_no_usado
2004,adquisiciones_origen_importado,G,523,,240637307.0,EAE_C10_2004.xls,FBCF,no,no_mapeado_o_no_usado
2004,fbcf,G,5231,,22656436.0,EAE_C10_2004.xls,FBCF,no,no_mapeado_o_no_usado
2004,adquisiciones_importadas,G,5231,,0.0,EAE_C10_2004.xls,FBCF,no,no_mapeado_o_no_usado
2004,adquisiciones_origen_importado,G,5231,,1086214.0,EAE_C10_2004.xls,FBCF,no,no_mapeado_o_no_usado
2004,fbcf,G,5232,,71455180.0,EAE_C10_2004.xls,FBCF,no,no_mapeado_o_no_usado
2004,adquisiciones_importadas,G,5232,,1891907.0,EAE_C10_2004.xls,FBCF,no,no_mapeado_o_no_usado
2004,adquisiciones_origen_importado,G,5232,,22531451.0,EAE_C10_2004.xls,FBCF,no,no_mapeado_o_no_usado
2004,fbcf,G,5233,,454526078.0,EAE_C10_2004.xls,FBCF,no,no_mapeado_o_no_usado
2004,adquisiciones_importadas,G,5233,,0.0,EAE_C10_2004.xls,FBCF,no,no_mapeado_o_no_usado
2004,adquisiciones_origen_importado,G,5233,,85428722.0,EAE_C10_2004.xls,FBCF,no,no_mapeado_o_no_usado
2004,fbcf,G,5234,,155945869.0,EAE_C10_2004.xls,FBCF,no,no_mapeado_o_no_usado
2004,adquisiciones_importadas,G,5234,,0.0,EAE_C10_2004.xls,FBCF,no,no_mapeado_o_no_usado
2004,adquisiciones_origen_importado,G,5234,,123816183.0,EAE_C10_2004.xls,FBCF,no,no_mapeado_o_no_usado
2004,fbcf,G,5239,,24471919.0,EAE_C10_2004.xls,FBCF,no,no_mapeado_o_no_usado
2004,adquisiciones_importadas,G,5239,,0.0,EAE_C10_2004.xls,FBCF,no,no_mapeado_o_no_usado
2004,adquisiciones_origen_importado,G,5239,,7774737.0,EAE_C10_2004.xls,FBCF,no,no_mapeado_o_no_usado
2004,fbcf,G,525,,-6000.0,EAE_C10_2004.xls,FBCF,no,no_mapeado_o_no_usado
2004,adquisiciones_importadas,G,525,,0.0,EAE_C10_2004.xls,FBCF,no,no_mapeado_o_no_usado
2004,adquisiciones_origen_importado,G,525,,0.0,EAE_C10_2004.xls,FBCF,no,no_mapeado_o_no_usado
2004,fbcf,G,5252,,-6000.0,EAE_C10_2004.xls,FBCF,no,no_mapeado_o_no_usado
2004,adquisiciones_importadas,G,5252,,0.0,EAE_C10_2004.xls,FBCF,no,no_mapeado_o_no_usado
2004,adquisiciones_origen_importado,G,5252,,0.0,EAE_C10_2004.xls,FBCF,no,no_mapeado_o_no_usado
2004,fbcf,G,526,,231040.0,EAE_C10_2004.xls,FBCF,no,no_mapeado_o_no_usado
2004,adquisiciones_importadas,G,526,,0.0,EAE_C10_2004.xls,FBCF,no,no_mapeado_o_no_usado
2004,adquisiciones_origen_importado,G,526,,0.0,EAE_C10_2004.xls,FBCF,no,no_mapeado_o_no_usado
2004,fbcf,G,5260,,231040.0,EAE_C10_2004.xls,FBCF,no,no_mapeado_o_no_usado
2004,adquisiciones_importadas,G,5260,,0.0,EAE_C10_2004.xls,FBCF,no,no_mapeado_o_no_usado
2004,adquisiciones_origen_importado,G,5260,,0.0,EAE_C10_2004.xls,FBCF,no,no_mapeado_o_no_usado
2004,fbcf,H,,,564815404.0,EAE_C10_2004.xls,FBCF,no,no_mapeado_o_no_usado
2004,adquisiciones_importadas,H,,,0.0,EAE_C10_2004.xls,FBCF,no,no_mapeado_o_no_usado
2004,adquisiciones_origen_importado,H,,,17194896.0,EAE_C10_2004.xls,FBCF,no,no_mapeado_o_no_usado
2004,fbcf,H,55,,564815404.0,EAE_C10_2004.xls,FBCF,si,no_mapeado_o_no_usado
2004,adquisiciones_importadas,H,55,,0.0,EAE_C10_2004.xls,FBCF,si,no_mapeado_o_no_usado
2004,adquisiciones_origen_importado,H,55,,17194896.0,EAE_C10_2004.xls,FBCF,si,no_mapeado_o_no_usado
2004,fbcf,H,551,,509106677.0,EAE_C10_2004.xls,FBCF,no,no_mapeado_o_no_usado
2004,adquisiciones_importadas,H,551,,0.0,EAE_C10_2004.xls,FBCF,no,no_mapeado_o_no_usado
2004,adquisiciones_origen_importado,H,551,,3843164.0,EAE_C10_2004.xls,FBCF,no,no_mapeado_o_no_usado
2004,fbcf,H,5511,,469037748.0,EAE_C10_2004.xls,FBCF,no,no_mapeado_o_no_usado
2004,adquisiciones_importadas,H,5511,,0.0,EAE_C10_2004.xls,FBCF,no,no_mapeado_o_no_usado
2004,adquisiciones_origen_importado,H,5511,,3843164.0,EAE_C10_2004.xls,FBCF,no,no_mapeado_o_no_usado
2004,fbcf,H,5512,,40068929.0,EAE_C10_2004.xls,FBCF,no,no_mapeado_o_no_usado
2004,adquisiciones_importadas,H,5512,,0.0,EAE_C10_2004.xls,FBCF,no,no_mapeado_o_no_usado
2004,adquisiciones_origen_importado,H,5512,,0.0,EAE_C10_2004.xls,FBCF,no,no_mapeado_o_no_usado
2004,fbcf,H,552,,55708727.0,EAE_C10_2004.xls,FBCF,no,no_mapeado_o_no_usado
2004,adquisiciones_importadas,H,552,,0.0,EAE_C10_2004.xls,FBCF,no,no_mapeado_o_no_usado
2004,adquisiciones_origen_importado,H,552,,13351732.0,EAE_C10_2004.xls,FBCF,no,no_mapeado_o_no_usado
2004,fbcf,H,5520,,55708727.0,EAE_C10_2004.xls,FBCF,no,no_mapeado_o_no_usado
2004,adquisiciones_importadas,H,5520,,0.0,EAE_C10_2004.xls,FBCF,no,no_mapeado_o_no_usado
2004,adquisiciones_origen_importado,H,5520,,13351732.0,EAE_C10_2004.xls,FBCF,no,no_mapeado_o_no_usado
2004,fbcf,I,,,6988113014.0,EAE_C10_2004.xls,FBCF,no,no_mapeado_o_no_usado
2004,adquisiciones_importadas,I,,,443287668.0,EAE_C10_2004.xls,FBCF,no,no_mapeado_o_no_usado
2004,adquisiciones_origen_importado,I,,,940736307.0,EAE_C10_2004.xls,FBCF,no,no_mapeado_o_no_usado
2004,fbcf,I,60,,417489239.0,EAE_C10_2004.xls,FBCF,si,no_mapeado_o_no_usado
2004,adquisiciones_importadas,I,60,,85799491.0,EAE_C10_2004.xls,FBCF,si,no_mapeado_o_no_usado
2004,adquisiciones_origen_importado,I,60,,226083216.0,EAE_C10_2004.xls,FBCF,si,no_mapeado_o_no_usado
2004,fbcf,I,601,,658369.0,EAE_C10_2004.xls,FBCF,no,no_mapeado_o_no_usado
2004,adquisiciones_importadas,I,601,,0.0,EAE_C10_2004.xls,FBCF,no,no_mapeado_o_no_usado
2004,adquisiciones_origen_importado,I,601,,0.0,EAE_C10_2004.xls,FBCF,no,no_mapeado_o_no_usado
2004,fbcf,I,6010,,658369.0,EAE_C10_2004.xls,FBCF,no,no_mapeado_o_no_usado
2004,adquisiciones_importadas,I,6010,,0.0,EAE_C10_2004.xls,FBCF,no,no_mapeado_o_no_usado
2004,adquisiciones_origen_importado,I,6010,,0.0,EAE_C10_2004.xls,FBCF,no,no_mapeado_o_no_usado
2004,fbcf,I,602,,416830870.0,EAE_C10_2004.xls,FBCF,no,no_mapeado_o_no_usado
2004,adquisiciones_importadas,I,602,,85799491.0,EAE_C10_2004.xls,FBCF,no,no_mapeado_o_no_usado
2004,adquisiciones_origen_importado,I,602,,226083216.0,EAE_C10_2004.xls,FBCF,no,no_mapeado_o_no_usado
2004,fbcf,I,6021,,169027675.0,EAE_C10_2004.xls,FBCF,no,no_mapeado_o_no_usado
2004,adquisiciones_importadas,I,6021,,43362858.0,EAE_C10_2004.xls,FBCF,no,no_mapeado_o_no_usado
2004,adquisiciones_origen_importado,I,6021,,51852750.0,EAE_C10_2004.xls,FBCF,no,no_mapeado_o_no_usado
2004,fbcf,I,6022,,3320519.0,EAE_C10_2004.xls,FBCF,no,no_mapeado_o_no_usado
2004,adquisiciones_importadas,I,6022,,0.0,EAE_C10_2004.xls,FBCF,no,no_mapeado_o_no_usado
2004,adquisiciones_origen_importado,I,6022,,9771019.0,EAE_C10_2004.xls,FBCF,no,no_mapeado_o_no_usado
2004,fbcf,I,6023,,244482676.0,EAE_C10_2004.xls,FBCF,no,no_mapeado_o_no_usado
2004,adquisiciones_importadas,I,6023,,42436633.0,EAE_C10_2004.xls,FBCF,no,no_mapeado_o_no_usado
2004,adquisiciones_origen_importado,I,6023,,164459447.0,EAE_C10_2004.xls,FBCF,no,no_mapeado_o_no_usado
2004,fbcf,I,61,,79354739.0,EAE_C10_2004.xls,FBCF,si,no_mapeado_o_no_usado
2004,adquisiciones_importadas,I,61,,54125334.0,EAE_C10_2004.xls,FBCF,si,no_mapeado_o_no_usado
2004,adquisiciones_origen_importado,I,61,,517507.0,EAE_C10_2004.xls,FBCF,si,no_mapeado_o_no_usado
2004,fbcf,I,611,,79354739.0,EAE_C10_2004.xls,FBCF,no,no_mapeado_o_no_usado
2004,adquisiciones_importadas,I,611,,54125334.0,EAE_C10_2004.xls,FBCF,no,no_mapeado_o_no_usado
2004,adquisiciones_origen_importado,I,611,,517507.0,EAE_C10_2004.xls,FBCF,no,no_mapeado_o_no_usado
2004,fbcf,I,6110,,79354739.0,EAE_C10_2004.xls,FBCF,no,no_mapeado_o_no_usado
2004,adquisiciones_importadas,I,6110,,54125334.0,EAE_C10_2004.xls,FBCF,no,no_mapeado_o_no_usado
2004,adquisiciones_origen_importado,I,6110,,517507.0,EAE_C10_2004.xls,FBCF,no,no_mapeado_o_no_usado
2004,fbcf,I,62,,4928997.0,EAE_C10_2004.xls,FBCF,si,no_mapeado_o_no_usado
2004,adquisiciones_importadas,I,62,,0.0,EAE_C10_2004.xls,FBCF,si,no_mapeado_o_no_usado
2004,adquisiciones_origen_importado,I,62,,836708.0,EAE_C10_2004.xls,FBCF,si,no_mapeado_o_no_usado
2004,fbcf,I,621,,4928997.0,EAE_C10_2004.xls,FBCF,no,no_mapeado_o_no_usado
2004,adquisiciones_importadas,I,621,,0.0,EAE_C10_2004.xls,FBCF,no,no_mapeado_o_no_usado
2004,adquisiciones_origen_importado,I,621,,836708.0,EAE_C10_2004.xls,FBCF,no,no_mapeado_o_no_usado
2004,fbcf,I,6210,,4928997.0,EAE_C10_2004.xls,FBCF,no,no_mapeado_o_no_usado
2004,adquisiciones_importadas,I,6210,,0.0,EAE_C10_2004.xls,FBCF,no,no_mapeado_o_no_usado
2004,adquisiciones_origen_importado,I,6210,,836708.0,EAE_C10_2004.xls,FBCF,no,no_mapeado_o_no_usado
2004,fbcf,I,63,,1716151865.0,EAE_C10_2004.xls,FBCF,si,no_mapeado_o_no_usado
2004,adquisiciones_importadas,I,63,,259244149.0,EAE_C10_2004.xls,FBCF,si,no_mapeado_o_no_usado
2004,adquisiciones_origen_importado,I,63,,617052377.0,EAE_C10_2004.xls,FBCF,si,no_mapeado_o_no_usado
2004,fbcf,I,630,,1716151865.0,EAE_C10_2004.xls,FBCF,no,no_mapeado_o_no_usado
2004,adquisiciones_importadas,I,630,,259244149.0,EAE_C10_2004.xls,FBCF,no,no_mapeado_o_no_usado
2004,adquisiciones_origen_importado,I,630,,617052377.0,EAE_C10_2004.xls,FBCF,no,no_mapeado_o_no_usado
2004,fbcf,I,6301,,147754295.0,EAE_C10_2004.xls,FBCF,no,no_mapeado_o_no_usado
2004,adquisiciones_importadas,I,6301,,4708664.0,EAE_C10_2004.xls,FBCF,no,no_mapeado_o_no_usado
2004,adquisiciones_origen_importado,I,6301,,8850026.0,EAE_C10_2004.xls,FBCF,no,no_mapeado_o_no_usado
2004,fbcf,I,6302,,162826513.0,EAE_C10_2004.xls,FBCF,no,no_mapeado_o_no_usado
2004,adquisiciones_importadas,I,6302,,93872678.0,EAE_C10_2004.xls,FBCF,no,no_mapeado_o_no_usado
2004,adquisiciones_origen_importado,I,6302,,7719320.0,EAE_C10_2004.xls,FBCF,no,no_mapeado_o_no_usado
2004,fbcf,I,6303,,872940737.0,EAE_C10_2004.xls,FBCF,no,no_mapeado_o_no_usado
2004,adquisiciones_importadas,I,6303,,159165538.0,EAE_C10_2004.xls,FBCF,no,no_mapeado_o_no_usado
2004,adquisiciones_origen_importado,I,6303,,349578185.0,EAE_C10_2004.xls,FBCF,no,no_mapeado_o_no_usado
2004,fbcf,I,6304,,9082250.0,EAE_C10_2004.xls,FBCF,no,no_mapeado_o_no_usado
2004,adquisiciones_importadas,I,6304,,0.0,EAE_C10_2004.xls,FBCF,no,no_mapeado_o_no_usado
2004,adquisiciones_origen_importado,I,6304,,266803.0,EAE_C10_2004.xls,FBCF,no,no_mapeado_o_no_usado
2004,fbcf,I,6309,,523548070.0,EAE_C10_2004.xls,FBCF,no,no_mapeado_o_no_usado
2004,adquisiciones_importadas,I,6309,,1497269.0,EAE_C10_2004.xls,FBCF,no,no_mapeado_o_no_usado
2004,adquisiciones_origen_importado,I,6309,,250638043.0,EAE_C10_2004.xls,FBCF,no,no_mapeado_o_no_usado
2004,fbcf,I,64,,4770188174.0,EAE_C10_2004.xls,FBCF,si,no_mapeado_o_no_usado
2004,adquisiciones_importadas,I,64,,44118694.0,EAE_C10_2004.xls,FBCF,si,no_mapeado_o_no_usado
2004,adquisiciones_origen_importado,I,64,,96246499.0,EAE_C10_2004.xls,FBCF,si,no_mapeado_o_no_usado
2004,fbcf,I,641,,24140275.0,EAE_C10_2004.xls,FBCF,no,no_mapeado_o_no_usado
2004,adquisiciones_importadas,I,641,,96906.0,EAE_C10_2004.xls,FBCF,no,no_mapeado_o_no_usado
2004,adquisiciones_origen_importado,I,641,,2156420.0,EAE_C10_2004.xls,FBCF,no,no_mapeado_o_no_usado
2004,fbcf,I,6410,,24140275.0,EAE_C10_2004.xls,FBCF,no,no_mapeado_o_no_usado
2004,adquisiciones_importadas,I,6410,,96906.0,EAE_C10_2004.xls,FBCF,no,no_mapeado_o_no_usado
2004,adquisiciones_origen_importado,I,6410,,2156420.0,EAE_C10_2004.xls,FBCF,no,no_mapeado_o_no_usado
2004,fbcf,I,642,,4746047899.0,EAE_C10_2004.xls,FBCF,no,no_mapeado_o_no_usado
2004,adquisiciones_importadas,I,642,,44021788.0,EAE_C10_2004.xls,FBCF,no,no_mapeado_o_no_usado
2004,adquisiciones_origen_importado,I,642,,94090079.0,EAE_C10_2004.xls,FBCF,no,no_mapeado_o_no_usado
2004,fbcf,I,6420,,4746047899.0,EAE_C10_2004.xls,FBCF,no,no_mapeado_o_no_usado
2004,adquisiciones_importadas,I,6420,,44021788.0,EAE_C10_2004.xls,FBCF,no,no_mapeado_o_no_usado
2004,adquisiciones_origen_importado,I,6420,,94090079.0,EAE_C10_2004.xls,FBCF,no,no_mapeado_o_no_usado
2004,fbcf,K,,,1110214370.0,EAE_C10_2004.xls,FBCF,no,no_mapeado_o_no_usado
2004,adquisiciones_importadas,K,,,128520209.0,EAE_C10_2004.xls,FBCF,no,no_mapeado_o_no_usado
2004,adquisiciones_origen_importado,K,,,183666728.0,EAE_C10_2004.xls,FBCF,no,no_mapeado_o_no_usado
2004,fbcf,K,71,,145488843.0,EAE_C10_2004.xls,FBCF,si,no_mapeado_o_no_usado
2004,adquisiciones_importadas,K,71,,1506496.0,EAE_C10_2004.xls,FBCF,si,no_mapeado_o_no_usado
2004,adquisiciones_origen_importado,K,71,,116816640.0,EAE_C10_2004.xls,FBCF,si,no_mapeado_o_no_usado
2004,fbcf,K,711,,97603436.0,EAE_C10_2004.xls,FBCF,no,no_mapeado_o_no_usado
2004,adquisiciones_importadas,K,711,,0.0,EAE_C10_2004.xls,FBCF,no,no_mapeado_o_no_usado
2004,adquisiciones_origen_importado,K,711,,109801307.0,EAE_C10_2004.xls,FBCF,no,no_mapeado_o_no_usado
2004,fbcf,K,7110,,97603436.0,EAE_C10_2004.xls,FBCF,no,no_mapeado_o_no_usado
2004,adquisiciones_importadas,K,7110,,0.0,EAE_C10_2004.xls,FBCF,no,no_mapeado_o_no_usado
2004,adquisiciones_origen_importado,K,7110,,109801307.0,EAE_C10_2004.xls,FBCF,no,no_mapeado_o_no_usado
2004,fbcf,K,712,,40511977.0,EAE_C10_2004.xls,FBCF,no,no_mapeado_o_no_usado
2004,adquisiciones_importadas,K,712,,67072.0,EAE_C10_2004.xls,FBCF,no,no_mapeado_o_no_usado
2004,adquisiciones_origen_importado,K,712,,628852.0,EAE_C10_2004.xls,FBCF,no,no_mapeado_o_no_usado
2004,fbcf,K,7120,,40511977.0,EAE_C10_2004.xls,FBCF,no,no_mapeado_o_no_usado
2004,adquisiciones_importadas,K,7120,,67072.0,EAE_C10_2004.xls,FBCF,no,no_mapeado_o_no_usado
2004,adquisiciones_origen_importado,K,7120,,628852.0,EAE_C10_2004.xls,FBCF,no,no_mapeado_o_no_usado
2004,fbcf,K,713,,7373430.0,EAE_C10_2004.xls,FBCF,no,no_mapeado_o_no_usado
2004,adquisiciones_importadas,K,713,,1439424.0,EAE_C10_2004.xls,FBCF,no,no_mapeado_o_no_usado
2004,adquisiciones_origen_importado,K,713,,6386481.0,EAE_C10_2004.xls,FBCF,no,no_mapeado_o_no_usado
2004,fbcf,K,7130,,7373430.0,EAE_C10_2004.xls,FBCF,no,no_mapeado_o_no_usado
2004,adquisiciones_importadas,K,7130,,1439424.0,EAE_C10_2004.xls,FBCF,no,no_mapeado_o_no_usado
2004,adquisiciones_origen_importado,K,7130,,6386481.0,EAE_C10_2004.xls,FBCF,no,no_mapeado_o_no_usado
2004,fbcf,K,72,,140428356.0,EAE_C10_2004.xls,FBCF,si,no_mapeado_o_no_usado
2004,adquisiciones_importadas,K,72,,60699037.0,EAE_C10_2004.xls,FBCF,si,no_mapeado_o_no_usado
2004,adquisiciones_origen_importado,K,72,,23615082.0,EAE_C10_2004.xls,FBCF,si,no_mapeado_o_no_usado
2004,fbcf,K,721,,95338552.0,EAE_C10_2004.xls,FBCF,no,no_mapeado_o_no_usado
2004,adquisiciones_importadas,K,721,,42529193.0,EAE_C10_2004.xls,FBCF,no,no_mapeado_o_no_usado
2004,adquisiciones_origen_importado,K,721,,14986929.0,EAE_C10_2004.xls,FBCF,no,no_mapeado_o_no_usado
2004,fbcf,K,7210,,95338552.0,EAE_C10_2004.xls,FBCF,no,no_mapeado_o_no_usado
2004,adquisiciones_importadas,K,7210,,42529193.0,EAE_C10_2004.xls,FBCF,no,no_mapeado_o_no_usado
2004,adquisiciones_origen_importado,K,7210,,14986929.0,EAE_C10_2004.xls,FBCF,no,no_mapeado_o_no_usado
2004,fbcf,K,722,,27204339.0,EAE_C10_2004.xls,FBCF,no,no_mapeado_o_no_usado
2004,adquisiciones_importadas,K,722,,5519301.0,EAE_C10_2004.xls,FBCF,no,no_mapeado_o_no_usado
2004,adquisiciones_origen_importado,K,722,,8177401.0,EAE_C10_2004.xls,FBCF,no,no_mapeado_o_no_usado
2004,fbcf,K,7220,,27204339.0,EAE_C10_2004.xls,FBCF,no,no_mapeado_o_no_usado
2004,adquisiciones_importadas,K,7220,,5519301.0,EAE_C10_2004.xls,FBCF,no,no_mapeado_o_no_usado
2004,adquisiciones_origen_importado,K,7220,,8177401.0,EAE_C10_2004.xls,FBCF,no,no_mapeado_o_no_usado
2004,fbcf,K,723,,1777228.0,EAE_C10_2004.xls,FBCF,no,no_mapeado_o_no_usado
2004,adquisiciones_importadas,K,723,,1232355.0,EAE_C10_2004.xls,FBCF,no,no_mapeado_o_no_usado
2004,adquisiciones_origen_importado,K,723,,37768.0,EAE_C10_2004.xls,FBCF,no,no_mapeado_o_no_usado
2004,fbcf,K,7230,,1777228.0,EAE_C10_2004.xls,FBCF,no,no_mapeado_o_no_usado
2004,adquisiciones_importadas,K,7230,,1232355.0,EAE_C10_2004.xls,FBCF,no,no_mapeado_o_no_usado
2004,adquisiciones_origen_importado,K,7230,,37768.0,EAE_C10_2004.xls,FBCF,no,no_mapeado_o_no_usado
2004,fbcf,K,725,,16108237.0,EAE_C10_2004.xls,FBCF,no,no_mapeado_o_no_usado
2004,adquisiciones_importadas,K,725,,11418188.0,EAE_C10_2004.xls,FBCF,no,no_mapeado_o_no_usado
2004,adquisiciones_origen_importado,K,725,,412984.0,EAE_C10_2004.xls,FBCF,no,no_mapeado_o_no_usado
2004,fbcf,K,7250,,16108237.0,EAE_C10_2004.xls,FBCF,no,no_mapeado_o_no_usado
2004,adquisiciones_importadas,K,7250,,11418188.0,EAE_C10_2004.xls,FBCF,no,no_mapeado_o_no_usado
2004,adquisiciones_origen_importado,K,7250,,412984.0,EAE_C10_2004.xls,FBCF,no,no_mapeado_o_no_usado
2004,fbcf,K,73,,6651772.0,EAE_C10_2004.xls,FBCF,si,no_mapeado_o_no_usado
2004,adquisiciones_importadas,K,73,,0.0,EAE_C10_2004.xls,FBCF,si,no_mapeado_o_no_usado
2004,adquisiciones_origen_importado,K,73,,1485779.0,EAE_C10_2004.xls,FBCF,si,no_mapeado_o_no_usado
2004,fbcf,K,730,,6651772.0,EAE_C10_2004.xls,FBCF,no,no_mapeado_o_no_usado
2004,adquisiciones_importadas,K,730,,0.0,EAE_C10_2004.xls,FBCF,no,no_mapeado_o_no_usado
2004,adquisiciones_origen_importado,K,730,,1485779.0,EAE_C10_2004.xls,FBCF,no,no_mapeado_o_no_usado
2004,fbcf,K,7300,,6651772.0,EAE_C10_2004.xls,FBCF,no,no_mapeado_o_no_usado
2004,adquisiciones_importadas,K,7300,,0.0,EAE_C10_2004.xls,FBCF,no,no_mapeado_o_no_usado
2004,adquisiciones_origen_importado,K,7300,,1485779.0,EAE_C10_2004.xls,FBCF,no,no_mapeado_o_no_usado
2004,fbcf,K,74,,817645399.0,EAE_C10_2004.xls,FBCF,si,no_mapeado_o_no_usado
2004,adquisiciones_importadas,K,74,,66314676.0,EAE_C10_2004.xls,FBCF,si,no_mapeado_o_no_usado
2004,adquisiciones_origen_importado,K,74,,41749227.0,EAE_C10_2004.xls,FBCF,si,no_mapeado_o_no_usado
2004,fbcf,K,741,,24033951.0,EAE_C10_2004.xls,FBCF,no,no_mapeado_o_no_usado
2004,adquisiciones_importadas,K,741,,408329.0,EAE_C10_2004.xls,FBCF,no,no_mapeado_o_no_usado
2004,adquisiciones_origen_importado,K,741,,8330578.0,EAE_C10_2004.xls,FBCF,no,no_mapeado_o_no_usado
2004,fbcf,K,7411,,6496862.0,EAE_C10_2004.xls,FBCF,no,no_mapeado_o_no_usado
2004,adquisiciones_importadas,K,7411,,0.0,EAE_C10_2004.xls,FBCF,no,no_mapeado_o_no_usado
2004,adquisiciones_origen_importado,K,7411,,0.0,EAE_C10_2004.xls,FBCF,no,no_mapeado_o_no_usado
2004,fbcf,K,7412,,15274829.0,EAE_C10_2004.xls,FBCF,no,no_mapeado_o_no_usado
2004,adquisiciones_importadas,K,7412,,408329.0,EAE_C10_2004.xls,FBCF,no,no_mapeado_o_no_usado
2004,adquisiciones_origen_importado,K,7412,,1395094.0,EAE_C10_2004.xls,FBCF,no,no_mapeado_o_no_usado
2004,fbcf,K,7413,,2032152.0,EAE_C10_2004.xls,FBCF,no,no_mapeado_o_no_usado
2004,adquisiciones_importadas,K,7413,,0.0,EAE_C10_2004.xls,FBCF,no,no_mapeado_o_no_usado
2004,adquisiciones_origen_importado,K,7413,,1832222.0,EAE_C10_2004.xls,FBCF,no,no_mapeado_o_no_usado
2004,fbcf,K,7414,,230108.0,EAE_C10_2004.xls,FBCF,no,no_mapeado_o_no_usado
2004,adquisiciones_importadas,K,7414,,0.0,EAE_C10_2004.xls,FBCF,no,no_mapeado_o_no_usado
2004,adquisiciones_origen_importado,K,7414,,5103262.0,EAE_C10_2004.xls,FBCF,no,no_mapeado_o_no_usado
2004,fbcf,K,742,,401116638.0,EAE_C10_2004.xls,FBCF,no,no_mapeado_o_no_usado
2004,adquisiciones_importadas,K,742,,26069924.0,EAE_C10_2004.xls,FBCF,no,no_mapeado_o_no_usado
2004,adquisiciones_origen_importado,K,742,,7884089.0,EAE_C10_2004.xls,FBCF,no,no_mapeado_o_no_usado
2004,fbcf,K,7421,,372129976.0,EAE_C10_2004.xls,FBCF,no,no_mapeado_o_no_usado
2004,adquisiciones_importadas,K,7421,,0.0,EAE_C10_2004.xls,FBCF,no,no_mapeado_o_no_usado
2004,adquisiciones_origen_importado,K,7421,,1607313.0,EAE_C10_2004.xls,FBCF,no,no_mapeado_o_no_usado
2004,fbcf,K,7422,,28986662.0,EAE_C10_2004.xls,FBCF,no,no_mapeado_o_no_usado
2004,adquisiciones_importadas,K,7422,,26069924.0,EAE_C10_2004.xls,FBCF,no,no_mapeado_o_no_usado
2004,adquisiciones_origen_importado,K,7422,,6276776.0,EAE_C10_2004.xls,FBCF,no,no_mapeado_o_no_usado
2004,fbcf,K,743,,20858963.0,EAE_C10_2004.xls,FBCF,no,no_mapeado_o_no_usado
2004,adquisiciones_importadas,K,743,,0.0,EAE_C10_2004.xls,FBCF,no,no_mapeado_o_no_usado
2004,adquisiciones_origen_importado,K,743,,2816374.0,EAE_C10_2004.xls,FBCF,no,no_mapeado_o_no_usado
2004,fbcf,K,7430,,20858963.0,EAE_C10_2004.xls,FBCF,no,no_mapeado_o_no_usado
2004,adquisiciones_importadas,K,7430,,0.0,EAE_C10_2004.xls,FBCF,no,no_mapeado_o_no_usado
2004,adquisiciones_origen_importado,K,7430,,2816374.0,EAE_C10_2004.xls,FBCF,no,no_mapeado_o_no_usado
2004,fbcf,K,749,,371635847.0,EAE_C10_2004.xls,FBCF,no,no_mapeado_o_no_usado
2004,adquisiciones_importadas,K,749,,39836423.0,EAE_C10_2004.xls,FBCF,no,no_mapeado_o_no_usado
2004,adquisiciones_origen_importado,K,749,,22718186.0,EAE_C10_2004.xls,FBCF,no,no_mapeado_o_no_usado
2004,fbcf,K,7491,,-390192.0,EAE_C10_2004.xls,FBCF,no,no_mapeado_o_no_usado
2004,adquisiciones_importadas,K,7491,,165358.0,EAE_C10_2004.xls,FBCF,no,no_mapeado_o_no_usado
2004,adquisiciones_origen_importado,K,7491,,99909.0,EAE_C10_2004.xls,FBCF,no,no_mapeado_o_no_usado
2004,fbcf,K,7492,,58037684.0,EAE_C10_2004.xls,FBCF,no,no_mapeado_o_no_usado
2004,adquisiciones_importadas,K,7492,,1071840.0,EAE_C10_2004.xls,FBCF,no,no_mapeado_o_no_usado
2004,adquisiciones_origen_importado,K,7492,,2315053.0,EAE_C10_2004.xls,FBCF,no,no_mapeado_o_no_usado
2004,fbcf,K,7493,,24579656.0,EAE_C10_2004.xls,FBCF,no,no_mapeado_o_no_usado
2004,adquisiciones_importadas,K,7493,,0.0,EAE_C10_2004.xls,FBCF,no,no_mapeado_o_no_usado
2004,adquisiciones_origen_importado,K,7493,,9740462.0,EAE_C10_2004.xls,FBCF,no,no_mapeado_o_no_usado
2004,fbcf,K,7494,,1084264.0,EAE_C10_2004.xls,FBCF,no,no_mapeado_o_no_usado
2004,adquisiciones_importadas,K,7494,,0.0,EAE_C10_2004.xls,FBCF,no,no_mapeado_o_no_usado
2004,adquisiciones_origen_importado,K,7494,,2898304.0,EAE_C10_2004.xls,FBCF,no,no_mapeado_o_no_usado
2004,fbcf,K,7499,,288324435.0,EAE_C10_2004.xls,FBCF,no,no_mapeado_o_no_usado
2004,adquisiciones_importadas,K,7499,,38599225.0,EAE_C10_2004.xls,FBCF,no,no_mapeado_o_no_usado
2004,adquisiciones_origen_importado,K,7499,,7664458.0,EAE_C10_2004.xls,FBCF,no,no_mapeado_o_no_usado
2004,fbcf,M,,,442468386.0,EAE_C10_2004.xls,FBCF,no,no_mapeado_o_no_usado
2004,adquisiciones_importadas,M,,,12004244.0,EAE_C10_2004.xls,FBCF,no,no_mapeado_o_no_usado
2004,adquisiciones_origen_importado,M,,,14446685.0,EAE_C10_2004.xls,FBCF,no,no_mapeado_o_no_usado
2004,fbcf,M,80,,442468386.0,EAE_C10_2004.xls,FBCF,si,no_mapeado_o_no_usado
2004,adquisiciones_importadas,M,80,,12004244.0,EAE_C10_2004.xls,FBCF,si,no_mapeado_o_no_usado
2004,adquisiciones_origen_importado,M,80,,14446685.0,EAE_C10_2004.xls,FBCF,si,no_mapeado_o_no_usado
2004,fbcf,M,801,,99032512.0,EAE_C10_2004.xls,FBCF,no,no_mapeado_o_no_usado
2004,adquisiciones_importadas,M,801,,65000.0,EAE_C10_2004.xls,FBCF,no,no_mapeado_o_no_usado
2004,adquisiciones_origen_importado,M,801,,4231791.0,EAE_C10_2004.xls,FBCF,no,no_mapeado_o_no_usado
2004,fbcf,M,8010,,99032512.0,EAE_C10_2004.xls,FBCF,no,no_mapeado_o_no_usado
2004,adquisiciones_importadas,M,8010,,65000.0,EAE_C10_2004.xls,FBCF,no,no_mapeado_o_no_usado
2004,adquisiciones_origen_importado,M,8010,,4231791.0,EAE_C10_2004.xls,FBCF,no,no_mapeado_o_no_usado
2004,fbcf,M,802,,71434393.0,EAE_C10_2004.xls,FBCF,no,no_mapeado_o_no_usado
2004,adquisiciones_importadas,M,802,,0.0,EAE_C10_2004.xls,FBCF,no,no_mapeado_o_no_usado
2004,adquisiciones_origen_importado,M,802,,1537103.0,EAE_C10_2004.xls,FBCF,no,no_mapeado_o_no_usado
2004,fbcf,M,8020,,71434393.0,EAE_C10_2004.xls,FBCF,no,no_mapeado_o_no_usado
2004,adquisiciones_importadas,M,8020,,0.0,EAE_C10_2004.xls,FBCF,no,no_mapeado_o_no_usado
2004,adquisiciones_origen_importado,M,8020,,1537103.0,EAE_C10_2004.xls,FBCF,no,no_mapeado_o_no_usado
2004,fbcf,M,803,,192450528.0,EAE_C10_2004.xls,FBCF,no,no_mapeado_o_no_usado
2004,adquisiciones_importadas,M,803,,11939244.0,EAE_C10_2004.xls,FBCF,no,no_mapeado_o_no_usado
2004,adquisiciones_origen_importado,M,803,,2970862.0,EAE_C10_2004.xls,FBCF,no,no_mapeado_o_no_usado
2004,fbcf,M,8030,,192450528.0,EAE_C10_2004.xls,FBCF,no,no_mapeado_o_no_usado
2004,adquisiciones_importadas,M,8030,,11939244.0,EAE_C10_2004.xls,FBCF,no,no_mapeado_o_no_usado
2004,adquisiciones_origen_importado,M,8030,,2970862.0,EAE_C10_2004.xls,FBCF,no,no_mapeado_o_no_usado
2004,fbcf,M,809,,79550953.0,EAE_C10_2004.xls,FBCF,no,no_mapeado_o_no_usado
2004,adquisiciones_importadas,M,809,,0.0,EAE_C10_2004.xls,FBCF,no,no_mapeado_o_no_usado
2004,adquisiciones_origen_importado,M,809,,5706929.0,EAE_C10_2004.xls,FBCF,no,no_mapeado_o_no_usado
2004,fbcf,M,8090,,79550953.0,EAE_C10_2004.xls,FBCF,no,no_mapeado_o_no_usado
2004,adquisiciones_importadas,M,8090,,0.0,EAE_C10_2004.xls,FBCF,no,no_mapeado_o_no_usado
2004,adquisiciones_origen_importado,M,8090,,5706929.0,EAE_C10_2004.xls,FBCF,no,no_mapeado_o_no_usado
2004,fbcf,N,,,1020214687.0,EAE_C10_2004.xls,FBCF,no,no_mapeado_o_no_usado
2004,adquisiciones_importadas,N,,,20163040.0,EAE_C10_2004.xls,FBCF,no,no_mapeado_o_no_usado
2004,adquisiciones_origen_importado,N,,,147177599.0,EAE_C10_2004.xls,FBCF,no,no_mapeado_o_no_usado
2004,fbcf,N,85,,1020214687.0,EAE_C10_2004.xls,FBCF,si,no_mapeado_o_no_usado
2004,adquisiciones_importadas,N,85,,20163040.0,EAE_C10_2004.xls,FBCF,si,no_mapeado_o_no_usado
2004,adquisiciones_origen_importado,N,85,,147177599.0,EAE_C10_2004.xls,FBCF,si,no_mapeado_o_no_usado
2004,fbcf,N,851,,1024282012.0,EAE_C10_2004.xls,FBCF,no,no_mapeado_o_no_usado
2004,adquisiciones_importadas,N,851,,20163040.0,EAE_C10_2004.xls,FBCF,no,no_mapeado_o_no_usado
2004,adquisiciones_origen_importado,N,851,,147177599.0,EAE_C10_2004.xls,FBCF,no,no_mapeado_o_no_usado
2004,fbcf,N,8511,,907850870.0,EAE_C10_2004.xls,FBCF,no,no_mapeado_o_no_usado
2004,adquisiciones_importadas,N,8511,,19416293.0,EAE_C10_2004.xls,FBCF,no,no_mapeado_o_no_usado
2004,adquisiciones_origen_importado,N,8511,,103130223.0,EAE_C10_2004.xls,FBCF,no,no_mapeado_o_no_usado
2004,fbcf,N,8512,,97009692.0,EAE_C10_2004.xls,FBCF,no,no_mapeado_o_no_usado
2004,adquisiciones_importadas,N,8512,,746747.0,EAE_C10_2004.xls,FBCF,no,no_mapeado_o_no_usado
2004,adquisiciones_origen_importado,N,8512,,43641180.0,EAE_C10_2004.xls,FBCF,no,no_mapeado_o_no_usado
2004,fbcf,N,8513,,455701.0,EAE_C10_2004.xls,FBCF,no,no_mapeado_o_no_usado
2004,adquisiciones_importadas,N,8513,,0.0,EAE_C10_2004.xls,FBCF,no,no_mapeado_o_no_usado
2004,adquisiciones_origen_importado,N,8513,,170101.0,EAE_C10_2004.xls,FBCF,no,no_mapeado_o_no_usado
2004,fbcf,N,8519,,18965749.0,EAE_C10_2004.xls,FBCF,no,no_mapeado_o_no_usado
2004,adquisiciones_importadas,N,8519,,0.0,EAE_C10_2004.xls,FBCF,no,no_mapeado_o_no_usado
2004,adquisiciones_origen_importado,N,8519,,236095.0,EAE_C10_2004.xls,FBCF,no,no_mapeado_o_no_usado
2004,fbcf,N,852,,0.0,EAE_C10_2004.xls,FBCF,no,no_mapeado_o_no_usado
2004,adquisiciones_importadas,N,852,,0.0,EAE_C10_2004.xls,FBCF,no,no_mapeado_o_no_usado
2004,adquisiciones_origen_importado,N,852,,0.0,EAE_C10_2004.xls,FBCF,no,no_mapeado_o_no_usado
2004,fbcf,N,8520,,0.0,EAE_C10_2004.xls,FBCF,no,no_mapeado_o_no_usado
2004,adquisiciones_importadas,N,8520,,0.0,EAE_C10_2004.xls,FBCF,no,no_mapeado_o_no_usado
2004,adquisiciones_origen_importado,N,8520,,0.0,EAE_C10_2004.xls,FBCF,no,no_mapeado_o_no_usado
2004,fbcf,N,853,,-4067325.0,EAE_C10_2004.xls,FBCF,no,no_mapeado_o_no_usado
2004,adquisiciones_importadas,N,853,,0.0,EAE_C10_2004.xls,FBCF,no,no_mapeado_o_no_usado
2004,adquisiciones_origen_importado,N,853,,0.0,EAE_C10_2004.xls,FBCF,no,no_mapeado_o_no_usado
2004,fbcf,N,8530,,-4067325.0,EAE_C10_2004.xls,FBCF,no,no_mapeado_o_no_usado
2004,adquisiciones_importadas,N,8530,,0.0,EAE_C10_2004.xls,FBCF,no,no_mapeado_o_no_usado
2004,adquisiciones_origen_importado,N,8530,,0.0,EAE_C10_2004.xls,FBCF,no,no_mapeado_o_no_usado
2004,fbkf_maq_eq,D,,,3154522472.0,EAE_C13_2004.xls,FBKF_componentes,no,no_mapeado_o_no_usado
2004,fbkf_maq_eq,D,15,10_11_12_alimentos_bebidas_tabaco,820088749.0,EAE_C13_2004.xls,FBKF_componentes,si,mapeado
2004,fbkf_maq_eq,D,151,,359942949.0,EAE_C13_2004.xls,FBKF_componentes,no,no_mapeado_o_no_usado
2004,fbkf_maq_eq,D,1511,,280333749.0,EAE_C13_2004.xls,FBKF_componentes,no,no_mapeado_o_no_usado
2004,fbkf_maq_eq,D,1512,,46848861.0,EAE_C13_2004.xls,FBKF_componentes,no,no_mapeado_o_no_usado
2004,fbkf_maq_eq,D,1513,,24897339.0,EAE_C13_2004.xls,FBKF_componentes,no,no_mapeado_o_no_usado
2004,fbkf_maq_eq,D,1514,,7863000.0,EAE_C13_2004.xls,FBKF_componentes,no,no_mapeado_o_no_usado
2004,fbkf_maq_eq,D,152,,461978437.0,EAE_C13_2004.xls,FBKF_componentes,no,no_mapeado_o_no_usado
2004,fbkf_maq_eq,D,1520,,461978437.0,EAE_C13_2004.xls,FBKF_componentes,no,no_mapeado_o_no_usado
2004,fbkf_maq_eq,D,153,,162994663.0,EAE_C13_2004.xls,FBKF_componentes,no,no_mapeado_o_no_usado
2004,fbkf_maq_eq,D,1531,,36553336.0,EAE_C13_2004.xls,FBKF_componentes,no,no_mapeado_o_no_usado
2004,fbkf_maq_eq,D,1533,,9716590.0,EAE_C13_2004.xls,FBKF_componentes,no,no_mapeado_o_no_usado
2004,fbkf_maq_eq,D,1534,,116724737.0,EAE_C13_2004.xls,FBKF_componentes,no,no_mapeado_o_no_usado
2004,fbkf_maq_eq,D,154,,50085558.0,EAE_C13_2004.xls,FBKF_componentes,no,no_mapeado_o_no_usado
2004,fbkf_maq_eq,D,1541,,108366781.0,EAE_C13_2004.xls,FBKF_componentes,no,no_mapeado_o_no_usado
2004,fbkf_maq_eq,D,1542-1543,,2042786.0,EAE_C13_2004.xls,FBKF_componentes,no,no_mapeado_o_no_usado
2004,fbkf_maq_eq,D,1544,,18574582.0,EAE_C13_2004.xls,FBKF_componentes,no,no_mapeado_o_no_usado
2004,fbkf_maq_eq,D,1549,,-78898591.0,EAE_C13_2004.xls,FBKF_componentes,no,no_mapeado_o_no_usado
2004,fbkf_maq_eq,D,155,,-214912858.0,EAE_C13_2004.xls,FBKF_componentes,no,no_mapeado_o_no_usado
2004,fbkf_maq_eq,D,1551,,568460.0,EAE_C13_2004.xls,FBKF_componentes,no,no_mapeado_o_no_usado
2004,fbkf_maq_eq,D,1552,,27641208.0,EAE_C13_2004.xls,FBKF_componentes,no,no_mapeado_o_no_usado
2004,fbkf_maq_eq,D,1553,,-168704650.0,EAE_C13_2004.xls,FBKF_componentes,no,no_mapeado_o_no_usado
2004,fbkf_maq_eq,D,1554,,-74417876.0,EAE_C13_2004.xls,FBKF_componentes,no,no_mapeado_o_no_usado
2004,fbkf_maq_eq,D,16,10_11_12_alimentos_bebidas_tabaco,22300587.0,EAE_C13_2004.xls,FBKF_componentes,si,mapeado
2004,fbkf_maq_eq,D,160,,22300587.0,EAE_C13_2004.xls,FBKF_componentes,no,no_mapeado_o_no_usado
2004,fbkf_maq_eq,D,1600,,22300587.0,EAE_C13_2004.xls,FBKF_componentes,no,no_mapeado_o_no_usado
2004,fbkf_maq_eq,D,17,13_14_15_textiles_prendas_cuero,250753000.0,EAE_C13_2004.xls,FBKF_componentes,si,mapeado
2004,fbkf_maq_eq,D,171,,165956656.0,EAE_C13_2004.xls,FBKF_componentes,no,no_mapeado_o_no_usado
2004,fbkf_maq_eq,D,1711,,128991299.0,EAE_C13_2004.xls,FBKF_componentes,no,no_mapeado_o_no_usado
2004,fbkf_maq_eq,D,1712,,505332.0,EAE_C13_2004.xls,FBKF_componentes,no,no_mapeado_o_no_usado
2004,fbkf_maq_eq,D,1713,,36460025.0,EAE_C13_2004.xls,FBKF_componentes,no,no_mapeado_o_no_usado
2004,fbkf_maq_eq,D,172,,65681549.0,EAE_C13_2004.xls,FBKF_componentes,no,no_mapeado_o_no_usado
2004,fbkf_maq_eq,D,1720,,65681549.0,EAE_C13_2004.xls,FBKF_componentes,no,no_mapeado_o_no_usado
2004,fbkf_maq_eq,D,173,,19114795.0,EAE_C13_2004.xls,FBKF_componentes,no,no_mapeado_o_no_usado
2004,fbkf_maq_eq,D,1730,,19114795.0,EAE_C13_2004.xls,FBKF_componentes,no,no_mapeado_o_no_usado
2004,fbkf_maq_eq,D,18,13_14_15_textiles_prendas_cuero,39672537.0,EAE_C13_2004.xls,FBKF_componentes,si,mapeado
2004,fbkf_maq_eq,D,181,,39672537.0,EAE_C13_2004.xls,FBKF_componentes,no,no_mapeado_o_no_usado
2004,fbkf_maq_eq,D,1810,,39672537.0,EAE_C13_2004.xls,FBKF_componentes,no,no_mapeado_o_no_usado
2004,fbkf_maq_eq,D,19,13_14_15_textiles_prendas_cuero,304034645.0,EAE_C13_2004.xls,FBKF_componentes,si,mapeado
2004,fbkf_maq_eq,D,191,,297989322.0,EAE_C13_2004.xls,FBKF_componentes,no,no_mapeado_o_no_usado
2004,fbkf_maq_eq,D,1911,,295254524.0,EAE_C13_2004.xls,FBKF_componentes,no,no_mapeado_o_no_usado
2004,fbkf_maq_eq,D,1912,,2734798.0,EAE_C13_2004.xls,FBKF_componentes,no,no_mapeado_o_no_usado
2004,fbkf_maq_eq,D,192,,6045323.0,EAE_C13_2004.xls,FBKF_componentes,no,no_mapeado_o_no_usado
2004,fbkf_maq_eq,D,1920,,6045323.0,EAE_C13_2004.xls,FBKF_componentes,no,no_mapeado_o_no_usado
2004,fbkf_maq_eq,D,20,16_madera,165153796.0,EAE_C13_2004.xls,FBKF_componentes,si,mapeado
2004,fbkf_maq_eq,D,201,,153362551.0,EAE_C13_2004.xls,FBKF_componentes,no,no_mapeado_o_no_usado
2004,fbkf_maq_eq,D,2010,,153362551.0,EAE_C13_2004.xls,FBKF_componentes,no,no_mapeado_o_no_usado
2004,fbkf_maq_eq,D,202,,11791245.0,EAE_C13_2004.xls,FBKF_componentes,no,no_mapeado_o_no_usado
2004,fbkf_maq_eq,D,2021,,11791245.0,EAE_C13_2004.xls,FBKF_componentes,no,no_mapeado_o_no_usado
2004,fbkf_maq_eq,D,2029,,0.0,EAE_C13_2004.xls,FBKF_componentes,no,no_mapeado_o_no_usado
2004,fbkf_maq_eq,D,21,17_18_papel_impresion,203075567.0,EAE_C13_2004.xls,FBKF_componentes,si,mapeado
2004,fbkf_maq_eq,D,210,,203075567.0,EAE_C13_2004.xls,FBKF_componentes,no,no_mapeado_o_no_usado
2004,fbkf_maq_eq,D,2101,,165623554.0,EAE_C13_2004.xls,FBKF_componentes,no,no_mapeado_o_no_usado
2004,fbkf_maq_eq,D,2102,,24853969.0,EAE_C13_2004.xls,FBKF_componentes,no,no_mapeado_o_no_usado
2004,fbkf_maq_eq,D,2109,,12598044.0,EAE_C13_2004.xls,FBKF_componentes,no,no_mapeado_o_no_usado
2004,fbkf_maq_eq,D,22,17_18_papel_impresion,196020458.0,EAE_C13_2004.xls,FBKF_componentes,si,mapeado
2004,fbkf_maq_eq,D,221,,196020458.0,EAE_C13_2004.xls,FBKF_componentes,no,no_mapeado_o_no_usado
2004,fbkf_maq_eq,D,2211,,189109903.0,EAE_C13_2004.xls,FBKF_componentes,no,no_mapeado_o_no_usado
2004,fbkf_maq_eq,D,2212,,6910555.0,EAE_C13_2004.xls,FBKF_componentes,no,no_mapeado_o_no_usado
2004,fbkf_maq_eq,D,223,,0.0,EAE_C13_2004.xls,FBKF_componentes,no,no_mapeado_o_no_usado
2004,fbkf_maq_eq,D,2230,,0.0,EAE_C13_2004.xls,FBKF_componentes,no,no_mapeado_o_no_usado
2004,fbkf_maq_eq,D,23,19_refinacion,93455337.0,EAE_C13_2004.xls,FBKF_componentes,si,mapeado
2004,fbkf_maq_eq,D,232,,93455337.0,EAE_C13_2004.xls,FBKF_componentes,no,no_mapeado_o_no_usado
2004,fbkf_maq_eq,D,2320,,93455337.0,EAE_C13_2004.xls,FBKF_componentes,no,no_mapeado_o_no_usado
2004,fbkf_maq_eq,D,24,20_21_22_quimicos_farma_caucho_plastico,248559818.0,EAE_C13_2004.xls,FBKF_componentes,si,mapeado
2004,fbkf_maq_eq,D,241,,141316885.0,EAE_C13_2004.xls,FBKF_componentes,no,no_mapeado_o_no_usado
2004,fbkf_maq_eq,D,2411,,91703300.0,EAE_C13_2004.xls,FBKF_componentes,no,no_mapeado_o_no_usado
2004,fbkf_maq_eq,D,2412,,40235497.0,EAE_C13_2004.xls,FBKF_componentes,no,no_mapeado_o_no_usado
2004,fbkf_maq_eq,D,2413,,9378088.0,EAE_C13_2004.xls,FBKF_componentes,no,no_mapeado_o_no_usado
2004,fbkf_maq_eq,D,242,,107242933.0,EAE_C13_2004.xls,FBKF_componentes,no,no_mapeado_o_no_usado
2004,fbkf_maq_eq,D,2421,,5742026.0,EAE_C13_2004.xls,FBKF_componentes,no,no_mapeado_o_no_usado
2004,fbkf_maq_eq,D,2422,,7546039.0,EAE_C13_2004.xls,FBKF_componentes,no,no_mapeado_o_no_usado
2004,fbkf_maq_eq,D,2423,,89030704.0,EAE_C13_2004.xls,FBKF_componentes,no,no_mapeado_o_no_usado
2004,fbkf_maq_eq,D,2424,,2637448.0,EAE_C13_2004.xls,FBKF_componentes,no,no_mapeado_o_no_usado
2004,fbkf_maq_eq,D,2429,,2286716.0,EAE_C13_2004.xls,FBKF_componentes,no,no_mapeado_o_no_usado
2004,fbkf_maq_eq,D,25,20_21_22_quimicos_farma_caucho_plastico,266029986.0,EAE_C13_2004.xls,FBKF_componentes,si,mapeado
2004,fbkf_maq_eq,D,251,,14579146.0,EAE_C13_2004.xls,FBKF_componentes,no,no_mapeado_o_no_usado
2004,fbkf_maq_eq,D,2511,,13450829.0,EAE_C13_2004.xls,FBKF_componentes,no,no_mapeado_o_no_usado
2004,fbkf_maq_eq,D,2519,,1128317.0,EAE_C13_2004.xls,FBKF_componentes,no,no_mapeado_o_no_usado
2004,fbkf_maq_eq,D,252,,251450840.0,EAE_C13_2004.xls,FBKF_componentes,no,no_mapeado_o_no_usado
2004,fbkf_maq_eq,D,2520,,251450840.0,EAE_C13_2004.xls,FBKF_componentes,no,no_mapeado_o_no_usado
2004,fbkf_maq_eq,D,26,23_24_minerales_metales,59945305.0,EAE_C13_2004.xls,FBKF_componentes,si,mapeado
2004,fbkf_maq_eq,D,261,,14291620.0,EAE_C13_2004.xls,FBKF_componentes,no,no_mapeado_o_no_usado
2004,fbkf_maq_eq,D,2610,,14291620.0,EAE_C13_2004.xls,FBKF_componentes,no,no_mapeado_o_no_usado
2004,fbkf_maq_eq,D,269,,45653685.0,EAE_C13_2004.xls,FBKF_componentes,no,no_mapeado_o_no_usado
2004,fbkf_maq_eq,D,2691,,2550374.0,EAE_C13_2004.xls,FBKF_componentes,no,no_mapeado_o_no_usado
2004,fbkf_maq_eq,D,2692,,31688.0,EAE_C13_2004.xls,FBKF_componentes,no,no_mapeado_o_no_usado
2004,fbkf_maq_eq,D,2694,,5097149.0,EAE_C13_2004.xls,FBKF_componentes,no,no_mapeado_o_no_usado
2004,fbkf_maq_eq,D,2695,,37821336.0,EAE_C13_2004.xls,FBKF_componentes,no,no_mapeado_o_no_usado
2004,fbkf_maq_eq,D,2699,,153138.0,EAE_C13_2004.xls,FBKF_componentes,no,no_mapeado_o_no_usado
2004,fbkf_maq_eq,D,27,23_24_minerales_metales,26871554.0,EAE_C13_2004.xls,FBKF_componentes,si,mapeado
2004,fbkf_maq_eq,D,270,,26871554.0,EAE_C13_2004.xls,FBKF_componentes,no,no_mapeado_o_no_usado
2004,fbkf_maq_eq,D,2700,,26871554.0,EAE_C13_2004.xls,FBKF_componentes,no,no_mapeado_o_no_usado
2004,fbkf_maq_eq,D,28,25_26_27_28_33_metal_equipos_reparacion,117073989.0,EAE_C13_2004.xls,FBKF_componentes,si,mapeado
2004,fbkf_maq_eq,D,281,,62404835.0,EAE_C13_2004.xls,FBKF_componentes,no,no_mapeado_o_no_usado
2004,fbkf_maq_eq,D,2811,,59376174.0,EAE_C13_2004.xls,FBKF_componentes,no,no_mapeado_o_no_usado
2004,fbkf_maq_eq,D,2812,,3028661.0,EAE_C13_2004.xls,FBKF_componentes,no,no_mapeado_o_no_usado
2004,fbkf_maq_eq,D,289,,54669154.0,EAE_C13_2004.xls,FBKF_componentes,no,no_mapeado_o_no_usado
2004,fbkf_maq_eq,D,2890,,54669154.0,EAE_C13_2004.xls,FBKF_componentes,no,no_mapeado_o_no_usado
2004,fbkf_maq_eq,D,29,25_26_27_28_33_metal_equipos_reparacion,53065500.0,EAE_C13_2004.xls,FBKF_componentes,si,mapeado
2004,fbkf_maq_eq,D,291,,-2549527.0,EAE_C13_2004.xls,FBKF_componentes,no,no_mapeado_o_no_usado
2004,fbkf_maq_eq,D,2910,,-2549527.0,EAE_C13_2004.xls,FBKF_componentes,no,no_mapeado_o_no_usado
2004,fbkf_maq_eq,D,292,,54824020.0,EAE_C13_2004.xls,FBKF_componentes,no,no_mapeado_o_no_usado
2004,fbkf_maq_eq,D,2920,,54824020.0,EAE_C13_2004.xls,FBKF_componentes,no,no_mapeado_o_no_usado
2004,fbkf_maq_eq,D,293,,791007.0,EAE_C13_2004.xls,FBKF_componentes,no,no_mapeado_o_no_usado
2004,fbkf_maq_eq,D,2930,,791007.0,EAE_C13_2004.xls,FBKF_componentes,no,no_mapeado_o_no_usado
2004,fbkf_maq_eq,D,31,25_26_27_28_33_metal_equipos_reparacion,-3415434.0,EAE_C13_2004.xls,FBKF_componentes,si,mapeado
2004,fbkf_maq_eq,D,310,,-3415434.0,EAE_C13_2004.xls,FBKF_componentes,no,no_mapeado_o_no_usado
2004,fbkf_maq_eq,D,3100,,-3415434.0,EAE_C13_2004.xls,FBKF_componentes,no,no_mapeado_o_no_usado
2004,fbkf_maq_eq,D,32,25_26_27_28_33_metal_equipos_reparacion,0.0,EAE_C13_2004.xls,FBKF_componentes,si,mapeado
2004,fbkf_maq_eq,D,320,,0.0,EAE_C13_2004.xls,FBKF_componentes,no,no_mapeado_o_no_usado
2004,fbkf_maq_eq,D,3200,,0.0,EAE_C13_2004.xls,FBKF_componentes,no,no_mapeado_o_no_usado
2004,fbkf_maq_eq,D,33,25_26_27_28_33_metal_equipos_reparacion,21898336.0,EAE_C13_2004.xls,FBKF_componentes,si,mapeado
2004,fbkf_maq_eq,D,330,,21898336.0,EAE_C13_2004.xls,FBKF_componentes,no,no_mapeado_o_no_usado
2004,fbkf_maq_eq,D,3300,,21898336.0,EAE_C13_2004.xls,FBKF_componentes,no,no_mapeado_o_no_usado
2004,fbkf_maq_eq,D,34,29_30_vehiculos_transporte,25420727.0,EAE_C13_2004.xls,FBKF_componentes,si,mapeado
2004,fbkf_maq_eq,D,340,,25420727.0,EAE_C13_2004.xls,FBKF_componentes,no,no_mapeado_o_no_usado
2004,fbkf_maq_eq,D,3400,,25420727.0,EAE_C13_2004.xls,FBKF_componentes,no,no_mapeado_o_no_usado
2004,fbkf_maq_eq,D,35,29_30_vehiculos_transporte,4533144.0,EAE_C13_2004.xls,FBKF_componentes,si,mapeado
2004,fbkf_maq_eq,D,351,,2931825.0,EAE_C13_2004.xls,FBKF_componentes,no,no_mapeado_o_no_usado
2004,fbkf_maq_eq,D,3510,,2931825.0,EAE_C13_2004.xls,FBKF_componentes,no,no_mapeado_o_no_usado
2004,fbkf_maq_eq,D,353-359,,1601319.0,EAE_C13_2004.xls,FBKF_componentes,no,no_mapeado_o_no_usado
2004,fbkf_maq_eq,D,3530-3590,,1601319.0,EAE_C13_2004.xls,FBKF_componentes,no,no_mapeado_o_no_usado
2004,fbkf_maq_eq,D,36,31_32_muebles_otras_manufacturas,239984871.0,EAE_C13_2004.xls,FBKF_componentes,si,mapeado
2004,fbkf_maq_eq,D,361,,11566031.0,EAE_C13_2004.xls,FBKF_componentes,no,no_mapeado_o_no_usado
2004,fbkf_maq_eq,D,3610,,11566031.0,EAE_C13_2004.xls,FBKF_componentes,no,no_mapeado_o_no_usado
2004,fbkf_maq_eq,D,369,,228418840.0,EAE_C13_2004.xls,FBKF_componentes,no,no_mapeado_o_no_usado
2004,fbkf_maq_eq,D,3691,,61555.0,EAE_C13_2004.xls,FBKF_componentes,no,no_mapeado_o_no_usado
2004,fbkf_maq_eq,D,3699,,228357285.0,EAE_C13_2004.xls,FBKF_componentes,no,no_mapeado_o_no_usado
2004,fbkf_maq_eq,D,37,,0.0,EAE_C13_2004.xls,FBKF_componentes,si,no_mapeado_o_no_usado
2004,fbkf_maq_eq,D,370,,0.0,EAE_C13_2004.xls,FBKF_componentes,no,no_mapeado_o_no_usado
2004,fbkf_maq_eq,D,3700,,0.0,EAE_C13_2004.xls,FBKF_componentes,no,no_mapeado_o_no_usado
2004,fbkf_maq_eq,E,,,1391609954.0,EAE_C13_2004.xls,FBKF_componentes,no,no_mapeado_o_no_usado
2004,fbkf_maq_eq,E,40,,1391071321.0,EAE_C13_2004.xls,FBKF_componentes,si,no_mapeado_o_no_usado
2004,fbkf_maq_eq,E,401,,1365227191.0,EAE_C13_2004.xls,FBKF_componentes,no,no_mapeado_o_no_usado
2004,fbkf_maq_eq,E,4010,,1365227191.0,EAE_C13_2004.xls,FBKF_componentes,no,no_mapeado_o_no_usado
2004,fbkf_maq_eq,E,402,,25844130.0,EAE_C13_2004.xls,FBKF_componentes,no,no_mapeado_o_no_usado
2004,fbkf_maq_eq,E,4020,,25844130.0,EAE_C13_2004.xls,FBKF_componentes,no,no_mapeado_o_no_usado
2004,fbkf_maq_eq,E,41,,538633.0,EAE_C13_2004.xls,FBKF_componentes,si,no_mapeado_o_no_usado
2004,fbkf_maq_eq,E,410,,538633.0,EAE_C13_2004.xls,FBKF_componentes,no,no_mapeado_o_no_usado
2004,fbkf_maq_eq,E,4100,,538633.0,EAE_C13_2004.xls,FBKF_componentes,no,no_mapeado_o_no_usado
2004,fbkf_maq_eq,G,,,693786571.0,EAE_C13_2004.xls,FBKF_componentes,no,no_mapeado_o_no_usado
2004,fbkf_maq_eq,G,50,,185534960.0,EAE_C13_2004.xls,FBKF_componentes,si,no_mapeado_o_no_usado
2004,fbkf_maq_eq,G,501,,159181819.0,EAE_C13_2004.xls,FBKF_componentes,no,no_mapeado_o_no_usado
2004,fbkf_maq_eq,G,5010,,159181819.0,EAE_C13_2004.xls,FBKF_componentes,no,no_mapeado_o_no_usado
2004,fbkf_maq_eq,G,502,,11175817.0,EAE_C13_2004.xls,FBKF_componentes,no,no_mapeado_o_no_usado
2004,fbkf_maq_eq,G,5020,,11175817.0,EAE_C13_2004.xls,FBKF_componentes,no,no_mapeado_o_no_usado
2004,fbkf_maq_eq,G,503,,6273829.0,EAE_C13_2004.xls,FBKF_componentes,no,no_mapeado_o_no_usado
2004,fbkf_maq_eq,G,5030,,6273829.0,EAE_C13_2004.xls,FBKF_componentes,no,no_mapeado_o_no_usado
2004,fbkf_maq_eq,G,504,,0.0,EAE_C13_2004.xls,FBKF_componentes,no,no_mapeado_o_no_usado
2004,fbkf_maq_eq,G,5040,,0.0,EAE_C13_2004.xls,FBKF_componentes,no,no_mapeado_o_no_usado
2004,fbkf_maq_eq,G,505,,8903495.0,EAE_C13_2004.xls,FBKF_componentes,no,no_mapeado_o_no_usado
2004,fbkf_maq_eq,G,5050,,8903495.0,EAE_C13_2004.xls,FBKF_componentes,no,no_mapeado_o_no_usado
2004,fbkf_maq_eq,G,51,,111710246.0,EAE_C13_2004.xls,FBKF_componentes,si,no_mapeado_o_no_usado
2004,fbkf_maq_eq,G,511,,98527.0,EAE_C13_2004.xls,FBKF_componentes,no,no_mapeado_o_no_usado
2004,fbkf_maq_eq,G,5110,,98527.0,EAE_C13_2004.xls,FBKF_componentes,no,no_mapeado_o_no_usado
2004,fbkf_maq_eq,G,512,,91479864.0,EAE_C13_2004.xls,FBKF_componentes,no,no_mapeado_o_no_usado
2004,fbkf_maq_eq,G,5121,,50960815.0,EAE_C13_2004.xls,FBKF_componentes,no,no_mapeado_o_no_usado
2004,fbkf_maq_eq,G,5122,,40519049.0,EAE_C13_2004.xls,FBKF_componentes,no,no_mapeado_o_no_usado
2004,fbkf_maq_eq,G,513,,32424748.0,EAE_C13_2004.xls,FBKF_componentes,no,no_mapeado_o_no_usado
2004,fbkf_maq_eq,G,5131,,755895.0,EAE_C13_2004.xls,FBKF_componentes,no,no_mapeado_o_no_usado
2004,fbkf_maq_eq,G,5139,,31668853.0,EAE_C13_2004.xls,FBKF_componentes,no,no_mapeado_o_no_usado
2004,fbkf_maq_eq,G,514,,-29712020.0,EAE_C13_2004.xls,FBKF_componentes,no,no_mapeado_o_no_usado
2004,fbkf_maq_eq,G,5141,,-15720524.0,EAE_C13_2004.xls,FBKF_componentes,no,no_mapeado_o_no_usado
2004,fbkf_maq_eq,G,5142,,624348.0,EAE_C13_2004.xls,FBKF_componentes,no,no_mapeado_o_no_usado
2004,fbkf_maq_eq,G,5143,,3359611.0,EAE_C13_2004.xls,FBKF_componentes,no,no_mapeado_o_no_usado
2004,fbkf_maq_eq,G,5149,,-17975455.0,EAE_C13_2004.xls,FBKF_componentes,no,no_mapeado_o_no_usado
2004,fbkf_maq_eq,G,515,,16926577.0,EAE_C13_2004.xls,FBKF_componentes,no,no_mapeado_o_no_usado
2004,fbkf_maq_eq,G,5150,,16926577.0,EAE_C13_2004.xls,FBKF_componentes,no,no_mapeado_o_no_usado
2004,fbkf_maq_eq,G,519,,492550.0,EAE_C13_2004.xls,FBKF_componentes,no,no_mapeado_o_no_usado
2004,fbkf_maq_eq,G,5190,,492550.0,EAE_C13_2004.xls,FBKF_componentes,no,no_mapeado_o_no_usado
2004,fbkf_maq_eq,G,52,,396541365.0,EAE_C13_2004.xls,FBKF_componentes,si,no_mapeado_o_no_usado
2004,fbkf_maq_eq,G,521,,145584371.0,EAE_C13_2004.xls,FBKF_componentes,no,no_mapeado_o_no_usado
2004,fbkf_maq_eq,G,5210,,145584371.0,EAE_C13_2004.xls,FBKF_componentes,no,no_mapeado_o_no_usado
2004,fbkf_maq_eq,G,522,,63397799.0,EAE_C13_2004.xls,FBKF_componentes,no,no_mapeado_o_no_usado
2004,fbkf_maq_eq,G,5220,,63397799.0,EAE_C13_2004.xls,FBKF_componentes,no,no_mapeado_o_no_usado
2004,fbkf_maq_eq,G,523,,187427431.0,EAE_C13_2004.xls,FBKF_componentes,no,no_mapeado_o_no_usado
2004,fbkf_maq_eq,G,5231,,1883250.0,EAE_C13_2004.xls,FBKF_componentes,no,no_mapeado_o_no_usado
2004,fbkf_maq_eq,G,5232,,6484376.0,EAE_C13_2004.xls,FBKF_componentes,no,no_mapeado_o_no_usado
2004,fbkf_maq_eq,G,5233,,74441081.0,EAE_C13_2004.xls,FBKF_componentes,no,no_mapeado_o_no_usado
2004,fbkf_maq_eq,G,5234,,95254986.0,EAE_C13_2004.xls,FBKF_componentes,no,no_mapeado_o_no_usado
2004,fbkf_maq_eq,G,5239,,9363738.0,EAE_C13_2004.xls,FBKF_componentes,no,no_mapeado_o_no_usado
2004,fbkf_maq_eq,G,525,,0.0,EAE_C13_2004.xls,FBKF_componentes,no,no_mapeado_o_no_usado
2004,fbkf_maq_eq,G,5252,,0.0,EAE_C13_2004.xls,FBKF_componentes,no,no_mapeado_o_no_usado
2004,fbkf_maq_eq,G,526,,131764.0,EAE_C13_2004.xls,FBKF_componentes,no,no_mapeado_o_no_usado
2004,fbkf_maq_eq,G,5260,,131764.0,EAE_C13_2004.xls,FBKF_componentes,no,no_mapeado_o_no_usado
2004,fbkf_maq_eq,H,,,101735015.0,EAE_C13_2004.xls,FBKF_componentes,no,no_mapeado_o_no_usado
2004,fbkf_maq_eq,H,55,,101735015.0,EAE_C13_2004.xls,FBKF_componentes,si,no_mapeado_o_no_usado
2004,fbkf_maq_eq,H,551,,70640894.0,EAE_C13_2004.xls,FBKF_componentes,no,no_mapeado_o_no_usado
2004,fbkf_maq_eq,H,5511,,63654095.0,EAE_C13_2004.xls,FBKF_componentes,no,no_mapeado_o_no_usado
2004,fbkf_maq_eq,H,5512,,6986799.0,EAE_C13_2004.xls,FBKF_componentes,no,no_mapeado_o_no_usado
2004,fbkf_maq_eq,H,552,,31094121.0,EAE_C13_2004.xls,FBKF_componentes,no,no_mapeado_o_no_usado
2004,fbkf_maq_eq,H,5520,,31094121.0,EAE_C13_2004.xls,FBKF_componentes,no,no_mapeado_o_no_usado
2004,fbkf_maq_eq,I,,,4667216558.0,EAE_C13_2004.xls,FBKF_componentes,no,no_mapeado_o_no_usado
2004,fbkf_maq_eq,I,60,,8286907.0,EAE_C13_2004.xls,FBKF_componentes,si,no_mapeado_o_no_usado
2004,fbkf_maq_eq,I,601,,658369.0,EAE_C13_2004.xls,FBKF_componentes,no,no_mapeado_o_no_usado
2004,fbkf_maq_eq,I,6010,,658369.0,EAE_C13_2004.xls,FBKF_componentes,no,no_mapeado_o_no_usado
2004,fbkf_maq_eq,I,602,,7628538.0,EAE_C13_2004.xls,FBKF_componentes,no,no_mapeado_o_no_usado
2004,fbkf_maq_eq,I,6021,,-13692000.0,EAE_C13_2004.xls,FBKF_componentes,no,no_mapeado_o_no_usado
2004,fbkf_maq_eq,I,6022,,511984.0,EAE_C13_2004.xls,FBKF_componentes,no,no_mapeado_o_no_usado
2004,fbkf_maq_eq,I,6023,,20808554.0,EAE_C13_2004.xls,FBKF_componentes,no,no_mapeado_o_no_usado
2004,fbkf_maq_eq,I,61,,65473019.0,EAE_C13_2004.xls,FBKF_componentes,si,no_mapeado_o_no_usado
2004,fbkf_maq_eq,I,611,,65473019.0,EAE_C13_2004.xls,FBKF_componentes,no,no_mapeado_o_no_usado
2004,fbkf_maq_eq,I,6110,,65473019.0,EAE_C13_2004.xls,FBKF_componentes,no,no_mapeado_o_no_usado
2004,fbkf_maq_eq,I,62,,571436.0,EAE_C13_2004.xls,FBKF_componentes,si,no_mapeado_o_no_usado
2004,fbkf_maq_eq,I,621,,571436.0,EAE_C13_2004.xls,FBKF_componentes,no,no_mapeado_o_no_usado
2004,fbkf_maq_eq,I,6210,,571436.0,EAE_C13_2004.xls,FBKF_componentes,no,no_mapeado_o_no_usado
2004,fbkf_maq_eq,I,63,,616517001.0,EAE_C13_2004.xls,FBKF_componentes,si,no_mapeado_o_no_usado
2004,fbkf_maq_eq,I,630,,616517001.0,EAE_C13_2004.xls,FBKF_componentes,no,no_mapeado_o_no_usado
2004,fbkf_maq_eq,I,6301,,16464087.0,EAE_C13_2004.xls,FBKF_componentes,no,no_mapeado_o_no_usado
2004,fbkf_maq_eq,I,6302,,100182149.0,EAE_C13_2004.xls,FBKF_componentes,no,no_mapeado_o_no_usado
2004,fbkf_maq_eq,I,6303,,238055193.0,EAE_C13_2004.xls,FBKF_componentes,no,no_mapeado_o_no_usado
2004,fbkf_maq_eq,I,6304,,1637497.0,EAE_C13_2004.xls,FBKF_componentes,no,no_mapeado_o_no_usado
2004,fbkf_maq_eq,I,6309,,260178075.0,EAE_C13_2004.xls,FBKF_componentes,no,no_mapeado_o_no_usado
2004,fbkf_maq_eq,I,64,,3976368195.0,EAE_C13_2004.xls,FBKF_componentes,si,no_mapeado_o_no_usado
2004,fbkf_maq_eq,I,641,,2264724.0,EAE_C13_2004.xls,FBKF_componentes,no,no_mapeado_o_no_usado
2004,fbkf_maq_eq,I,6410,,2264724.0,EAE_C13_2004.xls,FBKF_componentes,no,no_mapeado_o_no_usado
2004,fbkf_maq_eq,I,642,,3974103471.0,EAE_C13_2004.xls,FBKF_componentes,no,no_mapeado_o_no_usado
2004,fbkf_maq_eq,I,6420,,3974103471.0,EAE_C13_2004.xls,FBKF_componentes,no,no_mapeado_o_no_usado
2004,fbkf_maq_eq,K,,,616807060.0,EAE_C13_2004.xls,FBKF_componentes,no,no_mapeado_o_no_usado
2004,fbkf_maq_eq,K,71,,70990900.0,EAE_C13_2004.xls,FBKF_componentes,si,no_mapeado_o_no_usado
2004,fbkf_maq_eq,K,711,,26679165.0,EAE_C13_2004.xls,FBKF_componentes,no,no_mapeado_o_no_usado
2004,fbkf_maq_eq,K,7110,,26679165.0,EAE_C13_2004.xls,FBKF_componentes,no,no_mapeado_o_no_usado
2004,fbkf_maq_eq,K,712,,39863912.0,EAE_C13_2004.xls,FBKF_componentes,no,no_mapeado_o_no_usado
2004,fbkf_maq_eq,K,7120,,39863912.0,EAE_C13_2004.xls,FBKF_componentes,no,no_mapeado_o_no_usado
2004,fbkf_maq_eq,K,713,,4447823.0,EAE_C13_2004.xls,FBKF_componentes,no,no_mapeado_o_no_usado
2004,fbkf_maq_eq,K,7130,,4447823.0,EAE_C13_2004.xls,FBKF_componentes,no,no_mapeado_o_no_usado
2004,fbkf_maq_eq,K,72,,80212965.0,EAE_C13_2004.xls,FBKF_componentes,si,no_mapeado_o_no_usado
2004,fbkf_maq_eq,K,721,,64635789.0,EAE_C13_2004.xls,FBKF_componentes,no,no_mapeado_o_no_usado
2004,fbkf_maq_eq,K,7210,,64635789.0,EAE_C13_2004.xls,FBKF_componentes,no,no_mapeado_o_no_usado
2004,fbkf_maq_eq,K,722,,5938787.0,EAE_C13_2004.xls,FBKF_componentes,no,no_mapeado_o_no_usado
2004,fbkf_maq_eq,K,7220,,5938787.0,EAE_C13_2004.xls,FBKF_componentes,no,no_mapeado_o_no_usado
2004,fbkf_maq_eq,K,723,,1294290.0,EAE_C13_2004.xls,FBKF_componentes,no,no_mapeado_o_no_usado
2004,fbkf_maq_eq,K,7230,,1294290.0,EAE_C13_2004.xls,FBKF_componentes,no,no_mapeado_o_no_usado
2004,fbkf_maq_eq,K,725,,8344099.0,EAE_C13_2004.xls,FBKF_componentes,no,no_mapeado_o_no_usado
2004,fbkf_maq_eq,K,7250,,8344099.0,EAE_C13_2004.xls,FBKF_componentes,no,no_mapeado_o_no_usado
2004,fbkf_maq_eq,K,73,,2893295.0,EAE_C13_2004.xls,FBKF_componentes,si,no_mapeado_o_no_usado
2004,fbkf_maq_eq,K,730,,2893295.0,EAE_C13_2004.xls,FBKF_componentes,no,no_mapeado_o_no_usado
2004,fbkf_maq_eq,K,7300,,2893295.0,EAE_C13_2004.xls,FBKF_componentes,no,no_mapeado_o_no_usado
2004,fbkf_maq_eq,K,74,,462709900.0,EAE_C13_2004.xls,FBKF_componentes,si,no_mapeado_o_no_usado
2004,fbkf_maq_eq,K,741,,16684508.0,EAE_C13_2004.xls,FBKF_componentes,no,no_mapeado_o_no_usado
2004,fbkf_maq_eq,K,7411,,2619163.0,EAE_C13_2004.xls,FBKF_componentes,no,no_mapeado_o_no_usado
2004,fbkf_maq_eq,K,7412,,11943304.0,EAE_C13_2004.xls,FBKF_componentes,no,no_mapeado_o_no_usado
2004,fbkf_maq_eq,K,7413,,1965842.0,EAE_C13_2004.xls,FBKF_componentes,no,no_mapeado_o_no_usado
2004,fbkf_maq_eq,K,7414,,156199.0,EAE_C13_2004.xls,FBKF_componentes,no,no_mapeado_o_no_usado
2004,fbkf_maq_eq,K,742,,301427961.0,EAE_C13_2004.xls,FBKF_componentes,no,no_mapeado_o_no_usado
2004,fbkf_maq_eq,K,7421,,279393552.0,EAE_C13_2004.xls,FBKF_componentes,no,no_mapeado_o_no_usado
2004,fbkf_maq_eq,K,7422,,22034409.0,EAE_C13_2004.xls,FBKF_componentes,no,no_mapeado_o_no_usado
2004,fbkf_maq_eq,K,743,,32145115.0,EAE_C13_2004.xls,FBKF_componentes,no,no_mapeado_o_no_usado
2004,fbkf_maq_eq,K,7430,,32145115.0,EAE_C13_2004.xls,FBKF_componentes,no,no_mapeado_o_no_usado
2004,fbkf_maq_eq,K,749,,112452316.0,EAE_C13_2004.xls,FBKF_componentes,no,no_mapeado_o_no_usado
2004,fbkf_maq_eq,K,7491,,-3596322.0,EAE_C13_2004.xls,FBKF_componentes,no,no_mapeado_o_no_usado
2004,fbkf_maq_eq,K,7492,,11992408.0,EAE_C13_2004.xls,FBKF_componentes,no,no_mapeado_o_no_usado
2004,fbkf_maq_eq,K,7493,,11755137.0,EAE_C13_2004.xls,FBKF_componentes,no,no_mapeado_o_no_usado
2004,fbkf_maq_eq,K,7494,,1008631.0,EAE_C13_2004.xls,FBKF_componentes,no,no_mapeado_o_no_usado
2004,fbkf_maq_eq,K,7499,,91292462.0,EAE_C13_2004.xls,FBKF_componentes,no,no_mapeado_o_no_usado
2004,fbkf_maq_eq,M,,,85104732.0,EAE_C13_2004.xls,FBKF_componentes,no,no_mapeado_o_no_usado
2004,fbkf_maq_eq,M,80,,85104732.0,EAE_C13_2004.xls,FBKF_componentes,si,no_mapeado_o_no_usado
2004,fbkf_maq_eq,M,801,,9884812.0,EAE_C13_2004.xls,FBKF_componentes,no,no_mapeado_o_no_usado
2004,fbkf_maq_eq,M,8010,,9884812.0,EAE_C13_2004.xls,FBKF_componentes,no,no_mapeado_o_no_usado
2004,fbkf_maq_eq,M,802,,3980112.0,EAE_C13_2004.xls,FBKF_componentes,no,no_mapeado_o_no_usado
2004,fbkf_maq_eq,M,8020,,3980112.0,EAE_C13_2004.xls,FBKF_componentes,no,no_mapeado_o_no_usado
2004,fbkf_maq_eq,M,803,,66066138.0,EAE_C13_2004.xls,FBKF_componentes,no,no_mapeado_o_no_usado
2004,fbkf_maq_eq,M,8030,,66066138.0,EAE_C13_2004.xls,FBKF_componentes,no,no_mapeado_o_no_usado
2004,fbkf_maq_eq,M,809,,5173670.0,EAE_C13_2004.xls,FBKF_componentes,no,no_mapeado_o_no_usado
2004,fbkf_maq_eq,M,8090,,5173670.0,EAE_C13_2004.xls,FBKF_componentes,no,no_mapeado_o_no_usado
2004,fbkf_maq_eq,N,,,370879850.0,EAE_C13_2004.xls,FBKF_componentes,no,no_mapeado_o_no_usado
2004,fbkf_maq_eq,N,85,,370879850.0,EAE_C13_2004.xls,FBKF_componentes,si,no_mapeado_o_no_usado
2004,fbkf_maq_eq,N,851,,372335786.0,EAE_C13_2004.xls,FBKF_componentes,no,no_mapeado_o_no_usado
2004,fbkf_maq_eq,N,8511,,312051062.0,EAE_C13_2004.xls,FBKF_componentes,no,no_mapeado_o_no_usado
2004,fbkf_maq_eq,N,8512,,50725930.0,EAE_C13_2004.xls,FBKF_componentes,no,no_mapeado_o_no_usado
2004,fbkf_maq_eq,N,8513,,380453.0,EAE_C13_2004.xls,FBKF_componentes,no,no_mapeado_o_no_usado
2004,fbkf_maq_eq,N,8519,,9178341.0,EAE_C13_2004.xls,FBKF_componentes,no,no_mapeado_o_no_usado
2004,fbkf_maq_eq,N,852,,0.0,EAE_C13_2004.xls,FBKF_componentes,no,no_mapeado_o_no_usado
2004,fbkf_maq_eq,N,8520,,0.0,EAE_C13_2004.xls,FBKF_componentes,no,no_mapeado_o_no_usado
2004,fbkf_maq_eq,N,853,,-1455936.0,EAE_C13_2004.xls,FBKF_componentes,no,no_mapeado_o_no_usado
2004,fbkf_maq_eq,N,8530,,-1455936.0,EAE_C13_2004.xls,FBKF_componentes,no,no_mapeado_o_no_usado
2005,fbcf,D,,,6464007473.0,EAE_C10_2005.xls,FBCF,no,no_mapeado_o_no_usado
2005,adquisiciones_importadas,D,,,2116008436.0,EAE_C10_2005.xls,FBCF,no,no_mapeado_o_no_usado
2005,adquisiciones_origen_importado,D,,,2111494326.0,EAE_C10_2005.xls,FBCF,no,no_mapeado_o_no_usado
2005,fbcf,D,15,10_11_12_alimentos_bebidas_tabaco,3508564825.0,EAE_C10_2005.xls,FBCF,si,mapeado
2005,adquisiciones_importadas,D,15,10_11_12_alimentos_bebidas_tabaco,469033424.0,EAE_C10_2005.xls,FBCF,si,mapeado
2005,adquisiciones_origen_importado,D,15,10_11_12_alimentos_bebidas_tabaco,1251817609.0,EAE_C10_2005.xls,FBCF,si,mapeado
2005,fbcf,D,151,,1011025168.0,EAE_C10_2005.xls,FBCF,no,no_mapeado_o_no_usado
2005,adquisiciones_importadas,D,151,,317166115.0,EAE_C10_2005.xls,FBCF,no,no_mapeado_o_no_usado
2005,adquisiciones_origen_importado,D,151,,106106691.0,EAE_C10_2005.xls,FBCF,no,no_mapeado_o_no_usado
2005,fbcf,D,1511,,658394442.0,EAE_C10_2005.xls,FBCF,no,no_mapeado_o_no_usado
2005,adquisiciones_importadas,D,1511,,150888275.0,EAE_C10_2005.xls,FBCF,no,no_mapeado_o_no_usado
2005,adquisiciones_origen_importado,D,1511,,88167316.0,EAE_C10_2005.xls,FBCF,no,no_mapeado_o_no_usado
2005,fbcf,D,1512,,233942141.0,EAE_C10_2005.xls,FBCF,no,no_mapeado_o_no_usado
2005,adquisiciones_importadas,D,1512,,162305251.0,EAE_C10_2005.xls,FBCF,no,no_mapeado_o_no_usado
2005,adquisiciones_origen_importado,D,1512,,383412.0,EAE_C10_2005.xls,FBCF,no,no_mapeado_o_no_usado
2005,fbcf,D,1513,,100308114.0,EAE_C10_2005.xls,FBCF,no,no_mapeado_o_no_usado
2005,adquisiciones_importadas,D,1513,,2548589.0,EAE_C10_2005.xls,FBCF,no,no_mapeado_o_no_usado
2005,adquisiciones_origen_importado,D,1513,,16261963.0,EAE_C10_2005.xls,FBCF,no,no_mapeado_o_no_usado
2005,fbcf,D,1514,,18380471.0,EAE_C10_2005.xls,FBCF,no,no_mapeado_o_no_usado
2005,adquisiciones_importadas,D,1514,,1424000.0,EAE_C10_2005.xls,FBCF,no,no_mapeado_o_no_usado
2005,adquisiciones_origen_importado,D,1514,,1294000.0,EAE_C10_2005.xls,FBCF,no,no_mapeado_o_no_usado
2005,fbcf,D,152,,120661310.0,EAE_C10_2005.xls,FBCF,no,no_mapeado_o_no_usado
2005,adquisiciones_importadas,D,152,,72806629.0,EAE_C10_2005.xls,FBCF,no,no_mapeado_o_no_usado
2005,adquisiciones_origen_importado,D,152,,70259849.0,EAE_C10_2005.xls,FBCF,no,no_mapeado_o_no_usado
2005,fbcf,D,1520,,120661310.0,EAE_C10_2005.xls,FBCF,no,no_mapeado_o_no_usado
2005,adquisiciones_importadas,D,1520,,72806629.0,EAE_C10_2005.xls,FBCF,no,no_mapeado_o_no_usado
2005,adquisiciones_origen_importado,D,1520,,70259849.0,EAE_C10_2005.xls,FBCF,no,no_mapeado_o_no_usado
2005,fbcf,D,153,,276832823.0,EAE_C10_2005.xls,FBCF,no,no_mapeado_o_no_usado
2005,adquisiciones_importadas,D,153,,48814229.0,EAE_C10_2005.xls,FBCF,no,no_mapeado_o_no_usado
2005,adquisiciones_origen_importado,D,153,,9783213.0,EAE_C10_2005.xls,FBCF,no,no_mapeado_o_no_usado
2005,fbcf,D,1531,,40359426.0,EAE_C10_2005.xls,FBCF,no,no_mapeado_o_no_usado
2005,adquisiciones_importadas,D,1531,,9920784.0,EAE_C10_2005.xls,FBCF,no,no_mapeado_o_no_usado
2005,adquisiciones_origen_importado,D,1531,,2899374.0,EAE_C10_2005.xls,FBCF,no,no_mapeado_o_no_usado
2005,fbcf,D,1533,,94617339.0,EAE_C10_2005.xls,FBCF,no,no_mapeado_o_no_usado
2005,adquisiciones_importadas,D,1533,,878923.0,EAE_C10_2005.xls,FBCF,no,no_mapeado_o_no_usado
2005,adquisiciones_origen_importado,D,1533,,1944539.0,EAE_C10_2005.xls,FBCF,no,no_mapeado_o_no_usado
2005,fbcf,D,1534,,141856058.0,EAE_C10_2005.xls,FBCF,no,no_mapeado_o_no_usado
2005,adquisiciones_importadas,D,1534,,38014522.0,EAE_C10_2005.xls,FBCF,no,no_mapeado_o_no_usado
2005,adquisiciones_origen_importado,D,1534,,4939300.0,EAE_C10_2005.xls,FBCF,no,no_mapeado_o_no_usado
2005,fbcf,D,154,,635657316.0,EAE_C10_2005.xls,FBCF,no,no_mapeado_o_no_usado
2005,adquisiciones_importadas,D,154,,5201852.0,EAE_C10_2005.xls,FBCF,no,no_mapeado_o_no_usado
2005,adquisiciones_origen_importado,D,154,,145806040.0,EAE_C10_2005.xls,FBCF,no,no_mapeado_o_no_usado
2005,fbcf,D,1541,,236833782.0,EAE_C10_2005.xls,FBCF,no,no_mapeado_o_no_usado
2005,adquisiciones_importadas,D,1541,,3968991.0,EAE_C10_2005.xls,FBCF,no,no_mapeado_o_no_usado
2005,adquisiciones_origen_importado,D,1541,,129789875.0,EAE_C10_2005.xls,FBCF,no,no_mapeado_o_no_usado
2005,fbcf,D,1542,,4938953.0,EAE_C10_2005.xls,FBCF,no,no_mapeado_o_no_usado
2005,adquisiciones_importadas,D,1542,,0.0,EAE_C10_2005.xls,FBCF,no,no_mapeado_o_no_usado
2005,adquisiciones_origen_importado,D,1542,,3922853.0,EAE_C10_2005.xls,FBCF,no,no_mapeado_o_no_usado
2005,fbcf,D,1543,,6082484.0,EAE_C10_2005.xls,FBCF,no,no_mapeado_o_no_usado
2005,adquisiciones_importadas,D,1543,,0.0,EAE_C10_2005.xls,FBCF,no,no_mapeado_o_no_usado
2005,adquisiciones_origen_importado,D,1543,,0.0,EAE_C10_2005.xls,FBCF,no,no_mapeado_o_no_usado
2005,fbcf,D,1544,,11370802.0,EAE_C10_2005.xls,FBCF,no,no_mapeado_o_no_usado
2005,adquisiciones_importadas,D,1544,,239299.0,EAE_C10_2005.xls,FBCF,no,no_mapeado_o_no_usado
2005,adquisiciones_origen_importado,D,1544,,9314146.0,EAE_C10_2005.xls,FBCF,no,no_mapeado_o_no_usado
2005,fbcf,D,1549,,376431295.0,EAE_C10_2005.xls,FBCF,no,no_mapeado_o_no_usado
2005,adquisiciones_importadas,D,1549,,993562.0,EAE_C10_2005.xls,FBCF,no,no_mapeado_o_no_usado
2005,adquisiciones_origen_importado,D,1549,,2779166.0,EAE_C10_2005.xls,FBCF,no,no_mapeado_o_no_usado
2005,fbcf,D,155,,1464388208.0,EAE_C10_2005.xls,FBCF,no,no_mapeado_o_no_usado
2005,adquisiciones_importadas,D,155,,25044599.0,EAE_C10_2005.xls,FBCF,no,no_mapeado_o_no_usado
2005,adquisiciones_origen_importado,D,155,,919861816.0,EAE_C10_2005.xls,FBCF,no,no_mapeado_o_no_usado
2005,fbcf,D,1551,,1761594.0,EAE_C10_2005.xls,FBCF,no,no_mapeado_o_no_usado
2005,adquisiciones_importadas,D,1551,,0.0,EAE_C10_2005.xls,FBCF,no,no_mapeado_o_no_usado
2005,adquisiciones_origen_importado,D,1551,,5538.0,EAE_C10_2005.xls,FBCF,no,no_mapeado_o_no_usado
2005,fbcf,D,1552,,96948459.0,EAE_C10_2005.xls,FBCF,no,no_mapeado_o_no_usado
2005,adquisiciones_importadas,D,1552,,3563597.0,EAE_C10_2005.xls,FBCF,no,no_mapeado_o_no_usado
2005,adquisiciones_origen_importado,D,1552,,73402953.0,EAE_C10_2005.xls,FBCF,no,no_mapeado_o_no_usado
2005,fbcf,D,1553,,1319517787.0,EAE_C10_2005.xls,FBCF,no,no_mapeado_o_no_usado
2005,adquisiciones_importadas,D,1553,,2416162.0,EAE_C10_2005.xls,FBCF,no,no_mapeado_o_no_usado
2005,adquisiciones_origen_importado,D,1553,,833144710.0,EAE_C10_2005.xls,FBCF,no,no_mapeado_o_no_usado
2005,fbcf,D,1554,,46160368.0,EAE_C10_2005.xls,FBCF,no,no_mapeado_o_no_usado
2005,adquisiciones_importadas,D,1554,,19064840.0,EAE_C10_2005.xls,FBCF,no,no_mapeado_o_no_usado
2005,adquisiciones_origen_importado,D,1554,,13308615.0,EAE_C10_2005.xls,FBCF,no,no_mapeado_o_no_usado
2005,fbcf,D,16,10_11_12_alimentos_bebidas_tabaco,12997298.0,EAE_C10_2005.xls,FBCF,si,mapeado
2005,adquisiciones_importadas,D,16,10_11_12_alimentos_bebidas_tabaco,10457960.0,EAE_C10_2005.xls,FBCF,si,mapeado
2005,adquisiciones_origen_importado,D,16,10_11_12_alimentos_bebidas_tabaco,3495196.0,EAE_C10_2005.xls,FBCF,si,mapeado
2005,fbcf,D,160,,12997298.0,EAE_C10_2005.xls,FBCF,no,no_mapeado_o_no_usado
2005,adquisiciones_importadas,D,160,,10457960.0,EAE_C10_2005.xls,FBCF,no,no_mapeado_o_no_usado
2005,adquisiciones_origen_importado,D,160,,3495196.0,EAE_C10_2005.xls,FBCF,no,no_mapeado_o_no_usado
2005,fbcf,D,1600,,12997298.0,EAE_C10_2005.xls,FBCF,no,no_mapeado_o_no_usado
2005,adquisiciones_importadas,D,1600,,10457960.0,EAE_C10_2005.xls,FBCF,no,no_mapeado_o_no_usado
2005,adquisiciones_origen_importado,D,1600,,3495196.0,EAE_C10_2005.xls,FBCF,no,no_mapeado_o_no_usado
2005,fbcf,D,17,13_14_15_textiles_prendas_cuero,108512557.0,EAE_C10_2005.xls,FBCF,si,mapeado
2005,adquisiciones_importadas,D,17,13_14_15_textiles_prendas_cuero,49700350.0,EAE_C10_2005.xls,FBCF,si,mapeado
2005,adquisiciones_origen_importado,D,17,13_14_15_textiles_prendas_cuero,44656507.0,EAE_C10_2005.xls,FBCF,si,mapeado
2005,fbcf,D,171,,64442828.0,EAE_C10_2005.xls,FBCF,no,no_mapeado_o_no_usado
2005,adquisiciones_importadas,D,171,,30177454.0,EAE_C10_2005.xls,FBCF,no,no_mapeado_o_no_usado
2005,adquisiciones_origen_importado,D,171,,19552050.0,EAE_C10_2005.xls,FBCF,no,no_mapeado_o_no_usado
2005,fbcf,D,1711,,44473072.0,EAE_C10_2005.xls,FBCF,no,no_mapeado_o_no_usado
2005,adquisiciones_importadas,D,1711,,28020920.0,EAE_C10_2005.xls,FBCF,no,no_mapeado_o_no_usado
2005,adquisiciones_origen_importado,D,1711,,2738782.0,EAE_C10_2005.xls,FBCF,no,no_mapeado_o_no_usado
2005,fbcf,D,1712,,881134.0,EAE_C10_2005.xls,FBCF,no,no_mapeado_o_no_usado
2005,adquisiciones_importadas,D,1712,,0.0,EAE_C10_2005.xls,FBCF,no,no_mapeado_o_no_usado
2005,adquisiciones_origen_importado,D,1712,,564111.0,EAE_C10_2005.xls,FBCF,no,no_mapeado_o_no_usado
2005,fbcf,D,1713,,19088622.0,EAE_C10_2005.xls,FBCF,no,no_mapeado_o_no_usado
2005,adquisiciones_importadas,D,1713,,2156534.0,EAE_C10_2005.xls,FBCF,no,no_mapeado_o_no_usado
2005,adquisiciones_origen_importado,D,1713,,16249157.0,EAE_C10_2005.xls,FBCF,no,no_mapeado_o_no_usado
2005,fbcf,D,172,,17297344.0,EAE_C10_2005.xls,FBCF,no,no_mapeado_o_no_usado
2005,adquisiciones_importadas,D,172,,3790667.0,EAE_C10_2005.xls,FBCF,no,no_mapeado_o_no_usado
2005,adquisiciones_origen_importado,D,172,,20415360.0,EAE_C10_2005.xls,FBCF,no,no_mapeado_o_no_usado
2005,fbcf,D,1720,,17297344.0,EAE_C10_2005.xls,FBCF,no,no_mapeado_o_no_usado
2005,adquisiciones_importadas,D,1720,,3790667.0,EAE_C10_2005.xls,FBCF,no,no_mapeado_o_no_usado
2005,adquisiciones_origen_importado,D,1720,,20415360.0,EAE_C10_2005.xls,FBCF,no,no_mapeado_o_no_usado
2005,fbcf,D,173,,26772385.0,EAE_C10_2005.xls,FBCF,no,no_mapeado_o_no_usado
2005,adquisiciones_importadas,D,173,,15732229.0,EAE_C10_2005.xls,FBCF,no,no_mapeado_o_no_usado
2005,adquisiciones_origen_importado,D,173,,4689097.0,EAE_C10_2005.xls,FBCF,no,no_mapeado_o_no_usado
2005,fbcf,D,1730,,26772385.0,EAE_C10_2005.xls,FBCF,no,no_mapeado_o_no_usado
2005,adquisiciones_importadas,D,1730,,15732229.0,EAE_C10_2005.xls,FBCF,no,no_mapeado_o_no_usado
2005,adquisiciones_origen_importado,D,1730,,4689097.0,EAE_C10_2005.xls,FBCF,no,no_mapeado_o_no_usado
2005,fbcf,D,18,13_14_15_textiles_prendas_cuero,51932858.0,EAE_C10_2005.xls,FBCF,si,mapeado
2005,adquisiciones_importadas,D,18,13_14_15_textiles_prendas_cuero,24737265.0,EAE_C10_2005.xls,FBCF,si,mapeado
2005,adquisiciones_origen_importado,D,18,13_14_15_textiles_prendas_cuero,15182427.0,EAE_C10_2005.xls,FBCF,si,mapeado
2005,fbcf,D,181,,51932858.0,EAE_C10_2005.xls,FBCF,no,no_mapeado_o_no_usado
2005,adquisiciones_importadas,D,181,,24737265.0,EAE_C10_2005.xls,FBCF,no,no_mapeado_o_no_usado
2005,adquisiciones_origen_importado,D,181,,15182427.0,EAE_C10_2005.xls,FBCF,no,no_mapeado_o_no_usado
2005,fbcf,D,1810,,51932858.0,EAE_C10_2005.xls,FBCF,no,no_mapeado_o_no_usado
2005,adquisiciones_importadas,D,1810,,24737265.0,EAE_C10_2005.xls,FBCF,no,no_mapeado_o_no_usado
2005,adquisiciones_origen_importado,D,1810,,15182427.0,EAE_C10_2005.xls,FBCF,no,no_mapeado_o_no_usado
2005,fbcf,D,19,13_14_15_textiles_prendas_cuero,311110117.0,EAE_C10_2005.xls,FBCF,si,mapeado
2005,adquisiciones_importadas,D,19,13_14_15_textiles_prendas_cuero,190247998.0,EAE_C10_2005.xls,FBCF,si,mapeado
2005,adquisiciones_origen_importado,D,19,13_14_15_textiles_prendas_cuero,23471422.0,EAE_C10_2005.xls,FBCF,si,mapeado
2005,fbcf,D,191,,303148062.0,EAE_C10_2005.xls,FBCF,no,no_mapeado_o_no_usado
2005,adquisiciones_importadas,D,191,,187155735.0,EAE_C10_2005.xls,FBCF,no,no_mapeado_o_no_usado
2005,adquisiciones_origen_importado,D,191,,19102553.0,EAE_C10_2005.xls,FBCF,no,no_mapeado_o_no_usado
2005,fbcf,D,1911,,295555994.0,EAE_C10_2005.xls,FBCF,no,no_mapeado_o_no_usado
2005,adquisiciones_importadas,D,1911,,187155735.0,EAE_C10_2005.xls,FBCF,no,no_mapeado_o_no_usado
2005,adquisiciones_origen_importado,D,1911,,19102553.0,EAE_C10_2005.xls,FBCF,no,no_mapeado_o_no_usado
2005,fbcf,D,1912,,7592068.0,EAE_C10_2005.xls,FBCF,no,no_mapeado_o_no_usado
2005,adquisiciones_importadas,D,1912,,0.0,EAE_C10_2005.xls,FBCF,no,no_mapeado_o_no_usado
2005,adquisiciones_origen_importado,D,1912,,0.0,EAE_C10_2005.xls,FBCF,no,no_mapeado_o_no_usado
2005,fbcf,D,192,,7962055.0,EAE_C10_2005.xls,FBCF,no,no_mapeado_o_no_usado
2005,adquisiciones_importadas,D,192,,3092263.0,EAE_C10_2005.xls,FBCF,no,no_mapeado_o_no_usado
2005,adquisiciones_origen_importado,D,192,,4368869.0,EAE_C10_2005.xls,FBCF,no,no_mapeado_o_no_usado
2005,fbcf,D,1920,,7962055.0,EAE_C10_2005.xls,FBCF,no,no_mapeado_o_no_usado
2005,adquisiciones_importadas,D,1920,,3092263.0,EAE_C10_2005.xls,FBCF,no,no_mapeado_o_no_usado
2005,adquisiciones_origen_importado,D,1920,,4368869.0,EAE_C10_2005.xls,FBCF,no,no_mapeado_o_no_usado
2005,fbcf,D,20,16_madera,568249378.0,EAE_C10_2005.xls,FBCF,si,mapeado
2005,adquisiciones_importadas,D,20,16_madera,141862965.0,EAE_C10_2005.xls,FBCF,si,mapeado
2005,adquisiciones_origen_importado,D,20,16_madera,365091896.0,EAE_C10_2005.xls,FBCF,si,mapeado
2005,fbcf,D,201,,542003786.0,EAE_C10_2005.xls,FBCF,no,no_mapeado_o_no_usado
2005,adquisiciones_importadas,D,201,,126089781.0,EAE_C10_2005.xls,FBCF,no,no_mapeado_o_no_usado
2005,adquisiciones_origen_importado,D,201,,361949271.0,EAE_C10_2005.xls,FBCF,no,no_mapeado_o_no_usado
2005,fbcf,D,2010,,542003786.0,EAE_C10_2005.xls,FBCF,no,no_mapeado_o_no_usado
2005,adquisiciones_importadas,D,2010,,126089781.0,EAE_C10_2005.xls,FBCF,no,no_mapeado_o_no_usado
2005,adquisiciones_origen_importado,D,2010,,361949271.0,EAE_C10_2005.xls,FBCF,no,no_mapeado_o_no_usado
2005,fbcf,D,202,,26245592.0,EAE_C10_2005.xls,FBCF,no,no_mapeado_o_no_usado
2005,adquisiciones_importadas,D,202,,15773184.0,EAE_C10_2005.xls,FBCF,no,no_mapeado_o_no_usado
2005,adquisiciones_origen_importado,D,202,,3142625.0,EAE_C10_2005.xls,FBCF,no,no_mapeado_o_no_usado
2005,fbcf,D,2021,,26245592.0,EAE_C10_2005.xls,FBCF,no,no_mapeado_o_no_usado
2005,adquisiciones_importadas,D,2021,,15773184.0,EAE_C10_2005.xls,FBCF,no,no_mapeado_o_no_usado
2005,adquisiciones_origen_importado,D,2021,,3142625.0,EAE_C10_2005.xls,FBCF,no,no_mapeado_o_no_usado
2005,fbcf,D,21,17_18_papel_impresion,163170676.0,EAE_C10_2005.xls,FBCF,si,mapeado
2005,adquisiciones_importadas,D,21,17_18_papel_impresion,37281261.0,EAE_C10_2005.xls,FBCF,si,mapeado
2005,adquisiciones_origen_importado,D,21,17_18_papel_impresion,14681119.0,EAE_C10_2005.xls,FBCF,si,mapeado
2005,fbcf,D,210,,163170676.0,EAE_C10_2005.xls,FBCF,no,no_mapeado_o_no_usado
2005,adquisiciones_importadas,D,210,,37281261.0,EAE_C10_2005.xls,FBCF,no,no_mapeado_o_no_usado
2005,adquisiciones_origen_importado,D,210,,14681119.0,EAE_C10_2005.xls,FBCF,no,no_mapeado_o_no_usado
2005,fbcf,D,2101,,141688623.0,EAE_C10_2005.xls,FBCF,no,no_mapeado_o_no_usado
2005,adquisiciones_importadas,D,2101,,19106400.0,EAE_C10_2005.xls,FBCF,no,no_mapeado_o_no_usado
2005,adquisiciones_origen_importado,D,2101,,3577902.0,EAE_C10_2005.xls,FBCF,no,no_mapeado_o_no_usado
2005,fbcf,D,2102,,12618776.0,EAE_C10_2005.xls,FBCF,no,no_mapeado_o_no_usado
2005,adquisiciones_importadas,D,2102,,16980638.0,EAE_C10_2005.xls,FBCF,no,no_mapeado_o_no_usado
2005,adquisiciones_origen_importado,D,2102,,7269238.0,EAE_C10_2005.xls,FBCF,no,no_mapeado_o_no_usado
2005,fbcf,D,2109,,8863277.0,EAE_C10_2005.xls,FBCF,no,no_mapeado_o_no_usado
2005,adquisiciones_importadas,D,2109,,1194223.0,EAE_C10_2005.xls,FBCF,no,no_mapeado_o_no_usado
2005,adquisiciones_origen_importado,D,2109,,3833979.0,EAE_C10_2005.xls,FBCF,no,no_mapeado_o_no_usado
2005,fbcf,D,22,17_18_papel_impresion,147046700.0,EAE_C10_2005.xls,FBCF,si,mapeado
2005,adquisiciones_importadas,D,22,17_18_papel_impresion,9963298.0,EAE_C10_2005.xls,FBCF,si,mapeado
2005,adquisiciones_origen_importado,D,22,17_18_papel_impresion,115470858.0,EAE_C10_2005.xls,FBCF,si,mapeado
2005,fbcf,D,221,,147043111.0,EAE_C10_2005.xls,FBCF,no,no_mapeado_o_no_usado
2005,adquisiciones_importadas,D,221,,9963298.0,EAE_C10_2005.xls,FBCF,no,no_mapeado_o_no_usado
2005,adquisiciones_origen_importado,D,221,,115467269.0,EAE_C10_2005.xls,FBCF,no,no_mapeado_o_no_usado
2005,fbcf,D,2211,,125685962.0,EAE_C10_2005.xls,FBCF,no,no_mapeado_o_no_usado
2005,adquisiciones_importadas,D,2211,,7849339.0,EAE_C10_2005.xls,FBCF,no,no_mapeado_o_no_usado
2005,adquisiciones_origen_importado,D,2211,,108849193.0,EAE_C10_2005.xls,FBCF,no,no_mapeado_o_no_usado
2005,fbcf,D,2212,,21357149.0,EAE_C10_2005.xls,FBCF,no,no_mapeado_o_no_usado
2005,adquisiciones_importadas,D,2212,,2113959.0,EAE_C10_2005.xls,FBCF,no,no_mapeado_o_no_usado
2005,adquisiciones_origen_importado,D,2212,,6618076.0,EAE_C10_2005.xls,FBCF,no,no_mapeado_o_no_usado
2005,fbcf,D,223,,3589.0,EAE_C10_2005.xls,FBCF,no,no_mapeado_o_no_usado
2005,adquisiciones_importadas,D,223,,0.0,EAE_C10_2005.xls,FBCF,no,no_mapeado_o_no_usado
2005,adquisiciones_origen_importado,D,223,,3589.0,EAE_C10_2005.xls,FBCF,no,no_mapeado_o_no_usado
2005,fbcf,D,2230,,3589.0,EAE_C10_2005.xls,FBCF,no,no_mapeado_o_no_usado
2005,adquisiciones_importadas,D,2230,,0.0,EAE_C10_2005.xls,FBCF,no,no_mapeado_o_no_usado
2005,adquisiciones_origen_importado,D,2230,,3589.0,EAE_C10_2005.xls,FBCF,no,no_mapeado_o_no_usado
2005,fbcf,D,23,19_refinacion,-1248817391.0,EAE_C10_2005.xls,FBCF,si,mapeado
2005,adquisiciones_importadas,D,23,19_refinacion,0.0,EAE_C10_2005.xls,FBCF,si,mapeado
2005,adquisiciones_origen_importado,D,23,19_refinacion,0.0,EAE_C10_2005.xls,FBCF,si,mapeado
2005,fbcf,D,232,,-1248817391.0,EAE_C10_2005.xls,FBCF,no,no_mapeado_o_no_usado
2005,adquisiciones_importadas,D,232,,0.0,EAE_C10_2005.xls,FBCF,no,no_mapeado_o_no_usado
2005,adquisiciones_origen_importado,D,232,,0.0,EAE_C10_2005.xls,FBCF,no,no_mapeado_o_no_usado
2005,fbcf,D,2320,,-1248817391.0,EAE_C10_2005.xls,FBCF,no,no_mapeado_o_no_usado
2005,adquisiciones_importadas,D,2320,,0.0,EAE_C10_2005.xls,FBCF,no,no_mapeado_o_no_usado
2005,adquisiciones_origen_importado,D,2320,,0.0,EAE_C10_2005.xls,FBCF,no,no_mapeado_o_no_usado
2005,fbcf,D,24,20_21_22_quimicos_farma_caucho_plastico,643231829.0,EAE_C10_2005.xls,FBCF,si,mapeado
2005,adquisiciones_importadas,D,24,20_21_22_quimicos_farma_caucho_plastico,139894669.0,EAE_C10_2005.xls,FBCF,si,mapeado
2005,adquisiciones_origen_importado,D,24,20_21_22_quimicos_farma_caucho_plastico,78525125.0,EAE_C10_2005.xls,FBCF,si,mapeado
2005,fbcf,D,241,,209159958.0,EAE_C10_2005.xls,FBCF,no,no_mapeado_o_no_usado
2005,adquisiciones_importadas,D,241,,84749513.0,EAE_C10_2005.xls,FBCF,no,no_mapeado_o_no_usado
2005,adquisiciones_origen_importado,D,241,,22101154.0,EAE_C10_2005.xls,FBCF,no,no_mapeado_o_no_usado
2005,fbcf,D,2411,,111258112.0,EAE_C10_2005.xls,FBCF,no,no_mapeado_o_no_usado
2005,adquisiciones_importadas,D,2411,,37702774.0,EAE_C10_2005.xls,FBCF,no,no_mapeado_o_no_usado
2005,adquisiciones_origen_importado,D,2411,,8297520.0,EAE_C10_2005.xls,FBCF,no,no_mapeado_o_no_usado
2005,fbcf,D,2412,,61798943.0,EAE_C10_2005.xls,FBCF,no,no_mapeado_o_no_usado
2005,adquisiciones_importadas,D,2412,,23207791.0,EAE_C10_2005.xls,FBCF,no,no_mapeado_o_no_usado
2005,adquisiciones_origen_importado,D,2412,,265584.0,EAE_C10_2005.xls,FBCF,no,no_mapeado_o_no_usado
2005,fbcf,D,2413,,36102903.0,EAE_C10_2005.xls,FBCF,no,no_mapeado_o_no_usado
2005,adquisiciones_importadas,D,2413,,23838948.0,EAE_C10_2005.xls,FBCF,no,no_mapeado_o_no_usado
2005,adquisiciones_origen_importado,D,2413,,13538050.0,EAE_C10_2005.xls,FBCF,no,no_mapeado_o_no_usado
2005,fbcf,D,242,,434071871.0,EAE_C10_2005.xls,FBCF,no,no_mapeado_o_no_usado
2005,adquisiciones_importadas,D,242,,55145156.0,EAE_C10_2005.xls,FBCF,no,no_mapeado_o_no_usado
2005,adquisiciones_origen_importado,D,242,,56423971.0,EAE_C10_2005.xls,FBCF,no,no_mapeado_o_no_usado
2005,fbcf,D,2421,,12653911.0,EAE_C10_2005.xls,FBCF,no,no_mapeado_o_no_usado
2005,adquisiciones_importadas,D,2421,,417512.0,EAE_C10_2005.xls,FBCF,no,no_mapeado_o_no_usado
2005,adquisiciones_origen_importado,D,2421,,490237.0,EAE_C10_2005.xls,FBCF,no,no_mapeado_o_no_usado
2005,fbcf,D,2422,,13894709.0,EAE_C10_2005.xls,FBCF,no,no_mapeado_o_no_usado
2005,adquisiciones_importadas,D,2422,,1441513.0,EAE_C10_2005.xls,FBCF,no,no_mapeado_o_no_usado
2005,adquisiciones_origen_importado,D,2422,,2469895.0,EAE_C10_2005.xls,FBCF,no,no_mapeado_o_no_usado
2005,fbcf,D,2423,,337698087.0,EAE_C10_2005.xls,FBCF,no,no_mapeado_o_no_usado
2005,adquisiciones_importadas,D,2423,,51150998.0,EAE_C10_2005.xls,FBCF,no,no_mapeado_o_no_usado
2005,adquisiciones_origen_importado,D,2423,,47711351.0,EAE_C10_2005.xls,FBCF,no,no_mapeado_o_no_usado
2005,fbcf,D,2424,,19166809.0,EAE_C10_2005.xls,FBCF,no,no_mapeado_o_no_usado
2005,adquisiciones_importadas,D,2424,,1782351.0,EAE_C10_2005.xls,FBCF,no,no_mapeado_o_no_usado
2005,adquisiciones_origen_importado,D,2424,,3654168.0,EAE_C10_2005.xls,FBCF,no,no_mapeado_o_no_usado
2005,fbcf,D,2429,,50658355.0,EAE_C10_2005.xls,FBCF,no,no_mapeado_o_no_usado
2005,adquisiciones_importadas,D,2429,,352782.0,EAE_C10_2005.xls,FBCF,no,no_mapeado_o_no_usado
2005,adquisiciones_origen_importado,D,2429,,2098320.0,EAE_C10_2005.xls,FBCF,no,no_mapeado_o_no_usado
2005,fbcf,D,25,20_21_22_quimicos_farma_caucho_plastico,1021945381.0,EAE_C10_2005.xls,FBCF,si,mapeado
2005,adquisiciones_importadas,D,25,20_21_22_quimicos_farma_caucho_plastico,402541149.0,EAE_C10_2005.xls,FBCF,si,mapeado
2005,adquisiciones_origen_importado,D,25,20_21_22_quimicos_farma_caucho_plastico,8086519.0,EAE_C10_2005.xls,FBCF,si,mapeado
2005,fbcf,D,251,,27170053.0,EAE_C10_2005.xls,FBCF,no,no_mapeado_o_no_usado
2005,adquisiciones_importadas,D,251,,0.0,EAE_C10_2005.xls,FBCF,no,no_mapeado_o_no_usado
2005,adquisiciones_origen_importado,D,251,,46028.0,EAE_C10_2005.xls,FBCF,no,no_mapeado_o_no_usado
2005,fbcf,D,2511,,26949386.0,EAE_C10_2005.xls,FBCF,no,no_mapeado_o_no_usado
2005,adquisiciones_importadas,D,2511,,0.0,EAE_C10_2005.xls,FBCF,no,no_mapeado_o_no_usado
2005,adquisiciones_origen_importado,D,2511,,0.0,EAE_C10_2005.xls,FBCF,no,no_mapeado_o_no_usado
2005,fbcf,D,2519,,220667.0,EAE_C10_2005.xls,FBCF,no,no_mapeado_o_no_usado
2005,adquisiciones_importadas,D,2519,,0.0,EAE_C10_2005.xls,FBCF,no,no_mapeado_o_no_usado
2005,adquisiciones_origen_importado,D,2519,,46028.0,EAE_C10_2005.xls,FBCF,no,no_mapeado_o_no_usado
2005,fbcf,D,252,,994775328.0,EAE_C10_2005.xls,FBCF,no,no_mapeado_o_no_usado
2005,adquisiciones_importadas,D,252,,402541149.0,EAE_C10_2005.xls,FBCF,no,no_mapeado_o_no_usado
2005,adquisiciones_origen_importado,D,252,,8040491.0,EAE_C10_2005.xls,FBCF,no,no_mapeado_o_no_usado
2005,fbcf,D,2520,,994775328.0,EAE_C10_2005.xls,FBCF,no,no_mapeado_o_no_usado
2005,adquisiciones_importadas,D,2520,,402541149.0,EAE_C10_2005.xls,FBCF,no,no_mapeado_o_no_usado
2005,adquisiciones_origen_importado,D,2520,,8040491.0,EAE_C10_2005.xls,FBCF,no,no_mapeado_o_no_usado
2005,fbcf,D,26,23_24_minerales_metales,116416059.0,EAE_C10_2005.xls,FBCF,si,mapeado
2005,adquisiciones_importadas,D,26,23_24_minerales_metales,15097291.0,EAE_C10_2005.xls,FBCF,si,mapeado
2005,adquisiciones_origen_importado,D,26,23_24_minerales_metales,24479540.0,EAE_C10_2005.xls,FBCF,si,mapeado
2005,fbcf,D,261,,16382805.0,EAE_C10_2005.xls,FBCF,no,no_mapeado_o_no_usado
2005,adquisiciones_importadas,D,261,,6237843.0,EAE_C10_2005.xls,FBCF,no,no_mapeado_o_no_usado
2005,adquisiciones_origen_importado,D,261,,9967827.0,EAE_C10_2005.xls,FBCF,no,no_mapeado_o_no_usado
2005,fbcf,D,2610,,16382805.0,EAE_C10_2005.xls,FBCF,no,no_mapeado_o_no_usado
2005,adquisiciones_importadas,D,2610,,6237843.0,EAE_C10_2005.xls,FBCF,no,no_mapeado_o_no_usado
2005,adquisiciones_origen_importado,D,2610,,9967827.0,EAE_C10_2005.xls,FBCF,no,no_mapeado_o_no_usado
2005,fbcf,D,269,,100033254.0,EAE_C10_2005.xls,FBCF,no,no_mapeado_o_no_usado
2005,adquisiciones_importadas,D,269,,8859448.0,EAE_C10_2005.xls,FBCF,no,no_mapeado_o_no_usado
2005,adquisiciones_origen_importado,D,269,,14511713.0,EAE_C10_2005.xls,FBCF,no,no_mapeado_o_no_usado
2005,fbcf,D,2691,,3262640.0,EAE_C10_2005.xls,FBCF,no,no_mapeado_o_no_usado
2005,adquisiciones_importadas,D,2691,,0.0,EAE_C10_2005.xls,FBCF,no,no_mapeado_o_no_usado
2005,adquisiciones_origen_importado,D,2691,,1445520.0,EAE_C10_2005.xls,FBCF,no,no_mapeado_o_no_usado
2005,fbcf,D,2692,,3425951.0,EAE_C10_2005.xls,FBCF,no,no_mapeado_o_no_usado
2005,adquisiciones_importadas,D,2692,,0.0,EAE_C10_2005.xls,FBCF,no,no_mapeado_o_no_usado
2005,adquisiciones_origen_importado,D,2692,,0.0,EAE_C10_2005.xls,FBCF,no,no_mapeado_o_no_usado
2005,fbcf,D,2694,,53174240.0,EAE_C10_2005.xls,FBCF,no,no_mapeado_o_no_usado
2005,adquisiciones_importadas,D,2694,,8859448.0,EAE_C10_2005.xls,FBCF,no,no_mapeado_o_no_usado
2005,adquisiciones_origen_importado,D,2694,,9866116.0,EAE_C10_2005.xls,FBCF,no,no_mapeado_o_no_usado
2005,fbcf,D,2695,,36232293.0,EAE_C10_2005.xls,FBCF,no,no_mapeado_o_no_usado
2005,adquisiciones_importadas,D,2695,,0.0,EAE_C10_2005.xls,FBCF,no,no_mapeado_o_no_usado
2005,adquisiciones_origen_importado,D,2695,,2396397.0,EAE_C10_2005.xls,FBCF,no,no_mapeado_o_no_usado
2005,fbcf,D,2699,,3938130.0,EAE_C10_2005.xls,FBCF,no,no_mapeado_o_no_usado
2005,adquisiciones_importadas,D,2699,,0.0,EAE_C10_2005.xls,FBCF,no,no_mapeado_o_no_usado
2005,adquisiciones_origen_importado,D,2699,,803680.0,EAE_C10_2005.xls,FBCF,no,no_mapeado_o_no_usado
2005,fbcf,D,27,23_24_minerales_metales,210647137.0,EAE_C10_2005.xls,FBCF,si,mapeado
2005,adquisiciones_importadas,D,27,23_24_minerales_metales,120707769.0,EAE_C10_2005.xls,FBCF,si,mapeado
2005,adquisiciones_origen_importado,D,27,23_24_minerales_metales,3603586.0,EAE_C10_2005.xls,FBCF,si,mapeado
2005,fbcf,D,270,,210647137.0,EAE_C10_2005.xls,FBCF,no,no_mapeado_o_no_usado
2005,adquisiciones_importadas,D,270,,120707769.0,EAE_C10_2005.xls,FBCF,no,no_mapeado_o_no_usado
2005,adquisiciones_origen_importado,D,270,,3603586.0,EAE_C10_2005.xls,FBCF,no,no_mapeado_o_no_usado
2005,fbcf,D,2700,,210647137.0,EAE_C10_2005.xls,FBCF,no,no_mapeado_o_no_usado
2005,adquisiciones_importadas,D,2700,,120707769.0,EAE_C10_2005.xls,FBCF,no,no_mapeado_o_no_usado
2005,adquisiciones_origen_importado,D,2700,,3603586.0,EAE_C10_2005.xls,FBCF,no,no_mapeado_o_no_usado
2005,fbcf,D,28,25_26_27_28_33_metal_equipos_reparacion,205983632.0,EAE_C10_2005.xls,FBCF,si,mapeado
2005,adquisiciones_importadas,D,28,25_26_27_28_33_metal_equipos_reparacion,66533743.0,EAE_C10_2005.xls,FBCF,si,mapeado
2005,adquisiciones_origen_importado,D,28,25_26_27_28_33_metal_equipos_reparacion,85267027.0,EAE_C10_2005.xls,FBCF,si,mapeado
2005,fbcf,D,281,,181733545.0,EAE_C10_2005.xls,FBCF,no,no_mapeado_o_no_usado
2005,adquisiciones_importadas,D,281,,53802770.0,EAE_C10_2005.xls,FBCF,no,no_mapeado_o_no_usado
2005,adquisiciones_origen_importado,D,281,,81227598.0,EAE_C10_2005.xls,FBCF,no,no_mapeado_o_no_usado
2005,fbcf,D,2811,,179939760.0,EAE_C10_2005.xls,FBCF,no,no_mapeado_o_no_usado
2005,adquisiciones_importadas,D,2811,,53802770.0,EAE_C10_2005.xls,FBCF,no,no_mapeado_o_no_usado
2005,adquisiciones_origen_importado,D,2811,,81227598.0,EAE_C10_2005.xls,FBCF,no,no_mapeado_o_no_usado
2005,fbcf,D,2812,,1793785.0,EAE_C10_2005.xls,FBCF,no,no_mapeado_o_no_usado
2005,adquisiciones_importadas,D,2812,,0.0,EAE_C10_2005.xls,FBCF,no,no_mapeado_o_no_usado
2005,adquisiciones_origen_importado,D,2812,,0.0,EAE_C10_2005.xls,FBCF,no,no_mapeado_o_no_usado
2005,fbcf,D,289,,24250087.0,EAE_C10_2005.xls,FBCF,no,no_mapeado_o_no_usado
2005,adquisiciones_importadas,D,289,,12730973.0,EAE_C10_2005.xls,FBCF,no,no_mapeado_o_no_usado
2005,adquisiciones_origen_importado,D,289,,4039429.0,EAE_C10_2005.xls,FBCF,no,no_mapeado_o_no_usado
2005,fbcf,D,2890,,24250087.0,EAE_C10_2005.xls,FBCF,no,no_mapeado_o_no_usado
2005,adquisiciones_importadas,D,2890,,12730973.0,EAE_C10_2005.xls,FBCF,no,no_mapeado_o_no_usado
2005,adquisiciones_origen_importado,D,2890,,4039429.0,EAE_C10_2005.xls,FBCF,no,no_mapeado_o_no_usado
2005,fbcf,D,29,25_26_27_28_33_metal_equipos_reparacion,49947532.0,EAE_C10_2005.xls,FBCF,si,mapeado
2005,adquisiciones_importadas,D,29,25_26_27_28_33_metal_equipos_reparacion,2370550.0,EAE_C10_2005.xls,FBCF,si,mapeado
2005,adquisiciones_origen_importado,D,29,25_26_27_28_33_metal_equipos_reparacion,35377965.0,EAE_C10_2005.xls,FBCF,si,mapeado
2005,fbcf,D,291,,7192289.0,EAE_C10_2005.xls,FBCF,no,no_mapeado_o_no_usado
2005,adquisiciones_importadas,D,291,,2370550.0,EAE_C10_2005.xls,FBCF,no,no_mapeado_o_no_usado
2005,adquisiciones_origen_importado,D,291,,1559274.0,EAE_C10_2005.xls,FBCF,no,no_mapeado_o_no_usado
2005,fbcf,D,2910,,7192289.0,EAE_C10_2005.xls,FBCF,no,no_mapeado_o_no_usado
2005,adquisiciones_importadas,D,2910,,2370550.0,EAE_C10_2005.xls,FBCF,no,no_mapeado_o_no_usado
2005,adquisiciones_origen_importado,D,2910,,1559274.0,EAE_C10_2005.xls,FBCF,no,no_mapeado_o_no_usado
2005,fbcf,D,292,,38714976.0,EAE_C10_2005.xls,FBCF,no,no_mapeado_o_no_usado
2005,adquisiciones_importadas,D,292,,0.0,EAE_C10_2005.xls,FBCF,no,no_mapeado_o_no_usado
2005,adquisiciones_origen_importado,D,292,,33594334.0,EAE_C10_2005.xls,FBCF,no,no_mapeado_o_no_usado
2005,fbcf,D,2920,,38714976.0,EAE_C10_2005.xls,FBCF,no,no_mapeado_o_no_usado
2005,adquisiciones_importadas,D,2920,,0.0,EAE_C10_2005.xls,FBCF,no,no_mapeado_o_no_usado
2005,adquisiciones_origen_importado,D,2920,,33594334.0,EAE_C10_2005.xls,FBCF,no,no_mapeado_o_no_usado
2005,fbcf,D,293,,4040267.0,EAE_C10_2005.xls,FBCF,no,no_mapeado_o_no_usado
2005,adquisiciones_importadas,D,293,,0.0,EAE_C10_2005.xls,FBCF,no,no_mapeado_o_no_usado
2005,adquisiciones_origen_importado,D,293,,224357.0,EAE_C10_2005.xls,FBCF,no,no_mapeado_o_no_usado
2005,fbcf,D,2930,,4040267.0,EAE_C10_2005.xls,FBCF,no,no_mapeado_o_no_usado
2005,adquisiciones_importadas,D,2930,,0.0,EAE_C10_2005.xls,FBCF,no,no_mapeado_o_no_usado
2005,adquisiciones_origen_importado,D,2930,,224357.0,EAE_C10_2005.xls,FBCF,no,no_mapeado_o_no_usado
2005,fbcf,D,30,25_26_27_28_33_metal_equipos_reparacion,2196820.0,EAE_C10_2005.xls,FBCF,si,mapeado
2005,adquisiciones_importadas,D,30,25_26_27_28_33_metal_equipos_reparacion,0.0,EAE_C10_2005.xls,FBCF,si,mapeado
2005,adquisiciones_origen_importado,D,30,25_26_27_28_33_metal_equipos_reparacion,2242853.0,EAE_C10_2005.xls,FBCF,si,mapeado
2005,fbcf,D,300,,2196820.0,EAE_C10_2005.xls,FBCF,no,no_mapeado_o_no_usado
2005,adquisiciones_importadas,D,300,,0.0,EAE_C10_2005.xls,FBCF,no,no_mapeado_o_no_usado
2005,adquisiciones_origen_importado,D,300,,2242853.0,EAE_C10_2005.xls,FBCF,no,no_mapeado_o_no_usado
2005,fbcf,D,3000,,2196820.0,EAE_C10_2005.xls,FBCF,no,no_mapeado_o_no_usado
2005,adquisiciones_importadas,D,3000,,0.0,EAE_C10_2005.xls,FBCF,no,no_mapeado_o_no_usado
2005,adquisiciones_origen_importado,D,3000,,2242853.0,EAE_C10_2005.xls,FBCF,no,no_mapeado_o_no_usado
2005,fbcf,D,31,25_26_27_28_33_metal_equipos_reparacion,48414170.0,EAE_C10_2005.xls,FBCF,si,mapeado
2005,adquisiciones_importadas,D,31,25_26_27_28_33_metal_equipos_reparacion,29629439.0,EAE_C10_2005.xls,FBCF,si,mapeado
2005,adquisiciones_origen_importado,D,31,25_26_27_28_33_metal_equipos_reparacion,6632082.0,EAE_C10_2005.xls,FBCF,si,mapeado
2005,fbcf,D,310,,48414170.0,EAE_C10_2005.xls,FBCF,no,no_mapeado_o_no_usado
2005,adquisiciones_importadas,D,310,,29629439.0,EAE_C10_2005.xls,FBCF,no,no_mapeado_o_no_usado
2005,adquisiciones_origen_importado,D,310,,6632082.0,EAE_C10_2005.xls,FBCF,no,no_mapeado_o_no_usado
2005,fbcf,D,3100,,48414170.0,EAE_C10_2005.xls,FBCF,no,no_mapeado_o_no_usado
2005,adquisiciones_importadas,D,3100,,29629439.0,EAE_C10_2005.xls,FBCF,no,no_mapeado_o_no_usado
2005,adquisiciones_origen_importado,D,3100,,6632082.0,EAE_C10_2005.xls,FBCF,no,no_mapeado_o_no_usado
2005,fbcf,D,32,25_26_27_28_33_metal_equipos_reparacion,0.0,EAE_C10_2005.xls,FBCF,si,mapeado
2005,adquisiciones_importadas,D,32,25_26_27_28_33_metal_equipos_reparacion,0.0,EAE_C10_2005.xls,FBCF,si,mapeado
2005,adquisiciones_origen_importado,D,32,25_26_27_28_33_metal_equipos_reparacion,0.0,EAE_C10_2005.xls,FBCF,si,mapeado
2005,fbcf,D,320,,0.0,EAE_C10_2005.xls,FBCF,no,no_mapeado_o_no_usado
2005,adquisiciones_importadas,D,320,,0.0,EAE_C10_2005.xls,FBCF,no,no_mapeado_o_no_usado
2005,adquisiciones_origen_importado,D,320,,0.0,EAE_C10_2005.xls,FBCF,no,no_mapeado_o_no_usado
2005,fbcf,D,3200,,0.0,EAE_C10_2005.xls,FBCF,no,no_mapeado_o_no_usado
2005,adquisiciones_importadas,D,3200,,0.0,EAE_C10_2005.xls,FBCF,no,no_mapeado_o_no_usado
2005,adquisiciones_origen_importado,D,3200,,0.0,EAE_C10_2005.xls,FBCF,no,no_mapeado_o_no_usado
2005,fbcf,D,33,25_26_27_28_33_metal_equipos_reparacion,16347819.0,EAE_C10_2005.xls,FBCF,si,mapeado
2005,adquisiciones_importadas,D,33,25_26_27_28_33_metal_equipos_reparacion,7355508.0,EAE_C10_2005.xls,FBCF,si,mapeado
2005,adquisiciones_origen_importado,D,33,25_26_27_28_33_metal_equipos_reparacion,3915039.0,EAE_C10_2005.xls,FBCF,si,mapeado
2005,fbcf,D,330,,16347819.0,EAE_C10_2005.xls,FBCF,no,no_mapeado_o_no_usado
2005,adquisiciones_importadas,D,330,,7355508.0,EAE_C10_2005.xls,FBCF,no,no_mapeado_o_no_usado
2005,adquisiciones_origen_importado,D,330,,3915039.0,EAE_C10_2005.xls,FBCF,no,no_mapeado_o_no_usado
2005,fbcf,D,3300,,16347819.0,EAE_C10_2005.xls,FBCF,no,no_mapeado_o_no_usado
2005,adquisiciones_importadas,D,3300,,7355508.0,EAE_C10_2005.xls,FBCF,no,no_mapeado_o_no_usado
2005,adquisiciones_origen_importado,D,3300,,3915039.0,EAE_C10_2005.xls,FBCF,no,no_mapeado_o_no_usado
2005,fbcf,D,34,29_30_vehiculos_transporte,72249363.0,EAE_C10_2005.xls,FBCF,si,mapeado
2005,adquisiciones_importadas,D,34,29_30_vehiculos_transporte,25877852.0,EAE_C10_2005.xls,FBCF,si,mapeado
2005,adquisiciones_origen_importado,D,34,29_30_vehiculos_transporte,11780637.0,EAE_C10_2005.xls,FBCF,si,mapeado
2005,fbcf,D,340,,72249363.0,EAE_C10_2005.xls,FBCF,no,no_mapeado_o_no_usado
2005,adquisiciones_importadas,D,340,,25877852.0,EAE_C10_2005.xls,FBCF,no,no_mapeado_o_no_usado
2005,adquisiciones_origen_importado,D,340,,11780637.0,EAE_C10_2005.xls,FBCF,no,no_mapeado_o_no_usado
2005,fbcf,D,3400,,72249363.0,EAE_C10_2005.xls,FBCF,no,no_mapeado_o_no_usado
2005,adquisiciones_importadas,D,3400,,25877852.0,EAE_C10_2005.xls,FBCF,no,no_mapeado_o_no_usado
2005,adquisiciones_origen_importado,D,3400,,11780637.0,EAE_C10_2005.xls,FBCF,no,no_mapeado_o_no_usado
2005,fbcf,D,35,29_30_vehiculos_transporte,23629105.0,EAE_C10_2005.xls,FBCF,si,mapeado
2005,adquisiciones_importadas,D,35,29_30_vehiculos_transporte,480863.0,EAE_C10_2005.xls,FBCF,si,mapeado
2005,adquisiciones_origen_importado,D,35,29_30_vehiculos_transporte,2232320.0,EAE_C10_2005.xls,FBCF,si,mapeado
2005,fbcf,D,351,,9477529.0,EAE_C10_2005.xls,FBCF,no,no_mapeado_o_no_usado
2005,adquisiciones_importadas,D,351,,480863.0,EAE_C10_2005.xls,FBCF,no,no_mapeado_o_no_usado
2005,adquisiciones_origen_importado,D,351,,10382.0,EAE_C10_2005.xls,FBCF,no,no_mapeado_o_no_usado
2005,fbcf,D,3510,,9477529.0,EAE_C10_2005.xls,FBCF,no,no_mapeado_o_no_usado
2005,adquisiciones_importadas,D,3510,,480863.0,EAE_C10_2005.xls,FBCF,no,no_mapeado_o_no_usado
2005,adquisiciones_origen_importado,D,3510,,10382.0,EAE_C10_2005.xls,FBCF,no,no_mapeado_o_no_usado
2005,fbcf,D,353,,564612.0,EAE_C10_2005.xls,FBCF,no,no_mapeado_o_no_usado
2005,adquisiciones_importadas,D,353,,0.0,EAE_C10_2005.xls,FBCF,no,no_mapeado_o_no_usado
2005,adquisiciones_origen_importado,D,353,,0.0,EAE_C10_2005.xls,FBCF,no,no_mapeado_o_no_usado
2005,fbcf,D,3530,,564612.0,EAE_C10_2005.xls,FBCF,no,no_mapeado_o_no_usado
2005,adquisiciones_importadas,D,3530,,0.0,EAE_C10_2005.xls,FBCF,no,no_mapeado_o_no_usado
2005,adquisiciones_origen_importado,D,3530,,0.0,EAE_C10_2005.xls,FBCF,no,no_mapeado_o_no_usado
2005,fbcf,D,359,,13586964.0,EAE_C10_2005.xls,FBCF,no,no_mapeado_o_no_usado
2005,adquisiciones_importadas,D,359,,0.0,EAE_C10_2005.xls,FBCF,no,no_mapeado_o_no_usado
2005,adquisiciones_origen_importado,D,359,,2221938.0,EAE_C10_2005.xls,FBCF,no,no_mapeado_o_no_usado
2005,fbcf,D,3590,,13586964.0,EAE_C10_2005.xls,FBCF,no,no_mapeado_o_no_usado
2005,adquisiciones_importadas,D,3590,,0.0,EAE_C10_2005.xls,FBCF,no,no_mapeado_o_no_usado
2005,adquisiciones_origen_importado,D,3590,,2221938.0,EAE_C10_2005.xls,FBCF,no,no_mapeado_o_no_usado
2005,fbcf,D,36,31_32_muebles_otras_manufacturas,429095155.0,EAE_C10_2005.xls,FBCF,si,mapeado
2005,adquisiciones_importadas,D,36,31_32_muebles_otras_manufacturas,372235082.0,EAE_C10_2005.xls,FBCF,si,mapeado
2005,adquisiciones_origen_importado,D,36,31_32_muebles_otras_manufacturas,15484599.0,EAE_C10_2005.xls,FBCF,si,mapeado
2005,fbcf,D,361,,53879498.0,EAE_C10_2005.xls,FBCF,no,no_mapeado_o_no_usado
2005,adquisiciones_importadas,D,361,,10059850.0,EAE_C10_2005.xls,FBCF,no,no_mapeado_o_no_usado
2005,adquisiciones_origen_importado,D,361,,15150955.0,EAE_C10_2005.xls,FBCF,no,no_mapeado_o_no_usado
2005,fbcf,D,3610,,53879498.0,EAE_C10_2005.xls,FBCF,no,no_mapeado_o_no_usado
2005,adquisiciones_importadas,D,3610,,10059850.0,EAE_C10_2005.xls,FBCF,no,no_mapeado_o_no_usado
2005,adquisiciones_origen_importado,D,3610,,15150955.0,EAE_C10_2005.xls,FBCF,no,no_mapeado_o_no_usado
2005,fbcf,D,369,,375215657.0,EAE_C10_2005.xls,FBCF,no,no_mapeado_o_no_usado
2005,adquisiciones_importadas,D,369,,362175232.0,EAE_C10_2005.xls,FBCF,no,no_mapeado_o_no_usado
2005,adquisiciones_origen_importado,D,369,,333644.0,EAE_C10_2005.xls,FBCF,no,no_mapeado_o_no_usado
2005,fbcf,D,3691,,1225231.0,EAE_C10_2005.xls,FBCF,no,no_mapeado_o_no_usado
2005,adquisiciones_importadas,D,3691,,0.0,EAE_C10_2005.xls,FBCF,no,no_mapeado_o_no_usado
2005,adquisiciones_origen_importado,D,3691,,0.0,EAE_C10_2005.xls,FBCF,no,no_mapeado_o_no_usado
2005,fbcf,D,3699,,373990426.0,EAE_C10_2005.xls,FBCF,no,no_mapeado_o_no_usado
2005,adquisiciones_importadas,D,3699,,362175232.0,EAE_C10_2005.xls,FBCF,no,no_mapeado_o_no_usado
2005,adquisiciones_origen_importado,D,3699,,333644.0,EAE_C10_2005.xls,FBCF,no,no_mapeado_o_no_usado
2005,fbcf,D,37,,1136453.0,EAE_C10_2005.xls,FBCF,si,no_mapeado_o_no_usado
2005,adquisiciones_importadas,D,37,,0.0,EAE_C10_2005.xls,FBCF,si,no_mapeado_o_no_usado
2005,adquisiciones_origen_importado,D,37,,0.0,EAE_C10_2005.xls,FBCF,si,no_mapeado_o_no_usado
2005,fbcf,D,370,,1136453.0,EAE_C10_2005.xls,FBCF,no,no_mapeado_o_no_usado
2005,adquisiciones_importadas,D,370,,0.0,EAE_C10_2005.xls,FBCF,no,no_mapeado_o_no_usado
2005,adquisiciones_origen_importado,D,370,,0.0,EAE_C10_2005.xls,FBCF,no,no_mapeado_o_no_usado
2005,fbcf,D,3700,,1136453.0,EAE_C10_2005.xls,FBCF,no,no_mapeado_o_no_usado
2005,adquisiciones_importadas,D,3700,,0.0,EAE_C10_2005.xls,FBCF,no,no_mapeado_o_no_usado
2005,adquisiciones_origen_importado,D,3700,,0.0,EAE_C10_2005.xls,FBCF,no,no_mapeado_o_no_usado
2005,fbcf,E,,,6130481812.0,EAE_C10_2005.xls,FBCF,no,no_mapeado_o_no_usado
2005,adquisiciones_importadas,E,,,0.0,EAE_C10_2005.xls,FBCF,no,no_mapeado_o_no_usado
2005,adquisiciones_origen_importado,E,,,10139634.0,EAE_C10_2005.xls,FBCF,no,no_mapeado_o_no_usado
2005,fbcf,E,40,,4128549221.0,EAE_C10_2005.xls,FBCF,si,no_mapeado_o_no_usado
2005,adquisiciones_importadas,E,40,,0.0,EAE_C10_2005.xls,FBCF,si,no_mapeado_o_no_usado
2005,adquisiciones_origen_importado,E,40,,10139634.0,EAE_C10_2005.xls,FBCF,si,no_mapeado_o_no_usado
2005,fbcf,E,401,,4059905349.0,EAE_C10_2005.xls,FBCF,no,no_mapeado_o_no_usado
2005,adquisiciones_importadas,E,401,,0.0,EAE_C10_2005.xls,FBCF,no,no_mapeado_o_no_usado
2005,adquisiciones_origen_importado,E,401,,0.0,EAE_C10_2005.xls,FBCF,no,no_mapeado_o_no_usado
2005,fbcf,E,4010,,4059905349.0,EAE_C10_2005.xls,FBCF,no,no_mapeado_o_no_usado
2005,adquisiciones_importadas,E,4010,,0.0,EAE_C10_2005.xls,FBCF,no,no_mapeado_o_no_usado
2005,adquisiciones_origen_importado,E,4010,,0.0,EAE_C10_2005.xls,FBCF,no,no_mapeado_o_no_usado
2005,fbcf,E,402,,68643872.0,EAE_C10_2005.xls,FBCF,no,no_mapeado_o_no_usado
2005,adquisiciones_importadas,E,402,,0.0,EAE_C10_2005.xls,FBCF,no,no_mapeado_o_no_usado
2005,adquisiciones_origen_importado,E,402,,10139634.0,EAE_C10_2005.xls,FBCF,no,no_mapeado_o_no_usado
2005,fbcf,E,4020,,68643872.0,EAE_C10_2005.xls,FBCF,no,no_mapeado_o_no_usado
2005,adquisiciones_importadas,E,4020,,0.0,EAE_C10_2005.xls,FBCF,no,no_mapeado_o_no_usado
2005,adquisiciones_origen_importado,E,4020,,10139634.0,EAE_C10_2005.xls,FBCF,no,no_mapeado_o_no_usado
2005,fbcf,E,41,,2001932591.0,EAE_C10_2005.xls,FBCF,si,no_mapeado_o_no_usado
2005,adquisiciones_importadas,E,41,,0.0,EAE_C10_2005.xls,FBCF,si,no_mapeado_o_no_usado
2005,adquisiciones_origen_importado,E,41,,0.0,EAE_C10_2005.xls,FBCF,si,no_mapeado_o_no_usado
2005,fbcf,E,410,,2001932591.0,EAE_C10_2005.xls,FBCF,no,no_mapeado_o_no_usado
2005,adquisiciones_importadas,E,410,,0.0,EAE_C10_2005.xls,FBCF,no,no_mapeado_o_no_usado
2005,adquisiciones_origen_importado,E,410,,0.0,EAE_C10_2005.xls,FBCF,no,no_mapeado_o_no_usado
2005,fbcf,E,4100,,2001932591.0,EAE_C10_2005.xls,FBCF,no,no_mapeado_o_no_usado
2005,adquisiciones_importadas,E,4100,,0.0,EAE_C10_2005.xls,FBCF,no,no_mapeado_o_no_usado
2005,adquisiciones_origen_importado,E,4100,,0.0,EAE_C10_2005.xls,FBCF,no,no_mapeado_o_no_usado
2005,fbcf,G,,,2485425948.0,EAE_C10_2005.xls,FBCF,no,no_mapeado_o_no_usado
2005,adquisiciones_importadas,G,,,146988046.0,EAE_C10_2005.xls,FBCF,no,no_mapeado_o_no_usado
2005,adquisiciones_origen_importado,G,,,501187302.0,EAE_C10_2005.xls,FBCF,no,no_mapeado_o_no_usado
2005,fbcf,G,50,,348736640.0,EAE_C10_2005.xls,FBCF,si,no_mapeado_o_no_usado
2005,adquisiciones_importadas,G,50,,33608729.0,EAE_C10_2005.xls,FBCF,si,no_mapeado_o_no_usado
2005,adquisiciones_origen_importado,G,50,,114810882.0,EAE_C10_2005.xls,FBCF,si,no_mapeado_o_no_usado
2005,fbcf,G,501,,108370581.0,EAE_C10_2005.xls,FBCF,no,no_mapeado_o_no_usado
2005,adquisiciones_importadas,G,501,,22014602.0,EAE_C10_2005.xls,FBCF,no,no_mapeado_o_no_usado
2005,adquisiciones_origen_importado,G,501,,53059931.0,EAE_C10_2005.xls,FBCF,no,no_mapeado_o_no_usado
2005,fbcf,G,5010,,108370581.0,EAE_C10_2005.xls,FBCF,no,no_mapeado_o_no_usado
2005,adquisiciones_importadas,G,5010,,22014602.0,EAE_C10_2005.xls,FBCF,no,no_mapeado_o_no_usado
2005,adquisiciones_origen_importado,G,5010,,53059931.0,EAE_C10_2005.xls,FBCF,no,no_mapeado_o_no_usado
2005,fbcf,G,502,,89966084.0,EAE_C10_2005.xls,FBCF,no,no_mapeado_o_no_usado
2005,adquisiciones_importadas,G,502,,9776029.0,EAE_C10_2005.xls,FBCF,no,no_mapeado_o_no_usado
2005,adquisiciones_origen_importado,G,502,,38632077.0,EAE_C10_2005.xls,FBCF,no,no_mapeado_o_no_usado
2005,fbcf,G,5020,,89966084.0,EAE_C10_2005.xls,FBCF,no,no_mapeado_o_no_usado
2005,adquisiciones_importadas,G,5020,,9776029.0,EAE_C10_2005.xls,FBCF,no,no_mapeado_o_no_usado
2005,adquisiciones_origen_importado,G,5020,,38632077.0,EAE_C10_2005.xls,FBCF,no,no_mapeado_o_no_usado
2005,fbcf,G,503,,24188456.0,EAE_C10_2005.xls,FBCF,no,no_mapeado_o_no_usado
2005,adquisiciones_importadas,G,503,,1818098.0,EAE_C10_2005.xls,FBCF,no,no_mapeado_o_no_usado
2005,adquisiciones_origen_importado,G,503,,6751782.0,EAE_C10_2005.xls,FBCF,no,no_mapeado_o_no_usado
2005,fbcf,G,5030,,24188456.0,EAE_C10_2005.xls,FBCF,no,no_mapeado_o_no_usado
2005,adquisiciones_importadas,G,5030,,1818098.0,EAE_C10_2005.xls,FBCF,no,no_mapeado_o_no_usado
2005,adquisiciones_origen_importado,G,5030,,6751782.0,EAE_C10_2005.xls,FBCF,no,no_mapeado_o_no_usado
2005,fbcf,G,504,,4839699.0,EAE_C10_2005.xls,FBCF,no,no_mapeado_o_no_usado
2005,adquisiciones_importadas,G,504,,0.0,EAE_C10_2005.xls,FBCF,no,no_mapeado_o_no_usado
2005,adquisiciones_origen_importado,G,504,,46228.0,EAE_C10_2005.xls,FBCF,no,no_mapeado_o_no_usado
2005,fbcf,G,5040,,4839699.0,EAE_C10_2005.xls,FBCF,no,no_mapeado_o_no_usado
2005,adquisiciones_importadas,G,5040,,0.0,EAE_C10_2005.xls,FBCF,no,no_mapeado_o_no_usado
2005,adquisiciones_origen_importado,G,5040,,46228.0,EAE_C10_2005.xls,FBCF,no,no_mapeado_o_no_usado
2005,fbcf,G,505,,121371820.0,EAE_C10_2005.xls,FBCF,no,no_mapeado_o_no_usado
2005,adquisiciones_importadas,G,505,,0.0,EAE_C10_2005.xls,FBCF,no,no_mapeado_o_no_usado
2005,adquisiciones_origen_importado,G,505,,16320864.0,EAE_C10_2005.xls,FBCF,no,no_mapeado_o_no_usado
2005,fbcf,G,5050,,121371820.0,EAE_C10_2005.xls,FBCF,no,no_mapeado_o_no_usado
2005,adquisiciones_importadas,G,5050,,0.0,EAE_C10_2005.xls,FBCF,no,no_mapeado_o_no_usado
2005,adquisiciones_origen_importado,G,5050,,16320864.0,EAE_C10_2005.xls,FBCF,no,no_mapeado_o_no_usado
2005,fbcf,G,51,,889257846.0,EAE_C10_2005.xls,FBCF,si,no_mapeado_o_no_usado
2005,adquisiciones_importadas,G,51,,111395413.0,EAE_C10_2005.xls,FBCF,si,no_mapeado_o_no_usado
2005,adquisiciones_origen_importado,G,51,,234423324.0,EAE_C10_2005.xls,FBCF,si,no_mapeado_o_no_usado
2005,fbcf,G,511,,4023548.0,EAE_C10_2005.xls,FBCF,no,no_mapeado_o_no_usado
2005,adquisiciones_importadas,G,511,,0.0,EAE_C10_2005.xls,FBCF,no,no_mapeado_o_no_usado
2005,adquisiciones_origen_importado,G,511,,13766.0,EAE_C10_2005.xls,FBCF,no,no_mapeado_o_no_usado
2005,fbcf,G,5110,,4023548.0,EAE_C10_2005.xls,FBCF,no,no_mapeado_o_no_usado
2005,adquisiciones_importadas,G,5110,,0.0,EAE_C10_2005.xls,FBCF,no,no_mapeado_o_no_usado
2005,adquisiciones_origen_importado,G,5110,,13766.0,EAE_C10_2005.xls,FBCF,no,no_mapeado_o_no_usado
2005,fbcf,G,512,,276405633.0,EAE_C10_2005.xls,FBCF,no,no_mapeado_o_no_usado
2005,adquisiciones_importadas,G,512,,25861896.0,EAE_C10_2005.xls,FBCF,no,no_mapeado_o_no_usado
2005,adquisiciones_origen_importado,G,512,,55507126.0,EAE_C10_2005.xls,FBCF,no,no_mapeado_o_no_usado
2005,fbcf,G,5121,,76277705.0,EAE_C10_2005.xls,FBCF,no,no_mapeado_o_no_usado
2005,adquisiciones_importadas,G,5121,,12405241.0,EAE_C10_2005.xls,FBCF,no,no_mapeado_o_no_usado
2005,adquisiciones_origen_importado,G,5121,,19825295.0,EAE_C10_2005.xls,FBCF,no,no_mapeado_o_no_usado
2005,fbcf,G,5122,,200127928.0,EAE_C10_2005.xls,FBCF,no,no_mapeado_o_no_usado
2005,adquisiciones_importadas,G,5122,,13456655.0,EAE_C10_2005.xls,FBCF,no,no_mapeado_o_no_usado
2005,adquisiciones_origen_importado,G,5122,,35681831.0,EAE_C10_2005.xls,FBCF,no,no_mapeado_o_no_usado
2005,fbcf,G,513,,295790099.0,EAE_C10_2005.xls,FBCF,no,no_mapeado_o_no_usado
2005,adquisiciones_importadas,G,513,,33016611.0,EAE_C10_2005.xls,FBCF,no,no_mapeado_o_no_usado
2005,adquisiciones_origen_importado,G,513,,102420856.0,EAE_C10_2005.xls,FBCF,no,no_mapeado_o_no_usado
2005,fbcf,G,5131,,31616900.0,EAE_C10_2005.xls,FBCF,no,no_mapeado_o_no_usado
2005,adquisiciones_importadas,G,5131,,0.0,EAE_C10_2005.xls,FBCF,no,no_mapeado_o_no_usado
2005,adquisiciones_origen_importado,G,5131,,10579006.0,EAE_C10_2005.xls,FBCF,no,no_mapeado_o_no_usado
2005,fbcf,G,5139,,264173199.0,EAE_C10_2005.xls,FBCF,no,no_mapeado_o_no_usado
2005,adquisiciones_importadas,G,5139,,33016611.0,EAE_C10_2005.xls,FBCF,no,no_mapeado_o_no_usado
2005,adquisiciones_origen_importado,G,5139,,91841850.0,EAE_C10_2005.xls,FBCF,no,no_mapeado_o_no_usado
2005,fbcf,G,514,,173797036.0,EAE_C10_2005.xls,FBCF,no,no_mapeado_o_no_usado
2005,adquisiciones_importadas,G,514,,5826669.0,EAE_C10_2005.xls,FBCF,no,no_mapeado_o_no_usado
2005,adquisiciones_origen_importado,G,514,,33373944.0,EAE_C10_2005.xls,FBCF,no,no_mapeado_o_no_usado
2005,fbcf,G,5141,,44240368.0,EAE_C10_2005.xls,FBCF,no,no_mapeado_o_no_usado
2005,adquisiciones_importadas,G,5141,,3982724.0,EAE_C10_2005.xls,FBCF,no,no_mapeado_o_no_usado
2005,adquisiciones_origen_importado,G,5141,,2585947.0,EAE_C10_2005.xls,FBCF,no,no_mapeado_o_no_usado
2005,fbcf,G,5142,,6665871.0,EAE_C10_2005.xls,FBCF,no,no_mapeado_o_no_usado
2005,adquisiciones_importadas,G,5142,,0.0,EAE_C10_2005.xls,FBCF,no,no_mapeado_o_no_usado
2005,adquisiciones_origen_importado,G,5142,,849319.0,EAE_C10_2005.xls,FBCF,no,no_mapeado_o_no_usado
2005,fbcf,G,5143,,92363413.0,EAE_C10_2005.xls,FBCF,no,no_mapeado_o_no_usado
2005,adquisiciones_importadas,G,5143,,1487045.0,EAE_C10_2005.xls,FBCF,no,no_mapeado_o_no_usado
2005,adquisiciones_origen_importado,G,5143,,23309933.0,EAE_C10_2005.xls,FBCF,no,no_mapeado_o_no_usado
2005,fbcf,G,5149,,30527384.0,EAE_C10_2005.xls,FBCF,no,no_mapeado_o_no_usado
2005,adquisiciones_importadas,G,5149,,356900.0,EAE_C10_2005.xls,FBCF,no,no_mapeado_o_no_usado
2005,adquisiciones_origen_importado,G,5149,,6628745.0,EAE_C10_2005.xls,FBCF,no,no_mapeado_o_no_usado
2005,fbcf,G,515,,138978524.0,EAE_C10_2005.xls,FBCF,no,no_mapeado_o_no_usado
2005,adquisiciones_importadas,G,515,,46690237.0,EAE_C10_2005.xls,FBCF,no,no_mapeado_o_no_usado
2005,adquisiciones_origen_importado,G,515,,42488038.0,EAE_C10_2005.xls,FBCF,no,no_mapeado_o_no_usado
2005,fbcf,G,5150,,138978524.0,EAE_C10_2005.xls,FBCF,no,no_mapeado_o_no_usado
2005,adquisiciones_importadas,G,5150,,46690237.0,EAE_C10_2005.xls,FBCF,no,no_mapeado_o_no_usado
2005,adquisiciones_origen_importado,G,5150,,42488038.0,EAE_C10_2005.xls,FBCF,no,no_mapeado_o_no_usado
2005,fbcf,G,519,,263006.0,EAE_C10_2005.xls,FBCF,no,no_mapeado_o_no_usado
2005,adquisiciones_importadas,G,519,,0.0,EAE_C10_2005.xls,FBCF,no,no_mapeado_o_no_usado
2005,adquisiciones_origen_importado,G,519,,619594.0,EAE_C10_2005.xls,FBCF,no,no_mapeado_o_no_usado
2005,fbcf,G,5190,,263006.0,EAE_C10_2005.xls,FBCF,no,no_mapeado_o_no_usado
2005,adquisiciones_importadas,G,5190,,0.0,EAE_C10_2005.xls,FBCF,no,no_mapeado_o_no_usado
2005,adquisiciones_origen_importado,G,5190,,619594.0,EAE_C10_2005.xls,FBCF,no,no_mapeado_o_no_usado
2005,fbcf,G,52,,1247431462.0,EAE_C10_2005.xls,FBCF,si,no_mapeado_o_no_usado
2005,adquisiciones_importadas,G,52,,1983904.0,EAE_C10_2005.xls,FBCF,si,no_mapeado_o_no_usado
2005,adquisiciones_origen_importado,G,52,,151953096.0,EAE_C10_2005.xls,FBCF,si,no_mapeado_o_no_usado
2005,fbcf,G,521,,481978317.0,EAE_C10_2005.xls,FBCF,no,no_mapeado_o_no_usado
2005,adquisiciones_importadas,G,521,,201470.0,EAE_C10_2005.xls,FBCF,no,no_mapeado_o_no_usado
2005,adquisiciones_origen_importado,G,521,,50834389.0,EAE_C10_2005.xls,FBCF,no,no_mapeado_o_no_usado
2005,fbcf,G,5210,,481978317.0,EAE_C10_2005.xls,FBCF,no,no_mapeado_o_no_usado
2005,adquisiciones_importadas,G,5210,,201470.0,EAE_C10_2005.xls,FBCF,no,no_mapeado_o_no_usado
2005,adquisiciones_origen_importado,G,5210,,50834389.0,EAE_C10_2005.xls,FBCF,no,no_mapeado_o_no_usado
2005,fbcf,G,522,,71303075.0,EAE_C10_2005.xls,FBCF,no,no_mapeado_o_no_usado
2005,adquisiciones_importadas,G,522,,937023.0,EAE_C10_2005.xls,FBCF,no,no_mapeado_o_no_usado
2005,adquisiciones_origen_importado,G,522,,47474307.0,EAE_C10_2005.xls,FBCF,no,no_mapeado_o_no_usado
2005,fbcf,G,5220,,71303075.0,EAE_C10_2005.xls,FBCF,no,no_mapeado_o_no_usado
2005,adquisiciones_importadas,G,5220,,937023.0,EAE_C10_2005.xls,FBCF,no,no_mapeado_o_no_usado
2005,adquisiciones_origen_importado,G,5220,,47474307.0,EAE_C10_2005.xls,FBCF,no,no_mapeado_o_no_usado
2005,fbcf,G,523,,693496554.0,EAE_C10_2005.xls,FBCF,no,no_mapeado_o_no_usado
2005,adquisiciones_importadas,G,523,,845411.0,EAE_C10_2005.xls,FBCF,no,no_mapeado_o_no_usado
2005,adquisiciones_origen_importado,G,523,,53644400.0,EAE_C10_2005.xls,FBCF,no,no_mapeado_o_no_usado
2005,fbcf,G,5231,,46234047.0,EAE_C10_2005.xls,FBCF,no,no_mapeado_o_no_usado
2005,adquisiciones_importadas,G,5231,,0.0,EAE_C10_2005.xls,FBCF,no,no_mapeado_o_no_usado
2005,adquisiciones_origen_importado,G,5231,,3351196.0,EAE_C10_2005.xls,FBCF,no,no_mapeado_o_no_usado
2005,fbcf,G,5232,,135363836.0,EAE_C10_2005.xls,FBCF,no,no_mapeado_o_no_usado
2005,adquisiciones_importadas,G,5232,,845411.0,EAE_C10_2005.xls,FBCF,no,no_mapeado_o_no_usado
2005,adquisiciones_origen_importado,G,5232,,31499017.0,EAE_C10_2005.xls,FBCF,no,no_mapeado_o_no_usado
2005,fbcf,G,5233,,417439362.0,EAE_C10_2005.xls,FBCF,no,no_mapeado_o_no_usado
2005,adquisiciones_importadas,G,5233,,0.0,EAE_C10_2005.xls,FBCF,no,no_mapeado_o_no_usado
2005,adquisiciones_origen_importado,G,5233,,6572113.0,EAE_C10_2005.xls,FBCF,no,no_mapeado_o_no_usado
2005,fbcf,G,5234,,69943139.0,EAE_C10_2005.xls,FBCF,no,no_mapeado_o_no_usado
2005,adquisiciones_importadas,G,5234,,0.0,EAE_C10_2005.xls,FBCF,no,no_mapeado_o_no_usado
2005,adquisiciones_origen_importado,G,5234,,0.0,EAE_C10_2005.xls,FBCF,no,no_mapeado_o_no_usado
2005,fbcf,G,5239,,24516170.0,EAE_C10_2005.xls,FBCF,no,no_mapeado_o_no_usado
2005,adquisiciones_importadas,G,5239,,0.0,EAE_C10_2005.xls,FBCF,no,no_mapeado_o_no_usado
2005,adquisiciones_origen_importado,G,5239,,12222074.0,EAE_C10_2005.xls,FBCF,no,no_mapeado_o_no_usado
2005,fbcf,G,525,,548213.0,EAE_C10_2005.xls,FBCF,no,no_mapeado_o_no_usado
2005,adquisiciones_importadas,G,525,,0.0,EAE_C10_2005.xls,FBCF,no,no_mapeado_o_no_usado
2005,adquisiciones_origen_importado,G,525,,0.0,EAE_C10_2005.xls,FBCF,no,no_mapeado_o_no_usado
2005,fbcf,G,5252,,548213.0,EAE_C10_2005.xls,FBCF,no,no_mapeado_o_no_usado
2005,adquisiciones_importadas,G,5252,,0.0,EAE_C10_2005.xls,FBCF,no,no_mapeado_o_no_usado
2005,adquisiciones_origen_importado,G,5252,,0.0,EAE_C10_2005.xls,FBCF,no,no_mapeado_o_no_usado
2005,fbcf,G,526,,105303.0,EAE_C10_2005.xls,FBCF,no,no_mapeado_o_no_usado
2005,adquisiciones_importadas,G,526,,0.0,EAE_C10_2005.xls,FBCF,no,no_mapeado_o_no_usado
2005,adquisiciones_origen_importado,G,526,,0.0,EAE_C10_2005.xls,FBCF,no,no_mapeado_o_no_usado
2005,fbcf,G,5260,,105303.0,EAE_C10_2005.xls,FBCF,no,no_mapeado_o_no_usado
2005,adquisiciones_importadas,G,5260,,0.0,EAE_C10_2005.xls,FBCF,no,no_mapeado_o_no_usado
2005,adquisiciones_origen_importado,G,5260,,0.0,EAE_C10_2005.xls,FBCF,no,no_mapeado_o_no_usado
2005,fbcf,H,,,238518748.0,EAE_C10_2005.xls,FBCF,no,no_mapeado_o_no_usado
2005,adquisiciones_importadas,H,,,63255653.0,EAE_C10_2005.xls,FBCF,no,no_mapeado_o_no_usado
2005,adquisiciones_origen_importado,H,,,52892693.0,EAE_C10_2005.xls,FBCF,no,no_mapeado_o_no_usado
2005,fbcf,H,55,,238518748.0,EAE_C10_2005.xls,FBCF,si,no_mapeado_o_no_usado
2005,adquisiciones_importadas,H,55,,63255653.0,EAE_C10_2005.xls,FBCF,si,no_mapeado_o_no_usado
2005,adquisiciones_origen_importado,H,55,,52892693.0,EAE_C10_2005.xls,FBCF,si,no_mapeado_o_no_usado
2005,fbcf,H,551,,132510876.0,EAE_C10_2005.xls,FBCF,no,no_mapeado_o_no_usado
2005,adquisiciones_importadas,H,551,,63255653.0,EAE_C10_2005.xls,FBCF,no,no_mapeado_o_no_usado
2005,adquisiciones_origen_importado,H,551,,14817110.0,EAE_C10_2005.xls,FBCF,no,no_mapeado_o_no_usado
2005,fbcf,H,5511,,132465427.0,EAE_C10_2005.xls,FBCF,no,no_mapeado_o_no_usado
2005,adquisiciones_importadas,H,5511,,63255653.0,EAE_C10_2005.xls,FBCF,no,no_mapeado_o_no_usado
2005,adquisiciones_origen_importado,H,5511,,14817110.0,EAE_C10_2005.xls,FBCF,no,no_mapeado_o_no_usado
2005,fbcf,H,5512,,45449.0,EAE_C10_2005.xls,FBCF,no,no_mapeado_o_no_usado
2005,adquisiciones_importadas,H,5512,,0.0,EAE_C10_2005.xls,FBCF,no,no_mapeado_o_no_usado
2005,adquisiciones_origen_importado,H,5512,,0.0,EAE_C10_2005.xls,FBCF,no,no_mapeado_o_no_usado
2005,fbcf,H,552,,106007872.0,EAE_C10_2005.xls,FBCF,no,no_mapeado_o_no_usado
2005,adquisiciones_importadas,H,552,,0.0,EAE_C10_2005.xls,FBCF,no,no_mapeado_o_no_usado
2005,adquisiciones_origen_importado,H,552,,38075583.0,EAE_C10_2005.xls,FBCF,no,no_mapeado_o_no_usado
2005,fbcf,H,5520,,106007872.0,EAE_C10_2005.xls,FBCF,no,no_mapeado_o_no_usado
2005,adquisiciones_importadas,H,5520,,0.0,EAE_C10_2005.xls,FBCF,no,no_mapeado_o_no_usado
2005,adquisiciones_origen_importado,H,5520,,38075583.0,EAE_C10_2005.xls,FBCF,no,no_mapeado_o_no_usado
2005,fbcf,I,,,4434586962.0,EAE_C10_2005.xls,FBCF,no,no_mapeado_o_no_usado
2005,adquisiciones_importadas,I,,,1255663280.0,EAE_C10_2005.xls,FBCF,no,no_mapeado_o_no_usado
2005,adquisiciones_origen_importado,I,,,822643912.0,EAE_C10_2005.xls,FBCF,no,no_mapeado_o_no_usado
2005,fbcf,I,60,,447312779.0,EAE_C10_2005.xls,FBCF,si,no_mapeado_o_no_usado
2005,adquisiciones_importadas,I,60,,204071107.0,EAE_C10_2005.xls,FBCF,si,no_mapeado_o_no_usado
2005,adquisiciones_origen_importado,I,60,,275021275.0,EAE_C10_2005.xls,FBCF,si,no_mapeado_o_no_usado
2005,fbcf,I,601,,25572949.0,EAE_C10_2005.xls,FBCF,no,no_mapeado_o_no_usado
2005,adquisiciones_importadas,I,601,,24765892.0,EAE_C10_2005.xls,FBCF,no,no_mapeado_o_no_usado
2005,adquisiciones_origen_importado,I,601,,0.0,EAE_C10_2005.xls,FBCF,no,no_mapeado_o_no_usado
2005,fbcf,I,6010,,25572949.0,EAE_C10_2005.xls,FBCF,no,no_mapeado_o_no_usado
2005,adquisiciones_importadas,I,6010,,24765892.0,EAE_C10_2005.xls,FBCF,no,no_mapeado_o_no_usado
2005,adquisiciones_origen_importado,I,6010,,0.0,EAE_C10_2005.xls,FBCF,no,no_mapeado_o_no_usado
2005,fbcf,I,602,,421739830.0,EAE_C10_2005.xls,FBCF,no,no_mapeado_o_no_usado
2005,adquisiciones_importadas,I,602,,179305215.0,EAE_C10_2005.xls,FBCF,no,no_mapeado_o_no_usado
2005,adquisiciones_origen_importado,I,602,,275021275.0,EAE_C10_2005.xls,FBCF,no,no_mapeado_o_no_usado
2005,fbcf,I,6021,,100683556.0,EAE_C10_2005.xls,FBCF,no,no_mapeado_o_no_usado
2005,adquisiciones_importadas,I,6021,,80250465.0,EAE_C10_2005.xls,FBCF,no,no_mapeado_o_no_usado
2005,adquisiciones_origen_importado,I,6021,,36304063.0,EAE_C10_2005.xls,FBCF,no,no_mapeado_o_no_usado
2005,fbcf,I,6022,,44983291.0,EAE_C10_2005.xls,FBCF,no,no_mapeado_o_no_usado
2005,adquisiciones_importadas,I,6022,,35017500.0,EAE_C10_2005.xls,FBCF,no,no_mapeado_o_no_usado
2005,adquisiciones_origen_importado,I,6022,,13666989.0,EAE_C10_2005.xls,FBCF,no,no_mapeado_o_no_usado
2005,fbcf,I,6023,,276072983.0,EAE_C10_2005.xls,FBCF,no,no_mapeado_o_no_usado
2005,adquisiciones_importadas,I,6023,,64037250.0,EAE_C10_2005.xls,FBCF,no,no_mapeado_o_no_usado
2005,adquisiciones_origen_importado,I,6023,,225050223.0,EAE_C10_2005.xls,FBCF,no,no_mapeado_o_no_usado
2005,fbcf,I,61,,183103980.0,EAE_C10_2005.xls,FBCF,si,no_mapeado_o_no_usado
2005,adquisiciones_importadas,I,61,,81929511.0,EAE_C10_2005.xls,FBCF,si,no_mapeado_o_no_usado
2005,adquisiciones_origen_importado,I,61,,736264.0,EAE_C10_2005.xls,FBCF,si,no_mapeado_o_no_usado
2005,fbcf,I,611,,183103980.0,EAE_C10_2005.xls,FBCF,no,no_mapeado_o_no_usado
2005,adquisiciones_importadas,I,611,,81929511.0,EAE_C10_2005.xls,FBCF,no,no_mapeado_o_no_usado
2005,adquisiciones_origen_importado,I,611,,736264.0,EAE_C10_2005.xls,FBCF,no,no_mapeado_o_no_usado
2005,fbcf,I,6110,,183103980.0,EAE_C10_2005.xls,FBCF,no,no_mapeado_o_no_usado
2005,adquisiciones_importadas,I,6110,,81929511.0,EAE_C10_2005.xls,FBCF,no,no_mapeado_o_no_usado
2005,adquisiciones_origen_importado,I,6110,,736264.0,EAE_C10_2005.xls,FBCF,no,no_mapeado_o_no_usado
2005,fbcf,I,62,,720362.0,EAE_C10_2005.xls,FBCF,si,no_mapeado_o_no_usado
2005,adquisiciones_importadas,I,62,,0.0,EAE_C10_2005.xls,FBCF,si,no_mapeado_o_no_usado
2005,adquisiciones_origen_importado,I,62,,0.0,EAE_C10_2005.xls,FBCF,si,no_mapeado_o_no_usado
2005,fbcf,I,621,,720362.0,EAE_C10_2005.xls,FBCF,no,no_mapeado_o_no_usado
2005,adquisiciones_importadas,I,621,,0.0,EAE_C10_2005.xls,FBCF,no,no_mapeado_o_no_usado
2005,adquisiciones_origen_importado,I,621,,0.0,EAE_C10_2005.xls,FBCF,no,no_mapeado_o_no_usado
2005,fbcf,I,6210,,720362.0,EAE_C10_2005.xls,FBCF,no,no_mapeado_o_no_usado
2005,adquisiciones_importadas,I,6210,,0.0,EAE_C10_2005.xls,FBCF,no,no_mapeado_o_no_usado
2005,adquisiciones_origen_importado,I,6210,,0.0,EAE_C10_2005.xls,FBCF,no,no_mapeado_o_no_usado
2005,fbcf,I,63,,780928239.0,EAE_C10_2005.xls,FBCF,si,no_mapeado_o_no_usado
2005,adquisiciones_importadas,I,63,,52515702.0,EAE_C10_2005.xls,FBCF,si,no_mapeado_o_no_usado
2005,adquisiciones_origen_importado,I,63,,37000838.0,EAE_C10_2005.xls,FBCF,si,no_mapeado_o_no_usado
2005,fbcf,I,630,,780928239.0,EAE_C10_2005.xls,FBCF,no,no_mapeado_o_no_usado
2005,adquisiciones_importadas,I,630,,52515702.0,EAE_C10_2005.xls,FBCF,no,no_mapeado_o_no_usado
2005,adquisiciones_origen_importado,I,630,,37000838.0,EAE_C10_2005.xls,FBCF,no,no_mapeado_o_no_usado
2005,fbcf,I,6301,,115720388.0,EAE_C10_2005.xls,FBCF,no,no_mapeado_o_no_usado
2005,adquisiciones_importadas,I,6301,,12619894.0,EAE_C10_2005.xls,FBCF,no,no_mapeado_o_no_usado
2005,adquisiciones_origen_importado,I,6301,,4591449.0,EAE_C10_2005.xls,FBCF,no,no_mapeado_o_no_usado
2005,fbcf,I,6302,,71138455.0,EAE_C10_2005.xls,FBCF,no,no_mapeado_o_no_usado
2005,adquisiciones_importadas,I,6302,,553246.0,EAE_C10_2005.xls,FBCF,no,no_mapeado_o_no_usado
2005,adquisiciones_origen_importado,I,6302,,12027090.0,EAE_C10_2005.xls,FBCF,no,no_mapeado_o_no_usado
2005,fbcf,I,6303,,490808577.0,EAE_C10_2005.xls,FBCF,no,no_mapeado_o_no_usado
2005,adquisiciones_importadas,I,6303,,39342562.0,EAE_C10_2005.xls,FBCF,no,no_mapeado_o_no_usado
2005,adquisiciones_origen_importado,I,6303,,12959970.0,EAE_C10_2005.xls,FBCF,no,no_mapeado_o_no_usado
2005,fbcf,I,6304,,6635993.0,EAE_C10_2005.xls,FBCF,no,no_mapeado_o_no_usado
2005,adquisiciones_importadas,I,6304,,0.0,EAE_C10_2005.xls,FBCF,no,no_mapeado_o_no_usado
2005,adquisiciones_origen_importado,I,6304,,779755.0,EAE_C10_2005.xls,FBCF,no,no_mapeado_o_no_usado
2005,fbcf,I,6309,,96624826.0,EAE_C10_2005.xls,FBCF,no,no_mapeado_o_no_usado
2005,adquisiciones_importadas,I,6309,,0.0,EAE_C10_2005.xls,FBCF,no,no_mapeado_o_no_usado
2005,adquisiciones_origen_importado,I,6309,,6642574.0,EAE_C10_2005.xls,FBCF,no,no_mapeado_o_no_usado
2005,fbcf,I,64,,3022521602.0,EAE_C10_2005.xls,FBCF,si,no_mapeado_o_no_usado
2005,adquisiciones_importadas,I,64,,917146960.0,EAE_C10_2005.xls,FBCF,si,no_mapeado_o_no_usado
2005,adquisiciones_origen_importado,I,64,,509885535.0,EAE_C10_2005.xls,FBCF,si,no_mapeado_o_no_usado
2005,fbcf,I,641,,49715849.0,EAE_C10_2005.xls,FBCF,no,no_mapeado_o_no_usado
2005,adquisiciones_importadas,I,641,,0.0,EAE_C10_2005.xls,FBCF,no,no_mapeado_o_no_usado
2005,adquisiciones_origen_importado,I,641,,4912176.0,EAE_C10_2005.xls,FBCF,no,no_mapeado_o_no_usado
2005,fbcf,I,6410,,49715849.0,EAE_C10_2005.xls,FBCF,no,no_mapeado_o_no_usado
2005,adquisiciones_importadas,I,6410,,0.0,EAE_C10_2005.xls,FBCF,no,no_mapeado_o_no_usado
2005,adquisiciones_origen_importado,I,6410,,4912176.0,EAE_C10_2005.xls,FBCF,no,no_mapeado_o_no_usado
2005,fbcf,I,642,,2972805753.0,EAE_C10_2005.xls,FBCF,no,no_mapeado_o_no_usado
2005,adquisiciones_importadas,I,642,,917146960.0,EAE_C10_2005.xls,FBCF,no,no_mapeado_o_no_usado
2005,adquisiciones_origen_importado,I,642,,504973359.0,EAE_C10_2005.xls,FBCF,no,no_mapeado_o_no_usado
2005,fbcf,I,6420,,2972805753.0,EAE_C10_2005.xls,FBCF,no,no_mapeado_o_no_usado
2005,adquisiciones_importadas,I,6420,,917146960.0,EAE_C10_2005.xls,FBCF,no,no_mapeado_o_no_usado
2005,adquisiciones_origen_importado,I,6420,,504973359.0,EAE_C10_2005.xls,FBCF,no,no_mapeado_o_no_usado
2005,fbcf,K,,,1182629165.0,EAE_C10_2005.xls,FBCF,no,no_mapeado_o_no_usado
2005,adquisiciones_importadas,K,,,168007029.0,EAE_C10_2005.xls,FBCF,no,no_mapeado_o_no_usado
2005,adquisiciones_origen_importado,K,,,294530786.0,EAE_C10_2005.xls,FBCF,no,no_mapeado_o_no_usado
2005,fbcf,K,71,,231870720.0,EAE_C10_2005.xls,FBCF,si,no_mapeado_o_no_usado
2005,adquisiciones_importadas,K,71,,6079729.0,EAE_C10_2005.xls,FBCF,si,no_mapeado_o_no_usado
2005,adquisiciones_origen_importado,K,71,,172578684.0,EAE_C10_2005.xls,FBCF,si,no_mapeado_o_no_usado
2005,fbcf,K,711,,159988459.0,EAE_C10_2005.xls,FBCF,no,no_mapeado_o_no_usado
2005,adquisiciones_importadas,K,711,,0.0,EAE_C10_2005.xls,FBCF,no,no_mapeado_o_no_usado
2005,adquisiciones_origen_importado,K,711,,169029195.0,EAE_C10_2005.xls,FBCF,no,no_mapeado_o_no_usado
2005,fbcf,K,7110,,159988459.0,EAE_C10_2005.xls,FBCF,no,no_mapeado_o_no_usado
2005,adquisiciones_importadas,K,7110,,0.0,EAE_C10_2005.xls,FBCF,no,no_mapeado_o_no_usado
2005,adquisiciones_origen_importado,K,7110,,169029195.0,EAE_C10_2005.xls,FBCF,no,no_mapeado_o_no_usado
2005,fbcf,K,712,,69641496.0,EAE_C10_2005.xls,FBCF,no,no_mapeado_o_no_usado
2005,adquisiciones_importadas,K,712,,6030472.0,EAE_C10_2005.xls,FBCF,no,no_mapeado_o_no_usado
2005,adquisiciones_origen_importado,K,712,,1357981.0,EAE_C10_2005.xls,FBCF,no,no_mapeado_o_no_usado
2005,fbcf,K,7120,,69641496.0,EAE_C10_2005.xls,FBCF,no,no_mapeado_o_no_usado
2005,adquisiciones_importadas,K,7120,,6030472.0,EAE_C10_2005.xls,FBCF,no,no_mapeado_o_no_usado
2005,adquisiciones_origen_importado,K,7120,,1357981.0,EAE_C10_2005.xls,FBCF,no,no_mapeado_o_no_usado
2005,fbcf,K,713,,2240765.0,EAE_C10_2005.xls,FBCF,no,no_mapeado_o_no_usado
2005,adquisiciones_importadas,K,713,,49257.0,EAE_C10_2005.xls,FBCF,no,no_mapeado_o_no_usado
2005,adquisiciones_origen_importado,K,713,,2191508.0,EAE_C10_2005.xls,FBCF,no,no_mapeado_o_no_usado
2005,fbcf,K,7130,,2240765.0,EAE_C10_2005.xls,FBCF,no,no_mapeado_o_no_usado
2005,adquisiciones_importadas,K,7130,,49257.0,EAE_C10_2005.xls,FBCF,no,no_mapeado_o_no_usado
2005,adquisiciones_origen_importado,K,7130,,2191508.0,EAE_C10_2005.xls,FBCF,no,no_mapeado_o_no_usado
2005,fbcf,K,72,,189730489.0,EAE_C10_2005.xls,FBCF,si,no_mapeado_o_no_usado
2005,adquisiciones_importadas,K,72,,141508418.0,EAE_C10_2005.xls,FBCF,si,no_mapeado_o_no_usado
2005,adquisiciones_origen_importado,K,72,,29820826.0,EAE_C10_2005.xls,FBCF,si,no_mapeado_o_no_usado
2005,fbcf,K,721,,150984055.0,EAE_C10_2005.xls,FBCF,no,no_mapeado_o_no_usado
2005,adquisiciones_importadas,K,721,,105415845.0,EAE_C10_2005.xls,FBCF,no,no_mapeado_o_no_usado
2005,adquisiciones_origen_importado,K,721,,23098204.0,EAE_C10_2005.xls,FBCF,no,no_mapeado_o_no_usado
2005,fbcf,K,7210,,150984055.0,EAE_C10_2005.xls,FBCF,no,no_mapeado_o_no_usado
2005,adquisiciones_importadas,K,7210,,105415845.0,EAE_C10_2005.xls,FBCF,no,no_mapeado_o_no_usado
2005,adquisiciones_origen_importado,K,7210,,23098204.0,EAE_C10_2005.xls,FBCF,no,no_mapeado_o_no_usado
2005,fbcf,K,722,,56673151.0,EAE_C10_2005.xls,FBCF,no,no_mapeado_o_no_usado
2005,adquisiciones_importadas,K,722,,32631864.0,EAE_C10_2005.xls,FBCF,no,no_mapeado_o_no_usado
2005,adquisiciones_origen_importado,K,722,,3228503.0,EAE_C10_2005.xls,FBCF,no,no_mapeado_o_no_usado
2005,fbcf,K,7220,,56673151.0,EAE_C10_2005.xls,FBCF,no,no_mapeado_o_no_usado
2005,adquisiciones_importadas,K,7220,,32631864.0,EAE_C10_2005.xls,FBCF,no,no_mapeado_o_no_usado
2005,adquisiciones_origen_importado,K,7220,,3228503.0,EAE_C10_2005.xls,FBCF,no,no_mapeado_o_no_usado
2005,fbcf,K,723,,1770160.0,EAE_C10_2005.xls,FBCF,no,no_mapeado_o_no_usado
2005,adquisiciones_importadas,K,723,,918883.0,EAE_C10_2005.xls,FBCF,no,no_mapeado_o_no_usado
2005,adquisiciones_origen_importado,K,723,,638167.0,EAE_C10_2005.xls,FBCF,no,no_mapeado_o_no_usado
2005,fbcf,K,7230,,1770160.0,EAE_C10_2005.xls,FBCF,no,no_mapeado_o_no_usado
2005,adquisiciones_importadas,K,7230,,918883.0,EAE_C10_2005.xls,FBCF,no,no_mapeado_o_no_usado
2005,adquisiciones_origen_importado,K,7230,,638167.0,EAE_C10_2005.xls,FBCF,no,no_mapeado_o_no_usado
2005,fbcf,K,724,,827576.0,EAE_C10_2005.xls,FBCF,no,no_mapeado_o_no_usado
2005,adquisiciones_importadas,K,724,,0.0,EAE_C10_2005.xls,FBCF,no,no_mapeado_o_no_usado
2005,adquisiciones_origen_importado,K,724,,0.0,EAE_C10_2005.xls,FBCF,no,no_mapeado_o_no_usado
2005,fbcf,K,7240,,827576.0,EAE_C10_2005.xls,FBCF,no,no_mapeado_o_no_usado
2005,adquisiciones_importadas,K,7240,,0.0,EAE_C10_2005.xls,FBCF,no,no_mapeado_o_no_usado
2005,adquisiciones_origen_importado,K,7240,,0.0,EAE_C10_2005.xls,FBCF,no,no_mapeado_o_no_usado
2005,fbcf,K,725,,-20524453.0,EAE_C10_2005.xls,FBCF,no,no_mapeado_o_no_usado
2005,adquisiciones_importadas,K,725,,2541826.0,EAE_C10_2005.xls,FBCF,no,no_mapeado_o_no_usado
2005,adquisiciones_origen_importado,K,725,,2855952.0,EAE_C10_2005.xls,FBCF,no,no_mapeado_o_no_usado
2005,fbcf,K,7250,,-20524453.0,EAE_C10_2005.xls,FBCF,no,no_mapeado_o_no_usado
2005,adquisiciones_importadas,K,7250,,2541826.0,EAE_C10_2005.xls,FBCF,no,no_mapeado_o_no_usado
2005,adquisiciones_origen_importado,K,7250,,2855952.0,EAE_C10_2005.xls,FBCF,no,no_mapeado_o_no_usado
2005,fbcf,K,73,,15134009.0,EAE_C10_2005.xls,FBCF,si,no_mapeado_o_no_usado
2005,adquisiciones_importadas,K,73,,509554.0,EAE_C10_2005.xls,FBCF,si,no_mapeado_o_no_usado
2005,adquisiciones_origen_importado,K,73,,2019404.0,EAE_C10_2005.xls,FBCF,si,no_mapeado_o_no_usado
2005,fbcf,K,730,,15134009.0,EAE_C10_2005.xls,FBCF,no,no_mapeado_o_no_usado
2005,adquisiciones_importadas,K,730,,509554.0,EAE_C10_2005.xls,FBCF,no,no_mapeado_o_no_usado
2005,adquisiciones_origen_importado,K,730,,2019404.0,EAE_C10_2005.xls,FBCF,no,no_mapeado_o_no_usado
2005,fbcf,K,7300,,15134009.0,EAE_C10_2005.xls,FBCF,no,no_mapeado_o_no_usado
2005,adquisiciones_importadas,K,7300,,509554.0,EAE_C10_2005.xls,FBCF,no,no_mapeado_o_no_usado
2005,adquisiciones_origen_importado,K,7300,,2019404.0,EAE_C10_2005.xls,FBCF,no,no_mapeado_o_no_usado
2005,fbcf,K,74,,745893947.0,EAE_C10_2005.xls,FBCF,si,no_mapeado_o_no_usado
2005,adquisiciones_importadas,K,74,,19909328.0,EAE_C10_2005.xls,FBCF,si,no_mapeado_o_no_usado
2005,adquisiciones_origen_importado,K,74,,90111872.0,EAE_C10_2005.xls,FBCF,si,no_mapeado_o_no_usado
2005,fbcf,K,741,,47959791.0,EAE_C10_2005.xls,FBCF,no,no_mapeado_o_no_usado
2005,adquisiciones_importadas,K,741,,771579.0,EAE_C10_2005.xls,FBCF,no,no_mapeado_o_no_usado
2005,adquisiciones_origen_importado,K,741,,17431796.0,EAE_C10_2005.xls,FBCF,no,no_mapeado_o_no_usado
2005,fbcf,K,7411,,10608379.0,EAE_C10_2005.xls,FBCF,no,no_mapeado_o_no_usado
2005,adquisiciones_importadas,K,7411,,0.0,EAE_C10_2005.xls,FBCF,no,no_mapeado_o_no_usado
2005,adquisiciones_origen_importado,K,7411,,0.0,EAE_C10_2005.xls,FBCF,no,no_mapeado_o_no_usado
2005,fbcf,K,7412,,7696480.0,EAE_C10_2005.xls,FBCF,no,no_mapeado_o_no_usado
2005,adquisiciones_importadas,K,7412,,771579.0,EAE_C10_2005.xls,FBCF,no,no_mapeado_o_no_usado
2005,adquisiciones_origen_importado,K,7412,,6643061.0,EAE_C10_2005.xls,FBCF,no,no_mapeado_o_no_usado
2005,fbcf,K,7413,,2331825.0,EAE_C10_2005.xls,FBCF,no,no_mapeado_o_no_usado
2005,adquisiciones_importadas,K,7413,,0.0,EAE_C10_2005.xls,FBCF,no,no_mapeado_o_no_usado
2005,adquisiciones_origen_importado,K,7413,,645882.0,EAE_C10_2005.xls,FBCF,no,no_mapeado_o_no_usado
2005,fbcf,K,7414,,27323107.0,EAE_C10_2005.xls,FBCF,no,no_mapeado_o_no_usado
2005,adquisiciones_importadas,K,7414,,0.0,EAE_C10_2005.xls,FBCF,no,no_mapeado_o_no_usado
2005,adquisiciones_origen_importado,K,7414,,10142853.0,EAE_C10_2005.xls,FBCF,no,no_mapeado_o_no_usado
2005,fbcf,K,742,,450397086.0,EAE_C10_2005.xls,FBCF,no,no_mapeado_o_no_usado
2005,adquisiciones_importadas,K,742,,12007801.0,EAE_C10_2005.xls,FBCF,no,no_mapeado_o_no_usado
2005,adquisiciones_origen_importado,K,742,,12321381.0,EAE_C10_2005.xls,FBCF,no,no_mapeado_o_no_usado
2005,fbcf,K,7421,,430738858.0,EAE_C10_2005.xls,FBCF,no,no_mapeado_o_no_usado
2005,adquisiciones_importadas,K,7421,,0.0,EAE_C10_2005.xls,FBCF,no,no_mapeado_o_no_usado
2005,adquisiciones_origen_importado,K,7421,,6645329.0,EAE_C10_2005.xls,FBCF,no,no_mapeado_o_no_usado
2005,fbcf,K,7422,,19658228.0,EAE_C10_2005.xls,FBCF,no,no_mapeado_o_no_usado
2005,adquisiciones_importadas,K,7422,,12007801.0,EAE_C10_2005.xls,FBCF,no,no_mapeado_o_no_usado
2005,adquisiciones_origen_importado,K,7422,,5676052.0,EAE_C10_2005.xls,FBCF,no,no_mapeado_o_no_usado
2005,fbcf,K,743,,50911516.0,EAE_C10_2005.xls,FBCF,no,no_mapeado_o_no_usado
2005,adquisiciones_importadas,K,743,,830452.0,EAE_C10_2005.xls,FBCF,no,no_mapeado_o_no_usado
2005,adquisiciones_origen_importado,K,743,,17837301.0,EAE_C10_2005.xls,FBCF,no,no_mapeado_o_no_usado
2005,fbcf,K,7430,,50911516.0,EAE_C10_2005.xls,FBCF,no,no_mapeado_o_no_usado
2005,adquisiciones_importadas,K,7430,,830452.0,EAE_C10_2005.xls,FBCF,no,no_mapeado_o_no_usado
2005,adquisiciones_origen_importado,K,7430,,17837301.0,EAE_C10_2005.xls,FBCF,no,no_mapeado_o_no_usado
2005,fbcf,K,749,,196625554.0,EAE_C10_2005.xls,FBCF,no,no_mapeado_o_no_usado
2005,adquisiciones_importadas,K,749,,6299496.0,EAE_C10_2005.xls,FBCF,no,no_mapeado_o_no_usado
2005,adquisiciones_origen_importado,K,749,,42521394.0,EAE_C10_2005.xls,FBCF,no,no_mapeado_o_no_usado
2005,fbcf,K,7491,,4674842.0,EAE_C10_2005.xls,FBCF,no,no_mapeado_o_no_usado
2005,adquisiciones_importadas,K,7491,,0.0,EAE_C10_2005.xls,FBCF,no,no_mapeado_o_no_usado
2005,adquisiciones_origen_importado,K,7491,,889521.0,EAE_C10_2005.xls,FBCF,no,no_mapeado_o_no_usado
2005,fbcf,K,7492,,27188746.0,EAE_C10_2005.xls,FBCF,no,no_mapeado_o_no_usado
2005,adquisiciones_importadas,K,7492,,2979962.0,EAE_C10_2005.xls,FBCF,no,no_mapeado_o_no_usado
2005,adquisiciones_origen_importado,K,7492,,9490067.0,EAE_C10_2005.xls,FBCF,no,no_mapeado_o_no_usado
2005,fbcf,K,7493,,12950428.0,EAE_C10_2005.xls,FBCF,no,no_mapeado_o_no_usado
2005,adquisiciones_importadas,K,7493,,0.0,EAE_C10_2005.xls,FBCF,no,no_mapeado_o_no_usado
2005,adquisiciones_origen_importado,K,7493,,3407003.0,EAE_C10_2005.xls,FBCF,no,no_mapeado_o_no_usado
2005,fbcf,K,7494,,13519309.0,EAE_C10_2005.xls,FBCF,no,no_mapeado_o_no_usado
2005,adquisiciones_importadas,K,7494,,974345.0,EAE_C10_2005.xls,FBCF,no,no_mapeado_o_no_usado
2005,adquisiciones_origen_importado,K,7494,,2459338.0,EAE_C10_2005.xls,FBCF,no,no_mapeado_o_no_usado
2005,fbcf,K,7499,,138292229.0,EAE_C10_2005.xls,FBCF,no,no_mapeado_o_no_usado
2005,adquisiciones_importadas,K,7499,,2345189.0,EAE_C10_2005.xls,FBCF,no,no_mapeado_o_no_usado
2005,adquisiciones_origen_importado,K,7499,,26275465.0,EAE_C10_2005.xls,FBCF,no,no_mapeado_o_no_usado
2005,fbcf,M,,,308786468.0,EAE_C10_2005.xls,FBCF,no,no_mapeado_o_no_usado
2005,adquisiciones_importadas,M,,,14147369.0,EAE_C10_2005.xls,FBCF,no,no_mapeado_o_no_usado
2005,adquisiciones_origen_importado,M,,,22900523.0,EAE_C10_2005.xls,FBCF,no,no_mapeado_o_no_usado
2005,fbcf,M,80,,308786468.0,EAE_C10_2005.xls,FBCF,si,no_mapeado_o_no_usado
2005,adquisiciones_importadas,M,80,,14147369.0,EAE_C10_2005.xls,FBCF,si,no_mapeado_o_no_usado
2005,adquisiciones_origen_importado,M,80,,22900523.0,EAE_C10_2005.xls,FBCF,si,no_mapeado_o_no_usado
2005,fbcf,M,801,,98291470.0,EAE_C10_2005.xls,FBCF,no,no_mapeado_o_no_usado
2005,adquisiciones_importadas,M,801,,128212.0,EAE_C10_2005.xls,FBCF,no,no_mapeado_o_no_usado
2005,adquisiciones_origen_importado,M,801,,91708.0,EAE_C10_2005.xls,FBCF,no,no_mapeado_o_no_usado
2005,fbcf,M,8010,,98291470.0,EAE_C10_2005.xls,FBCF,no,no_mapeado_o_no_usado
2005,adquisiciones_importadas,M,8010,,128212.0,EAE_C10_2005.xls,FBCF,no,no_mapeado_o_no_usado
2005,adquisiciones_origen_importado,M,8010,,91708.0,EAE_C10_2005.xls,FBCF,no,no_mapeado_o_no_usado
2005,fbcf,M,802,,12122758.0,EAE_C10_2005.xls,FBCF,no,no_mapeado_o_no_usado
2005,adquisiciones_importadas,M,802,,0.0,EAE_C10_2005.xls,FBCF,no,no_mapeado_o_no_usado
2005,adquisiciones_origen_importado,M,802,,2387812.0,EAE_C10_2005.xls,FBCF,no,no_mapeado_o_no_usado
2005,fbcf,M,8020,,12122758.0,EAE_C10_2005.xls,FBCF,no,no_mapeado_o_no_usado
2005,adquisiciones_importadas,M,8020,,0.0,EAE_C10_2005.xls,FBCF,no,no_mapeado_o_no_usado
2005,adquisiciones_origen_importado,M,8020,,2387812.0,EAE_C10_2005.xls,FBCF,no,no_mapeado_o_no_usado
2005,fbcf,M,803,,169537338.0,EAE_C10_2005.xls,FBCF,no,no_mapeado_o_no_usado
2005,adquisiciones_importadas,M,803,,14019157.0,EAE_C10_2005.xls,FBCF,no,no_mapeado_o_no_usado
2005,adquisiciones_origen_importado,M,803,,4363353.0,EAE_C10_2005.xls,FBCF,no,no_mapeado_o_no_usado
2005,fbcf,M,8030,,169537338.0,EAE_C10_2005.xls,FBCF,no,no_mapeado_o_no_usado
2005,adquisiciones_importadas,M,8030,,14019157.0,EAE_C10_2005.xls,FBCF,no,no_mapeado_o_no_usado
2005,adquisiciones_origen_importado,M,8030,,4363353.0,EAE_C10_2005.xls,FBCF,no,no_mapeado_o_no_usado
2005,fbcf,M,809,,28834902.0,EAE_C10_2005.xls,FBCF,no,no_mapeado_o_no_usado
2005,adquisiciones_importadas,M,809,,0.0,EAE_C10_2005.xls,FBCF,no,no_mapeado_o_no_usado
2005,adquisiciones_origen_importado,M,809,,16057650.0,EAE_C10_2005.xls,FBCF,no,no_mapeado_o_no_usado
2005,fbcf,M,8090,,28834902.0,EAE_C10_2005.xls,FBCF,no,no_mapeado_o_no_usado
2005,adquisiciones_importadas,M,8090,,0.0,EAE_C10_2005.xls,FBCF,no,no_mapeado_o_no_usado
2005,adquisiciones_origen_importado,M,8090,,16057650.0,EAE_C10_2005.xls,FBCF,no,no_mapeado_o_no_usado
2005,fbcf,N,,,1064310535.0,EAE_C10_2005.xls,FBCF,no,no_mapeado_o_no_usado
2005,adquisiciones_importadas,N,,,22668095.0,EAE_C10_2005.xls,FBCF,no,no_mapeado_o_no_usado
2005,adquisiciones_origen_importado,N,,,169249039.0,EAE_C10_2005.xls,FBCF,no,no_mapeado_o_no_usado
2005,fbcf,N,85,,1064310535.0,EAE_C10_2005.xls,FBCF,si,no_mapeado_o_no_usado
2005,adquisiciones_importadas,N,85,,22668095.0,EAE_C10_2005.xls,FBCF,si,no_mapeado_o_no_usado
2005,adquisiciones_origen_importado,N,85,,169249039.0,EAE_C10_2005.xls,FBCF,si,no_mapeado_o_no_usado
2005,fbcf,N,851,,1057940756.0,EAE_C10_2005.xls,FBCF,no,no_mapeado_o_no_usado
2005,adquisiciones_importadas,N,851,,22668095.0,EAE_C10_2005.xls,FBCF,no,no_mapeado_o_no_usado
2005,adquisiciones_origen_importado,N,851,,169173556.0,EAE_C10_2005.xls,FBCF,no,no_mapeado_o_no_usado
2005,fbcf,N,8511,,958424331.0,EAE_C10_2005.xls,FBCF,no,no_mapeado_o_no_usado
2005,adquisiciones_importadas,N,8511,,22668095.0,EAE_C10_2005.xls,FBCF,no,no_mapeado_o_no_usado
2005,adquisiciones_origen_importado,N,8511,,134369439.0,EAE_C10_2005.xls,FBCF,no,no_mapeado_o_no_usado
2005,fbcf,N,8512,,46879305.0,EAE_C10_2005.xls,FBCF,no,no_mapeado_o_no_usado
2005,adquisiciones_importadas,N,8512,,0.0,EAE_C10_2005.xls,FBCF,no,no_mapeado_o_no_usado
2005,adquisiciones_origen_importado,N,8512,,13288058.0,EAE_C10_2005.xls,FBCF,no,no_mapeado_o_no_usado
2005,fbcf,N,8513,,16956.0,EAE_C10_2005.xls,FBCF,no,no_mapeado_o_no_usado
2005,adquisiciones_importadas,N,8513,,0.0,EAE_C10_2005.xls,FBCF,no,no_mapeado_o_no_usado
2005,adquisiciones_origen_importado,N,8513,,16956.0,EAE_C10_2005.xls,FBCF,no,no_mapeado_o_no_usado
2005,fbcf,N,8519,,52620164.0,EAE_C10_2005.xls,FBCF,no,no_mapeado_o_no_usado
2005,adquisiciones_importadas,N,8519,,0.0,EAE_C10_2005.xls,FBCF,no,no_mapeado_o_no_usado
2005,adquisiciones_origen_importado,N,8519,,21499103.0,EAE_C10_2005.xls,FBCF,no,no_mapeado_o_no_usado
2005,fbcf,N,852,,17649.0,EAE_C10_2005.xls,FBCF,no,no_mapeado_o_no_usado
2005,adquisiciones_importadas,N,852,,0.0,EAE_C10_2005.xls,FBCF,no,no_mapeado_o_no_usado
2005,adquisiciones_origen_importado,N,852,,0.0,EAE_C10_2005.xls,FBCF,no,no_mapeado_o_no_usado
2005,fbcf,N,8520,,17649.0,EAE_C10_2005.xls,FBCF,no,no_mapeado_o_no_usado
2005,adquisiciones_importadas,N,8520,,0.0,EAE_C10_2005.xls,FBCF,no,no_mapeado_o_no_usado
2005,adquisiciones_origen_importado,N,8520,,0.0,EAE_C10_2005.xls,FBCF,no,no_mapeado_o_no_usado
2005,fbcf,N,853,,6352130.0,EAE_C10_2005.xls,FBCF,no,no_mapeado_o_no_usado
2005,adquisiciones_importadas,N,853,,0.0,EAE_C10_2005.xls,FBCF,no,no_mapeado_o_no_usado
2005,adquisiciones_origen_importado,N,853,,75483.0,EAE_C10_2005.xls,FBCF,no,no_mapeado_o_no_usado
2005,fbcf,N,8530,,6352130.0,EAE_C10_2005.xls,FBCF,no,no_mapeado_o_no_usado
2005,adquisiciones_importadas,N,8530,,0.0,EAE_C10_2005.xls,FBCF,no,no_mapeado_o_no_usado
2005,adquisiciones_origen_importado,N,8530,,75483.0,EAE_C10_2005.xls,FBCF,no,no_mapeado_o_no_usado
2005,fbkf_maq_eq,D,,,2747259075.0,EAE_C13_2005.xls,FBKF_componentes,no,no_mapeado_o_no_usado
2005,fbkf_maq_eq,D,15,10_11_12_alimentos_bebidas_tabaco,1716098665.0,EAE_C13_2005.xls,FBKF_componentes,si,mapeado
2005,fbkf_maq_eq,D,151,,402218822.0,EAE_C13_2005.xls,FBKF_componentes,no,no_mapeado_o_no_usado
2005,fbkf_maq_eq,D,1511,,315117806.0,EAE_C13_2005.xls,FBKF_componentes,no,no_mapeado_o_no_usado
2005,fbkf_maq_eq,D,1512,,57781879.0,EAE_C13_2005.xls,FBKF_componentes,no,no_mapeado_o_no_usado
2005,fbkf_maq_eq,D,1513,,26972137.0,EAE_C13_2005.xls,FBKF_componentes,no,no_mapeado_o_no_usado
2005,fbkf_maq_eq,D,1514,,2347000.0,EAE_C13_2005.xls,FBKF_componentes,no,no_mapeado_o_no_usado
2005,fbkf_maq_eq,D,152,,103769813.0,EAE_C13_2005.xls,FBKF_componentes,no,no_mapeado_o_no_usado
2005,fbkf_maq_eq,D,1520,,103769813.0,EAE_C13_2005.xls,FBKF_componentes,no,no_mapeado_o_no_usado
2005,fbkf_maq_eq,D,153,,118408192.0,EAE_C13_2005.xls,FBKF_componentes,no,no_mapeado_o_no_usado
2005,fbkf_maq_eq,D,1531,,18102270.0,EAE_C13_2005.xls,FBKF_componentes,no,no_mapeado_o_no_usado
2005,fbkf_maq_eq,D,1533,,3861282.0,EAE_C13_2005.xls,FBKF_componentes,no,no_mapeado_o_no_usado
2005,fbkf_maq_eq,D,1534,,96444640.0,EAE_C13_2005.xls,FBKF_componentes,no,no_mapeado_o_no_usado
2005,fbkf_maq_eq,D,154,,321715231.0,EAE_C13_2005.xls,FBKF_componentes,no,no_mapeado_o_no_usado
2005,fbkf_maq_eq,D,1541,,127672341.0,EAE_C13_2005.xls,FBKF_componentes,no,no_mapeado_o_no_usado
2005,fbkf_maq_eq,D,1542,,3909500.0,EAE_C13_2005.xls,FBKF_componentes,no,no_mapeado_o_no_usado
2005,fbkf_maq_eq,D,1543,,1269958.0,EAE_C13_2005.xls,FBKF_componentes,no,no_mapeado_o_no_usado
2005,fbkf_maq_eq,D,1544,,7696585.0,EAE_C13_2005.xls,FBKF_componentes,no,no_mapeado_o_no_usado
2005,fbkf_maq_eq,D,1549,,181166847.0,EAE_C13_2005.xls,FBKF_componentes,no,no_mapeado_o_no_usado
2005,fbkf_maq_eq,D,155,,769986607.0,EAE_C13_2005.xls,FBKF_componentes,no,no_mapeado_o_no_usado
2005,fbkf_maq_eq,D,1551,,932573.0,EAE_C13_2005.xls,FBKF_componentes,no,no_mapeado_o_no_usado
2005,fbkf_maq_eq,D,1552,,66018088.0,EAE_C13_2005.xls,FBKF_componentes,no,no_mapeado_o_no_usado
2005,fbkf_maq_eq,D,1553,,675181594.0,EAE_C13_2005.xls,FBKF_componentes,no,no_mapeado_o_no_usado
2005,fbkf_maq_eq,D,1554,,27854352.0,EAE_C13_2005.xls,FBKF_componentes,no,no_mapeado_o_no_usado
2005,fbkf_maq_eq,D,16,10_11_12_alimentos_bebidas_tabaco,5047558.0,EAE_C13_2005.xls,FBKF_componentes,si,mapeado
2005,fbkf_maq_eq,D,160,,5047558.0,EAE_C13_2005.xls,FBKF_componentes,no,no_mapeado_o_no_usado
2005,fbkf_maq_eq,D,1600,,5047558.0,EAE_C13_2005.xls,FBKF_componentes,no,no_mapeado_o_no_usado
2005,fbkf_maq_eq,D,17,13_14_15_textiles_prendas_cuero,81398355.0,EAE_C13_2005.xls,FBKF_componentes,si,mapeado
2005,fbkf_maq_eq,D,171,,53552871.0,EAE_C13_2005.xls,FBKF_componentes,no,no_mapeado_o_no_usado
2005,fbkf_maq_eq,D,1711,,34640012.0,EAE_C13_2005.xls,FBKF_componentes,no,no_mapeado_o_no_usado
2005,fbkf_maq_eq,D,1712,,548264.0,EAE_C13_2005.xls,FBKF_componentes,no,no_mapeado_o_no_usado
2005,fbkf_maq_eq,D,1713,,18364595.0,EAE_C13_2005.xls,FBKF_componentes,no,no_mapeado_o_no_usado
2005,fbkf_maq_eq,D,172,,6237424.0,EAE_C13_2005.xls,FBKF_componentes,no,no_mapeado_o_no_usado
2005,fbkf_maq_eq,D,1720,,6237424.0,EAE_C13_2005.xls,FBKF_componentes,no,no_mapeado_o_no_usado
2005,fbkf_maq_eq,D,173,,21608060.0,EAE_C13_2005.xls,FBKF_componentes,no,no_mapeado_o_no_usado
2005,fbkf_maq_eq,D,1730,,21608060.0,EAE_C13_2005.xls,FBKF_componentes,no,no_mapeado_o_no_usado
2005,fbkf_maq_eq,D,18,13_14_15_textiles_prendas_cuero,35294864.0,EAE_C13_2005.xls,FBKF_componentes,si,mapeado
2005,fbkf_maq_eq,D,181,,35294864.0,EAE_C13_2005.xls,FBKF_componentes,no,no_mapeado_o_no_usado
2005,fbkf_maq_eq,D,1810,,35294864.0,EAE_C13_2005.xls,FBKF_componentes,no,no_mapeado_o_no_usado
2005,fbkf_maq_eq,D,19,13_14_15_textiles_prendas_cuero,211767463.0,EAE_C13_2005.xls,FBKF_componentes,si,mapeado
2005,fbkf_maq_eq,D,191,,203850401.0,EAE_C13_2005.xls,FBKF_componentes,no,no_mapeado_o_no_usado
2005,fbkf_maq_eq,D,1911,,196408634.0,EAE_C13_2005.xls,FBKF_componentes,no,no_mapeado_o_no_usado
2005,fbkf_maq_eq,D,1912,,7441767.0,EAE_C13_2005.xls,FBKF_componentes,no,no_mapeado_o_no_usado
2005,fbkf_maq_eq,D,192,,7917062.0,EAE_C13_2005.xls,FBKF_componentes,no,no_mapeado_o_no_usado
2005,fbkf_maq_eq,D,1920,,7917062.0,EAE_C13_2005.xls,FBKF_componentes,no,no_mapeado_o_no_usado
2005,fbkf_maq_eq,D,20,16_madera,247460003.0,EAE_C13_2005.xls,FBKF_componentes,si,mapeado
2005,fbkf_maq_eq,D,201,,231314599.0,EAE_C13_2005.xls,FBKF_componentes,no,no_mapeado_o_no_usado
2005,fbkf_maq_eq,D,2010,,231314599.0,EAE_C13_2005.xls,FBKF_componentes,no,no_mapeado_o_no_usado
2005,fbkf_maq_eq,D,202,,16145404.0,EAE_C13_2005.xls,FBKF_componentes,no,no_mapeado_o_no_usado
2005,fbkf_maq_eq,D,2021,,16145404.0,EAE_C13_2005.xls,FBKF_componentes,no,no_mapeado_o_no_usado
2005,fbkf_maq_eq,D,21,17_18_papel_impresion,25229616.0,EAE_C13_2005.xls,FBKF_componentes,si,mapeado
2005,fbkf_maq_eq,D,210,,25229616.0,EAE_C13_2005.xls,FBKF_componentes,no,no_mapeado_o_no_usado
2005,fbkf_maq_eq,D,2101,,23883060.0,EAE_C13_2005.xls,FBKF_componentes,no,no_mapeado_o_no_usado
2005,fbkf_maq_eq,D,2102,,-3699133.0,EAE_C13_2005.xls,FBKF_componentes,no,no_mapeado_o_no_usado
2005,fbkf_maq_eq,D,2109,,5045689.0,EAE_C13_2005.xls,FBKF_componentes,no,no_mapeado_o_no_usado
2005,fbkf_maq_eq,D,22,17_18_papel_impresion,106478080.0,EAE_C13_2005.xls,FBKF_componentes,si,mapeado
2005,fbkf_maq_eq,D,221,,106478080.0,EAE_C13_2005.xls,FBKF_componentes,no,no_mapeado_o_no_usado
2005,fbkf_maq_eq,D,2211,,89353969.0,EAE_C13_2005.xls,FBKF_componentes,no,no_mapeado_o_no_usado
2005,fbkf_maq_eq,D,2212,,17124111.0,EAE_C13_2005.xls,FBKF_componentes,no,no_mapeado_o_no_usado
2005,fbkf_maq_eq,D,223,,0.0,EAE_C13_2005.xls,FBKF_componentes,no,no_mapeado_o_no_usado
2005,fbkf_maq_eq,D,2230,,0.0,EAE_C13_2005.xls,FBKF_componentes,no,no_mapeado_o_no_usado
2005,fbkf_maq_eq,D,23,19_refinacion,-1304757411.0,EAE_C13_2005.xls,FBKF_componentes,si,mapeado
2005,fbkf_maq_eq,D,232,,-1304757411.0,EAE_C13_2005.xls,FBKF_componentes,no,no_mapeado_o_no_usado
2005,fbkf_maq_eq,D,2320,,-1304757411.0,EAE_C13_2005.xls,FBKF_componentes,no,no_mapeado_o_no_usado
2005,fbkf_maq_eq,D,24,20_21_22_quimicos_farma_caucho_plastico,283463545.0,EAE_C13_2005.xls,FBKF_componentes,si,mapeado
2005,fbkf_maq_eq,D,241,,141517096.0,EAE_C13_2005.xls,FBKF_componentes,no,no_mapeado_o_no_usado
2005,fbkf_maq_eq,D,2411,,68803795.0,EAE_C13_2005.xls,FBKF_componentes,no,no_mapeado_o_no_usado
2005,fbkf_maq_eq,D,2412,,40430664.0,EAE_C13_2005.xls,FBKF_componentes,no,no_mapeado_o_no_usado
2005,fbkf_maq_eq,D,2413,,32282637.0,EAE_C13_2005.xls,FBKF_componentes,no,no_mapeado_o_no_usado
2005,fbkf_maq_eq,D,242,,141946449.0,EAE_C13_2005.xls,FBKF_componentes,no,no_mapeado_o_no_usado
2005,fbkf_maq_eq,D,2421,,3215406.0,EAE_C13_2005.xls,FBKF_componentes,no,no_mapeado_o_no_usado
2005,fbkf_maq_eq,D,2422,,5840572.0,EAE_C13_2005.xls,FBKF_componentes,no,no_mapeado_o_no_usado
2005,fbkf_maq_eq,D,2423,,127932252.0,EAE_C13_2005.xls,FBKF_componentes,no,no_mapeado_o_no_usado
2005,fbkf_maq_eq,D,2424,,-6952757.0,EAE_C13_2005.xls,FBKF_componentes,no,no_mapeado_o_no_usado
2005,fbkf_maq_eq,D,2429,,11910976.0,EAE_C13_2005.xls,FBKF_componentes,no,no_mapeado_o_no_usado
2005,fbkf_maq_eq,D,25,20_21_22_quimicos_farma_caucho_plastico,612553722.0,EAE_C13_2005.xls,FBKF_componentes,si,mapeado
2005,fbkf_maq_eq,D,251,,26845032.0,EAE_C13_2005.xls,FBKF_componentes,no,no_mapeado_o_no_usado
2005,fbkf_maq_eq,D,2511,,26799004.0,EAE_C13_2005.xls,FBKF_componentes,no,no_mapeado_o_no_usado
2005,fbkf_maq_eq,D,2519,,46028.0,EAE_C13_2005.xls,FBKF_componentes,no,no_mapeado_o_no_usado
2005,fbkf_maq_eq,D,252,,585708690.0,EAE_C13_2005.xls,FBKF_componentes,no,no_mapeado_o_no_usado
2005,fbkf_maq_eq,D,2520,,585708690.0,EAE_C13_2005.xls,FBKF_componentes,no,no_mapeado_o_no_usado
2005,fbkf_maq_eq,D,26,23_24_minerales_metales,55471971.0,EAE_C13_2005.xls,FBKF_componentes,si,mapeado
2005,fbkf_maq_eq,D,261,,6459780.0,EAE_C13_2005.xls,FBKF_componentes,no,no_mapeado_o_no_usado
2005,fbkf_maq_eq,D,2610,,6459780.0,EAE_C13_2005.xls,FBKF_componentes,no,no_mapeado_o_no_usado
2005,fbkf_maq_eq,D,269,,49012191.0,EAE_C13_2005.xls,FBKF_componentes,no,no_mapeado_o_no_usado
2005,fbkf_maq_eq,D,2691,,1728101.0,EAE_C13_2005.xls,FBKF_componentes,no,no_mapeado_o_no_usado
2005,fbkf_maq_eq,D,2692,,2000545.0,EAE_C13_2005.xls,FBKF_componentes,no,no_mapeado_o_no_usado
2005,fbkf_maq_eq,D,2694,,11566596.0,EAE_C13_2005.xls,FBKF_componentes,no,no_mapeado_o_no_usado
2005,fbkf_maq_eq,D,2695,,32547624.0,EAE_C13_2005.xls,FBKF_componentes,no,no_mapeado_o_no_usado
2005,fbkf_maq_eq,D,2699,,1169325.0,EAE_C13_2005.xls,FBKF_componentes,no,no_mapeado_o_no_usado
2005,fbkf_maq_eq,D,27,23_24_minerales_metales,50992957.0,EAE_C13_2005.xls,FBKF_componentes,si,mapeado
2005,fbkf_maq_eq,D,270,,50992957.0,EAE_C13_2005.xls,FBKF_componentes,no,no_mapeado_o_no_usado
2005,fbkf_maq_eq,D,2700,,50992957.0,EAE_C13_2005.xls,FBKF_componentes,no,no_mapeado_o_no_usado
2005,fbkf_maq_eq,D,28,25_26_27_28_33_metal_equipos_reparacion,197158842.0,EAE_C13_2005.xls,FBKF_componentes,si,mapeado
2005,fbkf_maq_eq,D,281,,176683092.0,EAE_C13_2005.xls,FBKF_componentes,no,no_mapeado_o_no_usado
2005,fbkf_maq_eq,D,2811,,175095449.0,EAE_C13_2005.xls,FBKF_componentes,no,no_mapeado_o_no_usado
2005,fbkf_maq_eq,D,2812,,1587643.0,EAE_C13_2005.xls,FBKF_componentes,no,no_mapeado_o_no_usado
2005,fbkf_maq_eq,D,289,,20475750.0,EAE_C13_2005.xls,FBKF_componentes,no,no_mapeado_o_no_usado
2005,fbkf_maq_eq,D,2890,,20475750.0,EAE_C13_2005.xls,FBKF_componentes,no,no_mapeado_o_no_usado
2005,fbkf_maq_eq,D,29,25_26_27_28_33_metal_equipos_reparacion,31459787.0,EAE_C13_2005.xls,FBKF_componentes,si,mapeado
2005,fbkf_maq_eq,D,291,,1463438.0,EAE_C13_2005.xls,FBKF_componentes,no,no_mapeado_o_no_usado
2005,fbkf_maq_eq,D,2910,,1463438.0,EAE_C13_2005.xls,FBKF_componentes,no,no_mapeado_o_no_usado
2005,fbkf_maq_eq,D,292,,28122799.0,EAE_C13_2005.xls,FBKF_componentes,no,no_mapeado_o_no_usado
2005,fbkf_maq_eq,D,2920,,28122799.0,EAE_C13_2005.xls,FBKF_componentes,no,no_mapeado_o_no_usado
2005,fbkf_maq_eq,D,293,,1873550.0,EAE_C13_2005.xls,FBKF_componentes,no,no_mapeado_o_no_usado
2005,fbkf_maq_eq,D,2930,,1873550.0,EAE_C13_2005.xls,FBKF_componentes,no,no_mapeado_o_no_usado
2005,fbkf_maq_eq,D,30,25_26_27_28_33_metal_equipos_reparacion,-11705.0,EAE_C13_2005.xls,FBKF_componentes,si,mapeado
2005,fbkf_maq_eq,D,300,,-11705.0,EAE_C13_2005.xls,FBKF_componentes,no,no_mapeado_o_no_usado
2005,fbkf_maq_eq,D,3000,,-11705.0,EAE_C13_2005.xls,FBKF_componentes,no,no_mapeado_o_no_usado
2005,fbkf_maq_eq,D,31,25_26_27_28_33_metal_equipos_reparacion,40239756.0,EAE_C13_2005.xls,FBKF_componentes,si,mapeado
2005,fbkf_maq_eq,D,310,,40239756.0,EAE_C13_2005.xls,FBKF_componentes,no,no_mapeado_o_no_usado
2005,fbkf_maq_eq,D,3100,,40239756.0,EAE_C13_2005.xls,FBKF_componentes,no,no_mapeado_o_no_usado
2005,fbkf_maq_eq,D,32,25_26_27_28_33_metal_equipos_reparacion,0.0,EAE_C13_2005.xls,FBKF_componentes,si,mapeado
2005,fbkf_maq_eq,D,320,,0.0,EAE_C13_2005.xls,FBKF_componentes,no,no_mapeado_o_no_usado
2005,fbkf_maq_eq,D,3200,,0.0,EAE_C13_2005.xls,FBKF_componentes,no,no_mapeado_o_no_usado
2005,fbkf_maq_eq,D,33,25_26_27_28_33_metal_equipos_reparacion,10973302.0,EAE_C13_2005.xls,FBKF_componentes,si,mapeado
2005,fbkf_maq_eq,D,330,,10973302.0,EAE_C13_2005.xls,FBKF_componentes,no,no_mapeado_o_no_usado
2005,fbkf_maq_eq,D,3300,,10973302.0,EAE_C13_2005.xls,FBKF_componentes,no,no_mapeado_o_no_usado
2005,fbkf_maq_eq,D,34,29_30_vehiculos_transporte,57038555.0,EAE_C13_2005.xls,FBKF_componentes,si,mapeado
2005,fbkf_maq_eq,D,340,,57038555.0,EAE_C13_2005.xls,FBKF_componentes,no,no_mapeado_o_no_usado
2005,fbkf_maq_eq,D,3400,,57038555.0,EAE_C13_2005.xls,FBKF_componentes,no,no_mapeado_o_no_usado
2005,fbkf_maq_eq,D,35,29_30_vehiculos_transporte,7989072.0,EAE_C13_2005.xls,FBKF_componentes,si,mapeado
2005,fbkf_maq_eq,D,351,,5942791.0,EAE_C13_2005.xls,FBKF_componentes,no,no_mapeado_o_no_usado
2005,fbkf_maq_eq,D,3510,,5942791.0,EAE_C13_2005.xls,FBKF_componentes,no,no_mapeado_o_no_usado
2005,fbkf_maq_eq,D,353,,4123.0,EAE_C13_2005.xls,FBKF_componentes,no,no_mapeado_o_no_usado
2005,fbkf_maq_eq,D,3530,,4123.0,EAE_C13_2005.xls,FBKF_componentes,no,no_mapeado_o_no_usado
2005,fbkf_maq_eq,D,359,,2042158.0,EAE_C13_2005.xls,FBKF_componentes,no,no_mapeado_o_no_usado
2005,fbkf_maq_eq,D,3590,,2042158.0,EAE_C13_2005.xls,FBKF_componentes,no,no_mapeado_o_no_usado
2005,fbkf_maq_eq,D,36,31_32_muebles_otras_manufacturas,275613934.0,EAE_C13_2005.xls,FBKF_componentes,si,mapeado
2005,fbkf_maq_eq,D,361,,24974577.0,EAE_C13_2005.xls,FBKF_componentes,no,no_mapeado_o_no_usado
2005,fbkf_maq_eq,D,3610,,24974577.0,EAE_C13_2005.xls,FBKF_componentes,no,no_mapeado_o_no_usado
2005,fbkf_maq_eq,D,369,,250639357.0,EAE_C13_2005.xls,FBKF_componentes,no,no_mapeado_o_no_usado
2005,fbkf_maq_eq,D,3691,,287166.0,EAE_C13_2005.xls,FBKF_componentes,no,no_mapeado_o_no_usado
2005,fbkf_maq_eq,D,3699,,250352191.0,EAE_C13_2005.xls,FBKF_componentes,no,no_mapeado_o_no_usado
2005,fbkf_maq_eq,D,37,,298144.0,EAE_C13_2005.xls,FBKF_componentes,si,no_mapeado_o_no_usado
2005,fbkf_maq_eq,D,370,,298144.0,EAE_C13_2005.xls,FBKF_componentes,no,no_mapeado_o_no_usado
2005,fbkf_maq_eq,D,3700,,298144.0,EAE_C13_2005.xls,FBKF_componentes,no,no_mapeado_o_no_usado
2005,fbkf_maq_eq,E,,,157381971.0,EAE_C13_2005.xls,FBKF_componentes,no,no_mapeado_o_no_usado
2005,fbkf_maq_eq,E,40,,27533250.0,EAE_C13_2005.xls,FBKF_componentes,si,no_mapeado_o_no_usado
2005,fbkf_maq_eq,E,401,,23203000.0,EAE_C13_2005.xls,FBKF_componentes,no,no_mapeado_o_no_usado
2005,fbkf_maq_eq,E,4010,,23203000.0,EAE_C13_2005.xls,FBKF_componentes,no,no_mapeado_o_no_usado
2005,fbkf_maq_eq,E,402,,4330250.0,EAE_C13_2005.xls,FBKF_componentes,no,no_mapeado_o_no_usado
2005,fbkf_maq_eq,E,4020,,4330250.0,EAE_C13_2005.xls,FBKF_componentes,no,no_mapeado_o_no_usado
2005,fbkf_maq_eq,E,41,,129848721.0,EAE_C13_2005.xls,FBKF_componentes,si,no_mapeado_o_no_usado
2005,fbkf_maq_eq,E,410,,129848721.0,EAE_C13_2005.xls,FBKF_componentes,no,no_mapeado_o_no_usado
2005,fbkf_maq_eq,E,4100,,129848721.0,EAE_C13_2005.xls,FBKF_componentes,no,no_mapeado_o_no_usado
2005,fbkf_maq_eq,G,,,476330674.0,EAE_C13_2005.xls,FBKF_componentes,no,no_mapeado_o_no_usado
2005,fbkf_maq_eq,G,50,,104164027.0,EAE_C13_2005.xls,FBKF_componentes,si,no_mapeado_o_no_usado
2005,fbkf_maq_eq,G,501,,-2773233.0,EAE_C13_2005.xls,FBKF_componentes,no,no_mapeado_o_no_usado
2005,fbkf_maq_eq,G,5010,,-2773233.0,EAE_C13_2005.xls,FBKF_componentes,no,no_mapeado_o_no_usado
2005,fbkf_maq_eq,G,502,,64551393.0,EAE_C13_2005.xls,FBKF_componentes,no,no_mapeado_o_no_usado
2005,fbkf_maq_eq,G,5020,,64551393.0,EAE_C13_2005.xls,FBKF_componentes,no,no_mapeado_o_no_usado
2005,fbkf_maq_eq,G,503,,7442391.0,EAE_C13_2005.xls,FBKF_componentes,no,no_mapeado_o_no_usado
2005,fbkf_maq_eq,G,5030,,7442391.0,EAE_C13_2005.xls,FBKF_componentes,no,no_mapeado_o_no_usado
2005,fbkf_maq_eq,G,504,,0.0,EAE_C13_2005.xls,FBKF_componentes,no,no_mapeado_o_no_usado
2005,fbkf_maq_eq,G,5040,,0.0,EAE_C13_2005.xls,FBKF_componentes,no,no_mapeado_o_no_usado
2005,fbkf_maq_eq,G,505,,34943476.0,EAE_C13_2005.xls,FBKF_componentes,no,no_mapeado_o_no_usado
2005,fbkf_maq_eq,G,5050,,34943476.0,EAE_C13_2005.xls,FBKF_componentes,no,no_mapeado_o_no_usado
2005,fbkf_maq_eq,G,51,,169745524.0,EAE_C13_2005.xls,FBKF_componentes,si,no_mapeado_o_no_usado
2005,fbkf_maq_eq,G,511,,141544.0,EAE_C13_2005.xls,FBKF_componentes,no,no_mapeado_o_no_usado
2005,fbkf_maq_eq,G,5110,,141544.0,EAE_C13_2005.xls,FBKF_componentes,no,no_mapeado_o_no_usado
2005,fbkf_maq_eq,G,512,,75168558.0,EAE_C13_2005.xls,FBKF_componentes,no,no_mapeado_o_no_usado
2005,fbkf_maq_eq,G,5121,,26929169.0,EAE_C13_2005.xls,FBKF_componentes,no,no_mapeado_o_no_usado
2005,fbkf_maq_eq,G,5122,,48239389.0,EAE_C13_2005.xls,FBKF_componentes,no,no_mapeado_o_no_usado
2005,fbkf_maq_eq,G,513,,55072120.0,EAE_C13_2005.xls,FBKF_componentes,no,no_mapeado_o_no_usado
2005,fbkf_maq_eq,G,5131,,10862323.0,EAE_C13_2005.xls,FBKF_componentes,no,no_mapeado_o_no_usado
2005,fbkf_maq_eq,G,5139,,44209797.0,EAE_C13_2005.xls,FBKF_componentes,no,no_mapeado_o_no_usado
2005,fbkf_maq_eq,G,514,,2417762.0,EAE_C13_2005.xls,FBKF_componentes,no,no_mapeado_o_no_usado
2005,fbkf_maq_eq,G,5141,,11920471.0,EAE_C13_2005.xls,FBKF_componentes,no,no_mapeado_o_no_usado
2005,fbkf_maq_eq,G,5142,,1148769.0,EAE_C13_2005.xls,FBKF_componentes,no,no_mapeado_o_no_usado
2005,fbkf_maq_eq,G,5143,,24680676.0,EAE_C13_2005.xls,FBKF_componentes,no,no_mapeado_o_no_usado
2005,fbkf_maq_eq,G,5149,,-35332154.0,EAE_C13_2005.xls,FBKF_componentes,no,no_mapeado_o_no_usado
2005,fbkf_maq_eq,G,515,,36227594.0,EAE_C13_2005.xls,FBKF_componentes,no,no_mapeado_o_no_usado
2005,fbkf_maq_eq,G,5150,,36227594.0,EAE_C13_2005.xls,FBKF_componentes,no,no_mapeado_o_no_usado
2005,fbkf_maq_eq,G,519,,717946.0,EAE_C13_2005.xls,FBKF_componentes,no,no_mapeado_o_no_usado
2005,fbkf_maq_eq,G,5190,,717946.0,EAE_C13_2005.xls,FBKF_componentes,no,no_mapeado_o_no_usado
2005,fbkf_maq_eq,G,52,,202421123.0,EAE_C13_2005.xls,FBKF_componentes,si,no_mapeado_o_no_usado
2005,fbkf_maq_eq,G,521,,94407478.0,EAE_C13_2005.xls,FBKF_componentes,no,no_mapeado_o_no_usado
2005,fbkf_maq_eq,G,5210,,94407478.0,EAE_C13_2005.xls,FBKF_componentes,no,no_mapeado_o_no_usado
2005,fbkf_maq_eq,G,522,,8371023.0,EAE_C13_2005.xls,FBKF_componentes,no,no_mapeado_o_no_usado
2005,fbkf_maq_eq,G,5220,,8371023.0,EAE_C13_2005.xls,FBKF_componentes,no,no_mapeado_o_no_usado
2005,fbkf_maq_eq,G,523,,99938169.0,EAE_C13_2005.xls,FBKF_componentes,no,no_mapeado_o_no_usado
2005,fbkf_maq_eq,G,5231,,6902194.0,EAE_C13_2005.xls,FBKF_componentes,no,no_mapeado_o_no_usado
2005,fbkf_maq_eq,G,5232,,11360173.0,EAE_C13_2005.xls,FBKF_componentes,no,no_mapeado_o_no_usado
2005,fbkf_maq_eq,G,5233,,65949430.0,EAE_C13_2005.xls,FBKF_componentes,no,no_mapeado_o_no_usado
2005,fbkf_maq_eq,G,5234,,4882887.0,EAE_C13_2005.xls,FBKF_componentes,no,no_mapeado_o_no_usado
2005,fbkf_maq_eq,G,5239,,10843485.0,EAE_C13_2005.xls,FBKF_componentes,no,no_mapeado_o_no_usado
2005,fbkf_maq_eq,G,525,,-295547.0,EAE_C13_2005.xls,FBKF_componentes,no,no_mapeado_o_no_usado
2005,fbkf_maq_eq,G,5252,,-295547.0,EAE_C13_2005.xls,FBKF_componentes,no,no_mapeado_o_no_usado
2005,fbkf_maq_eq,G,526,,0.0,EAE_C13_2005.xls,FBKF_componentes,no,no_mapeado_o_no_usado
2005,fbkf_maq_eq,G,5260,,0.0,EAE_C13_2005.xls,FBKF_componentes,no,no_mapeado_o_no_usado
2005,fbkf_maq_eq,H,,,157340735.0,EAE_C13_2005.xls,FBKF_componentes,no,no_mapeado_o_no_usado
2005,fbkf_maq_eq,H,55,,157340735.0,EAE_C13_2005.xls,FBKF_componentes,si,no_mapeado_o_no_usado
2005,fbkf_maq_eq,H,551,,116037635.0,EAE_C13_2005.xls,FBKF_componentes,no,no_mapeado_o_no_usado
2005,fbkf_maq_eq,H,5511,,116011699.0,EAE_C13_2005.xls,FBKF_componentes,no,no_mapeado_o_no_usado
2005,fbkf_maq_eq,H,5512,,25936.0,EAE_C13_2005.xls,FBKF_componentes,no,no_mapeado_o_no_usado
2005,fbkf_maq_eq,H,552,,41303100.0,EAE_C13_2005.xls,FBKF_componentes,no,no_mapeado_o_no_usado
2005,fbkf_maq_eq,H,5520,,41303100.0,EAE_C13_2005.xls,FBKF_componentes,no,no_mapeado_o_no_usado
2005,fbkf_maq_eq,I,,,1623564422.0,EAE_C13_2005.xls,FBKF_componentes,no,no_mapeado_o_no_usado
2005,fbkf_maq_eq,I,60,,136114264.0,EAE_C13_2005.xls,FBKF_componentes,si,no_mapeado_o_no_usado
2005,fbkf_maq_eq,I,601,,25364664.0,EAE_C13_2005.xls,FBKF_componentes,no,no_mapeado_o_no_usado
2005,fbkf_maq_eq,I,6010,,25364664.0,EAE_C13_2005.xls,FBKF_componentes,no,no_mapeado_o_no_usado
2005,fbkf_maq_eq,I,602,,110749600.0,EAE_C13_2005.xls,FBKF_componentes,no,no_mapeado_o_no_usado
2005,fbkf_maq_eq,I,6021,,42162056.0,EAE_C13_2005.xls,FBKF_componentes,no,no_mapeado_o_no_usado
2005,fbkf_maq_eq,I,6022,,172617.0,EAE_C13_2005.xls,FBKF_componentes,no,no_mapeado_o_no_usado
2005,fbkf_maq_eq,I,6023,,68414927.0,EAE_C13_2005.xls,FBKF_componentes,no,no_mapeado_o_no_usado
2005,fbkf_maq_eq,I,61,,20027330.0,EAE_C13_2005.xls,FBKF_componentes,si,no_mapeado_o_no_usado
2005,fbkf_maq_eq,I,611,,20027330.0,EAE_C13_2005.xls,FBKF_componentes,no,no_mapeado_o_no_usado
2005,fbkf_maq_eq,I,6110,,20027330.0,EAE_C13_2005.xls,FBKF_componentes,no,no_mapeado_o_no_usado
2005,fbkf_maq_eq,I,62,,988395.0,EAE_C13_2005.xls,FBKF_componentes,si,no_mapeado_o_no_usado
2005,fbkf_maq_eq,I,621,,988395.0,EAE_C13_2005.xls,FBKF_componentes,no,no_mapeado_o_no_usado
2005,fbkf_maq_eq,I,6210,,988395.0,EAE_C13_2005.xls,FBKF_componentes,no,no_mapeado_o_no_usado
2005,fbkf_maq_eq,I,63,,90346560.0,EAE_C13_2005.xls,FBKF_componentes,si,no_mapeado_o_no_usado
2005,fbkf_maq_eq,I,630,,90346560.0,EAE_C13_2005.xls,FBKF_componentes,no,no_mapeado_o_no_usado
2005,fbkf_maq_eq,I,6301,,6147188.0,EAE_C13_2005.xls,FBKF_componentes,no,no_mapeado_o_no_usado
2005,fbkf_maq_eq,I,6302,,30696295.0,EAE_C13_2005.xls,FBKF_componentes,no,no_mapeado_o_no_usado
2005,fbkf_maq_eq,I,6303,,47187872.0,EAE_C13_2005.xls,FBKF_componentes,no,no_mapeado_o_no_usado
2005,fbkf_maq_eq,I,6304,,877055.0,EAE_C13_2005.xls,FBKF_componentes,no,no_mapeado_o_no_usado
2005,fbkf_maq_eq,I,6309,,5438150.0,EAE_C13_2005.xls,FBKF_componentes,no,no_mapeado_o_no_usado
2005,fbkf_maq_eq,I,64,,1376087873.0,EAE_C13_2005.xls,FBKF_componentes,si,no_mapeado_o_no_usado
2005,fbkf_maq_eq,I,641,,2924317.0,EAE_C13_2005.xls,FBKF_componentes,no,no_mapeado_o_no_usado
2005,fbkf_maq_eq,I,6410,,2924317.0,EAE_C13_2005.xls,FBKF_componentes,no,no_mapeado_o_no_usado
2005,fbkf_maq_eq,I,642,,1373163556.0,EAE_C13_2005.xls,FBKF_componentes,no,no_mapeado_o_no_usado
2005,fbkf_maq_eq,I,6420,,1373163556.0,EAE_C13_2005.xls,FBKF_componentes,no,no_mapeado_o_no_usado
2005,fbkf_maq_eq,K,,,675555411.0,EAE_C13_2005.xls,FBKF_componentes,no,no_mapeado_o_no_usado
2005,fbkf_maq_eq,K,71,,71187749.0,EAE_C13_2005.xls,FBKF_componentes,si,no_mapeado_o_no_usado
2005,fbkf_maq_eq,K,711,,96400.0,EAE_C13_2005.xls,FBKF_componentes,no,no_mapeado_o_no_usado
2005,fbkf_maq_eq,K,7110,,96400.0,EAE_C13_2005.xls,FBKF_componentes,no,no_mapeado_o_no_usado
2005,fbkf_maq_eq,K,712,,68902433.0,EAE_C13_2005.xls,FBKF_componentes,no,no_mapeado_o_no_usado
2005,fbkf_maq_eq,K,7120,,68902433.0,EAE_C13_2005.xls,FBKF_componentes,no,no_mapeado_o_no_usado
2005,fbkf_maq_eq,K,713,,2188916.0,EAE_C13_2005.xls,FBKF_componentes,no,no_mapeado_o_no_usado
2005,fbkf_maq_eq,K,7130,,2188916.0,EAE_C13_2005.xls,FBKF_componentes,no,no_mapeado_o_no_usado
2005,fbkf_maq_eq,K,72,,107323715.0,EAE_C13_2005.xls,FBKF_componentes,si,no_mapeado_o_no_usado
2005,fbkf_maq_eq,K,721,,114617551.0,EAE_C13_2005.xls,FBKF_componentes,no,no_mapeado_o_no_usado
2005,fbkf_maq_eq,K,7210,,114617551.0,EAE_C13_2005.xls,FBKF_componentes,no,no_mapeado_o_no_usado
2005,fbkf_maq_eq,K,722,,9265076.0,EAE_C13_2005.xls,FBKF_componentes,no,no_mapeado_o_no_usado
2005,fbkf_maq_eq,K,7220,,9265076.0,EAE_C13_2005.xls,FBKF_componentes,no,no_mapeado_o_no_usado
2005,fbkf_maq_eq,K,723,,1377816.0,EAE_C13_2005.xls,FBKF_componentes,no,no_mapeado_o_no_usado
2005,fbkf_maq_eq,K,7230,,1377816.0,EAE_C13_2005.xls,FBKF_componentes,no,no_mapeado_o_no_usado
2005,fbkf_maq_eq,K,724,,0.0,EAE_C13_2005.xls,FBKF_componentes,no,no_mapeado_o_no_usado
2005,fbkf_maq_eq,K,7240,,0.0,EAE_C13_2005.xls,FBKF_componentes,no,no_mapeado_o_no_usado
2005,fbkf_maq_eq,K,725,,-17936728.0,EAE_C13_2005.xls,FBKF_componentes,no,no_mapeado_o_no_usado
2005,fbkf_maq_eq,K,7250,,-17936728.0,EAE_C13_2005.xls,FBKF_componentes,no,no_mapeado_o_no_usado
2005,fbkf_maq_eq,K,73,,3712823.0,EAE_C13_2005.xls,FBKF_componentes,si,no_mapeado_o_no_usado
2005,fbkf_maq_eq,K,730,,3712823.0,EAE_C13_2005.xls,FBKF_componentes,no,no_mapeado_o_no_usado
2005,fbkf_maq_eq,K,7300,,3712823.0,EAE_C13_2005.xls,FBKF_componentes,no,no_mapeado_o_no_usado
2005,fbkf_maq_eq,K,74,,493331124.0,EAE_C13_2005.xls,FBKF_componentes,si,no_mapeado_o_no_usado
2005,fbkf_maq_eq,K,741,,19449025.0,EAE_C13_2005.xls,FBKF_componentes,no,no_mapeado_o_no_usado
2005,fbkf_maq_eq,K,7411,,7289571.0,EAE_C13_2005.xls,FBKF_componentes,no,no_mapeado_o_no_usado
2005,fbkf_maq_eq,K,7412,,5950553.0,EAE_C13_2005.xls,FBKF_componentes,no,no_mapeado_o_no_usado
2005,fbkf_maq_eq,K,7413,,1701659.0,EAE_C13_2005.xls,FBKF_componentes,no,no_mapeado_o_no_usado
2005,fbkf_maq_eq,K,7414,,4507242.0,EAE_C13_2005.xls,FBKF_componentes,no,no_mapeado_o_no_usado
2005,fbkf_maq_eq,K,742,,359281718.0,EAE_C13_2005.xls,FBKF_componentes,no,no_mapeado_o_no_usado
2005,fbkf_maq_eq,K,7421,,343283384.0,EAE_C13_2005.xls,FBKF_componentes,no,no_mapeado_o_no_usado
2005,fbkf_maq_eq,K,7422,,15998334.0,EAE_C13_2005.xls,FBKF_componentes,no,no_mapeado_o_no_usado
2005,fbkf_maq_eq,K,743,,17725204.0,EAE_C13_2005.xls,FBKF_componentes,no,no_mapeado_o_no_usado
2005,fbkf_maq_eq,K,7430,,17725204.0,EAE_C13_2005.xls,FBKF_componentes,no,no_mapeado_o_no_usado
2005,fbkf_maq_eq,K,749,,96875177.0,EAE_C13_2005.xls,FBKF_componentes,no,no_mapeado_o_no_usado
2005,fbkf_maq_eq,K,7491,,448212.0,EAE_C13_2005.xls,FBKF_componentes,no,no_mapeado_o_no_usado
2005,fbkf_maq_eq,K,7492,,3954541.0,EAE_C13_2005.xls,FBKF_componentes,no,no_mapeado_o_no_usado
2005,fbkf_maq_eq,K,7493,,6320420.0,EAE_C13_2005.xls,FBKF_componentes,no,no_mapeado_o_no_usado
2005,fbkf_maq_eq,K,7494,,10369140.0,EAE_C13_2005.xls,FBKF_componentes,no,no_mapeado_o_no_usado
2005,fbkf_maq_eq,K,7499,,75782864.0,EAE_C13_2005.xls,FBKF_componentes,no,no_mapeado_o_no_usado
2005,fbkf_maq_eq,M,,,106489219.0,EAE_C13_2005.xls,FBKF_componentes,no,no_mapeado_o_no_usado
2005,fbkf_maq_eq,M,80,,106489219.0,EAE_C13_2005.xls,FBKF_componentes,si,no_mapeado_o_no_usado
2005,fbkf_maq_eq,M,801,,12569991.0,EAE_C13_2005.xls,FBKF_componentes,no,no_mapeado_o_no_usado
2005,fbkf_maq_eq,M,8010,,12569991.0,EAE_C13_2005.xls,FBKF_componentes,no,no_mapeado_o_no_usado
2005,fbkf_maq_eq,M,802,,7832183.0,EAE_C13_2005.xls,FBKF_componentes,no,no_mapeado_o_no_usado
2005,fbkf_maq_eq,M,8020,,7832183.0,EAE_C13_2005.xls,FBKF_componentes,no,no_mapeado_o_no_usado
2005,fbkf_maq_eq,M,803,,68508207.0,EAE_C13_2005.xls,FBKF_componentes,no,no_mapeado_o_no_usado
2005,fbkf_maq_eq,M,8030,,68508207.0,EAE_C13_2005.xls,FBKF_componentes,no,no_mapeado_o_no_usado
2005,fbkf_maq_eq,M,809,,17578838.0,EAE_C13_2005.xls,FBKF_componentes,no,no_mapeado_o_no_usado
2005,fbkf_maq_eq,M,8090,,17578838.0,EAE_C13_2005.xls,FBKF_componentes,no,no_mapeado_o_no_usado
2005,fbkf_maq_eq,N,,,298642530.0,EAE_C13_2005.xls,FBKF_componentes,no,no_mapeado_o_no_usado
2005,fbkf_maq_eq,N,85,,298642530.0,EAE_C13_2005.xls,FBKF_componentes,si,no_mapeado_o_no_usado
2005,fbkf_maq_eq,N,851,,300130144.0,EAE_C13_2005.xls,FBKF_componentes,no,no_mapeado_o_no_usado
2005,fbkf_maq_eq,N,8511,,273812190.0,EAE_C13_2005.xls,FBKF_componentes,no,no_mapeado_o_no_usado
2005,fbkf_maq_eq,N,8512,,24359198.0,EAE_C13_2005.xls,FBKF_componentes,no,no_mapeado_o_no_usado
2005,fbkf_maq_eq,N,8513,,16956.0,EAE_C13_2005.xls,FBKF_componentes,no,no_mapeado_o_no_usado
2005,fbkf_maq_eq,N,8519,,1941800.0,EAE_C13_2005.xls,FBKF_componentes,no,no_mapeado_o_no_usado
2005,fbkf_maq_eq,N,852,,0.0,EAE_C13_2005.xls,FBKF_componentes,no,no_mapeado_o_no_usado
2005,fbkf_maq_eq,N,8520,,0.0,EAE_C13_2005.xls,FBKF_componentes,no,no_mapeado_o_no_usado
2005,fbkf_maq_eq,N,853,,-1487614.0,EAE_C13_2005.xls,FBKF_componentes,no,no_mapeado_o_no_usado
2005,fbkf_maq_eq,N,8530,,-1487614.0,EAE_C13_2005.xls,FBKF_componentes,no,no_mapeado_o_no_usado
2006,fbcf,D,1511,10_11_12_alimentos_bebidas_tabaco,743143803.4699998,EAE_C6-F_2006.xls,FBCF,si,mapeado
2006,adquisiciones_importadas,D,1511,10_11_12_alimentos_bebidas_tabaco,149895943.1999999,EAE_C6-F_2006.xls,FBCF,si,mapeado
2006,adquisiciones_origen_importado,D,1511,10_11_12_alimentos_bebidas_tabaco,79987420.05,EAE_C6-F_2006.xls,FBCF,si,mapeado
2006,fbcf,D,1512,10_11_12_alimentos_bebidas_tabaco,46086011.15999999,EAE_C6-F_2006.xls,FBCF,si,mapeado
2006,adquisiciones_importadas,D,1512,10_11_12_alimentos_bebidas_tabaco,13504610.869090907,EAE_C6-F_2006.xls,FBCF,si,mapeado
2006,adquisiciones_origen_importado,D,1512,10_11_12_alimentos_bebidas_tabaco,10086075.818181815,EAE_C6-F_2006.xls,FBCF,si,mapeado
2006,fbcf,D,1513,10_11_12_alimentos_bebidas_tabaco,56698337.32000003,EAE_C6-F_2006.xls,FBCF,si,mapeado
2006,adquisiciones_importadas,D,1513,10_11_12_alimentos_bebidas_tabaco,1682106.55,EAE_C6-F_2006.xls,FBCF,si,mapeado
2006,adquisiciones_origen_importado,D,1513,10_11_12_alimentos_bebidas_tabaco,1447768.6,EAE_C6-F_2006.xls,FBCF,si,mapeado
2006,fbcf,D,1514,10_11_12_alimentos_bebidas_tabaco,105344804.57000002,EAE_C6-F_2006.xls,FBCF,si,mapeado
2006,adquisiciones_importadas,D,1514,10_11_12_alimentos_bebidas_tabaco,0.0,EAE_C6-F_2006.xls,FBCF,si,mapeado
2006,adquisiciones_origen_importado,D,1514,10_11_12_alimentos_bebidas_tabaco,33800734.0,EAE_C6-F_2006.xls,FBCF,si,mapeado
2006,fbcf,D,1520,10_11_12_alimentos_bebidas_tabaco,450075474.62000006,EAE_C6-F_2006.xls,FBCF,si,mapeado
2006,adquisiciones_importadas,D,1520,10_11_12_alimentos_bebidas_tabaco,108760281.01000004,EAE_C6-F_2006.xls,FBCF,si,mapeado
2006,adquisiciones_origen_importado,D,1520,10_11_12_alimentos_bebidas_tabaco,64425648.35,EAE_C6-F_2006.xls,FBCF,si,mapeado
2006,fbcf,D,1531,10_11_12_alimentos_bebidas_tabaco,60890639.03999999,EAE_C6-F_2006.xls,FBCF,si,mapeado
2006,adquisiciones_importadas,D,1531,10_11_12_alimentos_bebidas_tabaco,5801219.999999999,EAE_C6-F_2006.xls,FBCF,si,mapeado
2006,adquisiciones_origen_importado,D,1531,10_11_12_alimentos_bebidas_tabaco,22170542.419999994,EAE_C6-F_2006.xls,FBCF,si,mapeado
2006,fbcf,D,1533,10_11_12_alimentos_bebidas_tabaco,13379586.84,EAE_C6-F_2006.xls,FBCF,si,mapeado
2006,adquisiciones_importadas,D,1533,10_11_12_alimentos_bebidas_tabaco,5382169.82,EAE_C6-F_2006.xls,FBCF,si,mapeado
2006,adquisiciones_origen_importado,D,1533,10_11_12_alimentos_bebidas_tabaco,5730718.36,EAE_C6-F_2006.xls,FBCF,si,mapeado
2006,fbcf,D,1534,10_11_12_alimentos_bebidas_tabaco,173086489.26999998,EAE_C6-F_2006.xls,FBCF,si,mapeado
2006,adquisiciones_importadas,D,1534,10_11_12_alimentos_bebidas_tabaco,19317535.93,EAE_C6-F_2006.xls,FBCF,si,mapeado
2006,adquisiciones_origen_importado,D,1534,10_11_12_alimentos_bebidas_tabaco,41859388.99,EAE_C6-F_2006.xls,FBCF,si,mapeado
2006,fbcf,D,1541,10_11_12_alimentos_bebidas_tabaco,47260002.13,EAE_C6-F_2006.xls,FBCF,si,mapeado
2006,adquisiciones_importadas,D,1541,10_11_12_alimentos_bebidas_tabaco,3302587.44,EAE_C6-F_2006.xls,FBCF,si,mapeado
2006,adquisiciones_origen_importado,D,1541,10_11_12_alimentos_bebidas_tabaco,32333472.049999993,EAE_C6-F_2006.xls,FBCF,si,mapeado
2006,fbcf,D,1542,10_11_12_alimentos_bebidas_tabaco,11855763.92,EAE_C6-F_2006.xls,FBCF,si,mapeado
2006,adquisiciones_importadas,D,1542,10_11_12_alimentos_bebidas_tabaco,58125.6,EAE_C6-F_2006.xls,FBCF,si,mapeado
2006,adquisiciones_origen_importado,D,1542,10_11_12_alimentos_bebidas_tabaco,1572539.28,EAE_C6-F_2006.xls,FBCF,si,mapeado
2006,fbcf,D,1543,10_11_12_alimentos_bebidas_tabaco,14673288.28,EAE_C6-F_2006.xls,FBCF,si,mapeado
2006,adquisiciones_importadas,D,1543,10_11_12_alimentos_bebidas_tabaco,626422.72,EAE_C6-F_2006.xls,FBCF,si,mapeado
2006,adquisiciones_origen_importado,D,1543,10_11_12_alimentos_bebidas_tabaco,13930580.440000001,EAE_C6-F_2006.xls,FBCF,si,mapeado
2006,fbcf,D,1544,10_11_12_alimentos_bebidas_tabaco,28367614.590000004,EAE_C6-F_2006.xls,FBCF,si,mapeado
2006,adquisiciones_importadas,D,1544,10_11_12_alimentos_bebidas_tabaco,2079933.0,EAE_C6-F_2006.xls,FBCF,si,mapeado
2006,adquisiciones_origen_importado,D,1544,10_11_12_alimentos_bebidas_tabaco,21713723.550000004,EAE_C6-F_2006.xls,FBCF,si,mapeado
2006,fbcf,D,1549,10_11_12_alimentos_bebidas_tabaco,55637383.87000001,EAE_C6-F_2006.xls,FBCF,si,mapeado
2006,adquisiciones_importadas,D,1549,10_11_12_alimentos_bebidas_tabaco,439950.0,EAE_C6-F_2006.xls,FBCF,si,mapeado
2006,adquisiciones_origen_importado,D,1549,10_11_12_alimentos_bebidas_tabaco,55370403.42000001,EAE_C6-F_2006.xls,FBCF,si,mapeado
2006,fbcf,D,1551,10_11_12_alimentos_bebidas_tabaco,3465748.1850704225,EAE_C6-F_2006.xls,FBCF,si,mapeado
2006,adquisiciones_importadas,D,1551,10_11_12_alimentos_bebidas_tabaco,0.0,EAE_C6-F_2006.xls,FBCF,si,mapeado
2006,adquisiciones_origen_importado,D,1551,10_11_12_alimentos_bebidas_tabaco,1312614.9432394367,EAE_C6-F_2006.xls,FBCF,si,mapeado
2006,fbcf,D,1552,10_11_12_alimentos_bebidas_tabaco,21320217.110000003,EAE_C6-F_2006.xls,FBCF,si,mapeado
2006,adquisiciones_importadas,D,1552,10_11_12_alimentos_bebidas_tabaco,13958471.570000002,EAE_C6-F_2006.xls,FBCF,si,mapeado
2006,adquisiciones_origen_importado,D,1552,10_11_12_alimentos_bebidas_tabaco,2945389.67,EAE_C6-F_2006.xls,FBCF,si,mapeado
2006,fbcf,D,1553,10_11_12_alimentos_bebidas_tabaco,363647310.09999996,EAE_C6-F_2006.xls,FBCF,si,mapeado
2006,adquisiciones_importadas,D,1553,10_11_12_alimentos_bebidas_tabaco,18439058.999999996,EAE_C6-F_2006.xls,FBCF,si,mapeado
2006,adquisiciones_origen_importado,D,1553,10_11_12_alimentos_bebidas_tabaco,179029020.0,EAE_C6-F_2006.xls,FBCF,si,mapeado
2006,fbcf,D,1554,10_11_12_alimentos_bebidas_tabaco,244625531.37,EAE_C6-F_2006.xls,FBCF,si,mapeado
2006,adquisiciones_importadas,D,1554,10_11_12_alimentos_bebidas_tabaco,116982641.8,EAE_C6-F_2006.xls,FBCF,si,mapeado
2006,adquisiciones_origen_importado,D,1554,10_11_12_alimentos_bebidas_tabaco,96712498.44,EAE_C6-F_2006.xls,FBCF,si,mapeado
2006,fbcf,D,1600,10_11_12_alimentos_bebidas_tabaco,12591617.26,EAE_C6-F_2006.xls,FBCF,si,mapeado
2006,adquisiciones_importadas,D,1600,10_11_12_alimentos_bebidas_tabaco,8812592.739999998,EAE_C6-F_2006.xls,FBCF,si,mapeado
2006,adquisiciones_origen_importado,D,1600,10_11_12_alimentos_bebidas_tabaco,3065077.56,EAE_C6-F_2006.xls,FBCF,si,mapeado
2006,fbcf,D,1711,13_14_15_textiles_prendas_cuero,76072826.7,EAE_C6-F_2006.xls,FBCF,si,mapeado
2006,adquisiciones_importadas,D,1711,13_14_15_textiles_prendas_cuero,53294770.541250005,EAE_C6-F_2006.xls,FBCF,si,mapeado
2006,adquisiciones_origen_importado,D,1711,13_14_15_textiles_prendas_cuero,4203469.5975,EAE_C6-F_2006.xls,FBCF,si,mapeado
2006,fbcf,D,1712,13_14_15_textiles_prendas_cuero,1775916.68,EAE_C6-F_2006.xls,FBCF,si,mapeado
2006,adquisiciones_importadas,D,1712,13_14_15_textiles_prendas_cuero,0.0,EAE_C6-F_2006.xls,FBCF,si,mapeado
2006,adquisiciones_origen_importado,D,1712,13_14_15_textiles_prendas_cuero,0.0,EAE_C6-F_2006.xls,FBCF,si,mapeado
2006,fbcf,D,1713,13_14_15_textiles_prendas_cuero,49875492.779999994,EAE_C6-F_2006.xls,FBCF,si,mapeado
2006,adquisiciones_importadas,D,1713,13_14_15_textiles_prendas_cuero,33961876.24,EAE_C6-F_2006.xls,FBCF,si,mapeado
2006,adquisiciones_origen_importado,D,1713,13_14_15_textiles_prendas_cuero,10854668.040000001,EAE_C6-F_2006.xls,FBCF,si,mapeado
2006,fbcf,D,1720,13_14_15_textiles_prendas_cuero,2274622.33,EAE_C6-F_2006.xls,FBCF,si,mapeado
2006,adquisiciones_importadas,D,1720,13_14_15_textiles_prendas_cuero,301833.0,EAE_C6-F_2006.xls,FBCF,si,mapeado
2006,adquisiciones_origen_importado,D,1720,13_14_15_textiles_prendas_cuero,27674.64,EAE_C6-F_2006.xls,FBCF,si,mapeado
2006,fbcf,D,1730,13_14_15_textiles_prendas_cuero,22620120.029999997,EAE_C6-F_2006.xls,FBCF,si,mapeado
2006,adquisiciones_importadas,D,1730,13_14_15_textiles_prendas_cuero,14537446.450000001,EAE_C6-F_2006.xls,FBCF,si,mapeado
2006,adquisiciones_origen_importado,D,1730,13_14_15_textiles_prendas_cuero,2786602.61,EAE_C6-F_2006.xls,FBCF,si,mapeado
2006,fbcf,D,1810,13_14_15_textiles_prendas_cuero,69327412.45039995,EAE_C6-F_2006.xls,FBCF,si,mapeado
2006,adquisiciones_importadas,D,1810,13_14_15_textiles_prendas_cuero,22897476.971199982,EAE_C6-F_2006.xls,FBCF,si,mapeado
2006,adquisiciones_origen_importado,D,1810,13_14_15_textiles_prendas_cuero,14809088.735999987,EAE_C6-F_2006.xls,FBCF,si,mapeado
2006,fbcf,D,1911,13_14_15_textiles_prendas_cuero,393220341.48999995,EAE_C6-F_2006.xls,FBCF,si,mapeado
2006,adquisiciones_importadas,D,1911,13_14_15_textiles_prendas_cuero,174534890.35,EAE_C6-F_2006.xls,FBCF,si,mapeado
2006,adquisiciones_origen_importado,D,1911,13_14_15_textiles_prendas_cuero,22359213.409999996,EAE_C6-F_2006.xls,FBCF,si,mapeado
2006,fbcf,D,1912,13_14_15_textiles_prendas_cuero,172355.0,EAE_C6-F_2006.xls,FBCF,si,mapeado
2006,adquisiciones_importadas,D,1912,13_14_15_textiles_prendas_cuero,0.0,EAE_C6-F_2006.xls,FBCF,si,mapeado
2006,adquisiciones_origen_importado,D,1912,13_14_15_textiles_prendas_cuero,5275441.0,EAE_C6-F_2006.xls,FBCF,si,mapeado
2006,fbcf,D,1920,13_14_15_textiles_prendas_cuero,5292598.66,EAE_C6-F_2006.xls,FBCF,si,mapeado
2006,adquisiciones_importadas,D,1920,13_14_15_textiles_prendas_cuero,585024.0,EAE_C6-F_2006.xls,FBCF,si,mapeado
2006,adquisiciones_origen_importado,D,1920,13_14_15_textiles_prendas_cuero,0.0,EAE_C6-F_2006.xls,FBCF,si,mapeado
2006,fbcf,D,2010,16_madera,1199942508.0800002,EAE_C6-F_2006.xls,FBCF,si,mapeado
2006,adquisiciones_importadas,D,2010,16_madera,48913559.0,EAE_C6-F_2006.xls,FBCF,si,mapeado
2006,adquisiciones_origen_importado,D,2010,16_madera,68835230.33000001,EAE_C6-F_2006.xls,FBCF,si,mapeado
2006,fbcf,D,2021,16_madera,306029992.11,EAE_C6-F_2006.xls,FBCF,si,mapeado
2006,adquisiciones_importadas,D,2021,16_madera,616075341.8,EAE_C6-F_2006.xls,FBCF,si,mapeado
2006,adquisiciones_origen_importado,D,2021,16_madera,11243244.9,EAE_C6-F_2006.xls,FBCF,si,mapeado
2006,fbcf,D,2029,16_madera,0.0,EAE_C6-F_2006.xls,FBCF,si,mapeado
2006,adquisiciones_importadas,D,2029,16_madera,0.0,EAE_C6-F_2006.xls,FBCF,si,mapeado
2006,adquisiciones_origen_importado,D,2029,16_madera,0.0,EAE_C6-F_2006.xls,FBCF,si,mapeado
2006,fbcf,D,2101,17_18_papel_impresion,111365360.5,EAE_C6-F_2006.xls,FBCF,si,mapeado
2006,adquisiciones_importadas,D,2101,17_18_papel_impresion,52757669.5,EAE_C6-F_2006.xls,FBCF,si,mapeado
2006,adquisiciones_origen_importado,D,2101,17_18_papel_impresion,0.0,EAE_C6-F_2006.xls,FBCF,si,mapeado
2006,fbcf,D,2102,17_18_papel_impresion,59790098.0,EAE_C6-F_2006.xls,FBCF,si,mapeado
2006,adquisiciones_importadas,D,2102,17_18_papel_impresion,0.0,EAE_C6-F_2006.xls,FBCF,si,mapeado
2006,adquisiciones_origen_importado,D,2102,17_18_papel_impresion,30202.0,EAE_C6-F_2006.xls,FBCF,si,mapeado
2006,fbcf,D,2109,17_18_papel_impresion,71795743.0,EAE_C6-F_2006.xls,FBCF,si,mapeado
2006,adquisiciones_importadas,D,2109,17_18_papel_impresion,55114784.0,EAE_C6-F_2006.xls,FBCF,si,mapeado
2006,adquisiciones_origen_importado,D,2109,17_18_papel_impresion,12133588.0,EAE_C6-F_2006.xls,FBCF,si,mapeado
2006,fbcf,D,2211,17_18_papel_impresion,76264032.44000003,EAE_C6-F_2006.xls,FBCF,si,mapeado
2006,adquisiciones_importadas,D,2211,17_18_papel_impresion,57405878.34000001,EAE_C6-F_2006.xls,FBCF,si,mapeado
2006,adquisiciones_origen_importado,D,2211,17_18_papel_impresion,24503591.520000003,EAE_C6-F_2006.xls,FBCF,si,mapeado
2006,fbcf,D,2212,17_18_papel_impresion,32193220.2,EAE_C6-F_2006.xls,FBCF,si,mapeado
2006,adquisiciones_importadas,D,2212,17_18_papel_impresion,14949834.0,EAE_C6-F_2006.xls,FBCF,si,mapeado
2006,adquisiciones_origen_importado,D,2212,17_18_papel_impresion,663004.0,EAE_C6-F_2006.xls,FBCF,si,mapeado
2006,fbcf,D,2320,19_refinacion,-9771356.0,EAE_C6-F_2006.xls,FBCF,si,mapeado
2006,adquisiciones_importadas,D,2320,19_refinacion,0.0,EAE_C6-F_2006.xls,FBCF,si,mapeado
2006,adquisiciones_origen_importado,D,2320,19_refinacion,399037004.0,EAE_C6-F_2006.xls,FBCF,si,mapeado
2006,fbcf,D,2411,20_21_22_quimicos_farma_caucho_plastico,151289342.79999998,EAE_C6-F_2006.xls,FBCF,si,mapeado
2006,adquisiciones_importadas,D,2411,20_21_22_quimicos_farma_caucho_plastico,32608508.000000004,EAE_C6-F_2006.xls,FBCF,si,mapeado
2006,adquisiciones_origen_importado,D,2411,20_21_22_quimicos_farma_caucho_plastico,8484665.0,EAE_C6-F_2006.xls,FBCF,si,mapeado
2006,fbcf,D,2412,20_21_22_quimicos_farma_caucho_plastico,19002050.6,EAE_C6-F_2006.xls,FBCF,si,mapeado
2006,adquisiciones_importadas,D,2412,20_21_22_quimicos_farma_caucho_plastico,7642033.0,EAE_C6-F_2006.xls,FBCF,si,mapeado
2006,adquisiciones_origen_importado,D,2412,20_21_22_quimicos_farma_caucho_plastico,187751.0,EAE_C6-F_2006.xls,FBCF,si,mapeado
2006,fbcf,D,2413,20_21_22_quimicos_farma_caucho_plastico,17196387.833333336,EAE_C6-F_2006.xls,FBCF,si,mapeado
2006,adquisiciones_importadas,D,2413,20_21_22_quimicos_farma_caucho_plastico,11083240.0,EAE_C6-F_2006.xls,FBCF,si,mapeado
2006,adquisiciones_origen_importado,D,2413,20_21_22_quimicos_farma_caucho_plastico,3059388.5,EAE_C6-F_2006.xls,FBCF,si,mapeado
2006,fbcf,D,2421,20_21_22_quimicos_farma_caucho_plastico,11131190.639999999,EAE_C6-F_2006.xls,FBCF,si,mapeado
2006,adquisiciones_importadas,D,2421,20_21_22_quimicos_farma_caucho_plastico,0.0,EAE_C6-F_2006.xls,FBCF,si,mapeado
2006,adquisiciones_origen_importado,D,2421,20_21_22_quimicos_farma_caucho_plastico,2775212.0,EAE_C6-F_2006.xls,FBCF,si,mapeado
2006,fbcf,D,2422,20_21_22_quimicos_farma_caucho_plastico,18308049.51,EAE_C6-F_2006.xls,FBCF,si,mapeado
2006,adquisiciones_importadas,D,2422,20_21_22_quimicos_farma_caucho_plastico,2047898.0,EAE_C6-F_2006.xls,FBCF,si,mapeado
2006,adquisiciones_origen_importado,D,2422,20_21_22_quimicos_farma_caucho_plastico,7255208.370000001,EAE_C6-F_2006.xls,FBCF,si,mapeado
2006,fbcf,D,2423,20_21_22_quimicos_farma_caucho_plastico,367401949.62,EAE_C6-F_2006.xls,FBCF,si,mapeado
2006,adquisiciones_importadas,D,2423,20_21_22_quimicos_farma_caucho_plastico,127404074.88999999,EAE_C6-F_2006.xls,FBCF,si,mapeado
2006,adquisiciones_origen_importado,D,2423,20_21_22_quimicos_farma_caucho_plastico,39789367.92,EAE_C6-F_2006.xls,FBCF,si,mapeado
2006,fbcf,D,2424,20_21_22_quimicos_farma_caucho_plastico,50659773.26294999,EAE_C6-F_2006.xls,FBCF,si,mapeado
2006,adquisiciones_importadas,D,2424,20_21_22_quimicos_farma_caucho_plastico,109901.02125,EAE_C6-F_2006.xls,FBCF,si,mapeado
2006,adquisiciones_origen_importado,D,2424,20_21_22_quimicos_farma_caucho_plastico,4334824.983449999,EAE_C6-F_2006.xls,FBCF,si,mapeado
2006,fbcf,D,2429,20_21_22_quimicos_farma_caucho_plastico,45324590.46,EAE_C6-F_2006.xls,FBCF,si,mapeado
2006,adquisiciones_importadas,D,2429,20_21_22_quimicos_farma_caucho_plastico,19947891.999999996,EAE_C6-F_2006.xls,FBCF,si,mapeado
2006,adquisiciones_origen_importado,D,2429,20_21_22_quimicos_farma_caucho_plastico,6312496.0,EAE_C6-F_2006.xls,FBCF,si,mapeado
2006,fbcf,D,2511,20_21_22_quimicos_farma_caucho_plastico,4631220.0,EAE_C6-F_2006.xls,FBCF,si,mapeado
2006,adquisiciones_importadas,D,2511,20_21_22_quimicos_farma_caucho_plastico,0.0,EAE_C6-F_2006.xls,FBCF,si,mapeado
2006,adquisiciones_origen_importado,D,2511,20_21_22_quimicos_farma_caucho_plastico,429003.0,EAE_C6-F_2006.xls,FBCF,si,mapeado
2006,fbcf,D,2519,20_21_22_quimicos_farma_caucho_plastico,0.0,EAE_C6-F_2006.xls,FBCF,si,mapeado
2006,adquisiciones_importadas,D,2519,20_21_22_quimicos_farma_caucho_plastico,0.0,EAE_C6-F_2006.xls,FBCF,si,mapeado
2006,adquisiciones_origen_importado,D,2519,20_21_22_quimicos_farma_caucho_plastico,0.0,EAE_C6-F_2006.xls,FBCF,si,mapeado
2006,fbcf,D,2520,20_21_22_quimicos_farma_caucho_plastico,150469932.69,EAE_C6-F_2006.xls,FBCF,si,mapeado
2006,adquisiciones_importadas,D,2520,20_21_22_quimicos_farma_caucho_plastico,58959067.57,EAE_C6-F_2006.xls,FBCF,si,mapeado
2006,adquisiciones_origen_importado,D,2520,20_21_22_quimicos_farma_caucho_plastico,10420048.87,EAE_C6-F_2006.xls,FBCF,si,mapeado
2006,fbcf,D,2610,23_24_minerales_metales,6799440.1499999985,EAE_C6-F_2006.xls,FBCF,si,mapeado
2006,adquisiciones_importadas,D,2610,23_24_minerales_metales,243470.6,EAE_C6-F_2006.xls,FBCF,si,mapeado
2006,adquisiciones_origen_importado,D,2610,23_24_minerales_metales,5886900.649999999,EAE_C6-F_2006.xls,FBCF,si,mapeado
2006,fbcf,D,2691,23_24_minerales_metales,2227967.72,EAE_C6-F_2006.xls,FBCF,si,mapeado
2006,adquisiciones_importadas,D,2691,23_24_minerales_metales,0.0,EAE_C6-F_2006.xls,FBCF,si,mapeado
2006,adquisiciones_origen_importado,D,2691,23_24_minerales_metales,0.0,EAE_C6-F_2006.xls,FBCF,si,mapeado
2006,fbcf,D,2692,23_24_minerales_metales,0.0,EAE_C6-F_2006.xls,FBCF,si,mapeado
2006,adquisiciones_importadas,D,2692,23_24_minerales_metales,0.0,EAE_C6-F_2006.xls,FBCF,si,mapeado
2006,adquisiciones_origen_importado,D,2692,23_24_minerales_metales,0.0,EAE_C6-F_2006.xls,FBCF,si,mapeado
2006,fbcf,D,2694,23_24_minerales_metales,119882276.0,EAE_C6-F_2006.xls,FBCF,si,mapeado
2006,adquisiciones_importadas,D,2694,23_24_minerales_metales,34823284.5,EAE_C6-F_2006.xls,FBCF,si,mapeado
2006,adquisiciones_origen_importado,D,2694,23_24_minerales_metales,10387402.500000002,EAE_C6-F_2006.xls,FBCF,si,mapeado
2006,fbcf,D,2695,23_24_minerales_metales,1137767.0,EAE_C6-F_2006.xls,FBCF,si,mapeado
2006,adquisiciones_importadas,D,2695,23_24_minerales_metales,0.0,EAE_C6-F_2006.xls,FBCF,si,mapeado
2006,adquisiciones_origen_importado,D,2695,23_24_minerales_metales,993317.0,EAE_C6-F_2006.xls,FBCF,si,mapeado
2006,fbcf,D,2699,23_24_minerales_metales,2277609.36,EAE_C6-F_2006.xls,FBCF,si,mapeado
2006,adquisiciones_importadas,D,2699,23_24_minerales_metales,0.0,EAE_C6-F_2006.xls,FBCF,si,mapeado
2006,adquisiciones_origen_importado,D,2699,23_24_minerales_metales,1844193.52,EAE_C6-F_2006.xls,FBCF,si,mapeado
2006,fbcf,D,2700,23_24_minerales_metales,373470809.7777777,EAE_C6-F_2006.xls,FBCF,si,mapeado
2006,adquisiciones_importadas,D,2700,23_24_minerales_metales,215738061.11111104,EAE_C6-F_2006.xls,FBCF,si,mapeado
2006,adquisiciones_origen_importado,D,2700,23_24_minerales_metales,8346272.999999999,EAE_C6-F_2006.xls,FBCF,si,mapeado
2006,fbcf,D,2811,25_26_27_28_33_metal_equipos_reparacion,17140698.0,EAE_C6-F_2006.xls,FBCF,si,mapeado
2006,adquisiciones_importadas,D,2811,25_26_27_28_33_metal_equipos_reparacion,0.0,EAE_C6-F_2006.xls,FBCF,si,mapeado
2006,adquisiciones_origen_importado,D,2811,25_26_27_28_33_metal_equipos_reparacion,8515504.0,EAE_C6-F_2006.xls,FBCF,si,mapeado
2006,fbcf,D,2812,25_26_27_28_33_metal_equipos_reparacion,7798936.400000001,EAE_C6-F_2006.xls,FBCF,si,mapeado
2006,adquisiciones_importadas,D,2812,25_26_27_28_33_metal_equipos_reparacion,0.0,EAE_C6-F_2006.xls,FBCF,si,mapeado
2006,adquisiciones_origen_importado,D,2812,25_26_27_28_33_metal_equipos_reparacion,7913.0,EAE_C6-F_2006.xls,FBCF,si,mapeado
2006,fbcf,D,2890,25_26_27_28_33_metal_equipos_reparacion,34851946.28,EAE_C6-F_2006.xls,FBCF,si,mapeado
2006,adquisiciones_importadas,D,2890,25_26_27_28_33_metal_equipos_reparacion,2476040.0,EAE_C6-F_2006.xls,FBCF,si,mapeado
2006,adquisiciones_origen_importado,D,2890,25_26_27_28_33_metal_equipos_reparacion,5407907.459999999,EAE_C6-F_2006.xls,FBCF,si,mapeado
2006,fbcf,D,2910,25_26_27_28_33_metal_equipos_reparacion,3372269.28,EAE_C6-F_2006.xls,FBCF,si,mapeado
2006,adquisiciones_importadas,D,2910,25_26_27_28_33_metal_equipos_reparacion,0.0,EAE_C6-F_2006.xls,FBCF,si,mapeado
2006,adquisiciones_origen_importado,D,2910,25_26_27_28_33_metal_equipos_reparacion,1576669.52,EAE_C6-F_2006.xls,FBCF,si,mapeado
2006,fbcf,D,2920,25_26_27_28_33_metal_equipos_reparacion,0.0,EAE_C6-F_2006.xls,FBCF,si,mapeado
2006,adquisiciones_importadas,D,2920,25_26_27_28_33_metal_equipos_reparacion,0.0,EAE_C6-F_2006.xls,FBCF,si,mapeado
2006,adquisiciones_origen_importado,D,2920,25_26_27_28_33_metal_equipos_reparacion,0.0,EAE_C6-F_2006.xls,FBCF,si,mapeado
2006,fbcf,D,2930,25_26_27_28_33_metal_equipos_reparacion,3236747.76,EAE_C6-F_2006.xls,FBCF,si,mapeado
2006,adquisiciones_importadas,D,2930,25_26_27_28_33_metal_equipos_reparacion,0.0,EAE_C6-F_2006.xls,FBCF,si,mapeado
2006,adquisiciones_origen_importado,D,2930,25_26_27_28_33_metal_equipos_reparacion,5042159.28,EAE_C6-F_2006.xls,FBCF,si,mapeado
2006,fbcf,D,3000,25_26_27_28_33_metal_equipos_reparacion,301514.7,EAE_C6-F_2006.xls,FBCF,si,mapeado
2006,adquisiciones_importadas,D,3000,25_26_27_28_33_metal_equipos_reparacion,99179.0,EAE_C6-F_2006.xls,FBCF,si,mapeado
2006,adquisiciones_origen_importado,D,3000,25_26_27_28_33_metal_equipos_reparacion,0.0,EAE_C6-F_2006.xls,FBCF,si,mapeado
2006,fbcf,D,3100,25_26_27_28_33_metal_equipos_reparacion,81540278.2982143,EAE_C6-F_2006.xls,FBCF,si,mapeado
2006,adquisiciones_importadas,D,3100,25_26_27_28_33_metal_equipos_reparacion,45323367.39642858,EAE_C6-F_2006.xls,FBCF,si,mapeado
2006,adquisiciones_origen_importado,D,3100,25_26_27_28_33_metal_equipos_reparacion,30434632.277142856,EAE_C6-F_2006.xls,FBCF,si,mapeado
2006,fbcf,D,3200,25_26_27_28_33_metal_equipos_reparacion,334750.0,EAE_C6-F_2006.xls,FBCF,si,mapeado
2006,adquisiciones_importadas,D,3200,25_26_27_28_33_metal_equipos_reparacion,0.0,EAE_C6-F_2006.xls,FBCF,si,mapeado
2006,adquisiciones_origen_importado,D,3200,25_26_27_28_33_metal_equipos_reparacion,279130.0,EAE_C6-F_2006.xls,FBCF,si,mapeado
2006,fbcf,D,3300,25_26_27_28_33_metal_equipos_reparacion,13955772.440000001,EAE_C6-F_2006.xls,FBCF,si,mapeado
2006,adquisiciones_importadas,D,3300,25_26_27_28_33_metal_equipos_reparacion,2614394.39,EAE_C6-F_2006.xls,FBCF,si,mapeado
2006,adquisiciones_origen_importado,D,3300,25_26_27_28_33_metal_equipos_reparacion,0.0,EAE_C6-F_2006.xls,FBCF,si,mapeado
2006,fbcf,D,3400,29_30_vehiculos_transporte,4324261.274999999,EAE_C6-F_2006.xls,FBCF,si,mapeado
2006,adquisiciones_importadas,D,3400,29_30_vehiculos_transporte,1741932.0,EAE_C6-F_2006.xls,FBCF,si,mapeado
2006,adquisiciones_origen_importado,D,3400,29_30_vehiculos_transporte,809172.0,EAE_C6-F_2006.xls,FBCF,si,mapeado
2006,fbcf,D,3510,29_30_vehiculos_transporte,10792654.0,EAE_C6-F_2006.xls,FBCF,si,mapeado
2006,adquisiciones_importadas,D,3510,29_30_vehiculos_transporte,0.0,EAE_C6-F_2006.xls,FBCF,si,mapeado
2006,adquisiciones_origen_importado,D,3510,29_30_vehiculos_transporte,8086976.0,EAE_C6-F_2006.xls,FBCF,si,mapeado
2006,fbcf,D,3530,29_30_vehiculos_transporte,0.0,EAE_C6-F_2006.xls,FBCF,si,mapeado
2006,adquisiciones_importadas,D,3530,29_30_vehiculos_transporte,0.0,EAE_C6-F_2006.xls,FBCF,si,mapeado
2006,adquisiciones_origen_importado,D,3530,29_30_vehiculos_transporte,0.0,EAE_C6-F_2006.xls,FBCF,si,mapeado
2006,fbcf,D,3590,29_30_vehiculos_transporte,53997922.31999999,EAE_C6-F_2006.xls,FBCF,si,mapeado
2006,adquisiciones_importadas,D,3590,29_30_vehiculos_transporte,0.0,EAE_C6-F_2006.xls,FBCF,si,mapeado
2006,adquisiciones_origen_importado,D,3590,29_30_vehiculos_transporte,3692603.06,EAE_C6-F_2006.xls,FBCF,si,mapeado
2006,fbcf,D,3610,31_32_muebles_otras_manufacturas,20961708.739999995,EAE_C6-F_2006.xls,FBCF,si,mapeado
2006,adquisiciones_importadas,D,3610,31_32_muebles_otras_manufacturas,5467144.989999999,EAE_C6-F_2006.xls,FBCF,si,mapeado
2006,adquisiciones_origen_importado,D,3610,31_32_muebles_otras_manufacturas,7250736.529999998,EAE_C6-F_2006.xls,FBCF,si,mapeado
2006,fbcf,D,3691,31_32_muebles_otras_manufacturas,0.0,EAE_C6-F_2006.xls,FBCF,si,mapeado
2006,adquisiciones_importadas,D,3691,31_32_muebles_otras_manufacturas,0.0,EAE_C6-F_2006.xls,FBCF,si,mapeado
2006,adquisiciones_origen_importado,D,3691,31_32_muebles_otras_manufacturas,0.0,EAE_C6-F_2006.xls,FBCF,si,mapeado
2006,fbcf,D,3699,31_32_muebles_otras_manufacturas,1084424.52,EAE_C6-F_2006.xls,FBCF,si,mapeado
2006,adquisiciones_importadas,D,3699,31_32_muebles_otras_manufacturas,52682.0,EAE_C6-F_2006.xls,FBCF,si,mapeado
2006,adquisiciones_origen_importado,D,3699,31_32_muebles_otras_manufacturas,6014.44,EAE_C6-F_2006.xls,FBCF,si,mapeado
2006,fbcf,D,3700,,841770.6,EAE_C6-F_2006.xls,FBCF,si,no_mapeado_o_no_usado
2006,adquisiciones_importadas,D,3700,,0.0,EAE_C6-F_2006.xls,FBCF,si,no_mapeado_o_no_usado
2006,adquisiciones_origen_importado,D,3700,,0.0,EAE_C6-F_2006.xls,FBCF,si,no_mapeado_o_no_usado
2006,fbcf,E,4010,,3761631000.0,EAE_C6-F_2006.xls,FBCF,si,no_mapeado_o_no_usado
2006,adquisiciones_importadas,E,4010,,0.0,EAE_C6-F_2006.xls,FBCF,si,no_mapeado_o_no_usado
2006,adquisiciones_origen_importado,E,4010,,0.0,EAE_C6-F_2006.xls,FBCF,si,no_mapeado_o_no_usado
2006,fbcf,E,4020,,48939367.0,EAE_C6-F_2006.xls,FBCF,si,no_mapeado_o_no_usado
2006,adquisiciones_importadas,E,4020,,0.0,EAE_C6-F_2006.xls,FBCF,si,no_mapeado_o_no_usado
2006,adquisiciones_origen_importado,E,4020,,0.0,EAE_C6-F_2006.xls,FBCF,si,no_mapeado_o_no_usado
2006,fbcf,E,4100,,-3110700849.0,EAE_C6-F_2006.xls,FBCF,si,no_mapeado_o_no_usado
2006,adquisiciones_importadas,E,4100,,0.0,EAE_C6-F_2006.xls,FBCF,si,no_mapeado_o_no_usado
2006,adquisiciones_origen_importado,E,4100,,0.0,EAE_C6-F_2006.xls,FBCF,si,no_mapeado_o_no_usado
2006,fbcf,G,5050,,6129205.72,EAE_C6-F_2006.xls,FBCF,si,no_mapeado_o_no_usado
2006,adquisiciones_importadas,G,5050,,0.0,EAE_C6-F_2006.xls,FBCF,si,no_mapeado_o_no_usado
2006,adquisiciones_origen_importado,G,5050,,3957355.96,EAE_C6-F_2006.xls,FBCF,si,no_mapeado_o_no_usado
2006,fbcf,G,50R1,,75594491.22761904,EAE_C6-F_2006.xls,FBCF,si,no_mapeado_o_no_usado
2006,adquisiciones_importadas,G,50R1,,23750146.01142857,EAE_C6-F_2006.xls,FBCF,si,no_mapeado_o_no_usado
2006,adquisiciones_origen_importado,G,50R1,,11691739.274285713,EAE_C6-F_2006.xls,FBCF,si,no_mapeado_o_no_usado
2006,fbcf,G,50R2,,7348.839999999984,EAE_C6-F_2006.xls,FBCF,si,no_mapeado_o_no_usado
2006,adquisiciones_importadas,G,50R2,,0.0,EAE_C6-F_2006.xls,FBCF,si,no_mapeado_o_no_usado
2006,adquisiciones_origen_importado,G,50R2,,2147172.76,EAE_C6-F_2006.xls,FBCF,si,no_mapeado_o_no_usado
2006,fbcf,G,5110,,0.0,EAE_C6-F_2006.xls,FBCF,si,no_mapeado_o_no_usado
2006,adquisiciones_importadas,G,5110,,0.0,EAE_C6-F_2006.xls,FBCF,si,no_mapeado_o_no_usado
2006,adquisiciones_origen_importado,G,5110,,0.0,EAE_C6-F_2006.xls,FBCF,si,no_mapeado_o_no_usado
2006,fbcf,G,512,,304423343.87759966,EAE_C6-F_2006.xls,FBCF,si,no_mapeado_o_no_usado
2006,adquisiciones_importadas,G,512,,21411084.614870753,EAE_C6-F_2006.xls,FBCF,si,no_mapeado_o_no_usado
2006,adquisiciones_origen_importado,G,512,,45818237.19779977,EAE_C6-F_2006.xls,FBCF,si,no_mapeado_o_no_usado
2006,fbcf,G,513,,262690664.16901127,EAE_C6-F_2006.xls,FBCF,si,no_mapeado_o_no_usado
2006,adquisiciones_importadas,G,513,,16229529.62881565,EAE_C6-F_2006.xls,FBCF,si,no_mapeado_o_no_usado
2006,adquisiciones_origen_importado,G,513,,109315387.55365092,EAE_C6-F_2006.xls,FBCF,si,no_mapeado_o_no_usado
2006,fbcf,G,514,,192378831.99787113,EAE_C6-F_2006.xls,FBCF,si,no_mapeado_o_no_usado
2006,adquisiciones_importadas,G,514,,7766002.096201211,EAE_C6-F_2006.xls,FBCF,si,no_mapeado_o_no_usado
2006,adquisiciones_origen_importado,G,514,,18371525.403985687,EAE_C6-F_2006.xls,FBCF,si,no_mapeado_o_no_usado
2006,fbcf,G,5150,,67282620.13843536,EAE_C6-F_2006.xls,FBCF,si,no_mapeado_o_no_usado
2006,adquisiciones_importadas,G,5150,,38831788.18027212,EAE_C6-F_2006.xls,FBCF,si,no_mapeado_o_no_usado
2006,adquisiciones_origen_importado,G,5150,,7262113.24302721,EAE_C6-F_2006.xls,FBCF,si,no_mapeado_o_no_usado
2006,fbcf,G,5190,,18884978.0,EAE_C6-F_2006.xls,FBCF,si,no_mapeado_o_no_usado
2006,adquisiciones_importadas,G,5190,,0.0,EAE_C6-F_2006.xls,FBCF,si,no_mapeado_o_no_usado
2006,adquisiciones_origen_importado,G,5190,,573559.0,EAE_C6-F_2006.xls,FBCF,si,no_mapeado_o_no_usado
2006,fbcf,G,521,,357569133.98,EAE_C6-F_2006.xls,FBCF,si,no_mapeado_o_no_usado
2006,adquisiciones_importadas,G,521,,0.0,EAE_C6-F_2006.xls,FBCF,si,no_mapeado_o_no_usado
2006,adquisiciones_origen_importado,G,521,,14497778.329999998,EAE_C6-F_2006.xls,FBCF,si,no_mapeado_o_no_usado
2006,fbcf,G,522,,0.0,EAE_C6-F_2006.xls,FBCF,si,no_mapeado_o_no_usado
2006,adquisiciones_importadas,G,522,,0.0,EAE_C6-F_2006.xls,FBCF,si,no_mapeado_o_no_usado
2006,adquisiciones_origen_importado,G,522,,0.0,EAE_C6-F_2006.xls,FBCF,si,no_mapeado_o_no_usado
2006,fbcf,G,52R,,184312044.06699795,EAE_C6-F_2006.xls,FBCF,si,no_mapeado_o_no_usado
2006,adquisiciones_importadas,G,52R,,0.0,EAE_C6-F_2006.xls,FBCF,si,no_mapeado_o_no_usado
2006,adquisiciones_origen_importado,G,52R,,19004573.676863354,EAE_C6-F_2006.xls,FBCF,si,no_mapeado_o_no_usado
2006,fbcf,H,551,,191417609.76999998,EAE_C6-F_2006.xls,FBCF,si,no_mapeado_o_no_usado
2006,adquisiciones_importadas,H,551,,74874344.28999999,EAE_C6-F_2006.xls,FBCF,si,no_mapeado_o_no_usado
2006,adquisiciones_origen_importado,H,551,,6580641.630000003,EAE_C6-F_2006.xls,FBCF,si,no_mapeado_o_no_usado
2006,fbcf,H,552,,52174501.08,EAE_C6-F_2006.xls,FBCF,si,no_mapeado_o_no_usado
2006,adquisiciones_importadas,H,552,,1551034.08,EAE_C6-F_2006.xls,FBCF,si,no_mapeado_o_no_usado
2006,adquisiciones_origen_importado,H,552,,18624399.700000007,EAE_C6-F_2006.xls,FBCF,si,no_mapeado_o_no_usado
2006,fbcf,I,60RT,,1694404121.9236362,EAE_C6-F_2006.xls,FBCF,si,no_mapeado_o_no_usado
2006,adquisiciones_importadas,I,60RT,,20850262.0,EAE_C6-F_2006.xls,FBCF,si,no_mapeado_o_no_usado
2006,adquisiciones_origen_importado,I,60RT,,32369195.09090909,EAE_C6-F_2006.xls,FBCF,si,no_mapeado_o_no_usado
2006,fbcf,I,60ST,,242810766.57999998,EAE_C6-F_2006.xls,FBCF,si,no_mapeado_o_no_usado
2006,adquisiciones_importadas,I,60ST,,158996699.81999996,EAE_C6-F_2006.xls,FBCF,si,no_mapeado_o_no_usado
2006,adquisiciones_origen_importado,I,60ST,,2991893.21,EAE_C6-F_2006.xls,FBCF,si,no_mapeado_o_no_usado
2006,fbcf,I,61TT,,593139828.5600001,EAE_C6-F_2006.xls,FBCF,si,no_mapeado_o_no_usado
2006,adquisiciones_importadas,I,61TT,,61050000.00000001,EAE_C6-F_2006.xls,FBCF,si,no_mapeado_o_no_usado
2006,adquisiciones_origen_importado,I,61TT,,460141263.6000001,EAE_C6-F_2006.xls,FBCF,si,no_mapeado_o_no_usado
2006,fbcf,I,62TT,,40712275.29,EAE_C6-F_2006.xls,FBCF,si,no_mapeado_o_no_usado
2006,adquisiciones_importadas,I,62TT,,43360042.349999994,EAE_C6-F_2006.xls,FBCF,si,no_mapeado_o_no_usado
2006,adquisiciones_origen_importado,I,62TT,,0.0,EAE_C6-F_2006.xls,FBCF,si,no_mapeado_o_no_usado
2006,fbcf,I,6304,,1469192.93,EAE_C6-F_2006.xls,FBCF,si,no_mapeado_o_no_usado
2006,adquisiciones_importadas,I,6304,,0.0,EAE_C6-F_2006.xls,FBCF,si,no_mapeado_o_no_usado
2006,adquisiciones_origen_importado,I,6304,,969175.22,EAE_C6-F_2006.xls,FBCF,si,no_mapeado_o_no_usado
2006,fbcf,I,63R,,365551847.77651227,EAE_C6-F_2006.xls,FBCF,si,no_mapeado_o_no_usado
2006,adquisiciones_importadas,I,63R,,97690075.23975384,EAE_C6-F_2006.xls,FBCF,si,no_mapeado_o_no_usado
2006,adquisiciones_origen_importado,I,63R,,93467412.4660397,EAE_C6-F_2006.xls,FBCF,si,no_mapeado_o_no_usado
2006,fbcf,I,63TT,,19051055.20592592,EAE_C6-F_2006.xls,FBCF,si,no_mapeado_o_no_usado
2006,adquisiciones_importadas,I,63TT,,2082207.1010826202,EAE_C6-F_2006.xls,FBCF,si,no_mapeado_o_no_usado
2006,adquisiciones_origen_importado,I,63TT,,4855611.701424499,EAE_C6-F_2006.xls,FBCF,si,no_mapeado_o_no_usado
2006,fbcf,I,6410,,19155727.38,EAE_C6-F_2006.xls,FBCF,si,no_mapeado_o_no_usado
2006,adquisiciones_importadas,I,6410,,0.0,EAE_C6-F_2006.xls,FBCF,si,no_mapeado_o_no_usado
2006,adquisiciones_origen_importado,I,6410,,4929747.54,EAE_C6-F_2006.xls,FBCF,si,no_mapeado_o_no_usado
2006,fbcf,I,6420,,5820342091.684,EAE_C6-F_2006.xls,FBCF,si,no_mapeado_o_no_usado
2006,adquisiciones_importadas,I,6420,,379777930.30799997,EAE_C6-F_2006.xls,FBCF,si,no_mapeado_o_no_usado
2006,adquisiciones_origen_importado,I,6420,,261019513.12799993,EAE_C6-F_2006.xls,FBCF,si,no_mapeado_o_no_usado
2006,fbcf,K,71,,223541415.0,EAE_C6-F_2006.xls,FBCF,si,no_mapeado_o_no_usado
2006,adquisiciones_importadas,K,71,,0.0,EAE_C6-F_2006.xls,FBCF,si,no_mapeado_o_no_usado
2006,adquisiciones_origen_importado,K,71,,223170840.0,EAE_C6-F_2006.xls,FBCF,si,no_mapeado_o_no_usado
2006,fbcf,K,72R1,,128602339.75111109,EAE_C6-F_2006.xls,FBCF,si,no_mapeado_o_no_usado
2006,adquisiciones_importadas,K,72R1,,10548738.444444442,EAE_C6-F_2006.xls,FBCF,si,no_mapeado_o_no_usado
2006,adquisiciones_origen_importado,K,72R1,,53704745.01333333,EAE_C6-F_2006.xls,FBCF,si,no_mapeado_o_no_usado
2006,fbcf,K,7491,,1798554.3314878892,EAE_C6-F_2006.xls,FBCF,si,no_mapeado_o_no_usado
2006,adquisiciones_importadas,K,7491,,0.0,EAE_C6-F_2006.xls,FBCF,si,no_mapeado_o_no_usado
2006,adquisiciones_origen_importado,K,7491,,1415806.511418685,EAE_C6-F_2006.xls,FBCF,si,no_mapeado_o_no_usado
2006,fbcf,K,7492,,3171458.7,EAE_C6-F_2006.xls,FBCF,si,no_mapeado_o_no_usado
2006,adquisiciones_importadas,K,7492,,1443494.0,EAE_C6-F_2006.xls,FBCF,si,no_mapeado_o_no_usado
2006,adquisiciones_origen_importado,K,7492,,9668330.89,EAE_C6-F_2006.xls,FBCF,si,no_mapeado_o_no_usado
2006,fbcf,K,7493,,3350727.51,EAE_C6-F_2006.xls,FBCF,si,no_mapeado_o_no_usado
2006,adquisiciones_importadas,K,7493,,0.0,EAE_C6-F_2006.xls,FBCF,si,no_mapeado_o_no_usado
2006,adquisiciones_origen_importado,K,7493,,1285347.5,EAE_C6-F_2006.xls,FBCF,si,no_mapeado_o_no_usado
2006,fbcf,K,74R,,73947786.24,EAE_C6-F_2006.xls,FBCF,si,no_mapeado_o_no_usado
2006,adquisiciones_importadas,K,74R,,53774531.99999999,EAE_C6-F_2006.xls,FBCF,si,no_mapeado_o_no_usado
2006,adquisiciones_origen_importado,K,74R,,38738690.0,EAE_C6-F_2006.xls,FBCF,si,no_mapeado_o_no_usado
2006,fbcf,M,80TT,,103429067.76573424,EAE_C6-F_2006.xls,FBCF,si,no_mapeado_o_no_usado
2006,adquisiciones_importadas,M,80TT,,7633798.018648014,EAE_C6-F_2006.xls,FBCF,si,no_mapeado_o_no_usado
2006,adquisiciones_origen_importado,M,80TT,,14769927.668997664,EAE_C6-F_2006.xls,FBCF,si,no_mapeado_o_no_usado
2006,fbcf,N,8511,,817396547.8500005,EAE_C6-F_2006.xls,FBCF,si,no_mapeado_o_no_usado
2006,adquisiciones_importadas,N,8511,,24595782.760000005,EAE_C6-F_2006.xls,FBCF,si,no_mapeado_o_no_usado
2006,adquisiciones_origen_importado,N,8511,,28043575.54000001,EAE_C6-F_2006.xls,FBCF,si,no_mapeado_o_no_usado
2006,fbcf,N,85ST,,15742655.750769235,EAE_C6-F_2006.xls,FBCF,si,no_mapeado_o_no_usado
2006,adquisiciones_importadas,N,85ST,,0.0,EAE_C6-F_2006.xls,FBCF,si,no_mapeado_o_no_usado
2006,adquisiciones_origen_importado,N,85ST,,5948649.570769231,EAE_C6-F_2006.xls,FBCF,si,no_mapeado_o_no_usado
2006,fbcf,N,VVTT,,54231665.716068186,EAE_C6-F_2006.xls,FBCF,no,no_mapeado_o_no_usado
2006,adquisiciones_importadas,N,VVTT,,2998269.2750326796,EAE_C6-F_2006.xls,FBCF,no,no_mapeado_o_no_usado
2006,adquisiciones_origen_importado,N,VVTT,,10408248.361430217,EAE_C6-F_2006.xls,FBCF,no,no_mapeado_o_no_usado
2006,fbkf_maq_eq,D,1511,10_11_12_alimentos_bebidas_tabaco,375226489.2999999,EAE_C8-F_2006.xls,FBKF_componentes,si,mapeado
2006,fbkf_maq_eq,D,1512,10_11_12_alimentos_bebidas_tabaco,5494836.218181815,EAE_C8-F_2006.xls,FBKF_componentes,si,mapeado
2006,fbkf_maq_eq,D,1513,10_11_12_alimentos_bebidas_tabaco,43103695.9,EAE_C8-F_2006.xls,FBKF_componentes,si,mapeado
2006,fbkf_maq_eq,D,1514,10_11_12_alimentos_bebidas_tabaco,76929468.12,EAE_C8-F_2006.xls,FBKF_componentes,si,mapeado
2006,fbkf_maq_eq,D,1520,10_11_12_alimentos_bebidas_tabaco,274421459.8500001,EAE_C8-F_2006.xls,FBKF_componentes,si,mapeado
2006,fbkf_maq_eq,D,1531,10_11_12_alimentos_bebidas_tabaco,38286606.04,EAE_C8-F_2006.xls,FBKF_componentes,si,mapeado
2006,fbkf_maq_eq,D,1533,10_11_12_alimentos_bebidas_tabaco,11705497.080000002,EAE_C8-F_2006.xls,FBKF_componentes,si,mapeado
2006,fbkf_maq_eq,D,1534,10_11_12_alimentos_bebidas_tabaco,96687906.75,EAE_C8-F_2006.xls,FBKF_componentes,si,mapeado
2006,fbkf_maq_eq,D,1541,10_11_12_alimentos_bebidas_tabaco,43138824.730000004,EAE_C8-F_2006.xls,FBKF_componentes,si,mapeado
2006,fbkf_maq_eq,D,1542,10_11_12_alimentos_bebidas_tabaco,1722937.84,EAE_C8-F_2006.xls,FBKF_componentes,si,mapeado
2006,fbkf_maq_eq,D,1543,10_11_12_alimentos_bebidas_tabaco,14659801.239999998,EAE_C8-F_2006.xls,FBKF_componentes,si,mapeado
2006,fbkf_maq_eq,D,1544,10_11_12_alimentos_bebidas_tabaco,28177711.590000004,EAE_C8-F_2006.xls,FBKF_componentes,si,mapeado
2006,fbkf_maq_eq,D,1549,10_11_12_alimentos_bebidas_tabaco,29194398.750000004,EAE_C8-F_2006.xls,FBKF_componentes,si,mapeado
2006,fbkf_maq_eq,D,1551,10_11_12_alimentos_bebidas_tabaco,3056969.478450704,EAE_C8-F_2006.xls,FBKF_componentes,si,mapeado
2006,fbkf_maq_eq,D,1552,10_11_12_alimentos_bebidas_tabaco,18253714.869999997,EAE_C8-F_2006.xls,FBKF_componentes,si,mapeado
2006,fbkf_maq_eq,D,1553,10_11_12_alimentos_bebidas_tabaco,217008190.81999996,EAE_C8-F_2006.xls,FBKF_componentes,si,mapeado
2006,fbkf_maq_eq,D,1554,10_11_12_alimentos_bebidas_tabaco,232080895.29000002,EAE_C8-F_2006.xls,FBKF_componentes,si,mapeado
2006,fbkf_maq_eq,D,1600,10_11_12_alimentos_bebidas_tabaco,12540285.76,EAE_C8-F_2006.xls,FBKF_componentes,si,mapeado
2006,fbkf_maq_eq,D,1711,13_14_15_textiles_prendas_cuero,63001573.69500001,EAE_C8-F_2006.xls,FBKF_componentes,si,mapeado
2006,fbkf_maq_eq,D,1712,13_14_15_textiles_prendas_cuero,-21115.25,EAE_C8-F_2006.xls,FBKF_componentes,si,mapeado
2006,fbkf_maq_eq,D,1713,13_14_15_textiles_prendas_cuero,43907773.36000001,EAE_C8-F_2006.xls,FBKF_componentes,si,mapeado
2006,fbkf_maq_eq,D,1720,13_14_15_textiles_prendas_cuero,1708363.49,EAE_C8-F_2006.xls,FBKF_componentes,si,mapeado
2006,fbkf_maq_eq,D,1730,13_14_15_textiles_prendas_cuero,21956478.099999998,EAE_C8-F_2006.xls,FBKF_componentes,si,mapeado
2006,fbkf_maq_eq,D,1810,13_14_15_textiles_prendas_cuero,41758206.370399974,EAE_C8-F_2006.xls,FBKF_componentes,si,mapeado
2006,fbkf_maq_eq,D,1911,13_14_15_textiles_prendas_cuero,211522050.80999997,EAE_C8-F_2006.xls,FBKF_componentes,si,mapeado
2006,fbkf_maq_eq,D,1912,13_14_15_textiles_prendas_cuero,-1299523.0,EAE_C8-F_2006.xls,FBKF_componentes,si,mapeado
2006,fbkf_maq_eq,D,1920,13_14_15_textiles_prendas_cuero,5283737.99,EAE_C8-F_2006.xls,FBKF_componentes,si,mapeado
2006,fbkf_maq_eq,D,2010,16_madera,148346389.51999998,EAE_C8-F_2006.xls,FBKF_componentes,si,mapeado
2006,fbkf_maq_eq,D,2021,16_madera,643823827.55,EAE_C8-F_2006.xls,FBKF_componentes,si,mapeado
2006,fbkf_maq_eq,D,2029,16_madera,0.0,EAE_C8-F_2006.xls,FBKF_componentes,si,mapeado
2006,fbkf_maq_eq,D,2101,17_18_papel_impresion,92085072.08,EAE_C8-F_2006.xls,FBKF_componentes,si,mapeado
2006,fbkf_maq_eq,D,2102,17_18_papel_impresion,59621610.0,EAE_C8-F_2006.xls,FBKF_componentes,si,mapeado
2006,fbkf_maq_eq,D,2109,17_18_papel_impresion,71795743.0,EAE_C8-F_2006.xls,FBKF_componentes,si,mapeado
2006,fbkf_maq_eq,D,2211,17_18_papel_impresion,89775628.96000001,EAE_C8-F_2006.xls,FBKF_componentes,si,mapeado
2006,fbkf_maq_eq,D,2212,17_18_papel_impresion,23478066.200000003,EAE_C8-F_2006.xls,FBKF_componentes,si,mapeado
2006,fbkf_maq_eq,D,2320,19_refinacion,-5131979.0,EAE_C8-F_2006.xls,FBKF_componentes,si,mapeado
2006,fbkf_maq_eq,D,2411,20_21_22_quimicos_farma_caucho_plastico,139926786.9,EAE_C8-F_2006.xls,FBKF_componentes,si,mapeado
2006,fbkf_maq_eq,D,2412,20_21_22_quimicos_farma_caucho_plastico,8275774.600000001,EAE_C8-F_2006.xls,FBKF_componentes,si,mapeado
2006,fbkf_maq_eq,D,2413,20_21_22_quimicos_farma_caucho_plastico,14735929.833333334,EAE_C8-F_2006.xls,FBKF_componentes,si,mapeado
2006,fbkf_maq_eq,D,2421,20_21_22_quimicos_farma_caucho_plastico,6645451.36,EAE_C8-F_2006.xls,FBKF_componentes,si,mapeado
2006,fbkf_maq_eq,D,2422,20_21_22_quimicos_farma_caucho_plastico,9266995.51,EAE_C8-F_2006.xls,FBKF_componentes,si,mapeado
2006,fbkf_maq_eq,D,2423,20_21_22_quimicos_farma_caucho_plastico,227613999.26000002,EAE_C8-F_2006.xls,FBKF_componentes,si,mapeado
2006,fbkf_maq_eq,D,2424,20_21_22_quimicos_farma_caucho_plastico,14169640.915949998,EAE_C8-F_2006.xls,FBKF_componentes,si,mapeado
2006,fbkf_maq_eq,D,2429,20_21_22_quimicos_farma_caucho_plastico,29223059.459999997,EAE_C8-F_2006.xls,FBKF_componentes,si,mapeado
2006,fbkf_maq_eq,D,2511,20_21_22_quimicos_farma_caucho_plastico,4631220.0,EAE_C8-F_2006.xls,FBKF_componentes,si,mapeado
2006,fbkf_maq_eq,D,2519,20_21_22_quimicos_farma_caucho_plastico,0.0,EAE_C8-F_2006.xls,FBKF_componentes,si,mapeado
2006,fbkf_maq_eq,D,2520,20_21_22_quimicos_farma_caucho_plastico,128280653.06,EAE_C8-F_2006.xls,FBKF_componentes,si,mapeado
2006,fbkf_maq_eq,D,2610,23_24_minerales_metales,5873266.399999999,EAE_C8-F_2006.xls,FBKF_componentes,si,mapeado
2006,fbkf_maq_eq,D,2691,23_24_minerales_metales,2160149.96,EAE_C8-F_2006.xls,FBKF_componentes,si,mapeado
2006,fbkf_maq_eq,D,2692,23_24_minerales_metales,0.0,EAE_C8-F_2006.xls,FBKF_componentes,si,mapeado
2006,fbkf_maq_eq,D,2694,23_24_minerales_metales,93670944.5,EAE_C8-F_2006.xls,FBKF_componentes,si,mapeado
2006,fbkf_maq_eq,D,2695,23_24_minerales_metales,1137767.0,EAE_C8-F_2006.xls,FBKF_componentes,si,mapeado
2006,fbkf_maq_eq,D,2699,23_24_minerales_metales,2277609.36,EAE_C8-F_2006.xls,FBKF_componentes,si,mapeado
2006,fbkf_maq_eq,D,2700,23_24_minerales_metales,325197339.7777777,EAE_C8-F_2006.xls,FBKF_componentes,si,mapeado
2006,fbkf_maq_eq,D,2811,25_26_27_28_33_metal_equipos_reparacion,13924260.0,EAE_C8-F_2006.xls,FBKF_componentes,si,mapeado
2006,fbkf_maq_eq,D,2812,25_26_27_28_33_metal_equipos_reparacion,6470346.320000001,EAE_C8-F_2006.xls,FBKF_componentes,si,mapeado
2006,fbkf_maq_eq,D,2890,25_26_27_28_33_metal_equipos_reparacion,32513148.159999996,EAE_C8-F_2006.xls,FBKF_componentes,si,mapeado
2006,fbkf_maq_eq,D,2910,25_26_27_28_33_metal_equipos_reparacion,3372269.28,EAE_C8-F_2006.xls,FBKF_componentes,si,mapeado
2006,fbkf_maq_eq,D,2920,25_26_27_28_33_metal_equipos_reparacion,0.0,EAE_C8-F_2006.xls,FBKF_componentes,si,mapeado
2006,fbkf_maq_eq,D,2930,25_26_27_28_33_metal_equipos_reparacion,3034993.76,EAE_C8-F_2006.xls,FBKF_componentes,si,mapeado
2006,fbkf_maq_eq,D,3000,25_26_27_28_33_metal_equipos_reparacion,301514.7,EAE_C8-F_2006.xls,FBKF_componentes,si,mapeado
2006,fbkf_maq_eq,D,3100,25_26_27_28_33_metal_equipos_reparacion,76485917.60357143,EAE_C8-F_2006.xls,FBKF_componentes,si,mapeado
2006,fbkf_maq_eq,D,3200,25_26_27_28_33_metal_equipos_reparacion,334750.0,EAE_C8-F_2006.xls,FBKF_componentes,si,mapeado
2006,fbkf_maq_eq,D,3300,25_26_27_28_33_metal_equipos_reparacion,12274480.270000001,EAE_C8-F_2006.xls,FBKF_componentes,si,mapeado
2006,fbkf_maq_eq,D,3400,29_30_vehiculos_transporte,2057340.195,EAE_C8-F_2006.xls,FBKF_componentes,si,mapeado
2006,fbkf_maq_eq,D,3510,29_30_vehiculos_transporte,9444257.0,EAE_C8-F_2006.xls,FBKF_componentes,si,mapeado
2006,fbkf_maq_eq,D,3530,29_30_vehiculos_transporte,0.0,EAE_C8-F_2006.xls,FBKF_componentes,si,mapeado
2006,fbkf_maq_eq,D,3590,29_30_vehiculos_transporte,7839405.04,EAE_C8-F_2006.xls,FBKF_componentes,si,mapeado
2006,fbkf_maq_eq,D,3610,31_32_muebles_otras_manufacturas,12029988.179999998,EAE_C8-F_2006.xls,FBKF_componentes,si,mapeado
2006,fbkf_maq_eq,D,3691,31_32_muebles_otras_manufacturas,0.0,EAE_C8-F_2006.xls,FBKF_componentes,si,mapeado
2006,fbkf_maq_eq,D,3699,31_32_muebles_otras_manufacturas,930789.18,EAE_C8-F_2006.xls,FBKF_componentes,si,mapeado
2006,fbkf_maq_eq,D,3700,,425938.7,EAE_C8-F_2006.xls,FBKF_componentes,si,no_mapeado_o_no_usado
2006,fbkf_maq_eq,E,4010,,114454000.0,EAE_C8-F_2006.xls,FBKF_componentes,si,no_mapeado_o_no_usado
2006,fbkf_maq_eq,E,4020,,25378832.0,EAE_C8-F_2006.xls,FBKF_componentes,si,no_mapeado_o_no_usado
2006,fbkf_maq_eq,E,4100,,-1558902311.0,EAE_C8-F_2006.xls,FBKF_componentes,si,no_mapeado_o_no_usado
2006,fbkf_maq_eq,G,5050,,4472348.62,EAE_C8-F_2006.xls,FBKF_componentes,si,no_mapeado_o_no_usado
2006,fbkf_maq_eq,G,50R1,,33896595.96190476,EAE_C8-F_2006.xls,FBKF_componentes,si,no_mapeado_o_no_usado
2006,fbkf_maq_eq,G,50R2,,7348.839999999984,EAE_C8-F_2006.xls,FBKF_componentes,si,no_mapeado_o_no_usado
2006,fbkf_maq_eq,G,5110,,0.0,EAE_C8-F_2006.xls,FBKF_componentes,si,no_mapeado_o_no_usado
2006,fbkf_maq_eq,G,512,,107903514.59705572,EAE_C8-F_2006.xls,FBKF_componentes,si,no_mapeado_o_no_usado
2006,fbkf_maq_eq,G,513,,83522302.18891339,EAE_C8-F_2006.xls,FBKF_componentes,si,no_mapeado_o_no_usado
2006,fbkf_maq_eq,G,514,,46269410.75558384,EAE_C8-F_2006.xls,FBKF_componentes,si,no_mapeado_o_no_usado
2006,fbkf_maq_eq,G,5150,,49391324.849829935,EAE_C8-F_2006.xls,FBKF_componentes,si,no_mapeado_o_no_usado
2006,fbkf_maq_eq,G,5190,,573559.0,EAE_C8-F_2006.xls,FBKF_componentes,si,no_mapeado_o_no_usado
2006,fbkf_maq_eq,G,521,,172988890.56000003,EAE_C8-F_2006.xls,FBKF_componentes,si,no_mapeado_o_no_usado
2006,fbkf_maq_eq,G,522,,0.0,EAE_C8-F_2006.xls,FBKF_componentes,si,no_mapeado_o_no_usado
2006,fbkf_maq_eq,G,52R,,77215055.81943065,EAE_C8-F_2006.xls,FBKF_componentes,si,no_mapeado_o_no_usado
2006,fbkf_maq_eq,H,551,,106796423.40000004,EAE_C8-F_2006.xls,FBKF_componentes,si,no_mapeado_o_no_usado
2006,fbkf_maq_eq,H,552,,21512552.780000005,EAE_C8-F_2006.xls,FBKF_componentes,si,no_mapeado_o_no_usado
2006,fbkf_maq_eq,I,60RT,,82945302.48727272,EAE_C8-F_2006.xls,FBKF_componentes,si,no_mapeado_o_no_usado
2006,fbkf_maq_eq,I,60ST,,229969819.78,EAE_C8-F_2006.xls,FBKF_componentes,si,no_mapeado_o_no_usado
2006,fbkf_maq_eq,I,61TT,,522477696.40000004,EAE_C8-F_2006.xls,FBKF_componentes,si,no_mapeado_o_no_usado
2006,fbkf_maq_eq,I,62TT,,44580884.35,EAE_C8-F_2006.xls,FBKF_componentes,si,no_mapeado_o_no_usado
2006,fbkf_maq_eq,I,6304,,1387182.93,EAE_C8-F_2006.xls,FBKF_componentes,si,no_mapeado_o_no_usado
2006,fbkf_maq_eq,I,63R,,208641706.42522347,EAE_C8-F_2006.xls,FBKF_componentes,si,no_mapeado_o_no_usado
2006,fbkf_maq_eq,I,63TT,,9163296.82324786,EAE_C8-F_2006.xls,FBKF_componentes,si,no_mapeado_o_no_usado
2006,fbkf_maq_eq,I,6410,,15278537.38,EAE_C8-F_2006.xls,FBKF_componentes,si,no_mapeado_o_no_usado
2006,fbkf_maq_eq,I,6420,,4732173604.664,EAE_C8-F_2006.xls,FBKF_componentes,si,no_mapeado_o_no_usado
2006,fbkf_maq_eq,K,71,,223541415.0,EAE_C8-F_2006.xls,FBKF_componentes,si,no_mapeado_o_no_usado
2006,fbkf_maq_eq,K,72R1,,62436904.73777776,EAE_C8-F_2006.xls,FBKF_componentes,si,no_mapeado_o_no_usado
2006,fbkf_maq_eq,K,7491,,0.0,EAE_C8-F_2006.xls,FBKF_componentes,si,no_mapeado_o_no_usado
2006,fbkf_maq_eq,K,7492,,9374950.200000001,EAE_C8-F_2006.xls,FBKF_componentes,si,no_mapeado_o_no_usado
2006,fbkf_maq_eq,K,7493,,3350727.51,EAE_C8-F_2006.xls,FBKF_componentes,si,no_mapeado_o_no_usado
2006,fbkf_maq_eq,K,74R,,52628530.24,EAE_C8-F_2006.xls,FBKF_componentes,si,no_mapeado_o_no_usado
2006,fbkf_maq_eq,M,80TT,,52021153.30629368,EAE_C8-F_2006.xls,FBKF_componentes,si,no_mapeado_o_no_usado
2006,fbkf_maq_eq,N,8511,,261468754.07000005,EAE_C8-F_2006.xls,FBKF_componentes,si,no_mapeado_o_no_usado
2006,fbkf_maq_eq,N,85ST,,13854234.175384618,EAE_C8-F_2006.xls,FBKF_componentes,si,no_mapeado_o_no_usado
2006,fbkf_maq_eq,N,VVTT,,24337885.99731385,EAE_C8-F_2006.xls,FBKF_componentes,no,no_mapeado_o_no_usado
2007,fbcf,D,1511,10_11_12_alimentos_bebidas_tabaco,1108342550.215,Forzosas y aleatorias/EAE_C6_2007.xls,FBCF,si,mapeado
2007,adquisiciones_importadas,D,1511,10_11_12_alimentos_bebidas_tabaco,212649249.40000004,Forzosas y aleatorias/EAE_C6_2007.xls,FBCF,si,mapeado
2007,adquisiciones_origen_importado,D,1511,10_11_12_alimentos_bebidas_tabaco,193427621.46,Forzosas y aleatorias/EAE_C6_2007.xls,FBCF,si,mapeado
2007,fbcf,D,1512,10_11_12_alimentos_bebidas_tabaco,105205320.92363635,Forzosas y aleatorias/EAE_C6_2007.xls,FBCF,si,mapeado
2007,adquisiciones_importadas,D,1512,10_11_12_alimentos_bebidas_tabaco,38626427.31999999,Forzosas y aleatorias/EAE_C6_2007.xls,FBCF,si,mapeado
2007,adquisiciones_origen_importado,D,1512,10_11_12_alimentos_bebidas_tabaco,11299030.156363633,Forzosas y aleatorias/EAE_C6_2007.xls,FBCF,si,mapeado
2007,fbcf,D,1513,10_11_12_alimentos_bebidas_tabaco,87501273.73,Forzosas y aleatorias/EAE_C6_2007.xls,FBCF,si,mapeado
2007,adquisiciones_importadas,D,1513,10_11_12_alimentos_bebidas_tabaco,29862729.94,Forzosas y aleatorias/EAE_C6_2007.xls,FBCF,si,mapeado
2007,adquisiciones_origen_importado,D,1513,10_11_12_alimentos_bebidas_tabaco,13118771.32,Forzosas y aleatorias/EAE_C6_2007.xls,FBCF,si,mapeado
2007,fbcf,D,1514,10_11_12_alimentos_bebidas_tabaco,74267064.5,Forzosas y aleatorias/EAE_C6_2007.xls,FBCF,si,mapeado
2007,adquisiciones_importadas,D,1514,10_11_12_alimentos_bebidas_tabaco,0.0,Forzosas y aleatorias/EAE_C6_2007.xls,FBCF,si,mapeado
2007,adquisiciones_origen_importado,D,1514,10_11_12_alimentos_bebidas_tabaco,6927457.0,Forzosas y aleatorias/EAE_C6_2007.xls,FBCF,si,mapeado
2007,fbcf,D,1520,10_11_12_alimentos_bebidas_tabaco,681999923.9000001,Forzosas y aleatorias/EAE_C6_2007.xls,FBCF,si,mapeado
2007,adquisiciones_importadas,D,1520,10_11_12_alimentos_bebidas_tabaco,200826666.18,Forzosas y aleatorias/EAE_C6_2007.xls,FBCF,si,mapeado
2007,adquisiciones_origen_importado,D,1520,10_11_12_alimentos_bebidas_tabaco,51703974.56,Forzosas y aleatorias/EAE_C6_2007.xls,FBCF,si,mapeado
2007,fbcf,D,1531,10_11_12_alimentos_bebidas_tabaco,96337918.96,Forzosas y aleatorias/EAE_C6_2007.xls,FBCF,si,mapeado
2007,adquisiciones_importadas,D,1531,10_11_12_alimentos_bebidas_tabaco,27057501.44,Forzosas y aleatorias/EAE_C6_2007.xls,FBCF,si,mapeado
2007,adquisiciones_origen_importado,D,1531,10_11_12_alimentos_bebidas_tabaco,17681125.96,Forzosas y aleatorias/EAE_C6_2007.xls,FBCF,si,mapeado
2007,fbcf,D,1533,10_11_12_alimentos_bebidas_tabaco,97945275.72,Forzosas y aleatorias/EAE_C6_2007.xls,FBCF,si,mapeado
2007,adquisiciones_importadas,D,1533,10_11_12_alimentos_bebidas_tabaco,4508117.971875,Forzosas y aleatorias/EAE_C6_2007.xls,FBCF,si,mapeado
2007,adquisiciones_origen_importado,D,1533,10_11_12_alimentos_bebidas_tabaco,7822313.66,Forzosas y aleatorias/EAE_C6_2007.xls,FBCF,si,mapeado
2007,fbcf,D,1534,10_11_12_alimentos_bebidas_tabaco,352706941.8600001,Forzosas y aleatorias/EAE_C6_2007.xls,FBCF,si,mapeado
2007,adquisiciones_importadas,D,1534,10_11_12_alimentos_bebidas_tabaco,19718464.88,Forzosas y aleatorias/EAE_C6_2007.xls,FBCF,si,mapeado
2007,adquisiciones_origen_importado,D,1534,10_11_12_alimentos_bebidas_tabaco,115867519.01,Forzosas y aleatorias/EAE_C6_2007.xls,FBCF,si,mapeado
2007,fbcf,D,1541,10_11_12_alimentos_bebidas_tabaco,64704322.41000001,Forzosas y aleatorias/EAE_C6_2007.xls,FBCF,si,mapeado
2007,adquisiciones_importadas,D,1541,10_11_12_alimentos_bebidas_tabaco,10931810.22,Forzosas y aleatorias/EAE_C6_2007.xls,FBCF,si,mapeado
2007,adquisiciones_origen_importado,D,1541,10_11_12_alimentos_bebidas_tabaco,10261598.11,Forzosas y aleatorias/EAE_C6_2007.xls,FBCF,si,mapeado
2007,fbcf,D,1542,10_11_12_alimentos_bebidas_tabaco,56572579.09,Forzosas y aleatorias/EAE_C6_2007.xls,FBCF,si,mapeado
2007,adquisiciones_importadas,D,1542,10_11_12_alimentos_bebidas_tabaco,8474019.700000001,Forzosas y aleatorias/EAE_C6_2007.xls,FBCF,si,mapeado
2007,adquisiciones_origen_importado,D,1542,10_11_12_alimentos_bebidas_tabaco,21983963.660000004,Forzosas y aleatorias/EAE_C6_2007.xls,FBCF,si,mapeado
2007,fbcf,D,1543,10_11_12_alimentos_bebidas_tabaco,11209574.84,Forzosas y aleatorias/EAE_C6_2007.xls,FBCF,si,mapeado
2007,adquisiciones_importadas,D,1543,10_11_12_alimentos_bebidas_tabaco,0.0,Forzosas y aleatorias/EAE_C6_2007.xls,FBCF,si,mapeado
2007,adquisiciones_origen_importado,D,1543,10_11_12_alimentos_bebidas_tabaco,7188232.6,Forzosas y aleatorias/EAE_C6_2007.xls,FBCF,si,mapeado
2007,fbcf,D,1544,10_11_12_alimentos_bebidas_tabaco,96517707.87,Forzosas y aleatorias/EAE_C6_2007.xls,FBCF,si,mapeado
2007,adquisiciones_importadas,D,1544,10_11_12_alimentos_bebidas_tabaco,35537915.75,Forzosas y aleatorias/EAE_C6_2007.xls,FBCF,si,mapeado
2007,adquisiciones_origen_importado,D,1544,10_11_12_alimentos_bebidas_tabaco,5410497.9,Forzosas y aleatorias/EAE_C6_2007.xls,FBCF,si,mapeado
2007,fbcf,D,1549,10_11_12_alimentos_bebidas_tabaco,101943940.50666668,Forzosas y aleatorias/EAE_C6_2007.xls,FBCF,si,mapeado
2007,adquisiciones_importadas,D,1549,10_11_12_alimentos_bebidas_tabaco,9094605.386666665,Forzosas y aleatorias/EAE_C6_2007.xls,FBCF,si,mapeado
2007,adquisiciones_origen_importado,D,1549,10_11_12_alimentos_bebidas_tabaco,47429528.120000005,Forzosas y aleatorias/EAE_C6_2007.xls,FBCF,si,mapeado
2007,fbcf,D,1551,10_11_12_alimentos_bebidas_tabaco,12753917.873239435,Forzosas y aleatorias/EAE_C6_2007.xls,FBCF,si,mapeado
2007,adquisiciones_importadas,D,1551,10_11_12_alimentos_bebidas_tabaco,1431923.1718309857,Forzosas y aleatorias/EAE_C6_2007.xls,FBCF,si,mapeado
2007,adquisiciones_origen_importado,D,1551,10_11_12_alimentos_bebidas_tabaco,1376533.4352112676,Forzosas y aleatorias/EAE_C6_2007.xls,FBCF,si,mapeado
2007,fbcf,D,1552,10_11_12_alimentos_bebidas_tabaco,21997124.91,Forzosas y aleatorias/EAE_C6_2007.xls,FBCF,si,mapeado
2007,adquisiciones_importadas,D,1552,10_11_12_alimentos_bebidas_tabaco,3611117.14,Forzosas y aleatorias/EAE_C6_2007.xls,FBCF,si,mapeado
2007,adquisiciones_origen_importado,D,1552,10_11_12_alimentos_bebidas_tabaco,8563181.45,Forzosas y aleatorias/EAE_C6_2007.xls,FBCF,si,mapeado
2007,fbcf,D,1553,10_11_12_alimentos_bebidas_tabaco,296277255.43,Forzosas y aleatorias/EAE_C6_2007.xls,FBCF,si,mapeado
2007,adquisiciones_importadas,D,1553,10_11_12_alimentos_bebidas_tabaco,12873416.0,Forzosas y aleatorias/EAE_C6_2007.xls,FBCF,si,mapeado
2007,adquisiciones_origen_importado,D,1553,10_11_12_alimentos_bebidas_tabaco,265348109.0,Forzosas y aleatorias/EAE_C6_2007.xls,FBCF,si,mapeado
2007,fbcf,D,1554,10_11_12_alimentos_bebidas_tabaco,275133898.78,Forzosas y aleatorias/EAE_C6_2007.xls,FBCF,si,mapeado
2007,adquisiciones_importadas,D,1554,10_11_12_alimentos_bebidas_tabaco,154946372.0,Forzosas y aleatorias/EAE_C6_2007.xls,FBCF,si,mapeado
2007,adquisiciones_origen_importado,D,1554,10_11_12_alimentos_bebidas_tabaco,80434173.79,Forzosas y aleatorias/EAE_C6_2007.xls,FBCF,si,mapeado
2007,fbcf,D,1600,10_11_12_alimentos_bebidas_tabaco,12623619.0,Forzosas y aleatorias/EAE_C6_2007.xls,FBCF,si,mapeado
2007,adquisiciones_importadas,D,1600,10_11_12_alimentos_bebidas_tabaco,9923711.0,Forzosas y aleatorias/EAE_C6_2007.xls,FBCF,si,mapeado
2007,adquisiciones_origen_importado,D,1600,10_11_12_alimentos_bebidas_tabaco,2194508.0,Forzosas y aleatorias/EAE_C6_2007.xls,FBCF,si,mapeado
2007,fbcf,D,1711,13_14_15_textiles_prendas_cuero,22632416.85375,Forzosas y aleatorias/EAE_C6_2007.xls,FBCF,si,mapeado
2007,adquisiciones_importadas,D,1711,13_14_15_textiles_prendas_cuero,26275255.74,Forzosas y aleatorias/EAE_C6_2007.xls,FBCF,si,mapeado
2007,adquisiciones_origen_importado,D,1711,13_14_15_textiles_prendas_cuero,7352960.343749999,Forzosas y aleatorias/EAE_C6_2007.xls,FBCF,si,mapeado
2007,fbcf,D,1712,13_14_15_textiles_prendas_cuero,3184676.06,Forzosas y aleatorias/EAE_C6_2007.xls,FBCF,si,mapeado
2007,adquisiciones_importadas,D,1712,13_14_15_textiles_prendas_cuero,0.0,Forzosas y aleatorias/EAE_C6_2007.xls,FBCF,si,mapeado
2007,adquisiciones_origen_importado,D,1712,13_14_15_textiles_prendas_cuero,0.0,Forzosas y aleatorias/EAE_C6_2007.xls,FBCF,si,mapeado
2007,fbcf,D,1713,13_14_15_textiles_prendas_cuero,119729251.12,Forzosas y aleatorias/EAE_C6_2007.xls,FBCF,si,mapeado
2007,adquisiciones_importadas,D,1713,13_14_15_textiles_prendas_cuero,29989316.48,Forzosas y aleatorias/EAE_C6_2007.xls,FBCF,si,mapeado
2007,adquisiciones_origen_importado,D,1713,13_14_15_textiles_prendas_cuero,83021798.92,Forzosas y aleatorias/EAE_C6_2007.xls,FBCF,si,mapeado
2007,fbcf,D,1720,13_14_15_textiles_prendas_cuero,22680616.299999997,Forzosas y aleatorias/EAE_C6_2007.xls,FBCF,si,mapeado
2007,adquisiciones_importadas,D,1720,13_14_15_textiles_prendas_cuero,2631934.18,Forzosas y aleatorias/EAE_C6_2007.xls,FBCF,si,mapeado
2007,adquisiciones_origen_importado,D,1720,13_14_15_textiles_prendas_cuero,8421480.696666665,Forzosas y aleatorias/EAE_C6_2007.xls,FBCF,si,mapeado
2007,fbcf,D,1730,13_14_15_textiles_prendas_cuero,7702432.36,Forzosas y aleatorias/EAE_C6_2007.xls,FBCF,si,mapeado
2007,adquisiciones_importadas,D,1730,13_14_15_textiles_prendas_cuero,3895884.07,Forzosas y aleatorias/EAE_C6_2007.xls,FBCF,si,mapeado
2007,adquisiciones_origen_importado,D,1730,13_14_15_textiles_prendas_cuero,6622588.06,Forzosas y aleatorias/EAE_C6_2007.xls,FBCF,si,mapeado
2007,fbcf,D,1810,13_14_15_textiles_prendas_cuero,112297381.8933333,Forzosas y aleatorias/EAE_C6_2007.xls,FBCF,si,mapeado
2007,adquisiciones_importadas,D,1810,13_14_15_textiles_prendas_cuero,61493217.486399986,Forzosas y aleatorias/EAE_C6_2007.xls,FBCF,si,mapeado
2007,adquisiciones_origen_importado,D,1810,13_14_15_textiles_prendas_cuero,19017255.13093333,Forzosas y aleatorias/EAE_C6_2007.xls,FBCF,si,mapeado
2007,fbcf,D,1911,13_14_15_textiles_prendas_cuero,297141669.5,Forzosas y aleatorias/EAE_C6_2007.xls,FBCF,si,mapeado
2007,adquisiciones_importadas,D,1911,13_14_15_textiles_prendas_cuero,181105961.68,Forzosas y aleatorias/EAE_C6_2007.xls,FBCF,si,mapeado
2007,adquisiciones_origen_importado,D,1911,13_14_15_textiles_prendas_cuero,47131017.45999999,Forzosas y aleatorias/EAE_C6_2007.xls,FBCF,si,mapeado
2007,fbcf,D,1912,13_14_15_textiles_prendas_cuero,179392641.885,Forzosas y aleatorias/EAE_C6_2007.xls,FBCF,si,mapeado
2007,adquisiciones_importadas,D,1912,13_14_15_textiles_prendas_cuero,25881637.86,Forzosas y aleatorias/EAE_C6_2007.xls,FBCF,si,mapeado
2007,adquisiciones_origen_importado,D,1912,13_14_15_textiles_prendas_cuero,7519964.319999999,Forzosas y aleatorias/EAE_C6_2007.xls,FBCF,si,mapeado
2007,fbcf,D,1920,13_14_15_textiles_prendas_cuero,15061423.76,Forzosas y aleatorias/EAE_C6_2007.xls,FBCF,si,mapeado
2007,adquisiciones_importadas,D,1920,13_14_15_textiles_prendas_cuero,252365.0,Forzosas y aleatorias/EAE_C6_2007.xls,FBCF,si,mapeado
2007,adquisiciones_origen_importado,D,1920,13_14_15_textiles_prendas_cuero,634029.71,Forzosas y aleatorias/EAE_C6_2007.xls,FBCF,si,mapeado
2007,fbcf,D,2010,16_madera,2288089894.613333,Forzosas y aleatorias/EAE_C6_2007.xls,FBCF,si,mapeado
2007,adquisiciones_importadas,D,2010,16_madera,72833983.0,Forzosas y aleatorias/EAE_C6_2007.xls,FBCF,si,mapeado
2007,adquisiciones_origen_importado,D,2010,16_madera,54213709.519999996,Forzosas y aleatorias/EAE_C6_2007.xls,FBCF,si,mapeado
2007,fbcf,D,2021,16_madera,624865747.78,Forzosas y aleatorias/EAE_C6_2007.xls,FBCF,si,mapeado
2007,adquisiciones_importadas,D,2021,16_madera,257256109.19,Forzosas y aleatorias/EAE_C6_2007.xls,FBCF,si,mapeado
2007,adquisiciones_origen_importado,D,2021,16_madera,187259381.25,Forzosas y aleatorias/EAE_C6_2007.xls,FBCF,si,mapeado
2007,fbcf,D,2029,16_madera,32188.5,Forzosas y aleatorias/EAE_C6_2007.xls,FBCF,si,mapeado
2007,adquisiciones_importadas,D,2029,16_madera,0.0,Forzosas y aleatorias/EAE_C6_2007.xls,FBCF,si,mapeado
2007,adquisiciones_origen_importado,D,2029,16_madera,0.0,Forzosas y aleatorias/EAE_C6_2007.xls,FBCF,si,mapeado
2007,fbcf,D,2101,17_18_papel_impresion,7559471927.0,Forzosas y aleatorias/EAE_C6_2007.xls,FBCF,si,mapeado
2007,adquisiciones_importadas,D,2101,17_18_papel_impresion,35397470.0,Forzosas y aleatorias/EAE_C6_2007.xls,FBCF,si,mapeado
2007,adquisiciones_origen_importado,D,2101,17_18_papel_impresion,82360450.0,Forzosas y aleatorias/EAE_C6_2007.xls,FBCF,si,mapeado
2007,fbcf,D,2102,17_18_papel_impresion,70924257.52000001,Forzosas y aleatorias/EAE_C6_2007.xls,FBCF,si,mapeado
2007,adquisiciones_importadas,D,2102,17_18_papel_impresion,6971927.5,Forzosas y aleatorias/EAE_C6_2007.xls,FBCF,si,mapeado
2007,adquisiciones_origen_importado,D,2102,17_18_papel_impresion,609907.5,Forzosas y aleatorias/EAE_C6_2007.xls,FBCF,si,mapeado
2007,fbcf,D,2109,17_18_papel_impresion,-1432080.025,Forzosas y aleatorias/EAE_C6_2007.xls,FBCF,si,mapeado
2007,adquisiciones_importadas,D,2109,17_18_papel_impresion,5968882.0,Forzosas y aleatorias/EAE_C6_2007.xls,FBCF,si,mapeado
2007,adquisiciones_origen_importado,D,2109,17_18_papel_impresion,2680742.0,Forzosas y aleatorias/EAE_C6_2007.xls,FBCF,si,mapeado
2007,fbcf,D,2211,17_18_papel_impresion,218044403.7733333,Forzosas y aleatorias/EAE_C6_2007.xls,FBCF,si,mapeado
2007,adquisiciones_importadas,D,2211,17_18_papel_impresion,30094759.0,Forzosas y aleatorias/EAE_C6_2007.xls,FBCF,si,mapeado
2007,adquisiciones_origen_importado,D,2211,17_18_papel_impresion,26854632.11,Forzosas y aleatorias/EAE_C6_2007.xls,FBCF,si,mapeado
2007,fbcf,D,2212,17_18_papel_impresion,20832793.13,Forzosas y aleatorias/EAE_C6_2007.xls,FBCF,si,mapeado
2007,adquisiciones_importadas,D,2212,17_18_papel_impresion,7764062.0,Forzosas y aleatorias/EAE_C6_2007.xls,FBCF,si,mapeado
2007,adquisiciones_origen_importado,D,2212,17_18_papel_impresion,4235674.0,Forzosas y aleatorias/EAE_C6_2007.xls,FBCF,si,mapeado
2007,fbcf,D,2320,19_refinacion,20633279.0,Forzosas y aleatorias/EAE_C6_2007.xls,FBCF,si,mapeado
2007,adquisiciones_importadas,D,2320,19_refinacion,0.0,Forzosas y aleatorias/EAE_C6_2007.xls,FBCF,si,mapeado
2007,adquisiciones_origen_importado,D,2320,19_refinacion,790914996.0,Forzosas y aleatorias/EAE_C6_2007.xls,FBCF,si,mapeado
2007,fbcf,D,2411,20_21_22_quimicos_farma_caucho_plastico,101205035.23,Forzosas y aleatorias/EAE_C6_2007.xls,FBCF,si,mapeado
2007,adquisiciones_importadas,D,2411,20_21_22_quimicos_farma_caucho_plastico,27630567.0,Forzosas y aleatorias/EAE_C6_2007.xls,FBCF,si,mapeado
2007,adquisiciones_origen_importado,D,2411,20_21_22_quimicos_farma_caucho_plastico,4046703.0,Forzosas y aleatorias/EAE_C6_2007.xls,FBCF,si,mapeado
2007,fbcf,D,2412,20_21_22_quimicos_farma_caucho_plastico,132005878.26,Forzosas y aleatorias/EAE_C6_2007.xls,FBCF,si,mapeado
2007,adquisiciones_importadas,D,2412,20_21_22_quimicos_farma_caucho_plastico,84314561.0,Forzosas y aleatorias/EAE_C6_2007.xls,FBCF,si,mapeado
2007,adquisiciones_origen_importado,D,2412,20_21_22_quimicos_farma_caucho_plastico,0.0,Forzosas y aleatorias/EAE_C6_2007.xls,FBCF,si,mapeado
2007,fbcf,D,2413,20_21_22_quimicos_farma_caucho_plastico,24400585.333333336,Forzosas y aleatorias/EAE_C6_2007.xls,FBCF,si,mapeado
2007,adquisiciones_importadas,D,2413,20_21_22_quimicos_farma_caucho_plastico,12052975.001666669,Forzosas y aleatorias/EAE_C6_2007.xls,FBCF,si,mapeado
2007,adquisiciones_origen_importado,D,2413,20_21_22_quimicos_farma_caucho_plastico,3052371.1166666667,Forzosas y aleatorias/EAE_C6_2007.xls,FBCF,si,mapeado
2007,fbcf,D,2421,20_21_22_quimicos_farma_caucho_plastico,9720036.4,Forzosas y aleatorias/EAE_C6_2007.xls,FBCF,si,mapeado
2007,adquisiciones_importadas,D,2421,20_21_22_quimicos_farma_caucho_plastico,0.0,Forzosas y aleatorias/EAE_C6_2007.xls,FBCF,si,mapeado
2007,adquisiciones_origen_importado,D,2421,20_21_22_quimicos_farma_caucho_plastico,2521655.0,Forzosas y aleatorias/EAE_C6_2007.xls,FBCF,si,mapeado
2007,fbcf,D,2422,20_21_22_quimicos_farma_caucho_plastico,31712908.2,Forzosas y aleatorias/EAE_C6_2007.xls,FBCF,si,mapeado
2007,adquisiciones_importadas,D,2422,20_21_22_quimicos_farma_caucho_plastico,4199704.0,Forzosas y aleatorias/EAE_C6_2007.xls,FBCF,si,mapeado
2007,adquisiciones_origen_importado,D,2422,20_21_22_quimicos_farma_caucho_plastico,9194423.726666667,Forzosas y aleatorias/EAE_C6_2007.xls,FBCF,si,mapeado
2007,fbcf,D,2423,20_21_22_quimicos_farma_caucho_plastico,290597619.42,Forzosas y aleatorias/EAE_C6_2007.xls,FBCF,si,mapeado
2007,adquisiciones_importadas,D,2423,20_21_22_quimicos_farma_caucho_plastico,73616481.45,Forzosas y aleatorias/EAE_C6_2007.xls,FBCF,si,mapeado
2007,adquisiciones_origen_importado,D,2423,20_21_22_quimicos_farma_caucho_plastico,44672871.29,Forzosas y aleatorias/EAE_C6_2007.xls,FBCF,si,mapeado
2007,fbcf,D,2424,20_21_22_quimicos_farma_caucho_plastico,9663873.174516669,Forzosas y aleatorias/EAE_C6_2007.xls,FBCF,si,mapeado
2007,adquisiciones_importadas,D,2424,20_21_22_quimicos_farma_caucho_plastico,0.0,Forzosas y aleatorias/EAE_C6_2007.xls,FBCF,si,mapeado
2007,adquisiciones_origen_importado,D,2424,20_21_22_quimicos_farma_caucho_plastico,8383854.250183333,Forzosas y aleatorias/EAE_C6_2007.xls,FBCF,si,mapeado
2007,fbcf,D,2429,20_21_22_quimicos_farma_caucho_plastico,13701611.76,Forzosas y aleatorias/EAE_C6_2007.xls,FBCF,si,mapeado
2007,adquisiciones_importadas,D,2429,20_21_22_quimicos_farma_caucho_plastico,3171731.08,Forzosas y aleatorias/EAE_C6_2007.xls,FBCF,si,mapeado
2007,adquisiciones_origen_importado,D,2429,20_21_22_quimicos_farma_caucho_plastico,1107585.0,Forzosas y aleatorias/EAE_C6_2007.xls,FBCF,si,mapeado
2007,fbcf,D,2511,20_21_22_quimicos_farma_caucho_plastico,11784162.334999999,Forzosas y aleatorias/EAE_C6_2007.xls,FBCF,si,mapeado
2007,adquisiciones_importadas,D,2511,20_21_22_quimicos_farma_caucho_plastico,2774690.0324999997,Forzosas y aleatorias/EAE_C6_2007.xls,FBCF,si,mapeado
2007,adquisiciones_origen_importado,D,2511,20_21_22_quimicos_farma_caucho_plastico,8170436.86,Forzosas y aleatorias/EAE_C6_2007.xls,FBCF,si,mapeado
2007,fbcf,D,2519,20_21_22_quimicos_farma_caucho_plastico,434581059.2,Forzosas y aleatorias/EAE_C6_2007.xls,FBCF,si,mapeado
2007,adquisiciones_importadas,D,2519,20_21_22_quimicos_farma_caucho_plastico,0.0,Forzosas y aleatorias/EAE_C6_2007.xls,FBCF,si,mapeado
2007,adquisiciones_origen_importado,D,2519,20_21_22_quimicos_farma_caucho_plastico,0.0,Forzosas y aleatorias/EAE_C6_2007.xls,FBCF,si,mapeado
2007,fbcf,D,2520,20_21_22_quimicos_farma_caucho_plastico,206013920.73000002,Forzosas y aleatorias/EAE_C6_2007.xls,FBCF,si,mapeado
2007,adquisiciones_importadas,D,2520,20_21_22_quimicos_farma_caucho_plastico,100931211.0,Forzosas y aleatorias/EAE_C6_2007.xls,FBCF,si,mapeado
2007,adquisiciones_origen_importado,D,2520,20_21_22_quimicos_farma_caucho_plastico,20273900.683333334,Forzosas y aleatorias/EAE_C6_2007.xls,FBCF,si,mapeado
2007,fbcf,D,2610,23_24_minerales_metales,23399040.10272727,Forzosas y aleatorias/EAE_C6_2007.xls,FBCF,si,mapeado
2007,adquisiciones_importadas,D,2610,23_24_minerales_metales,15880006.16,Forzosas y aleatorias/EAE_C6_2007.xls,FBCF,si,mapeado
2007,adquisiciones_origen_importado,D,2610,23_24_minerales_metales,14722079.105757575,Forzosas y aleatorias/EAE_C6_2007.xls,FBCF,si,mapeado
2007,fbcf,D,2691,23_24_minerales_metales,11598886.040000001,Forzosas y aleatorias/EAE_C6_2007.xls,FBCF,si,mapeado
2007,adquisiciones_importadas,D,2691,23_24_minerales_metales,1441631.72,Forzosas y aleatorias/EAE_C6_2007.xls,FBCF,si,mapeado
2007,adquisiciones_origen_importado,D,2691,23_24_minerales_metales,0.0,Forzosas y aleatorias/EAE_C6_2007.xls,FBCF,si,mapeado
2007,fbcf,D,2692,23_24_minerales_metales,2866398.15,Forzosas y aleatorias/EAE_C6_2007.xls,FBCF,si,mapeado
2007,adquisiciones_importadas,D,2692,23_24_minerales_metales,0.0,Forzosas y aleatorias/EAE_C6_2007.xls,FBCF,si,mapeado
2007,adquisiciones_origen_importado,D,2692,23_24_minerales_metales,1425002.5,Forzosas y aleatorias/EAE_C6_2007.xls,FBCF,si,mapeado
2007,fbcf,D,2694,23_24_minerales_metales,42807589.5,Forzosas y aleatorias/EAE_C6_2007.xls,FBCF,si,mapeado
2007,adquisiciones_importadas,D,2694,23_24_minerales_metales,8015478.0,Forzosas y aleatorias/EAE_C6_2007.xls,FBCF,si,mapeado
2007,adquisiciones_origen_importado,D,2694,23_24_minerales_metales,19905229.0,Forzosas y aleatorias/EAE_C6_2007.xls,FBCF,si,mapeado
2007,fbcf,D,2695,23_24_minerales_metales,35349738.69,Forzosas y aleatorias/EAE_C6_2007.xls,FBCF,si,mapeado
2007,adquisiciones_importadas,D,2695,23_24_minerales_metales,0.0,Forzosas y aleatorias/EAE_C6_2007.xls,FBCF,si,mapeado
2007,adquisiciones_origen_importado,D,2695,23_24_minerales_metales,21814144.5,Forzosas y aleatorias/EAE_C6_2007.xls,FBCF,si,mapeado
2007,fbcf,D,2699,23_24_minerales_metales,6312175.74,Forzosas y aleatorias/EAE_C6_2007.xls,FBCF,si,mapeado
2007,adquisiciones_importadas,D,2699,23_24_minerales_metales,0.0,Forzosas y aleatorias/EAE_C6_2007.xls,FBCF,si,mapeado
2007,adquisiciones_origen_importado,D,2699,23_24_minerales_metales,4531095.0,Forzosas y aleatorias/EAE_C6_2007.xls,FBCF,si,mapeado
2007,fbcf,D,2700,23_24_minerales_metales,158257669.4803419,Forzosas y aleatorias/EAE_C6_2007.xls,FBCF,si,mapeado
2007,adquisiciones_importadas,D,2700,23_24_minerales_metales,50530756.666666664,Forzosas y aleatorias/EAE_C6_2007.xls,FBCF,si,mapeado
2007,adquisiciones_origen_importado,D,2700,23_24_minerales_metales,44276889.10598291,Forzosas y aleatorias/EAE_C6_2007.xls,FBCF,si,mapeado
2007,fbcf,D,2811,25_26_27_28_33_metal_equipos_reparacion,28482344.73,Forzosas y aleatorias/EAE_C6_2007.xls,FBCF,si,mapeado
2007,adquisiciones_importadas,D,2811,25_26_27_28_33_metal_equipos_reparacion,0.0,Forzosas y aleatorias/EAE_C6_2007.xls,FBCF,si,mapeado
2007,adquisiciones_origen_importado,D,2811,25_26_27_28_33_metal_equipos_reparacion,28633535.0,Forzosas y aleatorias/EAE_C6_2007.xls,FBCF,si,mapeado
2007,fbcf,D,2812,25_26_27_28_33_metal_equipos_reparacion,967816.78,Forzosas y aleatorias/EAE_C6_2007.xls,FBCF,si,mapeado
2007,adquisiciones_importadas,D,2812,25_26_27_28_33_metal_equipos_reparacion,0.0,Forzosas y aleatorias/EAE_C6_2007.xls,FBCF,si,mapeado
2007,adquisiciones_origen_importado,D,2812,25_26_27_28_33_metal_equipos_reparacion,0.0,Forzosas y aleatorias/EAE_C6_2007.xls,FBCF,si,mapeado
2007,fbcf,D,2890,25_26_27_28_33_metal_equipos_reparacion,88840119.02499999,Forzosas y aleatorias/EAE_C6_2007.xls,FBCF,si,mapeado
2007,adquisiciones_importadas,D,2890,25_26_27_28_33_metal_equipos_reparacion,4533381.0775,Forzosas y aleatorias/EAE_C6_2007.xls,FBCF,si,mapeado
2007,adquisiciones_origen_importado,D,2890,25_26_27_28_33_metal_equipos_reparacion,40564143.06999999,Forzosas y aleatorias/EAE_C6_2007.xls,FBCF,si,mapeado
2007,fbcf,D,2910,25_26_27_28_33_metal_equipos_reparacion,7507208.380000001,Forzosas y aleatorias/EAE_C6_2007.xls,FBCF,si,mapeado
2007,adquisiciones_importadas,D,2910,25_26_27_28_33_metal_equipos_reparacion,0.0,Forzosas y aleatorias/EAE_C6_2007.xls,FBCF,si,mapeado
2007,adquisiciones_origen_importado,D,2910,25_26_27_28_33_metal_equipos_reparacion,2899947.3,Forzosas y aleatorias/EAE_C6_2007.xls,FBCF,si,mapeado
2007,fbcf,D,2920,25_26_27_28_33_metal_equipos_reparacion,32770415.180000003,Forzosas y aleatorias/EAE_C6_2007.xls,FBCF,si,mapeado
2007,adquisiciones_importadas,D,2920,25_26_27_28_33_metal_equipos_reparacion,997105.0,Forzosas y aleatorias/EAE_C6_2007.xls,FBCF,si,mapeado
2007,adquisiciones_origen_importado,D,2920,25_26_27_28_33_metal_equipos_reparacion,9777165.66,Forzosas y aleatorias/EAE_C6_2007.xls,FBCF,si,mapeado
2007,fbcf,D,2930,25_26_27_28_33_metal_equipos_reparacion,8176838.24,Forzosas y aleatorias/EAE_C6_2007.xls,FBCF,si,mapeado
2007,adquisiciones_importadas,D,2930,25_26_27_28_33_metal_equipos_reparacion,149597.05,Forzosas y aleatorias/EAE_C6_2007.xls,FBCF,si,mapeado
2007,adquisiciones_origen_importado,D,2930,25_26_27_28_33_metal_equipos_reparacion,1960687.22,Forzosas y aleatorias/EAE_C6_2007.xls,FBCF,si,mapeado
2007,fbcf,D,3000,25_26_27_28_33_metal_equipos_reparacion,1180534.08,Forzosas y aleatorias/EAE_C6_2007.xls,FBCF,si,mapeado
2007,adquisiciones_importadas,D,3000,25_26_27_28_33_metal_equipos_reparacion,0.0,Forzosas y aleatorias/EAE_C6_2007.xls,FBCF,si,mapeado
2007,adquisiciones_origen_importado,D,3000,25_26_27_28_33_metal_equipos_reparacion,1065833.08,Forzosas y aleatorias/EAE_C6_2007.xls,FBCF,si,mapeado
2007,fbcf,D,3100,25_26_27_28_33_metal_equipos_reparacion,303142574.0698214,Forzosas y aleatorias/EAE_C6_2007.xls,FBCF,si,mapeado
2007,adquisiciones_importadas,D,3100,25_26_27_28_33_metal_equipos_reparacion,25874105.16964286,Forzosas y aleatorias/EAE_C6_2007.xls,FBCF,si,mapeado
2007,adquisiciones_origen_importado,D,3100,25_26_27_28_33_metal_equipos_reparacion,37487816.618839286,Forzosas y aleatorias/EAE_C6_2007.xls,FBCF,si,mapeado
2007,fbcf,D,3200,25_26_27_28_33_metal_equipos_reparacion,18359.99999999994,Forzosas y aleatorias/EAE_C6_2007.xls,FBCF,si,mapeado
2007,adquisiciones_importadas,D,3200,25_26_27_28_33_metal_equipos_reparacion,0.0,Forzosas y aleatorias/EAE_C6_2007.xls,FBCF,si,mapeado
2007,adquisiciones_origen_importado,D,3200,25_26_27_28_33_metal_equipos_reparacion,440640.0,Forzosas y aleatorias/EAE_C6_2007.xls,FBCF,si,mapeado
2007,fbcf,D,3300,25_26_27_28_33_metal_equipos_reparacion,10873106.218333337,Forzosas y aleatorias/EAE_C6_2007.xls,FBCF,si,mapeado
2007,adquisiciones_importadas,D,3300,25_26_27_28_33_metal_equipos_reparacion,5659649.25,Forzosas y aleatorias/EAE_C6_2007.xls,FBCF,si,mapeado
2007,adquisiciones_origen_importado,D,3300,25_26_27_28_33_metal_equipos_reparacion,3079035.99,Forzosas y aleatorias/EAE_C6_2007.xls,FBCF,si,mapeado
2007,fbcf,D,3400,29_30_vehiculos_transporte,80123898.19749999,Forzosas y aleatorias/EAE_C6_2007.xls,FBCF,si,mapeado
2007,adquisiciones_importadas,D,3400,29_30_vehiculos_transporte,55151495.125,Forzosas y aleatorias/EAE_C6_2007.xls,FBCF,si,mapeado
2007,adquisiciones_origen_importado,D,3400,29_30_vehiculos_transporte,4834521.0,Forzosas y aleatorias/EAE_C6_2007.xls,FBCF,si,mapeado
2007,fbcf,D,3510,29_30_vehiculos_transporte,15370763.65,Forzosas y aleatorias/EAE_C6_2007.xls,FBCF,si,mapeado
2007,adquisiciones_importadas,D,3510,29_30_vehiculos_transporte,0.0,Forzosas y aleatorias/EAE_C6_2007.xls,FBCF,si,mapeado
2007,adquisiciones_origen_importado,D,3510,29_30_vehiculos_transporte,9726592.0,Forzosas y aleatorias/EAE_C6_2007.xls,FBCF,si,mapeado
2007,fbcf,D,3530,29_30_vehiculos_transporte,0.0,Forzosas y aleatorias/EAE_C6_2007.xls,FBCF,si,mapeado
2007,adquisiciones_importadas,D,3530,29_30_vehiculos_transporte,0.0,Forzosas y aleatorias/EAE_C6_2007.xls,FBCF,si,mapeado
2007,adquisiciones_origen_importado,D,3530,29_30_vehiculos_transporte,0.0,Forzosas y aleatorias/EAE_C6_2007.xls,FBCF,si,mapeado
2007,fbcf,D,3590,29_30_vehiculos_transporte,15932554.979999999,Forzosas y aleatorias/EAE_C6_2007.xls,FBCF,si,mapeado
2007,adquisiciones_importadas,D,3590,29_30_vehiculos_transporte,0.0,Forzosas y aleatorias/EAE_C6_2007.xls,FBCF,si,mapeado
2007,adquisiciones_origen_importado,D,3590,29_30_vehiculos_transporte,7012676.329999999,Forzosas y aleatorias/EAE_C6_2007.xls,FBCF,si,mapeado
2007,fbcf,D,3610,31_32_muebles_otras_manufacturas,70288801.36000001,Forzosas y aleatorias/EAE_C6_2007.xls,FBCF,si,mapeado
2007,adquisiciones_importadas,D,3610,31_32_muebles_otras_manufacturas,42065013.58,Forzosas y aleatorias/EAE_C6_2007.xls,FBCF,si,mapeado
2007,adquisiciones_origen_importado,D,3610,31_32_muebles_otras_manufacturas,5302036.94,Forzosas y aleatorias/EAE_C6_2007.xls,FBCF,si,mapeado
2007,fbcf,D,3691,31_32_muebles_otras_manufacturas,31208.76,Forzosas y aleatorias/EAE_C6_2007.xls,FBCF,si,mapeado
2007,adquisiciones_importadas,D,3691,31_32_muebles_otras_manufacturas,0.0,Forzosas y aleatorias/EAE_C6_2007.xls,FBCF,si,mapeado
2007,adquisiciones_origen_importado,D,3691,31_32_muebles_otras_manufacturas,0.0,Forzosas y aleatorias/EAE_C6_2007.xls,FBCF,si,mapeado
2007,fbcf,D,3699,31_32_muebles_otras_manufacturas,6026212.16,Forzosas y aleatorias/EAE_C6_2007.xls,FBCF,si,mapeado
2007,adquisiciones_importadas,D,3699,31_32_muebles_otras_manufacturas,2834334.0,Forzosas y aleatorias/EAE_C6_2007.xls,FBCF,si,mapeado
2007,adquisiciones_origen_importado,D,3699,31_32_muebles_otras_manufacturas,2364580.57,Forzosas y aleatorias/EAE_C6_2007.xls,FBCF,si,mapeado
2007,fbcf,D,3700,,8253449.42,Forzosas y aleatorias/EAE_C6_2007.xls,FBCF,si,no_mapeado_o_no_usado
2007,adquisiciones_importadas,D,3700,,431409.51,Forzosas y aleatorias/EAE_C6_2007.xls,FBCF,si,no_mapeado_o_no_usado
2007,adquisiciones_origen_importado,D,3700,,195305.43,Forzosas y aleatorias/EAE_C6_2007.xls,FBCF,si,no_mapeado_o_no_usado
2007,fbcf,E,4010,,2887940000.0,Forzosas y aleatorias/EAE_C6_2007.xls,FBCF,si,no_mapeado_o_no_usado
2007,adquisiciones_importadas,E,4010,,0.0,Forzosas y aleatorias/EAE_C6_2007.xls,FBCF,si,no_mapeado_o_no_usado
2007,adquisiciones_origen_importado,E,4010,,0.0,Forzosas y aleatorias/EAE_C6_2007.xls,FBCF,si,no_mapeado_o_no_usado
2007,fbcf,E,4020,,201343250.0,Forzosas y aleatorias/EAE_C6_2007.xls,FBCF,si,no_mapeado_o_no_usado
2007,adquisiciones_importadas,E,4020,,0.0,Forzosas y aleatorias/EAE_C6_2007.xls,FBCF,si,no_mapeado_o_no_usado
2007,adquisiciones_origen_importado,E,4020,,665800.0,Forzosas y aleatorias/EAE_C6_2007.xls,FBCF,si,no_mapeado_o_no_usado
2007,fbcf,E,4100,,494381199.0,Forzosas y aleatorias/EAE_C6_2007.xls,FBCF,si,no_mapeado_o_no_usado
2007,adquisiciones_importadas,E,4100,,0.0,Forzosas y aleatorias/EAE_C6_2007.xls,FBCF,si,no_mapeado_o_no_usado
2007,adquisiciones_origen_importado,E,4100,,0.0,Forzosas y aleatorias/EAE_C6_2007.xls,FBCF,si,no_mapeado_o_no_usado
2007,fbcf,G,5050,,58886889.89666666,Forzosas y aleatorias/EAE_C6_2007.xls,FBCF,si,no_mapeado_o_no_usado
2007,adquisiciones_importadas,G,5050,,0.0,Forzosas y aleatorias/EAE_C6_2007.xls,FBCF,si,no_mapeado_o_no_usado
2007,adquisiciones_origen_importado,G,5050,,24767218.506666664,Forzosas y aleatorias/EAE_C6_2007.xls,FBCF,si,no_mapeado_o_no_usado
2007,fbcf,G,50R1,,86692390.73005676,Forzosas y aleatorias/EAE_C6_2007.xls,FBCF,si,no_mapeado_o_no_usado
2007,adquisiciones_importadas,G,50R1,,31126474.143809523,Forzosas y aleatorias/EAE_C6_2007.xls,FBCF,si,no_mapeado_o_no_usado
2007,adquisiciones_origen_importado,G,50R1,,18371524.67511905,Forzosas y aleatorias/EAE_C6_2007.xls,FBCF,si,no_mapeado_o_no_usado
2007,fbcf,G,50R2,,24439190.38205127,Forzosas y aleatorias/EAE_C6_2007.xls,FBCF,si,no_mapeado_o_no_usado
2007,adquisiciones_importadas,G,50R2,,0.0,Forzosas y aleatorias/EAE_C6_2007.xls,FBCF,si,no_mapeado_o_no_usado
2007,adquisiciones_origen_importado,G,50R2,,53413049.08541667,Forzosas y aleatorias/EAE_C6_2007.xls,FBCF,si,no_mapeado_o_no_usado
2007,fbcf,G,5110,,1814959.7285714298,Forzosas y aleatorias/EAE_C6_2007.xls,FBCF,si,no_mapeado_o_no_usado
2007,adquisiciones_importadas,G,5110,,0.0,Forzosas y aleatorias/EAE_C6_2007.xls,FBCF,si,no_mapeado_o_no_usado
2007,adquisiciones_origen_importado,G,5110,,725113.0,Forzosas y aleatorias/EAE_C6_2007.xls,FBCF,si,no_mapeado_o_no_usado
2007,fbcf,G,512,,858001800.5804055,Forzosas y aleatorias/EAE_C6_2007.xls,FBCF,si,no_mapeado_o_no_usado
2007,adquisiciones_importadas,G,512,,596646092.6847696,Forzosas y aleatorias/EAE_C6_2007.xls,FBCF,si,no_mapeado_o_no_usado
2007,adquisiciones_origen_importado,G,512,,94607351.63673875,Forzosas y aleatorias/EAE_C6_2007.xls,FBCF,si,no_mapeado_o_no_usado
2007,fbcf,G,513,,484930641.42384744,Forzosas y aleatorias/EAE_C6_2007.xls,FBCF,si,no_mapeado_o_no_usado
2007,adquisiciones_importadas,G,513,,33799767.169719204,Forzosas y aleatorias/EAE_C6_2007.xls,FBCF,si,no_mapeado_o_no_usado
2007,adquisiciones_origen_importado,G,513,,169441336.019597,Forzosas y aleatorias/EAE_C6_2007.xls,FBCF,si,no_mapeado_o_no_usado
2007,fbcf,G,514,,833644387.6345913,Forzosas y aleatorias/EAE_C6_2007.xls,FBCF,si,no_mapeado_o_no_usado
2007,adquisiciones_importadas,G,514,,9124955.706080612,Forzosas y aleatorias/EAE_C6_2007.xls,FBCF,si,no_mapeado_o_no_usado
2007,adquisiciones_origen_importado,G,514,,67647946.45890267,Forzosas y aleatorias/EAE_C6_2007.xls,FBCF,si,no_mapeado_o_no_usado
2007,fbcf,G,5150,,121563197.96280925,Forzosas y aleatorias/EAE_C6_2007.xls,FBCF,si,no_mapeado_o_no_usado
2007,adquisiciones_importadas,G,5150,,31818309.285544213,Forzosas y aleatorias/EAE_C6_2007.xls,FBCF,si,no_mapeado_o_no_usado
2007,adquisiciones_origen_importado,G,5150,,39669684.47365574,Forzosas y aleatorias/EAE_C6_2007.xls,FBCF,si,no_mapeado_o_no_usado
2007,fbcf,G,5190,,137363823.5,Forzosas y aleatorias/EAE_C6_2007.xls,FBCF,si,no_mapeado_o_no_usado
2007,adquisiciones_importadas,G,5190,,0.0,Forzosas y aleatorias/EAE_C6_2007.xls,FBCF,si,no_mapeado_o_no_usado
2007,adquisiciones_origen_importado,G,5190,,137057027.0,Forzosas y aleatorias/EAE_C6_2007.xls,FBCF,si,no_mapeado_o_no_usado
2007,fbcf,G,521,,777767712.9848182,Forzosas y aleatorias/EAE_C6_2007.xls,FBCF,si,no_mapeado_o_no_usado
2007,adquisiciones_importadas,G,521,,0.0,Forzosas y aleatorias/EAE_C6_2007.xls,FBCF,si,no_mapeado_o_no_usado
2007,adquisiciones_origen_importado,G,521,,35034012.69517453,Forzosas y aleatorias/EAE_C6_2007.xls,FBCF,si,no_mapeado_o_no_usado
2007,fbcf,G,522,,25041819.192024384,Forzosas y aleatorias/EAE_C6_2007.xls,FBCF,si,no_mapeado_o_no_usado
2007,adquisiciones_importadas,G,522,,0.0,Forzosas y aleatorias/EAE_C6_2007.xls,FBCF,si,no_mapeado_o_no_usado
2007,adquisiciones_origen_importado,G,522,,17037482.02315122,Forzosas y aleatorias/EAE_C6_2007.xls,FBCF,si,no_mapeado_o_no_usado
2007,fbcf,G,52R,,690284168.7237128,Forzosas y aleatorias/EAE_C6_2007.xls,FBCF,si,no_mapeado_o_no_usado
2007,adquisiciones_importadas,G,52R,,9289970.952018635,Forzosas y aleatorias/EAE_C6_2007.xls,FBCF,si,no_mapeado_o_no_usado
2007,adquisiciones_origen_importado,G,52R,,50260526.69689459,Forzosas y aleatorias/EAE_C6_2007.xls,FBCF,si,no_mapeado_o_no_usado
2007,fbcf,H,551,,126495071.25,Forzosas y aleatorias/EAE_C6_2007.xls,FBCF,si,no_mapeado_o_no_usado
2007,adquisiciones_importadas,H,551,,58310944.62,Forzosas y aleatorias/EAE_C6_2007.xls,FBCF,si,no_mapeado_o_no_usado
2007,adquisiciones_origen_importado,H,551,,7449002.859999999,Forzosas y aleatorias/EAE_C6_2007.xls,FBCF,si,no_mapeado_o_no_usado
2007,fbcf,H,552,,69306605.48944443,Forzosas y aleatorias/EAE_C6_2007.xls,FBCF,si,no_mapeado_o_no_usado
2007,adquisiciones_importadas,H,552,,901667.76,Forzosas y aleatorias/EAE_C6_2007.xls,FBCF,si,no_mapeado_o_no_usado
2007,adquisiciones_origen_importado,H,552,,9451659.0,Forzosas y aleatorias/EAE_C6_2007.xls,FBCF,si,no_mapeado_o_no_usado
2007,fbcf,I,60RT,,451929622.83512986,Forzosas y aleatorias/EAE_C6_2007.xls,FBCF,si,no_mapeado_o_no_usado
2007,adquisiciones_importadas,I,60RT,,60584588.881547615,Forzosas y aleatorias/EAE_C6_2007.xls,FBCF,si,no_mapeado_o_no_usado
2007,adquisiciones_origen_importado,I,60RT,,208608780.05134198,Forzosas y aleatorias/EAE_C6_2007.xls,FBCF,si,no_mapeado_o_no_usado
2007,fbcf,I,60ST,,608729566.61,Forzosas y aleatorias/EAE_C6_2007.xls,FBCF,si,no_mapeado_o_no_usado
2007,adquisiciones_importadas,I,60ST,,248834523.6,Forzosas y aleatorias/EAE_C6_2007.xls,FBCF,si,no_mapeado_o_no_usado
2007,adquisiciones_origen_importado,I,60ST,,161410466.68,Forzosas y aleatorias/EAE_C6_2007.xls,FBCF,si,no_mapeado_o_no_usado
2007,fbcf,I,61TT,,688416928.1100001,Forzosas y aleatorias/EAE_C6_2007.xls,FBCF,si,no_mapeado_o_no_usado
2007,adquisiciones_importadas,I,61TT,,3222759.5,Forzosas y aleatorias/EAE_C6_2007.xls,FBCF,si,no_mapeado_o_no_usado
2007,adquisiciones_origen_importado,I,61TT,,642457423.35,Forzosas y aleatorias/EAE_C6_2007.xls,FBCF,si,no_mapeado_o_no_usado
2007,fbcf,I,62TT,,83482236.64999999,Forzosas y aleatorias/EAE_C6_2007.xls,FBCF,si,no_mapeado_o_no_usado
2007,adquisiciones_importadas,I,62TT,,116049469.19999999,Forzosas y aleatorias/EAE_C6_2007.xls,FBCF,si,no_mapeado_o_no_usado
2007,adquisiciones_origen_importado,I,62TT,,0.0,Forzosas y aleatorias/EAE_C6_2007.xls,FBCF,si,no_mapeado_o_no_usado
2007,fbcf,I,6304,,12182538.230833337,Forzosas y aleatorias/EAE_C6_2007.xls,FBCF,si,no_mapeado_o_no_usado
2007,adquisiciones_importadas,I,6304,,1131847.5,Forzosas y aleatorias/EAE_C6_2007.xls,FBCF,si,no_mapeado_o_no_usado
2007,adquisiciones_origen_importado,I,6304,,7925336.0,Forzosas y aleatorias/EAE_C6_2007.xls,FBCF,si,no_mapeado_o_no_usado
2007,fbcf,I,63R,,2237118891.2717633,Forzosas y aleatorias/EAE_C6_2007.xls,FBCF,si,no_mapeado_o_no_usado
2007,adquisiciones_importadas,I,63R,,310986.83153372817,Forzosas y aleatorias/EAE_C6_2007.xls,FBCF,si,no_mapeado_o_no_usado
2007,adquisiciones_origen_importado,I,63R,,215580482.19075823,Forzosas y aleatorias/EAE_C6_2007.xls,FBCF,si,no_mapeado_o_no_usado
2007,fbcf,I,63TT,,114517428.55290884,Forzosas y aleatorias/EAE_C6_2007.xls,FBCF,si,no_mapeado_o_no_usado
2007,adquisiciones_importadas,I,63TT,,24622674.098313387,Forzosas y aleatorias/EAE_C6_2007.xls,FBCF,si,no_mapeado_o_no_usado
2007,adquisiciones_origen_importado,I,63TT,,35686380.63134473,Forzosas y aleatorias/EAE_C6_2007.xls,FBCF,si,no_mapeado_o_no_usado
2007,fbcf,I,6410,,27693973.9,Forzosas y aleatorias/EAE_C6_2007.xls,FBCF,si,no_mapeado_o_no_usado
2007,adquisiciones_importadas,I,6410,,0.0,Forzosas y aleatorias/EAE_C6_2007.xls,FBCF,si,no_mapeado_o_no_usado
2007,adquisiciones_origen_importado,I,6410,,1840272.62,Forzosas y aleatorias/EAE_C6_2007.xls,FBCF,si,no_mapeado_o_no_usado
2007,fbcf,I,6420,,7172229729.494889,Forzosas y aleatorias/EAE_C6_2007.xls,FBCF,si,no_mapeado_o_no_usado
2007,adquisiciones_importadas,I,6420,,620123713.5039998,Forzosas y aleatorias/EAE_C6_2007.xls,FBCF,si,no_mapeado_o_no_usado
2007,adquisiciones_origen_importado,I,6420,,258270784.26,Forzosas y aleatorias/EAE_C6_2007.xls,FBCF,si,no_mapeado_o_no_usado
2007,fbcf,K,71,,253122358.94428575,Forzosas y aleatorias/EAE_C6_2007.xls,FBCF,si,no_mapeado_o_no_usado
2007,adquisiciones_importadas,K,71,,609860.5714285715,Forzosas y aleatorias/EAE_C6_2007.xls,FBCF,si,no_mapeado_o_no_usado
2007,adquisiciones_origen_importado,K,71,,278127674.0171429,Forzosas y aleatorias/EAE_C6_2007.xls,FBCF,si,no_mapeado_o_no_usado
2007,fbcf,K,72R1,,139322011.21679366,Forzosas y aleatorias/EAE_C6_2007.xls,FBCF,si,no_mapeado_o_no_usado
2007,adquisiciones_importadas,K,72R1,,53859504.266666666,Forzosas y aleatorias/EAE_C6_2007.xls,FBCF,si,no_mapeado_o_no_usado
2007,adquisiciones_origen_importado,K,72R1,,17876811.263714287,Forzosas y aleatorias/EAE_C6_2007.xls,FBCF,si,no_mapeado_o_no_usado
2007,fbcf,K,7491,,4027827.6487296093,Forzosas y aleatorias/EAE_C6_2007.xls,FBCF,si,no_mapeado_o_no_usado
2007,adquisiciones_importadas,K,7491,,0.0,Forzosas y aleatorias/EAE_C6_2007.xls,FBCF,si,no_mapeado_o_no_usado
2007,adquisiciones_origen_importado,K,7491,,2043295.160899654,Forzosas y aleatorias/EAE_C6_2007.xls,FBCF,si,no_mapeado_o_no_usado
2007,fbcf,K,7492,,24488511.87547619,Forzosas y aleatorias/EAE_C6_2007.xls,FBCF,si,no_mapeado_o_no_usado
2007,adquisiciones_importadas,K,7492,,1220834.04,Forzosas y aleatorias/EAE_C6_2007.xls,FBCF,si,no_mapeado_o_no_usado
2007,adquisiciones_origen_importado,K,7492,,11258826.41,Forzosas y aleatorias/EAE_C6_2007.xls,FBCF,si,no_mapeado_o_no_usado
2007,fbcf,K,7493,,38035910.624866664,Forzosas y aleatorias/EAE_C6_2007.xls,FBCF,si,no_mapeado_o_no_usado
2007,adquisiciones_importadas,K,7493,,0.0,Forzosas y aleatorias/EAE_C6_2007.xls,FBCF,si,no_mapeado_o_no_usado
2007,adquisiciones_origen_importado,K,7493,,28528246.834666666,Forzosas y aleatorias/EAE_C6_2007.xls,FBCF,si,no_mapeado_o_no_usado
2007,fbcf,K,74R,,389229382.2934892,Forzosas y aleatorias/EAE_C6_2007.xls,FBCF,si,no_mapeado_o_no_usado
2007,adquisiciones_importadas,K,74R,,76415270.0,Forzosas y aleatorias/EAE_C6_2007.xls,FBCF,si,no_mapeado_o_no_usado
2007,adquisiciones_origen_importado,K,74R,,79185390.5517013,Forzosas y aleatorias/EAE_C6_2007.xls,FBCF,si,no_mapeado_o_no_usado
2007,fbcf,M,80TT,,279363983.34049875,Forzosas y aleatorias/EAE_C6_2007.xls,FBCF,si,no_mapeado_o_no_usado
2007,adquisiciones_importadas,M,80TT,,11993854.766433567,Forzosas y aleatorias/EAE_C6_2007.xls,FBCF,si,no_mapeado_o_no_usado
2007,adquisiciones_origen_importado,M,80TT,,18362086.08123543,Forzosas y aleatorias/EAE_C6_2007.xls,FBCF,si,no_mapeado_o_no_usado
2007,fbcf,N,8511,,926519293.3699998,Forzosas y aleatorias/EAE_C6_2007.xls,FBCF,si,no_mapeado_o_no_usado
2007,adquisiciones_importadas,N,8511,,7091222.8100000005,Forzosas y aleatorias/EAE_C6_2007.xls,FBCF,si,no_mapeado_o_no_usado
2007,adquisiciones_origen_importado,N,8511,,60980463.36000001,Forzosas y aleatorias/EAE_C6_2007.xls,FBCF,si,no_mapeado_o_no_usado
2007,fbcf,N,85ST,,79324135.12776558,Forzosas y aleatorias/EAE_C6_2007.xls,FBCF,si,no_mapeado_o_no_usado
2007,adquisiciones_importadas,N,85ST,,0.0,Forzosas y aleatorias/EAE_C6_2007.xls,FBCF,si,no_mapeado_o_no_usado
2007,adquisiciones_origen_importado,N,85ST,,48094993.12336997,Forzosas y aleatorias/EAE_C6_2007.xls,FBCF,si,no_mapeado_o_no_usado
2007,fbcf,N,VVTT,,90339231.90260698,Forzosas y aleatorias/EAE_C6_2007.xls,FBCF,no,no_mapeado_o_no_usado
2007,adquisiciones_importadas,N,VVTT,,0.0,Forzosas y aleatorias/EAE_C6_2007.xls,FBCF,no,no_mapeado_o_no_usado
2007,adquisiciones_origen_importado,N,VVTT,,21996964.646354016,Forzosas y aleatorias/EAE_C6_2007.xls,FBCF,no,no_mapeado_o_no_usado
2007,fbkf_maq_eq,D,1511,10_11_12_alimentos_bebidas_tabaco,674372843.1350001,Forzosas y aleatorias/EAE_C8_2007.xls,FBKF_componentes,si,mapeado
2007,fbkf_maq_eq,D,1512,10_11_12_alimentos_bebidas_tabaco,46913670.55272726,Forzosas y aleatorias/EAE_C8_2007.xls,FBKF_componentes,si,mapeado
2007,fbkf_maq_eq,D,1513,10_11_12_alimentos_bebidas_tabaco,52111565.839999996,Forzosas y aleatorias/EAE_C8_2007.xls,FBKF_componentes,si,mapeado
2007,fbkf_maq_eq,D,1514,10_11_12_alimentos_bebidas_tabaco,103595464.89999999,Forzosas y aleatorias/EAE_C8_2007.xls,FBKF_componentes,si,mapeado
2007,fbkf_maq_eq,D,1520,10_11_12_alimentos_bebidas_tabaco,400339304.97999996,Forzosas y aleatorias/EAE_C8_2007.xls,FBKF_componentes,si,mapeado
2007,fbkf_maq_eq,D,1531,10_11_12_alimentos_bebidas_tabaco,50145013.0,Forzosas y aleatorias/EAE_C8_2007.xls,FBKF_componentes,si,mapeado
2007,fbkf_maq_eq,D,1533,10_11_12_alimentos_bebidas_tabaco,31211972.791875,Forzosas y aleatorias/EAE_C8_2007.xls,FBKF_componentes,si,mapeado
2007,fbkf_maq_eq,D,1534,10_11_12_alimentos_bebidas_tabaco,247916289.08,Forzosas y aleatorias/EAE_C8_2007.xls,FBKF_componentes,si,mapeado
2007,fbkf_maq_eq,D,1541,10_11_12_alimentos_bebidas_tabaco,42630894.290000014,Forzosas y aleatorias/EAE_C8_2007.xls,FBKF_componentes,si,mapeado
2007,fbkf_maq_eq,D,1542,10_11_12_alimentos_bebidas_tabaco,30709844.980000004,Forzosas y aleatorias/EAE_C8_2007.xls,FBKF_componentes,si,mapeado
2007,fbkf_maq_eq,D,1543,10_11_12_alimentos_bebidas_tabaco,10359788.84,Forzosas y aleatorias/EAE_C8_2007.xls,FBKF_componentes,si,mapeado
2007,fbkf_maq_eq,D,1544,10_11_12_alimentos_bebidas_tabaco,46251030.57,Forzosas y aleatorias/EAE_C8_2007.xls,FBKF_componentes,si,mapeado
2007,fbkf_maq_eq,D,1549,10_11_12_alimentos_bebidas_tabaco,52513107.4,Forzosas y aleatorias/EAE_C8_2007.xls,FBKF_componentes,si,mapeado
2007,fbkf_maq_eq,D,1551,10_11_12_alimentos_bebidas_tabaco,12617491.51028169,Forzosas y aleatorias/EAE_C8_2007.xls,FBKF_componentes,si,mapeado
2007,fbkf_maq_eq,D,1552,10_11_12_alimentos_bebidas_tabaco,18786505.91,Forzosas y aleatorias/EAE_C8_2007.xls,FBKF_componentes,si,mapeado
2007,fbkf_maq_eq,D,1553,10_11_12_alimentos_bebidas_tabaco,232268441.66,Forzosas y aleatorias/EAE_C8_2007.xls,FBKF_componentes,si,mapeado
2007,fbkf_maq_eq,D,1554,10_11_12_alimentos_bebidas_tabaco,274738514.4,Forzosas y aleatorias/EAE_C8_2007.xls,FBKF_componentes,si,mapeado
2007,fbkf_maq_eq,D,1600,10_11_12_alimentos_bebidas_tabaco,12487700.0,Forzosas y aleatorias/EAE_C8_2007.xls,FBKF_componentes,si,mapeado
2007,fbkf_maq_eq,D,1711,13_14_15_textiles_prendas_cuero,16597607.67,Forzosas y aleatorias/EAE_C8_2007.xls,FBKF_componentes,si,mapeado
2007,fbkf_maq_eq,D,1712,13_14_15_textiles_prendas_cuero,3008727.34,Forzosas y aleatorias/EAE_C8_2007.xls,FBKF_componentes,si,mapeado
2007,fbkf_maq_eq,D,1713,13_14_15_textiles_prendas_cuero,114843722.66000001,Forzosas y aleatorias/EAE_C8_2007.xls,FBKF_componentes,si,mapeado
2007,fbkf_maq_eq,D,1720,13_14_15_textiles_prendas_cuero,17038766.61,Forzosas y aleatorias/EAE_C8_2007.xls,FBKF_componentes,si,mapeado
2007,fbkf_maq_eq,D,1730,13_14_15_textiles_prendas_cuero,6572631.83,Forzosas y aleatorias/EAE_C8_2007.xls,FBKF_componentes,si,mapeado
2007,fbkf_maq_eq,D,1810,13_14_15_textiles_prendas_cuero,91425239.68213332,Forzosas y aleatorias/EAE_C8_2007.xls,FBKF_componentes,si,mapeado
2007,fbkf_maq_eq,D,1911,13_14_15_textiles_prendas_cuero,223647388.82,Forzosas y aleatorias/EAE_C8_2007.xls,FBKF_componentes,si,mapeado
2007,fbkf_maq_eq,D,1912,13_14_15_textiles_prendas_cuero,70701547.1,Forzosas y aleatorias/EAE_C8_2007.xls,FBKF_componentes,si,mapeado
2007,fbkf_maq_eq,D,1920,13_14_15_textiles_prendas_cuero,14940338.76,Forzosas y aleatorias/EAE_C8_2007.xls,FBKF_componentes,si,mapeado
2007,fbkf_maq_eq,D,2010,16_madera,757040492.6133332,Forzosas y aleatorias/EAE_C8_2007.xls,FBKF_componentes,si,mapeado
2007,fbkf_maq_eq,D,2021,16_madera,484743670.71,Forzosas y aleatorias/EAE_C8_2007.xls,FBKF_componentes,si,mapeado
2007,fbkf_maq_eq,D,2029,16_madera,32188.5,Forzosas y aleatorias/EAE_C8_2007.xls,FBKF_componentes,si,mapeado
2007,fbkf_maq_eq,D,2101,17_18_papel_impresion,267525146.0,Forzosas y aleatorias/EAE_C8_2007.xls,FBKF_componentes,si,mapeado
2007,fbkf_maq_eq,D,2102,17_18_papel_impresion,65746483.400000006,Forzosas y aleatorias/EAE_C8_2007.xls,FBKF_componentes,si,mapeado
2007,fbkf_maq_eq,D,2109,17_18_papel_impresion,-2032674.25,Forzosas y aleatorias/EAE_C8_2007.xls,FBKF_componentes,si,mapeado
2007,fbkf_maq_eq,D,2211,17_18_papel_impresion,81205047.39250001,Forzosas y aleatorias/EAE_C8_2007.xls,FBKF_componentes,si,mapeado
2007,fbkf_maq_eq,D,2212,17_18_papel_impresion,14204541.13,Forzosas y aleatorias/EAE_C8_2007.xls,FBKF_componentes,si,mapeado
2007,fbkf_maq_eq,D,2320,19_refinacion,-116116278.0,Forzosas y aleatorias/EAE_C8_2007.xls,FBKF_componentes,si,mapeado
2007,fbkf_maq_eq,D,2411,20_21_22_quimicos_farma_caucho_plastico,75808361.615,Forzosas y aleatorias/EAE_C8_2007.xls,FBKF_componentes,si,mapeado
2007,fbkf_maq_eq,D,2412,20_21_22_quimicos_farma_caucho_plastico,85934865.26,Forzosas y aleatorias/EAE_C8_2007.xls,FBKF_componentes,si,mapeado
2007,fbkf_maq_eq,D,2413,20_21_22_quimicos_farma_caucho_plastico,20904093.5,Forzosas y aleatorias/EAE_C8_2007.xls,FBKF_componentes,si,mapeado
2007,fbkf_maq_eq,D,2421,20_21_22_quimicos_farma_caucho_plastico,7185412.86,Forzosas y aleatorias/EAE_C8_2007.xls,FBKF_componentes,si,mapeado
2007,fbkf_maq_eq,D,2422,20_21_22_quimicos_farma_caucho_plastico,22331888.2,Forzosas y aleatorias/EAE_C8_2007.xls,FBKF_componentes,si,mapeado
2007,fbkf_maq_eq,D,2423,20_21_22_quimicos_farma_caucho_plastico,174009181.48999998,Forzosas y aleatorias/EAE_C8_2007.xls,FBKF_componentes,si,mapeado
2007,fbkf_maq_eq,D,2424,20_21_22_quimicos_farma_caucho_plastico,4565226.886816667,Forzosas y aleatorias/EAE_C8_2007.xls,FBKF_componentes,si,mapeado
2007,fbkf_maq_eq,D,2429,20_21_22_quimicos_farma_caucho_plastico,7265950.76,Forzosas y aleatorias/EAE_C8_2007.xls,FBKF_componentes,si,mapeado
2007,fbkf_maq_eq,D,2511,20_21_22_quimicos_farma_caucho_plastico,10896748.475,Forzosas y aleatorias/EAE_C8_2007.xls,FBKF_componentes,si,mapeado
2007,fbkf_maq_eq,D,2519,20_21_22_quimicos_farma_caucho_plastico,263729055.2,Forzosas y aleatorias/EAE_C8_2007.xls,FBKF_componentes,si,mapeado
2007,fbkf_maq_eq,D,2520,20_21_22_quimicos_farma_caucho_plastico,169046973.73000002,Forzosas y aleatorias/EAE_C8_2007.xls,FBKF_componentes,si,mapeado
2007,fbkf_maq_eq,D,2610,23_24_minerales_metales,21332576.60272727,Forzosas y aleatorias/EAE_C8_2007.xls,FBKF_componentes,si,mapeado
2007,fbkf_maq_eq,D,2691,23_24_minerales_metales,10207768.84,Forzosas y aleatorias/EAE_C8_2007.xls,FBKF_componentes,si,mapeado
2007,fbkf_maq_eq,D,2692,23_24_minerales_metales,2853806.55,Forzosas y aleatorias/EAE_C8_2007.xls,FBKF_componentes,si,mapeado
2007,fbkf_maq_eq,D,2694,23_24_minerales_metales,28610927.5,Forzosas y aleatorias/EAE_C8_2007.xls,FBKF_componentes,si,mapeado
2007,fbkf_maq_eq,D,2695,23_24_minerales_metales,32575915.490000002,Forzosas y aleatorias/EAE_C8_2007.xls,FBKF_componentes,si,mapeado
2007,fbkf_maq_eq,D,2699,23_24_minerales_metales,5886426.78,Forzosas y aleatorias/EAE_C8_2007.xls,FBKF_componentes,si,mapeado
2007,fbkf_maq_eq,D,2700,23_24_minerales_metales,118484210.56923075,Forzosas y aleatorias/EAE_C8_2007.xls,FBKF_componentes,si,mapeado
2007,fbkf_maq_eq,D,2811,25_26_27_28_33_metal_equipos_reparacion,26583258.25,Forzosas y aleatorias/EAE_C8_2007.xls,FBKF_componentes,si,mapeado
2007,fbkf_maq_eq,D,2812,25_26_27_28_33_metal_equipos_reparacion,852616.24,Forzosas y aleatorias/EAE_C8_2007.xls,FBKF_componentes,si,mapeado
2007,fbkf_maq_eq,D,2890,25_26_27_28_33_metal_equipos_reparacion,85488264.445,Forzosas y aleatorias/EAE_C8_2007.xls,FBKF_componentes,si,mapeado
2007,fbkf_maq_eq,D,2910,25_26_27_28_33_metal_equipos_reparacion,6486863.380000001,Forzosas y aleatorias/EAE_C8_2007.xls,FBKF_componentes,si,mapeado
2007,fbkf_maq_eq,D,2920,25_26_27_28_33_metal_equipos_reparacion,25463492.340000004,Forzosas y aleatorias/EAE_C8_2007.xls,FBKF_componentes,si,mapeado
2007,fbkf_maq_eq,D,2930,25_26_27_28_33_metal_equipos_reparacion,4530457.97,Forzosas y aleatorias/EAE_C8_2007.xls,FBKF_componentes,si,mapeado
2007,fbkf_maq_eq,D,3000,25_26_27_28_33_metal_equipos_reparacion,1156403.08,Forzosas y aleatorias/EAE_C8_2007.xls,FBKF_componentes,si,mapeado
2007,fbkf_maq_eq,D,3100,25_26_27_28_33_metal_equipos_reparacion,128734203.769375,Forzosas y aleatorias/EAE_C8_2007.xls,FBKF_componentes,si,mapeado
2007,fbkf_maq_eq,D,3200,25_26_27_28_33_metal_equipos_reparacion,18359.99999999994,Forzosas y aleatorias/EAE_C8_2007.xls,FBKF_componentes,si,mapeado
2007,fbkf_maq_eq,D,3300,25_26_27_28_33_metal_equipos_reparacion,737955.2983333366,Forzosas y aleatorias/EAE_C8_2007.xls,FBKF_componentes,si,mapeado
2007,fbkf_maq_eq,D,3400,29_30_vehiculos_transporte,79009174.34125,Forzosas y aleatorias/EAE_C8_2007.xls,FBKF_componentes,si,mapeado
2007,fbkf_maq_eq,D,3510,29_30_vehiculos_transporte,10490629.290000001,Forzosas y aleatorias/EAE_C8_2007.xls,FBKF_componentes,si,mapeado
2007,fbkf_maq_eq,D,3530,29_30_vehiculos_transporte,0.0,Forzosas y aleatorias/EAE_C8_2007.xls,FBKF_componentes,si,mapeado
2007,fbkf_maq_eq,D,3590,29_30_vehiculos_transporte,8230465.529999999,Forzosas y aleatorias/EAE_C8_2007.xls,FBKF_componentes,si,mapeado
2007,fbkf_maq_eq,D,3610,31_32_muebles_otras_manufacturas,55048665.2,Forzosas y aleatorias/EAE_C8_2007.xls,FBKF_componentes,si,mapeado
2007,fbkf_maq_eq,D,3691,31_32_muebles_otras_manufacturas,31208.76,Forzosas y aleatorias/EAE_C8_2007.xls,FBKF_componentes,si,mapeado
2007,fbkf_maq_eq,D,3699,31_32_muebles_otras_manufacturas,5867906.31,Forzosas y aleatorias/EAE_C8_2007.xls,FBKF_componentes,si,mapeado
2007,fbkf_maq_eq,D,3700,,3324736.73,Forzosas y aleatorias/EAE_C8_2007.xls,FBKF_componentes,si,no_mapeado_o_no_usado
2007,fbkf_maq_eq,E,4010,,179099000.0,Forzosas y aleatorias/EAE_C8_2007.xls,FBKF_componentes,si,no_mapeado_o_no_usado
2007,fbkf_maq_eq,E,4020,,188130924.0,Forzosas y aleatorias/EAE_C8_2007.xls,FBKF_componentes,si,no_mapeado_o_no_usado
2007,fbkf_maq_eq,E,4100,,258480672.0,Forzosas y aleatorias/EAE_C8_2007.xls,FBKF_componentes,si,no_mapeado_o_no_usado
2007,fbkf_maq_eq,G,5050,,37382976.39666666,Forzosas y aleatorias/EAE_C8_2007.xls,FBKF_componentes,si,no_mapeado_o_no_usado
2007,fbkf_maq_eq,G,50R1,,40592213.7026044,Forzosas y aleatorias/EAE_C8_2007.xls,FBKF_componentes,si,no_mapeado_o_no_usado
2007,fbkf_maq_eq,G,50R2,,87833720.50705127,Forzosas y aleatorias/EAE_C8_2007.xls,FBKF_componentes,si,no_mapeado_o_no_usado
2007,fbkf_maq_eq,G,5110,,1690971.4428571425,Forzosas y aleatorias/EAE_C8_2007.xls,FBKF_componentes,si,no_mapeado_o_no_usado
2007,fbkf_maq_eq,G,512,,735857651.3252445,Forzosas y aleatorias/EAE_C8_2007.xls,FBKF_componentes,si,no_mapeado_o_no_usado
2007,fbkf_maq_eq,G,513,,301094933.8312228,Forzosas y aleatorias/EAE_C8_2007.xls,FBKF_componentes,si,no_mapeado_o_no_usado
2007,fbkf_maq_eq,G,514,,82736040.16509785,Forzosas y aleatorias/EAE_C8_2007.xls,FBKF_componentes,si,no_mapeado_o_no_usado
2007,fbkf_maq_eq,G,5150,,111833178.18357454,Forzosas y aleatorias/EAE_C8_2007.xls,FBKF_componentes,si,no_mapeado_o_no_usado
2007,fbkf_maq_eq,G,5190,,2703325.5,Forzosas y aleatorias/EAE_C8_2007.xls,FBKF_componentes,si,no_mapeado_o_no_usado
2007,fbkf_maq_eq,G,521,,306805420.22481835,Forzosas y aleatorias/EAE_C8_2007.xls,FBKF_componentes,si,no_mapeado_o_no_usado
2007,fbkf_maq_eq,G,522,,24836819.192024384,Forzosas y aleatorias/EAE_C8_2007.xls,FBKF_componentes,si,no_mapeado_o_no_usado
2007,fbkf_maq_eq,G,52R,,161407488.44330496,Forzosas y aleatorias/EAE_C8_2007.xls,FBKF_componentes,si,no_mapeado_o_no_usado
2007,fbkf_maq_eq,H,551,,119127269.85999997,Forzosas y aleatorias/EAE_C8_2007.xls,FBKF_componentes,si,no_mapeado_o_no_usado
2007,fbkf_maq_eq,H,552,,40762870.409444444,Forzosas y aleatorias/EAE_C8_2007.xls,FBKF_componentes,si,no_mapeado_o_no_usado
2007,fbkf_maq_eq,I,60RT,,400664213.3430736,Forzosas y aleatorias/EAE_C8_2007.xls,FBKF_componentes,si,no_mapeado_o_no_usado
2007,fbkf_maq_eq,I,60ST,,592136421.23,Forzosas y aleatorias/EAE_C8_2007.xls,FBKF_componentes,si,no_mapeado_o_no_usado
2007,fbkf_maq_eq,I,61TT,,666657796.01,Forzosas y aleatorias/EAE_C8_2007.xls,FBKF_componentes,si,no_mapeado_o_no_usado
2007,fbkf_maq_eq,I,62TT,,67323340.19999999,Forzosas y aleatorias/EAE_C8_2007.xls,FBKF_componentes,si,no_mapeado_o_no_usado
2007,fbkf_maq_eq,I,6304,,10630512.96,Forzosas y aleatorias/EAE_C8_2007.xls,FBKF_componentes,si,no_mapeado_o_no_usado
2007,fbkf_maq_eq,I,63R,,173010549.10827705,Forzosas y aleatorias/EAE_C8_2007.xls,FBKF_componentes,si,no_mapeado_o_no_usado
2007,fbkf_maq_eq,I,63TT,,70126792.3210114,Forzosas y aleatorias/EAE_C8_2007.xls,FBKF_componentes,si,no_mapeado_o_no_usado
2007,fbkf_maq_eq,I,6410,,15901523.566666668,Forzosas y aleatorias/EAE_C8_2007.xls,FBKF_componentes,si,no_mapeado_o_no_usado
2007,fbkf_maq_eq,I,6420,,5601246761.537778,Forzosas y aleatorias/EAE_C8_2007.xls,FBKF_componentes,si,no_mapeado_o_no_usado
2007,fbkf_maq_eq,K,71,,252834851.12928572,Forzosas y aleatorias/EAE_C8_2007.xls,FBKF_componentes,si,no_mapeado_o_no_usado
2007,fbkf_maq_eq,K,72R1,,102398589.878127,Forzosas y aleatorias/EAE_C8_2007.xls,FBKF_componentes,si,no_mapeado_o_no_usado
2007,fbkf_maq_eq,K,7491,,3564469.270874938,Forzosas y aleatorias/EAE_C8_2007.xls,FBKF_componentes,si,no_mapeado_o_no_usado
2007,fbkf_maq_eq,K,7492,,17147181.735476192,Forzosas y aleatorias/EAE_C8_2007.xls,FBKF_componentes,si,no_mapeado_o_no_usado
2007,fbkf_maq_eq,K,7493,,37823476.05753333,Forzosas y aleatorias/EAE_C8_2007.xls,FBKF_componentes,si,no_mapeado_o_no_usado
2007,fbkf_maq_eq,K,74R,,199516944.3084935,Forzosas y aleatorias/EAE_C8_2007.xls,FBKF_componentes,si,no_mapeado_o_no_usado
2007,fbkf_maq_eq,M,80TT,,79171168.67045571,Forzosas y aleatorias/EAE_C8_2007.xls,FBKF_componentes,si,no_mapeado_o_no_usado
2007,fbkf_maq_eq,N,8511,,325347729.1500001,Forzosas y aleatorias/EAE_C8_2007.xls,FBKF_componentes,si,no_mapeado_o_no_usado
2007,fbkf_maq_eq,N,85ST,,59801154.821831495,Forzosas y aleatorias/EAE_C8_2007.xls,FBKF_componentes,si,no_mapeado_o_no_usado
2007,fbkf_maq_eq,N,VVTT,,51985554.512361735,Forzosas y aleatorias/EAE_C8_2007.xls,FBKF_componentes,no,no_mapeado_o_no_usado
2008,fbcf,B,TT,,186931359.00000003,EAE_C6_2008.xls,FBCF,no,no_mapeado_o_no_usado
2008,adquisiciones_importadas,B,TT,,741150.0,EAE_C6_2008.xls,FBCF,no,no_mapeado_o_no_usado
2008,adquisiciones_origen_importado,B,TT,,9353236.399999999,EAE_C6_2008.xls,FBCF,no,no_mapeado_o_no_usado
2008,fbcf,C,10,10_11_12_alimentos_bebidas_tabaco,4707385574.692909,EAE_C6_2008.xls,FBCF,si,mapeado
2008,adquisiciones_importadas,C,10,10_11_12_alimentos_bebidas_tabaco,854640000.5519443,EAE_C6_2008.xls,FBCF,si,mapeado
2008,adquisiciones_origen_importado,C,10,10_11_12_alimentos_bebidas_tabaco,652105138.492403,EAE_C6_2008.xls,FBCF,si,mapeado
2008,fbcf,C,11,10_11_12_alimentos_bebidas_tabaco,824898192.4861206,EAE_C6_2008.xls,FBCF,si,mapeado
2008,adquisiciones_importadas,C,11,10_11_12_alimentos_bebidas_tabaco,18512959.04659989,EAE_C6_2008.xls,FBCF,si,mapeado
2008,adquisiciones_origen_importado,C,11,10_11_12_alimentos_bebidas_tabaco,359853815.3303962,EAE_C6_2008.xls,FBCF,si,mapeado
2008,fbcf,C,12,10_11_12_alimentos_bebidas_tabaco,40945234.0,EAE_C6_2008.xls,FBCF,si,mapeado
2008,adquisiciones_importadas,C,12,10_11_12_alimentos_bebidas_tabaco,22354486.0,EAE_C6_2008.xls,FBCF,si,mapeado
2008,adquisiciones_origen_importado,C,12,10_11_12_alimentos_bebidas_tabaco,7338873.0,EAE_C6_2008.xls,FBCF,si,mapeado
2008,fbcf,C,13,13_14_15_textiles_prendas_cuero,77056740.26024422,EAE_C6_2008.xls,FBCF,si,mapeado
2008,adquisiciones_importadas,C,13,13_14_15_textiles_prendas_cuero,47728193.25805029,EAE_C6_2008.xls,FBCF,si,mapeado
2008,adquisiciones_origen_importado,C,13,13_14_15_textiles_prendas_cuero,39773707.996513,EAE_C6_2008.xls,FBCF,si,mapeado
2008,fbcf,C,14,13_14_15_textiles_prendas_cuero,86897942.5427501,EAE_C6_2008.xls,FBCF,si,mapeado
2008,adquisiciones_importadas,C,14,13_14_15_textiles_prendas_cuero,7598389.000000001,EAE_C6_2008.xls,FBCF,si,mapeado
2008,adquisiciones_origen_importado,C,14,13_14_15_textiles_prendas_cuero,41832397.64485378,EAE_C6_2008.xls,FBCF,si,mapeado
2008,fbcf,C,15,13_14_15_textiles_prendas_cuero,246853238.15660256,EAE_C6_2008.xls,FBCF,si,mapeado
2008,adquisiciones_importadas,C,15,13_14_15_textiles_prendas_cuero,162271493.1979343,EAE_C6_2008.xls,FBCF,si,mapeado
2008,adquisiciones_origen_importado,C,15,13_14_15_textiles_prendas_cuero,30637004.222252764,EAE_C6_2008.xls,FBCF,si,mapeado
2008,fbcf,C,16,16_madera,3333458957.5517893,EAE_C6_2008.xls,FBCF,si,mapeado
2008,adquisiciones_importadas,C,16,16_madera,982660764.7697208,EAE_C6_2008.xls,FBCF,si,mapeado
2008,adquisiciones_origen_importado,C,16,16_madera,146064331.3022998,EAE_C6_2008.xls,FBCF,si,mapeado
2008,fbcf,C,17,17_18_papel_impresion,3091549802.3524833,EAE_C6_2008.xls,FBCF,si,mapeado
2008,adquisiciones_importadas,C,17,17_18_papel_impresion,139308901.9589197,EAE_C6_2008.xls,FBCF,si,mapeado
2008,adquisiciones_origen_importado,C,17,17_18_papel_impresion,56598474.219632395,EAE_C6_2008.xls,FBCF,si,mapeado
2008,fbcf,C,18,17_18_papel_impresion,415326720.48566914,EAE_C6_2008.xls,FBCF,si,mapeado
2008,adquisiciones_importadas,C,18,17_18_papel_impresion,110504416.37264371,EAE_C6_2008.xls,FBCF,si,mapeado
2008,adquisiciones_origen_importado,C,18,17_18_papel_impresion,136766292.15521076,EAE_C6_2008.xls,FBCF,si,mapeado
2008,fbcf,C,19,19_refinacion,1350715515.0,EAE_C6_2008.xls,FBCF,si,mapeado
2008,adquisiciones_importadas,C,19,19_refinacion,0.0,EAE_C6_2008.xls,FBCF,si,mapeado
2008,adquisiciones_origen_importado,C,19,19_refinacion,1772900519.0,EAE_C6_2008.xls,FBCF,si,mapeado
2008,fbcf,C,20,20_21_22_quimicos_farma_caucho_plastico,894777810.4397565,EAE_C6_2008.xls,FBCF,si,mapeado
2008,adquisiciones_importadas,C,20,20_21_22_quimicos_farma_caucho_plastico,304756663.84471077,EAE_C6_2008.xls,FBCF,si,mapeado
2008,adquisiciones_origen_importado,C,20,20_21_22_quimicos_farma_caucho_plastico,76776460.39093004,EAE_C6_2008.xls,FBCF,si,mapeado
2008,fbcf,C,21,20_21_22_quimicos_farma_caucho_plastico,351609262.317734,EAE_C6_2008.xls,FBCF,si,mapeado
2008,adquisiciones_importadas,C,21,20_21_22_quimicos_farma_caucho_plastico,58526669.00000001,EAE_C6_2008.xls,FBCF,si,mapeado
2008,adquisiciones_origen_importado,C,21,20_21_22_quimicos_farma_caucho_plastico,50448482.94388183,EAE_C6_2008.xls,FBCF,si,mapeado
2008,fbcf,C,22,20_21_22_quimicos_farma_caucho_plastico,738720999.1999633,EAE_C6_2008.xls,FBCF,si,mapeado
2008,adquisiciones_importadas,C,22,20_21_22_quimicos_farma_caucho_plastico,580601140.5220957,EAE_C6_2008.xls,FBCF,si,mapeado
2008,adquisiciones_origen_importado,C,22,20_21_22_quimicos_farma_caucho_plastico,66583036.17519851,EAE_C6_2008.xls,FBCF,si,mapeado
2008,fbcf,C,23,23_24_minerales_metales,446940593.55243134,EAE_C6_2008.xls,FBCF,si,mapeado
2008,adquisiciones_importadas,C,23,23_24_minerales_metales,115673792.34562722,EAE_C6_2008.xls,FBCF,si,mapeado
2008,adquisiciones_origen_importado,C,23,23_24_minerales_metales,190596337.67137316,EAE_C6_2008.xls,FBCF,si,mapeado
2008,fbcf,C,24,23_24_minerales_metales,342715772.00000006,EAE_C6_2008.xls,FBCF,si,mapeado
2008,adquisiciones_importadas,C,24,23_24_minerales_metales,105093493.00000001,EAE_C6_2008.xls,FBCF,si,mapeado
2008,adquisiciones_origen_importado,C,24,23_24_minerales_metales,24363556.000000004,EAE_C6_2008.xls,FBCF,si,mapeado
2008,fbcf,C,25,25_26_27_28_33_metal_equipos_reparacion,80715006.06667855,EAE_C6_2008.xls,FBCF,si,mapeado
2008,adquisiciones_importadas,C,25,25_26_27_28_33_metal_equipos_reparacion,4809301.819112634,EAE_C6_2008.xls,FBCF,si,mapeado
2008,adquisiciones_origen_importado,C,25,25_26_27_28_33_metal_equipos_reparacion,32716078.03827184,EAE_C6_2008.xls,FBCF,si,mapeado
2008,fbcf,C,26,25_26_27_28_33_metal_equipos_reparacion,6177912.8346422715,EAE_C6_2008.xls,FBCF,si,mapeado
2008,adquisiciones_importadas,C,26,25_26_27_28_33_metal_equipos_reparacion,4138665.0,EAE_C6_2008.xls,FBCF,si,mapeado
2008,adquisiciones_origen_importado,C,26,25_26_27_28_33_metal_equipos_reparacion,1332999.936733528,EAE_C6_2008.xls,FBCF,si,mapeado
2008,fbcf,C,27,25_26_27_28_33_metal_equipos_reparacion,182136727.09860688,EAE_C6_2008.xls,FBCF,si,mapeado
2008,adquisiciones_importadas,C,27,25_26_27_28_33_metal_equipos_reparacion,110618664.90949479,EAE_C6_2008.xls,FBCF,si,mapeado
2008,adquisiciones_origen_importado,C,27,25_26_27_28_33_metal_equipos_reparacion,12371254.203901969,EAE_C6_2008.xls,FBCF,si,mapeado
2008,fbcf,C,28,25_26_27_28_33_metal_equipos_reparacion,25854952.42348586,EAE_C6_2008.xls,FBCF,si,mapeado
2008,adquisiciones_importadas,C,28,25_26_27_28_33_metal_equipos_reparacion,0.0,EAE_C6_2008.xls,FBCF,si,mapeado
2008,adquisiciones_origen_importado,C,28,25_26_27_28_33_metal_equipos_reparacion,11906806.11994154,EAE_C6_2008.xls,FBCF,si,mapeado
2008,fbcf,C,29,29_30_vehiculos_transporte,70422606.08711267,EAE_C6_2008.xls,FBCF,si,mapeado
2008,adquisiciones_importadas,C,29,29_30_vehiculos_transporte,11560829.000000002,EAE_C6_2008.xls,FBCF,si,mapeado
2008,adquisiciones_origen_importado,C,29,29_30_vehiculos_transporte,12555564.060635664,EAE_C6_2008.xls,FBCF,si,mapeado
2008,fbcf,C,30,29_30_vehiculos_transporte,17623682.0,EAE_C6_2008.xls,FBCF,si,mapeado
2008,adquisiciones_importadas,C,30,29_30_vehiculos_transporte,1217548.0,EAE_C6_2008.xls,FBCF,si,mapeado
2008,adquisiciones_origen_importado,C,30,29_30_vehiculos_transporte,2754662.0,EAE_C6_2008.xls,FBCF,si,mapeado
2008,fbcf,C,31,31_32_muebles_otras_manufacturas,52277278.30821689,EAE_C6_2008.xls,FBCF,si,mapeado
2008,adquisiciones_importadas,C,31,31_32_muebles_otras_manufacturas,8997952.0,EAE_C6_2008.xls,FBCF,si,mapeado
2008,adquisiciones_origen_importado,C,31,31_32_muebles_otras_manufacturas,5244407.79827794,EAE_C6_2008.xls,FBCF,si,mapeado
2008,fbcf,C,32,31_32_muebles_otras_manufacturas,33526344.69392649,EAE_C6_2008.xls,FBCF,si,mapeado
2008,adquisiciones_importadas,C,32,31_32_muebles_otras_manufacturas,1584563.071247924,EAE_C6_2008.xls,FBCF,si,mapeado
2008,adquisiciones_origen_importado,C,32,31_32_muebles_otras_manufacturas,11135250.389872678,EAE_C6_2008.xls,FBCF,si,mapeado
2008,fbcf,C,33,25_26_27_28_33_metal_equipos_reparacion,24339295.663233988,EAE_C6_2008.xls,FBCF,si,mapeado
2008,adquisiciones_importadas,C,33,25_26_27_28_33_metal_equipos_reparacion,1974475.1010615283,EAE_C6_2008.xls,FBCF,si,mapeado
2008,adquisiciones_origen_importado,C,33,25_26_27_28_33_metal_equipos_reparacion,3435053.168651186,EAE_C6_2008.xls,FBCF,si,mapeado
2008,fbcf,D,35,,2410057440.0,EAE_C6_2008.xls,FBCF,si,no_mapeado_o_no_usado
2008,adquisiciones_importadas,D,35,,0.0,EAE_C6_2008.xls,FBCF,si,no_mapeado_o_no_usado
2008,adquisiciones_origen_importado,D,35,,0.0,EAE_C6_2008.xls,FBCF,si,no_mapeado_o_no_usado
2008,fbcf,E,36 y 37,,1128185886.0,EAE_C6_2008.xls,FBCF,si,no_mapeado_o_no_usado
2008,adquisiciones_importadas,E,36 y 37,,0.0,EAE_C6_2008.xls,FBCF,si,no_mapeado_o_no_usado
2008,adquisiciones_origen_importado,E,36 y 37,,0.0,EAE_C6_2008.xls,FBCF,si,no_mapeado_o_no_usado
2008,fbcf,E,38,,21410135.546188544,EAE_C6_2008.xls,FBCF,si,no_mapeado_o_no_usado
2008,adquisiciones_importadas,E,38,,733621.0978714054,EAE_C6_2008.xls,FBCF,si,no_mapeado_o_no_usado
2008,adquisiciones_origen_importado,E,38,,632251.5450769264,EAE_C6_2008.xls,FBCF,si,no_mapeado_o_no_usado
2008,fbcf,G,45,,182739387.5448322,EAE_C6_2008.xls,FBCF,si,no_mapeado_o_no_usado
2008,adquisiciones_importadas,G,45,,29006438.90321834,EAE_C6_2008.xls,FBCF,si,no_mapeado_o_no_usado
2008,adquisiciones_origen_importado,G,45,,90757546.7582921,EAE_C6_2008.xls,FBCF,si,no_mapeado_o_no_usado
2008,fbcf,G,46,,3520370241.941814,EAE_C6_2008.xls,FBCF,si,no_mapeado_o_no_usado
2008,adquisiciones_importadas,G,46,,942846676.7902565,EAE_C6_2008.xls,FBCF,si,no_mapeado_o_no_usado
2008,adquisiciones_origen_importado,G,46,,548615804.4927782,EAE_C6_2008.xls,FBCF,si,no_mapeado_o_no_usado
2008,fbcf,G,47,,1518098327.0183887,EAE_C6_2008.xls,FBCF,si,no_mapeado_o_no_usado
2008,adquisiciones_importadas,G,47,,6594977.518683537,EAE_C6_2008.xls,FBCF,si,no_mapeado_o_no_usado
2008,adquisiciones_origen_importado,G,47,,186444402.7650398,EAE_C6_2008.xls,FBCF,si,no_mapeado_o_no_usado
2008,fbcf,H,49,,1816611248.660868,EAE_C6_2008.xls,FBCF,si,no_mapeado_o_no_usado
2008,adquisiciones_importadas,H,49,,626901183.4784139,EAE_C6_2008.xls,FBCF,si,no_mapeado_o_no_usado
2008,adquisiciones_origen_importado,H,49,,1127018974.5227287,EAE_C6_2008.xls,FBCF,si,no_mapeado_o_no_usado
2008,fbcf,H,50,,396283260.4780899,EAE_C6_2008.xls,FBCF,si,no_mapeado_o_no_usado
2008,adquisiciones_importadas,H,50,,350605079.99649024,EAE_C6_2008.xls,FBCF,si,no_mapeado_o_no_usado
2008,adquisiciones_origen_importado,H,50,,12773195.0,EAE_C6_2008.xls,FBCF,si,no_mapeado_o_no_usado
2008,fbcf,H,51,,1973462812.2123048,EAE_C6_2008.xls,FBCF,si,no_mapeado_o_no_usado
2008,adquisiciones_importadas,H,51,,1956839906.0000002,EAE_C6_2008.xls,FBCF,si,no_mapeado_o_no_usado
2008,adquisiciones_origen_importado,H,51,,16766306.298786756,EAE_C6_2008.xls,FBCF,si,no_mapeado_o_no_usado
2008,fbcf,H,52,,2609406592.2498646,EAE_C6_2008.xls,FBCF,si,no_mapeado_o_no_usado
2008,adquisiciones_importadas,H,52,,157045669.00000003,EAE_C6_2008.xls,FBCF,si,no_mapeado_o_no_usado
2008,adquisiciones_origen_importado,H,52,,652612525.8045251,EAE_C6_2008.xls,FBCF,si,no_mapeado_o_no_usado
2008,fbcf,H,53,,19663318.312468477,EAE_C6_2008.xls,FBCF,si,no_mapeado_o_no_usado
2008,adquisiciones_importadas,H,53,,7480208.5258151125,EAE_C6_2008.xls,FBCF,si,no_mapeado_o_no_usado
2008,adquisiciones_origen_importado,H,53,,4466405.0,EAE_C6_2008.xls,FBCF,si,no_mapeado_o_no_usado
2008,fbcf,I,55,,223745400.28258336,EAE_C6_2008.xls,FBCF,si,no_mapeado_o_no_usado
2008,adquisiciones_importadas,I,55,,122131270.34994856,EAE_C6_2008.xls,FBCF,si,no_mapeado_o_no_usado
2008,adquisiciones_origen_importado,I,55,,9270832.396435069,EAE_C6_2008.xls,FBCF,si,no_mapeado_o_no_usado
2008,fbcf,I,56,,149909043.7621581,EAE_C6_2008.xls,FBCF,si,no_mapeado_o_no_usado
2008,adquisiciones_importadas,I,56,,0.0,EAE_C6_2008.xls,FBCF,si,no_mapeado_o_no_usado
2008,adquisiciones_origen_importado,I,56,,3410020.8707395974,EAE_C6_2008.xls,FBCF,si,no_mapeado_o_no_usado
2008,fbcf,J,58,,138827489.22301406,EAE_C6_2008.xls,FBCF,si,no_mapeado_o_no_usado
2008,adquisiciones_importadas,J,58,,43761704.0,EAE_C6_2008.xls,FBCF,si,no_mapeado_o_no_usado
2008,adquisiciones_origen_importado,J,58,,22718697.051383395,EAE_C6_2008.xls,FBCF,si,no_mapeado_o_no_usado
2008,fbcf,J,59,,58414030.23843279,EAE_C6_2008.xls,FBCF,si,no_mapeado_o_no_usado
2008,adquisiciones_importadas,J,59,,9920222.0,EAE_C6_2008.xls,FBCF,si,no_mapeado_o_no_usado
2008,adquisiciones_origen_importado,J,59,,3061406.271329955,EAE_C6_2008.xls,FBCF,si,no_mapeado_o_no_usado
2008,fbcf,J,60,,131341009.18390614,EAE_C6_2008.xls,FBCF,si,no_mapeado_o_no_usado
2008,adquisiciones_importadas,J,60,,32033502.859565396,EAE_C6_2008.xls,FBCF,si,no_mapeado_o_no_usado
2008,adquisiciones_origen_importado,J,60,,86204552.4672132,EAE_C6_2008.xls,FBCF,si,no_mapeado_o_no_usado
2008,fbcf,J,61,,6418247168.130402,EAE_C6_2008.xls,FBCF,si,no_mapeado_o_no_usado
2008,adquisiciones_importadas,J,61,,992402869.3348775,EAE_C6_2008.xls,FBCF,si,no_mapeado_o_no_usado
2008,adquisiciones_origen_importado,J,61,,206030649.70847303,EAE_C6_2008.xls,FBCF,si,no_mapeado_o_no_usado
2008,fbcf,J,62 y 63,,73891816.58126758,EAE_C6_2008.xls,FBCF,si,no_mapeado_o_no_usado
2008,adquisiciones_importadas,J,62 y 63,,2074275.7746114016,EAE_C6_2008.xls,FBCF,si,no_mapeado_o_no_usado
2008,adquisiciones_origen_importado,J,62 y 63,,58026702.70617575,EAE_C6_2008.xls,FBCF,si,no_mapeado_o_no_usado
2008,fbcf,M,69,,97849749.08232434,EAE_C6_2008.xls,FBCF,si,no_mapeado_o_no_usado
2008,adquisiciones_importadas,M,69,,290134.0,EAE_C6_2008.xls,FBCF,si,no_mapeado_o_no_usado
2008,adquisiciones_origen_importado,M,69,,31203054.166600563,EAE_C6_2008.xls,FBCF,si,no_mapeado_o_no_usado
2008,fbcf,M,70,,18288782.112326182,EAE_C6_2008.xls,FBCF,si,no_mapeado_o_no_usado
2008,adquisiciones_importadas,M,70,,0.0,EAE_C6_2008.xls,FBCF,si,no_mapeado_o_no_usado
2008,adquisiciones_origen_importado,M,70,,6735984.440332069,EAE_C6_2008.xls,FBCF,si,no_mapeado_o_no_usado
2008,fbcf,M,71,,87685202.10493472,EAE_C6_2008.xls,FBCF,si,no_mapeado_o_no_usado
2008,adquisiciones_importadas,M,71,,22652415.000000004,EAE_C6_2008.xls,FBCF,si,no_mapeado_o_no_usado
2008,adquisiciones_origen_importado,M,71,,45420329.85004619,EAE_C6_2008.xls,FBCF,si,no_mapeado_o_no_usado
2008,fbcf,M,72,,30228496.416543134,EAE_C6_2008.xls,FBCF,si,no_mapeado_o_no_usado
2008,adquisiciones_importadas,M,72,,104440.37262232043,EAE_C6_2008.xls,FBCF,si,no_mapeado_o_no_usado
2008,adquisiciones_origen_importado,M,72,,775977.1465828817,EAE_C6_2008.xls,FBCF,si,no_mapeado_o_no_usado
2008,fbcf,M,73,,61950479.84711152,EAE_C6_2008.xls,FBCF,si,no_mapeado_o_no_usado
2008,adquisiciones_importadas,M,73,,3237598.533174809,EAE_C6_2008.xls,FBCF,si,no_mapeado_o_no_usado
2008,adquisiciones_origen_importado,M,73,,22439805.620577477,EAE_C6_2008.xls,FBCF,si,no_mapeado_o_no_usado
2008,fbcf,N,77,,258155401.78974932,EAE_C6_2008.xls,FBCF,si,no_mapeado_o_no_usado
2008,adquisiciones_importadas,N,77,,10194499.772925397,EAE_C6_2008.xls,FBCF,si,no_mapeado_o_no_usado
2008,adquisiciones_origen_importado,N,77,,238931324.316876,EAE_C6_2008.xls,FBCF,si,no_mapeado_o_no_usado
2008,fbcf,N,78,,11753179.511678336,EAE_C6_2008.xls,FBCF,si,no_mapeado_o_no_usado
2008,adquisiciones_importadas,N,78,,0.0,EAE_C6_2008.xls,FBCF,si,no_mapeado_o_no_usado
2008,adquisiciones_origen_importado,N,78,,1416872.130744127,EAE_C6_2008.xls,FBCF,si,no_mapeado_o_no_usado
2008,fbcf,N,79,,20076404.689815734,EAE_C6_2008.xls,FBCF,si,no_mapeado_o_no_usado
2008,adquisiciones_importadas,N,79,,0.0,EAE_C6_2008.xls,FBCF,si,no_mapeado_o_no_usado
2008,adquisiciones_origen_importado,N,79,,2459977.878024253,EAE_C6_2008.xls,FBCF,si,no_mapeado_o_no_usado
2008,fbcf,N,80,,58633826.17099751,EAE_C6_2008.xls,FBCF,si,no_mapeado_o_no_usado
2008,adquisiciones_importadas,N,80,,0.0,EAE_C6_2008.xls,FBCF,si,no_mapeado_o_no_usado
2008,adquisiciones_origen_importado,N,80,,14643633.379863372,EAE_C6_2008.xls,FBCF,si,no_mapeado_o_no_usado
2008,fbcf,N,81,,50090936.226999514,EAE_C6_2008.xls,FBCF,si,no_mapeado_o_no_usado
2008,adquisiciones_importadas,N,81,,1347377.0,EAE_C6_2008.xls,FBCF,si,no_mapeado_o_no_usado
2008,adquisiciones_origen_importado,N,81,,2948571.06970898,EAE_C6_2008.xls,FBCF,si,no_mapeado_o_no_usado
2008,fbcf,N,82,,83167735.5130659,EAE_C6_2008.xls,FBCF,si,no_mapeado_o_no_usado
2008,adquisiciones_importadas,N,82,,0.0,EAE_C6_2008.xls,FBCF,si,no_mapeado_o_no_usado
2008,adquisiciones_origen_importado,N,82,,4667928.744225408,EAE_C6_2008.xls,FBCF,si,no_mapeado_o_no_usado
2008,fbcf,P,85,,246447048.8102828,EAE_C6_2008.xls,FBCF,si,no_mapeado_o_no_usado
2008,adquisiciones_importadas,P,85,,16904145.00000002,EAE_C6_2008.xls,FBCF,si,no_mapeado_o_no_usado
2008,adquisiciones_origen_importado,P,85,,25812337.121718105,EAE_C6_2008.xls,FBCF,si,no_mapeado_o_no_usado
2008,fbcf,Q,86,,1573945639.4299338,EAE_C6_2008.xls,FBCF,si,no_mapeado_o_no_usado
2008,adquisiciones_importadas,Q,86,,2657427.3146865014,EAE_C6_2008.xls,FBCF,si,no_mapeado_o_no_usado
2008,adquisiciones_origen_importado,Q,86,,172450758.44387636,EAE_C6_2008.xls,FBCF,si,no_mapeado_o_no_usado
2008,fbcf,Q,87,,15567808.590155333,EAE_C6_2008.xls,FBCF,si,no_mapeado_o_no_usado
2008,adquisiciones_importadas,Q,87,,0.0,EAE_C6_2008.xls,FBCF,si,no_mapeado_o_no_usado
2008,adquisiciones_origen_importado,Q,87,,644725.3190240635,EAE_C6_2008.xls,FBCF,si,no_mapeado_o_no_usado
2008,fbcf,Q,88,,22985316.494889632,EAE_C6_2008.xls,FBCF,si,no_mapeado_o_no_usado
2008,adquisiciones_importadas,Q,88,,0.0,EAE_C6_2008.xls,FBCF,si,no_mapeado_o_no_usado
2008,adquisiciones_origen_importado,Q,88,,0.0,EAE_C6_2008.xls,FBCF,si,no_mapeado_o_no_usado
2008,fbcf,R,92,,70387934.5,EAE_C6_2008.xls,FBCF,si,no_mapeado_o_no_usado
2008,adquisiciones_importadas,R,92,,18732203.0,EAE_C6_2008.xls,FBCF,si,no_mapeado_o_no_usado
2008,adquisiciones_origen_importado,R,92,,9142445.0,EAE_C6_2008.xls,FBCF,si,no_mapeado_o_no_usado
2008,fbcf,R,93,,182479569.5793652,EAE_C6_2008.xls,FBCF,si,no_mapeado_o_no_usado
2008,adquisiciones_importadas,R,93,,1455045.785714289,EAE_C6_2008.xls,FBCF,si,no_mapeado_o_no_usado
2008,adquisiciones_origen_importado,R,93,,7178103.285714287,EAE_C6_2008.xls,FBCF,si,no_mapeado_o_no_usado
2008,fbkf_maq_eq,B,TT,,102860706.0,EAE_C8_2008.xls,FBKF_componentes,no,no_mapeado_o_no_usado
2008,fbkf_maq_eq,C,10,10_11_12_alimentos_bebidas_tabaco,2749154455.641394,EAE_C8_2008.xls,FBKF_componentes,si,mapeado
2008,fbkf_maq_eq,C,11,10_11_12_alimentos_bebidas_tabaco,660019534.8953665,EAE_C8_2008.xls,FBKF_componentes,si,mapeado
2008,fbkf_maq_eq,C,12,10_11_12_alimentos_bebidas_tabaco,32841644.0,EAE_C8_2008.xls,FBKF_componentes,si,mapeado
2008,fbkf_maq_eq,C,13,13_14_15_textiles_prendas_cuero,86521747.33450846,EAE_C8_2008.xls,FBKF_componentes,si,mapeado
2008,fbkf_maq_eq,C,14,13_14_15_textiles_prendas_cuero,61223322.16000258,EAE_C8_2008.xls,FBKF_componentes,si,mapeado
2008,fbkf_maq_eq,C,15,13_14_15_textiles_prendas_cuero,195222146.0947203,EAE_C8_2008.xls,FBKF_componentes,si,mapeado
2008,fbkf_maq_eq,C,16,16_madera,460809691.13034153,EAE_C8_2008.xls,FBKF_componentes,si,mapeado
2008,fbkf_maq_eq,C,17,17_18_papel_impresion,2150242161.682238,EAE_C8_2008.xls,FBKF_componentes,si,mapeado
2008,fbkf_maq_eq,C,18,17_18_papel_impresion,326221391.7619321,EAE_C8_2008.xls,FBKF_componentes,si,mapeado
2008,fbkf_maq_eq,C,19,19_refinacion,1392375217.0,EAE_C8_2008.xls,FBKF_componentes,si,mapeado
2008,fbkf_maq_eq,C,20,20_21_22_quimicos_farma_caucho_plastico,467172202.43975675,EAE_C8_2008.xls,FBKF_componentes,si,mapeado
2008,fbkf_maq_eq,C,21,20_21_22_quimicos_farma_caucho_plastico,163393501.698697,EAE_C8_2008.xls,FBKF_componentes,si,mapeado
2008,fbkf_maq_eq,C,22,20_21_22_quimicos_farma_caucho_plastico,622280445.9201819,EAE_C8_2008.xls,FBKF_componentes,si,mapeado
2008,fbkf_maq_eq,C,23,23_24_minerales_metales,361933083.7566365,EAE_C8_2008.xls,FBKF_componentes,si,mapeado
2008,fbkf_maq_eq,C,24,23_24_minerales_metales,141629687.0,EAE_C8_2008.xls,FBKF_componentes,si,mapeado
2008,fbkf_maq_eq,C,25,25_26_27_28_33_metal_equipos_reparacion,66031447.98946671,EAE_C8_2008.xls,FBKF_componentes,si,mapeado
2008,fbkf_maq_eq,C,26,25_26_27_28_33_metal_equipos_reparacion,6106287.834642272,EAE_C8_2008.xls,FBKF_componentes,si,mapeado
2008,fbkf_maq_eq,C,27,25_26_27_28_33_metal_equipos_reparacion,115609185.98452294,EAE_C8_2008.xls,FBKF_componentes,si,mapeado
2008,fbkf_maq_eq,C,28,25_26_27_28_33_metal_equipos_reparacion,16085761.295881644,EAE_C8_2008.xls,FBKF_componentes,si,mapeado
2008,fbkf_maq_eq,C,29,29_30_vehiculos_transporte,38394300.68557824,EAE_C8_2008.xls,FBKF_componentes,si,mapeado
2008,fbkf_maq_eq,C,30,29_30_vehiculos_transporte,6036011.0,EAE_C8_2008.xls,FBKF_componentes,si,mapeado
2008,fbkf_maq_eq,C,31,31_32_muebles_otras_manufacturas,29985921.126150396,EAE_C8_2008.xls,FBKF_componentes,si,mapeado
2008,fbkf_maq_eq,C,32,31_32_muebles_otras_manufacturas,28492647.919058397,EAE_C8_2008.xls,FBKF_componentes,si,mapeado
2008,fbkf_maq_eq,C,33,25_26_27_28_33_metal_equipos_reparacion,16554370.663233995,EAE_C8_2008.xls,FBKF_componentes,si,mapeado
2008,fbkf_maq_eq,D,35,,524504618.0,EAE_C8_2008.xls,FBKF_componentes,si,no_mapeado_o_no_usado
2008,fbkf_maq_eq,E,36 y 37,,1096494987.0,EAE_C8_2008.xls,FBKF_componentes,si,no_mapeado_o_no_usado
2008,fbkf_maq_eq,E,38,,20434858.2561731,EAE_C8_2008.xls,FBKF_componentes,si,no_mapeado_o_no_usado
2008,fbkf_maq_eq,G,45,,118288707.17465995,EAE_C8_2008.xls,FBKF_componentes,si,no_mapeado_o_no_usado
2008,fbkf_maq_eq,G,46,,1716594566.4176884,EAE_C8_2008.xls,FBKF_componentes,si,no_mapeado_o_no_usado
2008,fbkf_maq_eq,G,47,,712568026.8573413,EAE_C8_2008.xls,FBKF_componentes,si,no_mapeado_o_no_usado
2008,fbkf_maq_eq,H,49,,1648332259.8641546,EAE_C8_2008.xls,FBKF_componentes,si,no_mapeado_o_no_usado
2008,fbkf_maq_eq,H,50,,378824126.47808987,EAE_C8_2008.xls,FBKF_componentes,si,no_mapeado_o_no_usado
2008,fbkf_maq_eq,H,51,,1963656812.4448085,EAE_C8_2008.xls,FBKF_componentes,si,no_mapeado_o_no_usado
2008,fbkf_maq_eq,H,52,,817576490.6628442,EAE_C8_2008.xls,FBKF_componentes,si,no_mapeado_o_no_usado
2008,fbkf_maq_eq,H,53,,14721673.312468475,EAE_C8_2008.xls,FBKF_componentes,si,no_mapeado_o_no_usado
2008,fbkf_maq_eq,I,55,,184387125.86139828,EAE_C8_2008.xls,FBKF_componentes,si,no_mapeado_o_no_usado
2008,fbkf_maq_eq,I,56,,109153064.12511209,EAE_C8_2008.xls,FBKF_componentes,si,no_mapeado_o_no_usado
2008,fbkf_maq_eq,J,58,,76310817.36291039,EAE_C8_2008.xls,FBKF_componentes,si,no_mapeado_o_no_usado
2008,fbkf_maq_eq,J,59,,21545828.950022902,EAE_C8_2008.xls,FBKF_componentes,si,no_mapeado_o_no_usado
2008,fbkf_maq_eq,J,60,,78069291.59439144,EAE_C8_2008.xls,FBKF_componentes,si,no_mapeado_o_no_usado
2008,fbkf_maq_eq,J,61,,5807194369.678518,EAE_C8_2008.xls,FBKF_componentes,si,no_mapeado_o_no_usado
2008,fbkf_maq_eq,J,62 y 63,,37495728.3432792,EAE_C8_2008.xls,FBKF_componentes,si,no_mapeado_o_no_usado
2008,fbkf_maq_eq,M,69,,76675759.52467898,EAE_C8_2008.xls,FBKF_componentes,si,no_mapeado_o_no_usado
2008,fbkf_maq_eq,M,70,,12594178.788220624,EAE_C8_2008.xls,FBKF_componentes,si,no_mapeado_o_no_usado
2008,fbkf_maq_eq,M,71,,73510528.28525746,EAE_C8_2008.xls,FBKF_componentes,si,no_mapeado_o_no_usado
2008,fbkf_maq_eq,M,72,,27282015.133258436,EAE_C8_2008.xls,FBKF_componentes,si,no_mapeado_o_no_usado
2008,fbkf_maq_eq,M,73,,49785788.782296166,EAE_C8_2008.xls,FBKF_componentes,si,no_mapeado_o_no_usado
2008,fbkf_maq_eq,N,77,,247670816.58367142,EAE_C8_2008.xls,FBKF_componentes,si,no_mapeado_o_no_usado
2008,fbkf_maq_eq,N,78,,7831690.753863218,EAE_C8_2008.xls,FBKF_componentes,si,no_mapeado_o_no_usado
2008,fbkf_maq_eq,N,79,,11589574.705560941,EAE_C8_2008.xls,FBKF_componentes,si,no_mapeado_o_no_usado
2008,fbkf_maq_eq,N,80,,28087932.49119516,EAE_C8_2008.xls,FBKF_componentes,si,no_mapeado_o_no_usado
2008,fbkf_maq_eq,N,81,,26478652.413879592,EAE_C8_2008.xls,FBKF_componentes,si,no_mapeado_o_no_usado
2008,fbkf_maq_eq,N,82,,57502811.279105134,EAE_C8_2008.xls,FBKF_componentes,si,no_mapeado_o_no_usado
2008,fbkf_maq_eq,P,85,,97784995.35403438,EAE_C8_2008.xls,FBKF_componentes,si,no_mapeado_o_no_usado
2008,fbkf_maq_eq,Q,86,,449295919.98374325,EAE_C8_2008.xls,FBKF_componentes,si,no_mapeado_o_no_usado
2008,fbkf_maq_eq,Q,87,,12195898.812509406,EAE_C8_2008.xls,FBKF_componentes,si,no_mapeado_o_no_usado
2008,fbkf_maq_eq,Q,88,,13794741.792030575,EAE_C8_2008.xls,FBKF_componentes,si,no_mapeado_o_no_usado
2008,fbkf_maq_eq,R,92,,31579968.499999996,EAE_C8_2008.xls,FBKF_componentes,si,no_mapeado_o_no_usado
2008,fbkf_maq_eq,R,93,,72214355.57142855,EAE_C8_2008.xls,FBKF_componentes,si,no_mapeado_o_no_usado
2009,fbcf,C,10,10_11_12_alimentos_bebidas_tabaco,3931588123.4354253,EAE_C6_2009.xls,FBCF,si,mapeado
2009,adquisiciones_importadas,C,10,10_11_12_alimentos_bebidas_tabaco,851934694.835405,EAE_C6_2009.xls,FBCF,si,mapeado
2009,adquisiciones_origen_importado,C,10,10_11_12_alimentos_bebidas_tabaco,447970708.9436451,EAE_C6_2009.xls,FBCF,si,mapeado
2009,fbcf,C,11,10_11_12_alimentos_bebidas_tabaco,479024593.6671308,EAE_C6_2009.xls,FBCF,si,mapeado
2009,adquisiciones_importadas,C,11,10_11_12_alimentos_bebidas_tabaco,24610377.45848969,EAE_C6_2009.xls,FBCF,si,mapeado
2009,adquisiciones_origen_importado,C,11,10_11_12_alimentos_bebidas_tabaco,208636718.40953314,EAE_C6_2009.xls,FBCF,si,mapeado
2009,fbcf,C,12,10_11_12_alimentos_bebidas_tabaco,130524974.0,EAE_C6_2009.xls,FBCF,si,mapeado
2009,adquisiciones_importadas,C,12,10_11_12_alimentos_bebidas_tabaco,110821564.0,EAE_C6_2009.xls,FBCF,si,mapeado
2009,adquisiciones_origen_importado,C,12,10_11_12_alimentos_bebidas_tabaco,4397901.0,EAE_C6_2009.xls,FBCF,si,mapeado
2009,fbcf,C,13,13_14_15_textiles_prendas_cuero,90931245.3283033,EAE_C6_2009.xls,FBCF,si,mapeado
2009,adquisiciones_importadas,C,13,13_14_15_textiles_prendas_cuero,52334612.34479737,EAE_C6_2009.xls,FBCF,si,mapeado
2009,adquisiciones_origen_importado,C,13,13_14_15_textiles_prendas_cuero,40008210.956841655,EAE_C6_2009.xls,FBCF,si,mapeado
2009,fbcf,C,14,13_14_15_textiles_prendas_cuero,69812070.63138564,EAE_C6_2009.xls,FBCF,si,mapeado
2009,adquisiciones_importadas,C,14,13_14_15_textiles_prendas_cuero,14696207.293027053,EAE_C6_2009.xls,FBCF,si,mapeado
2009,adquisiciones_origen_importado,C,14,13_14_15_textiles_prendas_cuero,16989944.263921753,EAE_C6_2009.xls,FBCF,si,mapeado
2009,fbcf,C,15,13_14_15_textiles_prendas_cuero,110398862.55801482,EAE_C6_2009.xls,FBCF,si,mapeado
2009,adquisiciones_importadas,C,15,13_14_15_textiles_prendas_cuero,97634069.45416357,EAE_C6_2009.xls,FBCF,si,mapeado
2009,adquisiciones_origen_importado,C,15,13_14_15_textiles_prendas_cuero,28670640.784935307,EAE_C6_2009.xls,FBCF,si,mapeado
2009,fbcf,C,16,16_madera,-553125980.2585698,EAE_C6_2009.xls,FBCF,si,mapeado
2009,adquisiciones_importadas,C,16,16_madera,74221112.33175382,EAE_C6_2009.xls,FBCF,si,mapeado
2009,adquisiciones_origen_importado,C,16,16_madera,11446077.616911361,EAE_C6_2009.xls,FBCF,si,mapeado
2009,fbcf,C,17,17_18_papel_impresion,702782350.0845349,EAE_C6_2009.xls,FBCF,si,mapeado
2009,adquisiciones_importadas,C,17,17_18_papel_impresion,293197658.68552643,EAE_C6_2009.xls,FBCF,si,mapeado
2009,adquisiciones_origen_importado,C,17,17_18_papel_impresion,99011054.70367096,EAE_C6_2009.xls,FBCF,si,mapeado
2009,fbcf,C,18,17_18_papel_impresion,163719462.82446966,EAE_C6_2009.xls,FBCF,si,mapeado
2009,adquisiciones_importadas,C,18,17_18_papel_impresion,133721104.61688448,EAE_C6_2009.xls,FBCF,si,mapeado
2009,adquisiciones_origen_importado,C,18,17_18_papel_impresion,57070936.36301628,EAE_C6_2009.xls,FBCF,si,mapeado
2009,fbcf,C,19,19_refinacion,142718699.0,EAE_C6_2009.xls,FBCF,si,mapeado
2009,adquisiciones_importadas,C,19,19_refinacion,40546122.0,EAE_C6_2009.xls,FBCF,si,mapeado
2009,adquisiciones_origen_importado,C,19,19_refinacion,84594923.0,EAE_C6_2009.xls,FBCF,si,mapeado
2009,fbcf,C,20,20_21_22_quimicos_farma_caucho_plastico,574175433.9003265,EAE_C6_2009.xls,FBCF,si,mapeado
2009,adquisiciones_importadas,C,20,20_21_22_quimicos_farma_caucho_plastico,102199023.6294973,EAE_C6_2009.xls,FBCF,si,mapeado
2009,adquisiciones_origen_importado,C,20,20_21_22_quimicos_farma_caucho_plastico,87665082.38357215,EAE_C6_2009.xls,FBCF,si,mapeado
2009,fbcf,C,21,20_21_22_quimicos_farma_caucho_plastico,412859413.1469313,EAE_C6_2009.xls,FBCF,si,mapeado
2009,adquisiciones_importadas,C,21,20_21_22_quimicos_farma_caucho_plastico,79230689.23749258,EAE_C6_2009.xls,FBCF,si,mapeado
2009,adquisiciones_origen_importado,C,21,20_21_22_quimicos_farma_caucho_plastico,73939767.22545986,EAE_C6_2009.xls,FBCF,si,mapeado
2009,fbcf,C,22,20_21_22_quimicos_farma_caucho_plastico,432485141.70995104,EAE_C6_2009.xls,FBCF,si,mapeado
2009,adquisiciones_importadas,C,22,20_21_22_quimicos_farma_caucho_plastico,157422075.7940097,EAE_C6_2009.xls,FBCF,si,mapeado
2009,adquisiciones_origen_importado,C,22,20_21_22_quimicos_farma_caucho_plastico,109353615.74920927,EAE_C6_2009.xls,FBCF,si,mapeado
2009,fbcf,C,23,23_24_minerales_metales,317683408.22665304,EAE_C6_2009.xls,FBCF,si,mapeado
2009,adquisiciones_importadas,C,23,23_24_minerales_metales,68168294.04928838,EAE_C6_2009.xls,FBCF,si,mapeado
2009,adquisiciones_origen_importado,C,23,23_24_minerales_metales,68506018.92204502,EAE_C6_2009.xls,FBCF,si,mapeado
2009,fbcf,C,24,23_24_minerales_metales,437044253.13252103,EAE_C6_2009.xls,FBCF,si,mapeado
2009,adquisiciones_importadas,C,24,23_24_minerales_metales,98425918.99999997,EAE_C6_2009.xls,FBCF,si,mapeado
2009,adquisiciones_origen_importado,C,24,23_24_minerales_metales,13989537.244009081,EAE_C6_2009.xls,FBCF,si,mapeado
2009,fbcf,C,25,25_26_27_28_33_metal_equipos_reparacion,121524688.84390795,EAE_C6_2009.xls,FBCF,si,mapeado
2009,adquisiciones_importadas,C,25,25_26_27_28_33_metal_equipos_reparacion,183485.58454933923,EAE_C6_2009.xls,FBCF,si,mapeado
2009,adquisiciones_origen_importado,C,25,25_26_27_28_33_metal_equipos_reparacion,44758887.67065843,EAE_C6_2009.xls,FBCF,si,mapeado
2009,fbcf,C,26,25_26_27_28_33_metal_equipos_reparacion,14918060.319113247,EAE_C6_2009.xls,FBCF,si,mapeado
2009,adquisiciones_importadas,C,26,25_26_27_28_33_metal_equipos_reparacion,8837040.000000002,EAE_C6_2009.xls,FBCF,si,mapeado
2009,adquisiciones_origen_importado,C,26,25_26_27_28_33_metal_equipos_reparacion,3536859.6880213125,EAE_C6_2009.xls,FBCF,si,mapeado
2009,fbcf,C,27,25_26_27_28_33_metal_equipos_reparacion,127699378.17134215,EAE_C6_2009.xls,FBCF,si,mapeado
2009,adquisiciones_importadas,C,27,25_26_27_28_33_metal_equipos_reparacion,147146871.65267152,EAE_C6_2009.xls,FBCF,si,mapeado
2009,adquisiciones_origen_importado,C,27,25_26_27_28_33_metal_equipos_reparacion,35453018.11596714,EAE_C6_2009.xls,FBCF,si,mapeado
2009,fbcf,C,28,25_26_27_28_33_metal_equipos_reparacion,9381054.251036748,EAE_C6_2009.xls,FBCF,si,mapeado
2009,adquisiciones_importadas,C,28,25_26_27_28_33_metal_equipos_reparacion,1292750.0,EAE_C6_2009.xls,FBCF,si,mapeado
2009,adquisiciones_origen_importado,C,28,25_26_27_28_33_metal_equipos_reparacion,3734997.742354115,EAE_C6_2009.xls,FBCF,si,mapeado
2009,fbcf,C,29,29_30_vehiculos_transporte,67263051.42717099,EAE_C6_2009.xls,FBCF,si,mapeado
2009,adquisiciones_importadas,C,29,29_30_vehiculos_transporte,1122483.0,EAE_C6_2009.xls,FBCF,si,mapeado
2009,adquisiciones_origen_importado,C,29,29_30_vehiculos_transporte,8321946.940822409,EAE_C6_2009.xls,FBCF,si,mapeado
2009,fbcf,C,30,29_30_vehiculos_transporte,1839386.0,EAE_C6_2009.xls,FBCF,si,mapeado
2009,adquisiciones_importadas,C,30,29_30_vehiculos_transporte,0.0,EAE_C6_2009.xls,FBCF,si,mapeado
2009,adquisiciones_origen_importado,C,30,29_30_vehiculos_transporte,0.0,EAE_C6_2009.xls,FBCF,si,mapeado
2009,fbcf,C,31,31_32_muebles_otras_manufacturas,81600549.7934642,EAE_C6_2009.xls,FBCF,si,mapeado
2009,adquisiciones_importadas,C,31,31_32_muebles_otras_manufacturas,12042090.111252775,EAE_C6_2009.xls,FBCF,si,mapeado
2009,adquisiciones_origen_importado,C,31,31_32_muebles_otras_manufacturas,16466850.310973695,EAE_C6_2009.xls,FBCF,si,mapeado
2009,fbcf,C,32,31_32_muebles_otras_manufacturas,51744635.94092824,EAE_C6_2009.xls,FBCF,si,mapeado
2009,adquisiciones_importadas,C,32,31_32_muebles_otras_manufacturas,37001366.044973455,EAE_C6_2009.xls,FBCF,si,mapeado
2009,adquisiciones_origen_importado,C,32,31_32_muebles_otras_manufacturas,5981226.224069408,EAE_C6_2009.xls,FBCF,si,mapeado
2009,fbcf,C,33,25_26_27_28_33_metal_equipos_reparacion,42492530.29022435,EAE_C6_2009.xls,FBCF,si,mapeado
2009,adquisiciones_importadas,C,33,25_26_27_28_33_metal_equipos_reparacion,9057549.086620586,EAE_C6_2009.xls,FBCF,si,mapeado
2009,adquisiciones_origen_importado,C,33,25_26_27_28_33_metal_equipos_reparacion,7351582.538638234,EAE_C6_2009.xls,FBCF,si,mapeado
2009,fbcf,D,35,,3555818165.0,EAE_C6_2009.xls,FBCF,si,no_mapeado_o_no_usado
2009,adquisiciones_importadas,D,35,,0.0,EAE_C6_2009.xls,FBCF,si,no_mapeado_o_no_usado
2009,adquisiciones_origen_importado,D,35,,77990046.0,EAE_C6_2009.xls,FBCF,si,no_mapeado_o_no_usado
2009,fbcf,E,36 y 37,,983573039.0,EAE_C6_2009.xls,FBCF,si,no_mapeado_o_no_usado
2009,adquisiciones_importadas,E,36 y 37,,0.0,EAE_C6_2009.xls,FBCF,si,no_mapeado_o_no_usado
2009,adquisiciones_origen_importado,E,36 y 37,,0.0,EAE_C6_2009.xls,FBCF,si,no_mapeado_o_no_usado
2009,fbcf,E,38,,221102101.89999992,EAE_C6_2009.xls,FBCF,si,no_mapeado_o_no_usado
2009,adquisiciones_importadas,E,38,,216686723.9999999,EAE_C6_2009.xls,FBCF,si,no_mapeado_o_no_usado
2009,adquisiciones_origen_importado,E,38,,470195.6,EAE_C6_2009.xls,FBCF,si,no_mapeado_o_no_usado
2009,fbcf,G,45,,344031433.30155,EAE_C6_2009.xls,FBCF,si,no_mapeado_o_no_usado
2009,adquisiciones_importadas,G,45,,111863326.54311593,EAE_C6_2009.xls,FBCF,si,no_mapeado_o_no_usado
2009,adquisiciones_origen_importado,G,45,,134253781.95540604,EAE_C6_2009.xls,FBCF,si,no_mapeado_o_no_usado
2009,fbcf,G,46,,4764094507.775688,EAE_C6_2009.xls,FBCF,si,no_mapeado_o_no_usado
2009,adquisiciones_importadas,G,46,,2939458047.7194524,EAE_C6_2009.xls,FBCF,si,no_mapeado_o_no_usado
2009,adquisiciones_origen_importado,G,46,,391154455.9685042,EAE_C6_2009.xls,FBCF,si,no_mapeado_o_no_usado
2009,fbcf,G,47,,1809905676.3163345,EAE_C6_2009.xls,FBCF,si,no_mapeado_o_no_usado
2009,adquisiciones_importadas,G,47,,2971166.457293545,EAE_C6_2009.xls,FBCF,si,no_mapeado_o_no_usado
2009,adquisiciones_origen_importado,G,47,,422946666.35159296,EAE_C6_2009.xls,FBCF,si,no_mapeado_o_no_usado
2009,fbcf,H,49,,1139653764.8776424,EAE_C6_2009.xls,FBCF,si,no_mapeado_o_no_usado
2009,adquisiciones_importadas,H,49,,347483625.6712323,EAE_C6_2009.xls,FBCF,si,no_mapeado_o_no_usado
2009,adquisiciones_origen_importado,H,49,,394343769.7378445,EAE_C6_2009.xls,FBCF,si,no_mapeado_o_no_usado
2009,fbcf,H,50,,25704442.631022945,EAE_C6_2009.xls,FBCF,si,no_mapeado_o_no_usado
2009,adquisiciones_importadas,H,50,,61203118.82261996,EAE_C6_2009.xls,FBCF,si,no_mapeado_o_no_usado
2009,adquisiciones_origen_importado,H,50,,40657468.492560476,EAE_C6_2009.xls,FBCF,si,no_mapeado_o_no_usado
2009,fbcf,H,51,,1999281518.6802669,EAE_C6_2009.xls,FBCF,si,no_mapeado_o_no_usado
2009,adquisiciones_importadas,H,51,,1956839906.0000002,EAE_C6_2009.xls,FBCF,si,no_mapeado_o_no_usado
2009,adquisiciones_origen_importado,H,51,,29071709.4191547,EAE_C6_2009.xls,FBCF,si,no_mapeado_o_no_usado
2009,fbcf,H,52,,3048172141.1847715,EAE_C6_2009.xls,FBCF,si,no_mapeado_o_no_usado
2009,adquisiciones_importadas,H,52,,71612628.09631984,EAE_C6_2009.xls,FBCF,si,no_mapeado_o_no_usado
2009,adquisiciones_origen_importado,H,52,,108724567.82266328,EAE_C6_2009.xls,FBCF,si,no_mapeado_o_no_usado
2009,fbcf,H,53,,26675595.102299184,EAE_C6_2009.xls,FBCF,si,no_mapeado_o_no_usado
2009,adquisiciones_importadas,H,53,,2238957.0,EAE_C6_2009.xls,FBCF,si,no_mapeado_o_no_usado
2009,adquisiciones_origen_importado,H,53,,9925351.895472763,EAE_C6_2009.xls,FBCF,si,no_mapeado_o_no_usado
2009,fbcf,I,55,,602379645.700509,EAE_C6_2009.xls,FBCF,si,no_mapeado_o_no_usado
2009,adquisiciones_importadas,I,55,,90111311.99999996,EAE_C6_2009.xls,FBCF,si,no_mapeado_o_no_usado
2009,adquisiciones_origen_importado,I,55,,12853996.23799331,EAE_C6_2009.xls,FBCF,si,no_mapeado_o_no_usado
2009,fbcf,I,56,,177986222.2793897,EAE_C6_2009.xls,FBCF,si,no_mapeado_o_no_usado
2009,adquisiciones_importadas,I,56,,12290899.000000002,EAE_C6_2009.xls,FBCF,si,no_mapeado_o_no_usado
2009,adquisiciones_origen_importado,I,56,,8166471.527863291,EAE_C6_2009.xls,FBCF,si,no_mapeado_o_no_usado
2009,fbcf,J,58,,341931280.2831048,EAE_C6_2009.xls,FBCF,si,no_mapeado_o_no_usado
2009,adquisiciones_importadas,J,58,,164933132.0000001,EAE_C6_2009.xls,FBCF,si,no_mapeado_o_no_usado
2009,adquisiciones_origen_importado,J,58,,3613515.3621332706,EAE_C6_2009.xls,FBCF,si,no_mapeado_o_no_usado
2009,fbcf,J,59,,131168593.7174114,EAE_C6_2009.xls,FBCF,si,no_mapeado_o_no_usado
2009,adquisiciones_importadas,J,59,,84329284.00000001,EAE_C6_2009.xls,FBCF,si,no_mapeado_o_no_usado
2009,adquisiciones_origen_importado,J,59,,3349697.5625213287,EAE_C6_2009.xls,FBCF,si,no_mapeado_o_no_usado
2009,fbcf,J,60,,144686141.37739065,EAE_C6_2009.xls,FBCF,si,no_mapeado_o_no_usado
2009,adquisiciones_importadas,J,60,,84801910.0,EAE_C6_2009.xls,FBCF,si,no_mapeado_o_no_usado
2009,adquisiciones_origen_importado,J,60,,24304711.48876444,EAE_C6_2009.xls,FBCF,si,no_mapeado_o_no_usado
2009,fbcf,J,61,,6536229907.155445,EAE_C6_2009.xls,FBCF,si,no_mapeado_o_no_usado
2009,adquisiciones_importadas,J,61,,889958232.2981707,EAE_C6_2009.xls,FBCF,si,no_mapeado_o_no_usado
2009,adquisiciones_origen_importado,J,61,,111420097.07255836,EAE_C6_2009.xls,FBCF,si,no_mapeado_o_no_usado
2009,fbcf,J,62 y 63,,94853785.30947426,EAE_C6_2009.xls,FBCF,si,no_mapeado_o_no_usado
2009,adquisiciones_importadas,J,62 y 63,,745300.0416034474,EAE_C6_2009.xls,FBCF,si,no_mapeado_o_no_usado
2009,adquisiciones_origen_importado,J,62 y 63,,31244529.783310875,EAE_C6_2009.xls,FBCF,si,no_mapeado_o_no_usado
2009,fbcf,M,69,,75063561.99306722,EAE_C6_2009.xls,FBCF,si,no_mapeado_o_no_usado
2009,adquisiciones_importadas,M,69,,0.0,EAE_C6_2009.xls,FBCF,si,no_mapeado_o_no_usado
2009,adquisiciones_origen_importado,M,69,,24977328.649214145,EAE_C6_2009.xls,FBCF,si,no_mapeado_o_no_usado
2009,fbcf,M,70,,38218259.34792337,EAE_C6_2009.xls,FBCF,si,no_mapeado_o_no_usado
2009,adquisiciones_importadas,M,70,,0.0,EAE_C6_2009.xls,FBCF,si,no_mapeado_o_no_usado
2009,adquisiciones_origen_importado,M,70,,28303522.175140213,EAE_C6_2009.xls,FBCF,si,no_mapeado_o_no_usado
2009,fbcf,M,71,,291710935.03868425,EAE_C6_2009.xls,FBCF,si,no_mapeado_o_no_usado
2009,adquisiciones_importadas,M,71,,6805951.0,EAE_C6_2009.xls,FBCF,si,no_mapeado_o_no_usado
2009,adquisiciones_origen_importado,M,71,,184529463.86465073,EAE_C6_2009.xls,FBCF,si,no_mapeado_o_no_usado
2009,fbcf,M,72,,24244426.998904664,EAE_C6_2009.xls,FBCF,si,no_mapeado_o_no_usado
2009,adquisiciones_importadas,M,72,,17446422.605202712,EAE_C6_2009.xls,FBCF,si,no_mapeado_o_no_usado
2009,adquisiciones_origen_importado,M,72,,1709217.6348815735,EAE_C6_2009.xls,FBCF,si,no_mapeado_o_no_usado
2009,fbcf,M,73,,30546183.413853426,EAE_C6_2009.xls,FBCF,si,no_mapeado_o_no_usado
2009,adquisiciones_importadas,M,73,,0.0,EAE_C6_2009.xls,FBCF,si,no_mapeado_o_no_usado
2009,adquisiciones_origen_importado,M,73,,9891463.511404004,EAE_C6_2009.xls,FBCF,si,no_mapeado_o_no_usado
2009,fbcf,M,74,,28766826.99707597,EAE_C6_2009.xls,FBCF,si,no_mapeado_o_no_usado
2009,adquisiciones_importadas,M,74,,941713.9202308273,EAE_C6_2009.xls,FBCF,si,no_mapeado_o_no_usado
2009,adquisiciones_origen_importado,M,74,,10105693.61437327,EAE_C6_2009.xls,FBCF,si,no_mapeado_o_no_usado
2009,fbcf,N,77,,260933590.42115888,EAE_C6_2009.xls,FBCF,si,no_mapeado_o_no_usado
2009,adquisiciones_importadas,N,77,,76213146.16257367,EAE_C6_2009.xls,FBCF,si,no_mapeado_o_no_usado
2009,adquisiciones_origen_importado,N,77,,285224356.5478517,EAE_C6_2009.xls,FBCF,si,no_mapeado_o_no_usado
2009,fbcf,N,78,,4286616.677592112,EAE_C6_2009.xls,FBCF,si,no_mapeado_o_no_usado
2009,adquisiciones_importadas,N,78,,0.0,EAE_C6_2009.xls,FBCF,si,no_mapeado_o_no_usado
2009,adquisiciones_origen_importado,N,78,,1116310.7411075693,EAE_C6_2009.xls,FBCF,si,no_mapeado_o_no_usado
2009,fbcf,N,79,,3238076.6835364965,EAE_C6_2009.xls,FBCF,si,no_mapeado_o_no_usado
2009,adquisiciones_importadas,N,79,,0.0,EAE_C6_2009.xls,FBCF,si,no_mapeado_o_no_usado
2009,adquisiciones_origen_importado,N,79,,2250500.306736624,EAE_C6_2009.xls,FBCF,si,no_mapeado_o_no_usado
2009,fbcf,N,80,,148096760.81287864,EAE_C6_2009.xls,FBCF,si,no_mapeado_o_no_usado
2009,adquisiciones_importadas,N,80,,34099575.539570875,EAE_C6_2009.xls,FBCF,si,no_mapeado_o_no_usado
2009,adquisiciones_origen_importado,N,80,,36308126.95180749,EAE_C6_2009.xls,FBCF,si,no_mapeado_o_no_usado
2009,fbcf,N,81,,35611127.51042837,EAE_C6_2009.xls,FBCF,si,no_mapeado_o_no_usado
2009,adquisiciones_importadas,N,81,,0.0,EAE_C6_2009.xls,FBCF,si,no_mapeado_o_no_usado
2009,adquisiciones_origen_importado,N,81,,6998777.529583404,EAE_C6_2009.xls,FBCF,si,no_mapeado_o_no_usado
2009,fbcf,N,82,,152114099.96774137,EAE_C6_2009.xls,FBCF,si,no_mapeado_o_no_usado
2009,adquisiciones_importadas,N,82,,0.0,EAE_C6_2009.xls,FBCF,si,no_mapeado_o_no_usado
2009,adquisiciones_origen_importado,N,82,,15808513.904323757,EAE_C6_2009.xls,FBCF,si,no_mapeado_o_no_usado
2009,fbcf,P,85,,396857073.3720381,EAE_C6_2009.xls,FBCF,si,no_mapeado_o_no_usado
2009,adquisiciones_importadas,P,85,,3129009.662762624,EAE_C6_2009.xls,FBCF,si,no_mapeado_o_no_usado
2009,adquisiciones_origen_importado,P,85,,16498482.497480033,EAE_C6_2009.xls,FBCF,si,no_mapeado_o_no_usado
2009,fbcf,Q,86,,1676960437.0947487,EAE_C6_2009.xls,FBCF,si,no_mapeado_o_no_usado
2009,adquisiciones_importadas,Q,86,,11132202.468913218,EAE_C6_2009.xls,FBCF,si,no_mapeado_o_no_usado
2009,adquisiciones_origen_importado,Q,86,,273726422.0832026,EAE_C6_2009.xls,FBCF,si,no_mapeado_o_no_usado
2009,fbcf,Q,87,,35804518.983042836,EAE_C6_2009.xls,FBCF,si,no_mapeado_o_no_usado
2009,adquisiciones_importadas,Q,87,,0.0,EAE_C6_2009.xls,FBCF,si,no_mapeado_o_no_usado
2009,adquisiciones_origen_importado,Q,87,,4860154.078222687,EAE_C6_2009.xls,FBCF,si,no_mapeado_o_no_usado
2009,fbcf,Q,88,,9339205.71258119,EAE_C6_2009.xls,FBCF,si,no_mapeado_o_no_usado
2009,adquisiciones_importadas,Q,88,,0.0,EAE_C6_2009.xls,FBCF,si,no_mapeado_o_no_usado
2009,adquisiciones_origen_importado,Q,88,,0.0,EAE_C6_2009.xls,FBCF,si,no_mapeado_o_no_usado
2009,fbcf,R,92,,130755028.1292013,EAE_C6_2009.xls,FBCF,si,no_mapeado_o_no_usado
2009,adquisiciones_importadas,R,92,,63940423.58882977,EAE_C6_2009.xls,FBCF,si,no_mapeado_o_no_usado
2009,adquisiciones_origen_importado,R,92,,2512817.8843061887,EAE_C6_2009.xls,FBCF,si,no_mapeado_o_no_usado
2009,fbcf,R,93,,140450210.58582586,EAE_C6_2009.xls,FBCF,si,no_mapeado_o_no_usado
2009,adquisiciones_importadas,R,93,,10277322.691159593,EAE_C6_2009.xls,FBCF,si,no_mapeado_o_no_usado
2009,adquisiciones_origen_importado,R,93,,4470967.521348441,EAE_C6_2009.xls,FBCF,si,no_mapeado_o_no_usado
2009,fbcf,S,94,,28372565.536444124,EAE_C6_2009.xls,FBCF,si,no_mapeado_o_no_usado
2009,adquisiciones_importadas,S,94,,1259541.9524259095,EAE_C6_2009.xls,FBCF,si,no_mapeado_o_no_usado
2009,adquisiciones_origen_importado,S,94,,10919757.23118533,EAE_C6_2009.xls,FBCF,si,no_mapeado_o_no_usado
2009,fbcf,S,95,,3444576.4595303033,EAE_C6_2009.xls,FBCF,si,no_mapeado_o_no_usado
2009,adquisiciones_importadas,S,95,,0.0,EAE_C6_2009.xls,FBCF,si,no_mapeado_o_no_usado
2009,adquisiciones_origen_importado,S,95,,4568030.4673155565,EAE_C6_2009.xls,FBCF,si,no_mapeado_o_no_usado
2009,fbcf,S,96,,72186954.34640181,EAE_C6_2009.xls,FBCF,si,no_mapeado_o_no_usado
2009,adquisiciones_importadas,S,96,,766030.0990133785,EAE_C6_2009.xls,FBCF,si,no_mapeado_o_no_usado
2009,adquisiciones_origen_importado,S,96,,16798535.827631105,EAE_C6_2009.xls,FBCF,si,no_mapeado_o_no_usado
2009,fbkf_maq_eq,C,10,10_11_12_alimentos_bebidas_tabaco,2557399206.164711,EAE_C8_2009.xls,FBKF_componentes,si,mapeado
2009,fbkf_maq_eq,C,11,10_11_12_alimentos_bebidas_tabaco,302753576.4346071,EAE_C8_2009.xls,FBKF_componentes,si,mapeado
2009,fbkf_maq_eq,C,12,10_11_12_alimentos_bebidas_tabaco,116791728.0,EAE_C8_2009.xls,FBKF_componentes,si,mapeado
2009,fbkf_maq_eq,C,13,13_14_15_textiles_prendas_cuero,88359125.9931895,EAE_C8_2009.xls,FBKF_componentes,si,mapeado
2009,fbkf_maq_eq,C,14,13_14_15_textiles_prendas_cuero,48922861.03745728,EAE_C8_2009.xls,FBKF_componentes,si,mapeado
2009,fbkf_maq_eq,C,15,13_14_15_textiles_prendas_cuero,104945459.35858586,EAE_C8_2009.xls,FBKF_componentes,si,mapeado
2009,fbkf_maq_eq,C,16,16_madera,25248937.77564498,EAE_C8_2009.xls,FBKF_componentes,si,mapeado
2009,fbkf_maq_eq,C,17,17_18_papel_impresion,651270675.0088141,EAE_C8_2009.xls,FBKF_componentes,si,mapeado
2009,fbkf_maq_eq,C,18,17_18_papel_impresion,139280923.7660387,EAE_C8_2009.xls,FBKF_componentes,si,mapeado
2009,fbkf_maq_eq,C,19,19_refinacion,122481616.0,EAE_C8_2009.xls,FBKF_componentes,si,mapeado
2009,fbkf_maq_eq,C,20,20_21_22_quimicos_farma_caucho_plastico,357966827.83297014,EAE_C8_2009.xls,FBKF_componentes,si,mapeado
2009,fbkf_maq_eq,C,21,20_21_22_quimicos_farma_caucho_plastico,193754683.8246836,EAE_C8_2009.xls,FBKF_componentes,si,mapeado
2009,fbkf_maq_eq,C,22,20_21_22_quimicos_farma_caucho_plastico,360069494.9952002,EAE_C8_2009.xls,FBKF_componentes,si,mapeado
2009,fbkf_maq_eq,C,23,23_24_minerales_metales,169823760.2261143,EAE_C8_2009.xls,FBKF_componentes,si,mapeado
2009,fbkf_maq_eq,C,24,23_24_minerales_metales,172009531.36848465,EAE_C8_2009.xls,FBKF_componentes,si,mapeado
2009,fbkf_maq_eq,C,25,25_26_27_28_33_metal_equipos_reparacion,79674978.69108704,EAE_C8_2009.xls,FBKF_componentes,si,mapeado
2009,fbkf_maq_eq,C,26,25_26_27_28_33_metal_equipos_reparacion,13359003.76287898,EAE_C8_2009.xls,FBKF_componentes,si,mapeado
2009,fbkf_maq_eq,C,27,25_26_27_28_33_metal_equipos_reparacion,112186015.6706404,EAE_C8_2009.xls,FBKF_componentes,si,mapeado
2009,fbkf_maq_eq,C,28,25_26_27_28_33_metal_equipos_reparacion,9370554.25103675,EAE_C8_2009.xls,FBKF_componentes,si,mapeado
2009,fbkf_maq_eq,C,29,29_30_vehiculos_transporte,45579301.55915528,EAE_C8_2009.xls,FBKF_componentes,si,mapeado
2009,fbkf_maq_eq,C,30,29_30_vehiculos_transporte,1839386.0,EAE_C8_2009.xls,FBKF_componentes,si,mapeado
2009,fbkf_maq_eq,C,31,31_32_muebles_otras_manufacturas,46778429.2527806,EAE_C8_2009.xls,FBKF_componentes,si,mapeado
2009,fbkf_maq_eq,C,32,31_32_muebles_otras_manufacturas,51744635.94092823,EAE_C8_2009.xls,FBKF_componentes,si,mapeado
2009,fbkf_maq_eq,C,33,25_26_27_28_33_metal_equipos_reparacion,29798888.06440667,EAE_C8_2009.xls,FBKF_componentes,si,mapeado
2009,fbkf_maq_eq,D,35,,641829305.0,EAE_C8_2009.xls,FBKF_componentes,si,no_mapeado_o_no_usado
2009,fbkf_maq_eq,E,36 y 37,,811880888.0,EAE_C8_2009.xls,FBKF_componentes,si,no_mapeado_o_no_usado
2009,fbkf_maq_eq,E,38,,219803166.7,EAE_C8_2009.xls,FBKF_componentes,si,no_mapeado_o_no_usado
2009,fbkf_maq_eq,G,45,,248715974.17443392,EAE_C8_2009.xls,FBKF_componentes,si,no_mapeado_o_no_usado
2009,fbkf_maq_eq,G,46,,1045024835.499738,EAE_C8_2009.xls,FBKF_componentes,si,no_mapeado_o_no_usado
2009,fbkf_maq_eq,G,47,,908546154.242521,EAE_C8_2009.xls,FBKF_componentes,si,no_mapeado_o_no_usado
2009,fbkf_maq_eq,H,49,,951014479.5297251,EAE_C8_2009.xls,FBKF_componentes,si,no_mapeado_o_no_usado
2009,fbkf_maq_eq,H,50,,40229815.521737024,EAE_C8_2009.xls,FBKF_componentes,si,no_mapeado_o_no_usado
2009,fbkf_maq_eq,H,51,,1990508204.1189895,EAE_C8_2009.xls,FBKF_componentes,si,no_mapeado_o_no_usado
2009,fbkf_maq_eq,H,52,,900412596.7137021,EAE_C8_2009.xls,FBKF_componentes,si,no_mapeado_o_no_usado
2009,fbkf_maq_eq,H,53,,19926466.102299187,EAE_C8_2009.xls,FBKF_componentes,si,no_mapeado_o_no_usado
2009,fbkf_maq_eq,I,55,,242859908.73339626,EAE_C8_2009.xls,FBKF_componentes,si,no_mapeado_o_no_usado
2009,fbkf_maq_eq,I,56,,77573874.8954485,EAE_C8_2009.xls,FBKF_componentes,si,no_mapeado_o_no_usado
2009,fbkf_maq_eq,J,58,,202923893.36492607,EAE_C8_2009.xls,FBKF_componentes,si,no_mapeado_o_no_usado
2009,fbkf_maq_eq,J,59,,93882340.19751483,EAE_C8_2009.xls,FBKF_componentes,si,no_mapeado_o_no_usado
2009,fbkf_maq_eq,J,60,,110165321.00207607,EAE_C8_2009.xls,FBKF_componentes,si,no_mapeado_o_no_usado
2009,fbkf_maq_eq,J,61,,5306433362.678518,EAE_C8_2009.xls,FBKF_componentes,si,no_mapeado_o_no_usado
2009,fbkf_maq_eq,J,62 y 63,,41914826.274001494,EAE_C8_2009.xls,FBKF_componentes,si,no_mapeado_o_no_usado
2009,fbkf_maq_eq,M,69,,56216359.24576536,EAE_C8_2009.xls,FBKF_componentes,si,no_mapeado_o_no_usado
2009,fbkf_maq_eq,M,70,,35102981.245654985,EAE_C8_2009.xls,FBKF_componentes,si,no_mapeado_o_no_usado
2009,fbkf_maq_eq,M,71,,210091069.93932304,EAE_C8_2009.xls,FBKF_componentes,si,no_mapeado_o_no_usado
2009,fbkf_maq_eq,M,72,,23644091.019152835,EAE_C8_2009.xls,FBKF_componentes,si,no_mapeado_o_no_usado
2009,fbkf_maq_eq,M,73,,29938467.511072673,EAE_C8_2009.xls,FBKF_componentes,si,no_mapeado_o_no_usado
2009,fbkf_maq_eq,M,74,,28547114.350956425,EAE_C8_2009.xls,FBKF_componentes,si,no_mapeado_o_no_usado
2009,fbkf_maq_eq,N,77,,256758878.75318825,EAE_C8_2009.xls,FBKF_componentes,si,no_mapeado_o_no_usado
2009,fbkf_maq_eq,N,78,,6008014.968519568,EAE_C8_2009.xls,FBKF_componentes,si,no_mapeado_o_no_usado
2009,fbkf_maq_eq,N,79,,3009334.6835364974,EAE_C8_2009.xls,FBKF_componentes,si,no_mapeado_o_no_usado
2009,fbkf_maq_eq,N,80,,84935386.35845207,EAE_C8_2009.xls,FBKF_componentes,si,no_mapeado_o_no_usado
2009,fbkf_maq_eq,N,81,,26223556.412156563,EAE_C8_2009.xls,FBKF_componentes,si,no_mapeado_o_no_usado
2009,fbkf_maq_eq,N,82,,67999098.82782285,EAE_C8_2009.xls,FBKF_componentes,si,no_mapeado_o_no_usado
2009,fbkf_maq_eq,P,85,,107348194.02825302,EAE_C8_2009.xls,FBKF_componentes,si,no_mapeado_o_no_usado
2009,fbkf_maq_eq,Q,86,,767769054.2517229,EAE_C8_2009.xls,FBKF_componentes,si,no_mapeado_o_no_usado
2009,fbkf_maq_eq,Q,87,,22812734.95318117,EAE_C8_2009.xls,FBKF_componentes,si,no_mapeado_o_no_usado
2009,fbkf_maq_eq,Q,88,,4407533.995034313,EAE_C8_2009.xls,FBKF_componentes,si,no_mapeado_o_no_usado
2009,fbkf_maq_eq,R,92,,87611195.76750515,EAE_C8_2009.xls,FBKF_componentes,si,no_mapeado_o_no_usado
2009,fbkf_maq_eq,R,93,,38679107.37624274,EAE_C8_2009.xls,FBKF_componentes,si,no_mapeado_o_no_usado
2009,fbkf_maq_eq,S,94,,23505571.101935167,EAE_C8_2009.xls,FBKF_componentes,si,no_mapeado_o_no_usado
2009,fbkf_maq_eq,S,95,,3444576.459530302,EAE_C8_2009.xls,FBKF_componentes,si,no_mapeado_o_no_usado
2009,fbkf_maq_eq,S,96,,42390465.32852562,EAE_C8_2009.xls,FBKF_componentes,si,no_mapeado_o_no_usado
2010,fbcf,C,10,10_11_12_alimentos_bebidas_tabaco,4214820274.2740283,EAE_C6_2010.xls,FBCF,si,mapeado
2010,adquisiciones_importadas,C,10,10_11_12_alimentos_bebidas_tabaco,625207005.2235593,EAE_C6_2010.xls,FBCF,si,mapeado
2010,adquisiciones_origen_importado,C,10,10_11_12_alimentos_bebidas_tabaco,600633830.1310228,EAE_C6_2010.xls,FBCF,si,mapeado
2010,fbcf,C,11,10_11_12_alimentos_bebidas_tabaco,289187682.27400637,EAE_C6_2010.xls,FBCF,si,mapeado
2010,adquisiciones_importadas,C,11,10_11_12_alimentos_bebidas_tabaco,10099400.0,EAE_C6_2010.xls,FBCF,si,mapeado
2010,adquisiciones_origen_importado,C,11,10_11_12_alimentos_bebidas_tabaco,361409256.8409185,EAE_C6_2010.xls,FBCF,si,mapeado
2010,fbcf,C,12,10_11_12_alimentos_bebidas_tabaco,14902681.0,EAE_C6_2010.xls,FBCF,si,mapeado
2010,adquisiciones_importadas,C,12,10_11_12_alimentos_bebidas_tabaco,10900261.0,EAE_C6_2010.xls,FBCF,si,mapeado
2010,adquisiciones_origen_importado,C,12,10_11_12_alimentos_bebidas_tabaco,7225724.0,EAE_C6_2010.xls,FBCF,si,mapeado
2010,fbcf,C,13,13_14_15_textiles_prendas_cuero,-15756078.596814185,EAE_C6_2010.xls,FBCF,si,mapeado
2010,adquisiciones_importadas,C,13,13_14_15_textiles_prendas_cuero,23518575.604885038,EAE_C6_2010.xls,FBCF,si,mapeado
2010,adquisiciones_origen_importado,C,13,13_14_15_textiles_prendas_cuero,34982432.64939504,EAE_C6_2010.xls,FBCF,si,mapeado
2010,fbcf,C,14,13_14_15_textiles_prendas_cuero,57690253.95089622,EAE_C6_2010.xls,FBCF,si,mapeado
2010,adquisiciones_importadas,C,14,13_14_15_textiles_prendas_cuero,20721265.734851297,EAE_C6_2010.xls,FBCF,si,mapeado
2010,adquisiciones_origen_importado,C,14,13_14_15_textiles_prendas_cuero,25021257.630562525,EAE_C6_2010.xls,FBCF,si,mapeado
2010,fbcf,C,15,13_14_15_textiles_prendas_cuero,156927121.30888602,EAE_C6_2010.xls,FBCF,si,mapeado
2010,adquisiciones_importadas,C,15,13_14_15_textiles_prendas_cuero,68700675.85713553,EAE_C6_2010.xls,FBCF,si,mapeado
2010,adquisiciones_origen_importado,C,15,13_14_15_textiles_prendas_cuero,32499672.180929836,EAE_C6_2010.xls,FBCF,si,mapeado
2010,fbcf,C,16,16_madera,1164355579.6122289,EAE_C6_2010.xls,FBCF,si,mapeado
2010,adquisiciones_importadas,C,16,16_madera,651756570.0500066,EAE_C6_2010.xls,FBCF,si,mapeado
2010,adquisiciones_origen_importado,C,16,16_madera,26353702.027292784,EAE_C6_2010.xls,FBCF,si,mapeado
2010,fbcf,C,17,17_18_papel_impresion,700888298.4910951,EAE_C6_2010.xls,FBCF,si,mapeado
2010,adquisiciones_importadas,C,17,17_18_papel_impresion,100436790.1284964,EAE_C6_2010.xls,FBCF,si,mapeado
2010,adquisiciones_origen_importado,C,17,17_18_papel_impresion,26267686.052332602,EAE_C6_2010.xls,FBCF,si,mapeado
2010,fbcf,C,18,17_18_papel_impresion,251697093.55362096,EAE_C6_2010.xls,FBCF,si,mapeado
2010,adquisiciones_importadas,C,18,17_18_papel_impresion,120040783.59649974,EAE_C6_2010.xls,FBCF,si,mapeado
2010,adquisiciones_origen_importado,C,18,17_18_papel_impresion,73841685.05778295,EAE_C6_2010.xls,FBCF,si,mapeado
2010,fbcf,C,19,19_refinacion,344287742.0,EAE_C6_2010.xls,FBCF,si,mapeado
2010,adquisiciones_importadas,C,19,19_refinacion,189723634.0,EAE_C6_2010.xls,FBCF,si,mapeado
2010,adquisiciones_origen_importado,C,19,19_refinacion,26549347.0,EAE_C6_2010.xls,FBCF,si,mapeado
2010,fbcf,C,20,20_21_22_quimicos_farma_caucho_plastico,974353313.339603,EAE_C6_2010.xls,FBCF,si,mapeado
2010,adquisiciones_importadas,C,20,20_21_22_quimicos_farma_caucho_plastico,198828062.2283693,EAE_C6_2010.xls,FBCF,si,mapeado
2010,adquisiciones_origen_importado,C,20,20_21_22_quimicos_farma_caucho_plastico,122264914.77316801,EAE_C6_2010.xls,FBCF,si,mapeado
2010,fbcf,C,21,20_21_22_quimicos_farma_caucho_plastico,618677513.2902629,EAE_C6_2010.xls,FBCF,si,mapeado
2010,adquisiciones_importadas,C,21,20_21_22_quimicos_farma_caucho_plastico,152230227.05356696,EAE_C6_2010.xls,FBCF,si,mapeado
2010,adquisiciones_origen_importado,C,21,20_21_22_quimicos_farma_caucho_plastico,40414712.80945446,EAE_C6_2010.xls,FBCF,si,mapeado
2010,fbcf,C,22,20_21_22_quimicos_farma_caucho_plastico,348398596.6529778,EAE_C6_2010.xls,FBCF,si,mapeado
2010,adquisiciones_importadas,C,22,20_21_22_quimicos_farma_caucho_plastico,60906570.20906361,EAE_C6_2010.xls,FBCF,si,mapeado
2010,adquisiciones_origen_importado,C,22,20_21_22_quimicos_farma_caucho_plastico,229422655.7376591,EAE_C6_2010.xls,FBCF,si,mapeado
2010,fbcf,C,23,23_24_minerales_metales,262633039.09982237,EAE_C6_2010.xls,FBCF,si,mapeado
2010,adquisiciones_importadas,C,23,23_24_minerales_metales,66337948.27545017,EAE_C6_2010.xls,FBCF,si,mapeado
2010,adquisiciones_origen_importado,C,23,23_24_minerales_metales,19896899.01291966,EAE_C6_2010.xls,FBCF,si,mapeado
2010,fbcf,C,24,23_24_minerales_metales,383054174.1464722,EAE_C6_2010.xls,FBCF,si,mapeado
2010,adquisiciones_importadas,C,24,23_24_minerales_metales,71390768.0,EAE_C6_2010.xls,FBCF,si,mapeado
2010,adquisiciones_origen_importado,C,24,23_24_minerales_metales,76363632.82951145,EAE_C6_2010.xls,FBCF,si,mapeado
2010,fbcf,C,25,25_26_27_28_33_metal_equipos_reparacion,218674578.21323842,EAE_C6_2010.xls,FBCF,si,mapeado
2010,adquisiciones_importadas,C,25,25_26_27_28_33_metal_equipos_reparacion,6008084.714488522,EAE_C6_2010.xls,FBCF,si,mapeado
2010,adquisiciones_origen_importado,C,25,25_26_27_28_33_metal_equipos_reparacion,40573166.990684085,EAE_C6_2010.xls,FBCF,si,mapeado
2010,fbcf,C,26,25_26_27_28_33_metal_equipos_reparacion,7164662.047451385,EAE_C6_2010.xls,FBCF,si,mapeado
2010,adquisiciones_importadas,C,26,25_26_27_28_33_metal_equipos_reparacion,4857026.0,EAE_C6_2010.xls,FBCF,si,mapeado
2010,adquisiciones_origen_importado,C,26,25_26_27_28_33_metal_equipos_reparacion,1717844.8967081313,EAE_C6_2010.xls,FBCF,si,mapeado
2010,fbcf,C,27,25_26_27_28_33_metal_equipos_reparacion,140500383.8136453,EAE_C6_2010.xls,FBCF,si,mapeado
2010,adquisiciones_importadas,C,27,25_26_27_28_33_metal_equipos_reparacion,64476069.59080147,EAE_C6_2010.xls,FBCF,si,mapeado
2010,adquisiciones_origen_importado,C,27,25_26_27_28_33_metal_equipos_reparacion,14883704.448146783,EAE_C6_2010.xls,FBCF,si,mapeado
2010,fbcf,C,28,25_26_27_28_33_metal_equipos_reparacion,40707587.933317,EAE_C6_2010.xls,FBCF,si,mapeado
2010,adquisiciones_importadas,C,28,25_26_27_28_33_metal_equipos_reparacion,8745467.091147443,EAE_C6_2010.xls,FBCF,si,mapeado
2010,adquisiciones_origen_importado,C,28,25_26_27_28_33_metal_equipos_reparacion,1322603.0946467444,EAE_C6_2010.xls,FBCF,si,mapeado
2010,fbcf,C,29,29_30_vehiculos_transporte,195150696.4739652,EAE_C6_2010.xls,FBCF,si,mapeado
2010,adquisiciones_importadas,C,29,29_30_vehiculos_transporte,165408332.0,EAE_C6_2010.xls,FBCF,si,mapeado
2010,adquisiciones_origen_importado,C,29,29_30_vehiculos_transporte,16226404.004426219,EAE_C6_2010.xls,FBCF,si,mapeado
2010,fbcf,C,30,29_30_vehiculos_transporte,6192087.0,EAE_C6_2010.xls,FBCF,si,mapeado
2010,adquisiciones_importadas,C,30,29_30_vehiculos_transporte,91794.0,EAE_C6_2010.xls,FBCF,si,mapeado
2010,adquisiciones_origen_importado,C,30,29_30_vehiculos_transporte,4423875.0,EAE_C6_2010.xls,FBCF,si,mapeado
2010,fbcf,C,31,31_32_muebles_otras_manufacturas,133497969.93787746,EAE_C6_2010.xls,FBCF,si,mapeado
2010,adquisiciones_importadas,C,31,31_32_muebles_otras_manufacturas,6165123.670306602,EAE_C6_2010.xls,FBCF,si,mapeado
2010,adquisiciones_origen_importado,C,31,31_32_muebles_otras_manufacturas,26612870.96548916,EAE_C6_2010.xls,FBCF,si,mapeado
2010,fbcf,C,32,31_32_muebles_otras_manufacturas,19829392.576537546,EAE_C6_2010.xls,FBCF,si,mapeado
2010,adquisiciones_importadas,C,32,31_32_muebles_otras_manufacturas,1895786.6721582308,EAE_C6_2010.xls,FBCF,si,mapeado
2010,adquisiciones_origen_importado,C,32,31_32_muebles_otras_manufacturas,4629296.634704618,EAE_C6_2010.xls,FBCF,si,mapeado
2010,fbcf,C,33,25_26_27_28_33_metal_equipos_reparacion,53494089.92197329,EAE_C6_2010.xls,FBCF,si,mapeado
2010,adquisiciones_importadas,C,33,25_26_27_28_33_metal_equipos_reparacion,4514018.0,EAE_C6_2010.xls,FBCF,si,mapeado
2010,adquisiciones_origen_importado,C,33,25_26_27_28_33_metal_equipos_reparacion,9452636.4735086,EAE_C6_2010.xls,FBCF,si,mapeado
2010,fbcf,D,35,,6615311017.0,EAE_C6_2010.xls,FBCF,si,no_mapeado_o_no_usado
2010,adquisiciones_importadas,D,35,,0.0,EAE_C6_2010.xls,FBCF,si,no_mapeado_o_no_usado
2010,adquisiciones_origen_importado,D,35,,0.0,EAE_C6_2010.xls,FBCF,si,no_mapeado_o_no_usado
2010,fbcf,E,36 y 37,,2542432032.0,EAE_C6_2010.xls,FBCF,si,no_mapeado_o_no_usado
2010,adquisiciones_importadas,E,36 y 37,,0.0,EAE_C6_2010.xls,FBCF,si,no_mapeado_o_no_usado
2010,adquisiciones_origen_importado,E,36 y 37,,259884.0,EAE_C6_2010.xls,FBCF,si,no_mapeado_o_no_usado
2010,fbcf,E,38,,13369804.000000002,EAE_C6_2010.xls,FBCF,si,no_mapeado_o_no_usado
2010,adquisiciones_importadas,E,38,,908300.0,EAE_C6_2010.xls,FBCF,si,no_mapeado_o_no_usado
2010,adquisiciones_origen_importado,E,38,,6454373.000000001,EAE_C6_2010.xls,FBCF,si,no_mapeado_o_no_usado
2010,fbcf,G,45,,313488502.77193296,EAE_C6_2010.xls,FBCF,si,no_mapeado_o_no_usado
2010,adquisiciones_importadas,G,45,,20935617.06089577,EAE_C6_2010.xls,FBCF,si,no_mapeado_o_no_usado
2010,adquisiciones_origen_importado,G,45,,108206867.78346184,EAE_C6_2010.xls,FBCF,si,no_mapeado_o_no_usado
2010,fbcf,G,46,,5930444474.145926,EAE_C6_2010.xls,FBCF,si,no_mapeado_o_no_usado
2010,adquisiciones_importadas,G,46,,274065183.7797939,EAE_C6_2010.xls,FBCF,si,no_mapeado_o_no_usado
2010,adquisiciones_origen_importado,G,46,,2657867667.5135202,EAE_C6_2010.xls,FBCF,si,no_mapeado_o_no_usado
2010,fbcf,G,47,,1833002929.333619,EAE_C6_2010.xls,FBCF,si,no_mapeado_o_no_usado
2010,adquisiciones_importadas,G,47,,40092720.223607264,EAE_C6_2010.xls,FBCF,si,no_mapeado_o_no_usado
2010,adquisiciones_origen_importado,G,47,,403507022.28509617,EAE_C6_2010.xls,FBCF,si,no_mapeado_o_no_usado
2010,fbcf,H,49,,2263772749.80606,EAE_C6_2010.xls,FBCF,si,no_mapeado_o_no_usado
2010,adquisiciones_importadas,H,49,,465041405.0075665,EAE_C6_2010.xls,FBCF,si,no_mapeado_o_no_usado
2010,adquisiciones_origen_importado,H,49,,638725822.4246035,EAE_C6_2010.xls,FBCF,si,no_mapeado_o_no_usado
2010,fbcf,H,50,,886264326.7102063,EAE_C6_2010.xls,FBCF,si,no_mapeado_o_no_usado
2010,adquisiciones_importadas,H,50,,798083926.9999998,EAE_C6_2010.xls,FBCF,si,no_mapeado_o_no_usado
2010,adquisiciones_origen_importado,H,50,,2780021.990912967,EAE_C6_2010.xls,FBCF,si,no_mapeado_o_no_usado
2010,fbcf,H,51,,3143230205.288717,EAE_C6_2010.xls,FBCF,si,no_mapeado_o_no_usado
2010,adquisiciones_importadas,H,51,,3138254227.300997,EAE_C6_2010.xls,FBCF,si,no_mapeado_o_no_usado
2010,adquisiciones_origen_importado,H,51,,291846.3602072947,EAE_C6_2010.xls,FBCF,si,no_mapeado_o_no_usado
2010,fbcf,H,52,,2174244255.0711493,EAE_C6_2010.xls,FBCF,si,no_mapeado_o_no_usado
2010,adquisiciones_importadas,H,52,,238714289.47760382,EAE_C6_2010.xls,FBCF,si,no_mapeado_o_no_usado
2010,adquisiciones_origen_importado,H,52,,74492738.95117025,EAE_C6_2010.xls,FBCF,si,no_mapeado_o_no_usado
2010,fbcf,H,53,,228759103.7542131,EAE_C6_2010.xls,FBCF,si,no_mapeado_o_no_usado
2010,adquisiciones_importadas,H,53,,0.0,EAE_C6_2010.xls,FBCF,si,no_mapeado_o_no_usado
2010,adquisiciones_origen_importado,H,53,,18874464.5601567,EAE_C6_2010.xls,FBCF,si,no_mapeado_o_no_usado
2010,fbcf,I,55,,2174443350.528311,EAE_C6_2010.xls,FBCF,si,no_mapeado_o_no_usado
2010,adquisiciones_importadas,I,55,,64677873.00000002,EAE_C6_2010.xls,FBCF,si,no_mapeado_o_no_usado
2010,adquisiciones_origen_importado,I,55,,449447927.8986809,EAE_C6_2010.xls,FBCF,si,no_mapeado_o_no_usado
2010,fbcf,I,56,,120435206.12793683,EAE_C6_2010.xls,FBCF,si,no_mapeado_o_no_usado
2010,adquisiciones_importadas,I,56,,0.0,EAE_C6_2010.xls,FBCF,si,no_mapeado_o_no_usado
2010,adquisiciones_origen_importado,I,56,,14476607.79392271,EAE_C6_2010.xls,FBCF,si,no_mapeado_o_no_usado
2010,fbcf,J,58,,320768134.47275233,EAE_C6_2010.xls,FBCF,si,no_mapeado_o_no_usado
2010,adquisiciones_importadas,J,58,,64634942.99999998,EAE_C6_2010.xls,FBCF,si,no_mapeado_o_no_usado
2010,adquisiciones_origen_importado,J,58,,4154347.95937172,EAE_C6_2010.xls,FBCF,si,no_mapeado_o_no_usado
2010,fbcf,J,59,,98279572.58289656,EAE_C6_2010.xls,FBCF,si,no_mapeado_o_no_usado
2010,adquisiciones_importadas,J,59,,20215462.0,EAE_C6_2010.xls,FBCF,si,no_mapeado_o_no_usado
2010,adquisiciones_origen_importado,J,59,,47286818.26874369,EAE_C6_2010.xls,FBCF,si,no_mapeado_o_no_usado
2010,fbcf,J,60,,141563362.04305074,EAE_C6_2010.xls,FBCF,si,no_mapeado_o_no_usado
2010,adquisiciones_importadas,J,60,,62830741.649676695,EAE_C6_2010.xls,FBCF,si,no_mapeado_o_no_usado
2010,adquisiciones_origen_importado,J,60,,9205967.504675714,EAE_C6_2010.xls,FBCF,si,no_mapeado_o_no_usado
2010,fbcf,J,61,,6090259923.382205,EAE_C6_2010.xls,FBCF,si,no_mapeado_o_no_usado
2010,adquisiciones_importadas,J,61,,1210078485.7809956,EAE_C6_2010.xls,FBCF,si,no_mapeado_o_no_usado
2010,adquisiciones_origen_importado,J,61,,206397586.4683028,EAE_C6_2010.xls,FBCF,si,no_mapeado_o_no_usado
2010,fbcf,J,62,,122363607.60884272,EAE_C6_2010.xls,FBCF,si,no_mapeado_o_no_usado
2010,adquisiciones_importadas,J,62,,5765184.407547654,EAE_C6_2010.xls,FBCF,si,no_mapeado_o_no_usado
2010,adquisiciones_origen_importado,J,62,,21814119.33404845,EAE_C6_2010.xls,FBCF,si,no_mapeado_o_no_usado
2010,fbcf,J,63,,4677557.981082502,EAE_C6_2010.xls,FBCF,si,no_mapeado_o_no_usado
2010,adquisiciones_importadas,J,63,,46131.0,EAE_C6_2010.xls,FBCF,si,no_mapeado_o_no_usado
2010,adquisiciones_origen_importado,J,63,,499061.9498812398,EAE_C6_2010.xls,FBCF,si,no_mapeado_o_no_usado
2010,fbcf,M,69,,130366964.59446557,EAE_C6_2010.xls,FBCF,si,no_mapeado_o_no_usado
2010,adquisiciones_importadas,M,69,,2269428.0,EAE_C6_2010.xls,FBCF,si,no_mapeado_o_no_usado
2010,adquisiciones_origen_importado,M,69,,33205725.952131826,EAE_C6_2010.xls,FBCF,si,no_mapeado_o_no_usado
2010,fbcf,M,70,,48052132.21313764,EAE_C6_2010.xls,FBCF,si,no_mapeado_o_no_usado
2010,adquisiciones_importadas,M,70,,0.0,EAE_C6_2010.xls,FBCF,si,no_mapeado_o_no_usado
2010,adquisiciones_origen_importado,M,70,,18511938.75051689,EAE_C6_2010.xls,FBCF,si,no_mapeado_o_no_usado
2010,fbcf,M,71,,129070592.06102987,EAE_C6_2010.xls,FBCF,si,no_mapeado_o_no_usado
2010,adquisiciones_importadas,M,71,,13218281.000000002,EAE_C6_2010.xls,FBCF,si,no_mapeado_o_no_usado
2010,adquisiciones_origen_importado,M,71,,11267728.0,EAE_C6_2010.xls,FBCF,si,no_mapeado_o_no_usado
2010,fbcf,M,72,,22045293.809558623,EAE_C6_2010.xls,FBCF,si,no_mapeado_o_no_usado
2010,adquisiciones_importadas,M,72,,3957772.93114522,EAE_C6_2010.xls,FBCF,si,no_mapeado_o_no_usado
2010,adquisiciones_origen_importado,M,72,,3443812.88637023,EAE_C6_2010.xls,FBCF,si,no_mapeado_o_no_usado
2010,fbcf,M,73,,57753599.19654122,EAE_C6_2010.xls,FBCF,si,no_mapeado_o_no_usado
2010,adquisiciones_importadas,M,73,,2586660.0,EAE_C6_2010.xls,FBCF,si,no_mapeado_o_no_usado
2010,adquisiciones_origen_importado,M,73,,24943695.50767141,EAE_C6_2010.xls,FBCF,si,no_mapeado_o_no_usado
2010,fbcf,M,74,,16710105.164018782,EAE_C6_2010.xls,FBCF,si,no_mapeado_o_no_usado
2010,adquisiciones_importadas,M,74,,0.0,EAE_C6_2010.xls,FBCF,si,no_mapeado_o_no_usado
2010,adquisiciones_origen_importado,M,74,,5264563.766189159,EAE_C6_2010.xls,FBCF,si,no_mapeado_o_no_usado
2010,fbcf,N,77,,411679596.785177,EAE_C6_2010.xls,FBCF,si,no_mapeado_o_no_usado
2010,adquisiciones_importadas,N,77,,6796743.890036377,EAE_C6_2010.xls,FBCF,si,no_mapeado_o_no_usado
2010,adquisiciones_origen_importado,N,77,,397692177.14166206,EAE_C6_2010.xls,FBCF,si,no_mapeado_o_no_usado
2010,fbcf,N,78,,10744333.010251122,EAE_C6_2010.xls,FBCF,si,no_mapeado_o_no_usado
2010,adquisiciones_importadas,N,78,,0.0,EAE_C6_2010.xls,FBCF,si,no_mapeado_o_no_usado
2010,adquisiciones_origen_importado,N,78,,1481890.7503203682,EAE_C6_2010.xls,FBCF,si,no_mapeado_o_no_usado
2010,fbcf,N,79,,6623608.689868404,EAE_C6_2010.xls,FBCF,si,no_mapeado_o_no_usado
2010,adquisiciones_importadas,N,79,,0.0,EAE_C6_2010.xls,FBCF,si,no_mapeado_o_no_usado
2010,adquisiciones_origen_importado,N,79,,4923061.7845540065,EAE_C6_2010.xls,FBCF,si,no_mapeado_o_no_usado
2010,fbcf,N,80,,592715447.5904801,EAE_C6_2010.xls,FBCF,si,no_mapeado_o_no_usado
2010,adquisiciones_importadas,N,80,,249320810.0582311,EAE_C6_2010.xls,FBCF,si,no_mapeado_o_no_usado
2010,adquisiciones_origen_importado,N,80,,122213556.94303694,EAE_C6_2010.xls,FBCF,si,no_mapeado_o_no_usado
2010,fbcf,N,81,,22425230.80841499,EAE_C6_2010.xls,FBCF,si,no_mapeado_o_no_usado
2010,adquisiciones_importadas,N,81,,300264.782009096,EAE_C6_2010.xls,FBCF,si,no_mapeado_o_no_usado
2010,adquisiciones_origen_importado,N,81,,4762507.012283059,EAE_C6_2010.xls,FBCF,si,no_mapeado_o_no_usado
2010,fbcf,N,82,,416228724.0750946,EAE_C6_2010.xls,FBCF,si,no_mapeado_o_no_usado
2010,adquisiciones_importadas,N,82,,152425.1882640522,EAE_C6_2010.xls,FBCF,si,no_mapeado_o_no_usado
2010,adquisiciones_origen_importado,N,82,,21122429.51378347,EAE_C6_2010.xls,FBCF,si,no_mapeado_o_no_usado
2010,fbcf,P,85,,473420936.0844009,EAE_C6_2010.xls,FBCF,si,no_mapeado_o_no_usado
2010,adquisiciones_importadas,P,85,,11199774.999999998,EAE_C6_2010.xls,FBCF,si,no_mapeado_o_no_usado
2010,adquisiciones_origen_importado,P,85,,59287416.963008724,EAE_C6_2010.xls,FBCF,si,no_mapeado_o_no_usado
2010,fbcf,Q,86,,12594780441.46342,EAE_C6_2010.xls,FBCF,si,no_mapeado_o_no_usado
2010,adquisiciones_importadas,Q,86,,8431806.313914062,EAE_C6_2010.xls,FBCF,si,no_mapeado_o_no_usado
2010,adquisiciones_origen_importado,Q,86,,7490708724.138233,EAE_C6_2010.xls,FBCF,si,no_mapeado_o_no_usado
2010,fbcf,Q,87,,38609315.17130777,EAE_C6_2010.xls,FBCF,si,no_mapeado_o_no_usado
2010,adquisiciones_importadas,Q,87,,878618.8218976712,EAE_C6_2010.xls,FBCF,si,no_mapeado_o_no_usado
2010,adquisiciones_origen_importado,Q,87,,0.0,EAE_C6_2010.xls,FBCF,si,no_mapeado_o_no_usado
2010,fbcf,Q,88,,1913324.326584242,EAE_C6_2010.xls,FBCF,si,no_mapeado_o_no_usado
2010,adquisiciones_importadas,Q,88,,0.0,EAE_C6_2010.xls,FBCF,si,no_mapeado_o_no_usado
2010,adquisiciones_origen_importado,Q,88,,0.0,EAE_C6_2010.xls,FBCF,si,no_mapeado_o_no_usado
2010,fbcf,R,90,,53413.362174332506,EAE_C6_2010.xls,FBCF,si,no_mapeado_o_no_usado
2010,adquisiciones_importadas,R,90,,0.0,EAE_C6_2010.xls,FBCF,si,no_mapeado_o_no_usado
2010,adquisiciones_origen_importado,R,90,,0.0,EAE_C6_2010.xls,FBCF,si,no_mapeado_o_no_usado
2010,fbcf,R,92,,182191311.3103402,EAE_C6_2010.xls,FBCF,si,no_mapeado_o_no_usado
2010,adquisiciones_importadas,R,92,,634100.0,EAE_C6_2010.xls,FBCF,si,no_mapeado_o_no_usado
2010,adquisiciones_origen_importado,R,92,,50325937.342328295,EAE_C6_2010.xls,FBCF,si,no_mapeado_o_no_usado
2010,fbcf,R,93,,134384850.66010866,EAE_C6_2010.xls,FBCF,si,no_mapeado_o_no_usado
2010,adquisiciones_importadas,R,93,,7058344.000000002,EAE_C6_2010.xls,FBCF,si,no_mapeado_o_no_usado
2010,adquisiciones_origen_importado,R,93,,5021334.05361787,EAE_C6_2010.xls,FBCF,si,no_mapeado_o_no_usado
2010,fbcf,S,94,,117451205.21180412,EAE_C6_2010.xls,FBCF,si,no_mapeado_o_no_usado
2010,adquisiciones_importadas,S,94,,1250588.0,EAE_C6_2010.xls,FBCF,si,no_mapeado_o_no_usado
2010,adquisiciones_origen_importado,S,94,,14060339.95368008,EAE_C6_2010.xls,FBCF,si,no_mapeado_o_no_usado
2010,fbcf,S,95,,6470695.551757403,EAE_C6_2010.xls,FBCF,si,no_mapeado_o_no_usado
2010,adquisiciones_importadas,S,95,,35790.89440496221,EAE_C6_2010.xls,FBCF,si,no_mapeado_o_no_usado
2010,adquisiciones_origen_importado,S,95,,253367.0,EAE_C6_2010.xls,FBCF,si,no_mapeado_o_no_usado
2010,fbcf,S,96,,64669019.48877875,EAE_C6_2010.xls,FBCF,si,no_mapeado_o_no_usado
2010,adquisiciones_importadas,S,96,,0.0,EAE_C6_2010.xls,FBCF,si,no_mapeado_o_no_usado
2010,adquisiciones_origen_importado,S,96,,14344674.564620543,EAE_C6_2010.xls,FBCF,si,no_mapeado_o_no_usado
2010,fbkf_maq_eq,C,10,10_11_12_alimentos_bebidas_tabaco,2268461364.307138,EAE_C8_2010.xls,FBKF_componentes,si,mapeado
2010,fbkf_maq_eq,C,11,10_11_12_alimentos_bebidas_tabaco,347056130.06422424,EAE_C8_2010.xls,FBKF_componentes,si,mapeado
2010,fbkf_maq_eq,C,12,10_11_12_alimentos_bebidas_tabaco,-5155120.0,EAE_C8_2010.xls,FBKF_componentes,si,mapeado
2010,fbkf_maq_eq,C,13,13_14_15_textiles_prendas_cuero,60958878.16481527,EAE_C8_2010.xls,FBKF_componentes,si,mapeado
2010,fbkf_maq_eq,C,14,13_14_15_textiles_prendas_cuero,38734669.06969425,EAE_C8_2010.xls,FBKF_componentes,si,mapeado
2010,fbkf_maq_eq,C,15,13_14_15_textiles_prendas_cuero,132020951.30888602,EAE_C8_2010.xls,FBKF_componentes,si,mapeado
2010,fbkf_maq_eq,C,16,16_madera,798558136.395519,EAE_C8_2010.xls,FBKF_componentes,si,mapeado
2010,fbkf_maq_eq,C,17,17_18_papel_impresion,629092290.6241758,EAE_C8_2010.xls,FBKF_componentes,si,mapeado
2010,fbkf_maq_eq,C,18,17_18_papel_impresion,225140327.27585477,EAE_C8_2010.xls,FBKF_componentes,si,mapeado
2010,fbkf_maq_eq,C,19,19_refinacion,316655290.0,EAE_C8_2010.xls,FBKF_componentes,si,mapeado
2010,fbkf_maq_eq,C,20,20_21_22_quimicos_farma_caucho_plastico,366263082.2391506,EAE_C8_2010.xls,FBKF_componentes,si,mapeado
2010,fbkf_maq_eq,C,21,20_21_22_quimicos_farma_caucho_plastico,275968018.15342087,EAE_C8_2010.xls,FBKF_componentes,si,mapeado
2010,fbkf_maq_eq,C,22,20_21_22_quimicos_farma_caucho_plastico,294284322.66296965,EAE_C8_2010.xls,FBKF_componentes,si,mapeado
2010,fbkf_maq_eq,C,23,23_24_minerales_metales,141446873.52838352,EAE_C8_2010.xls,FBKF_componentes,si,mapeado
2010,fbkf_maq_eq,C,24,23_24_minerales_metales,167745496.14647213,EAE_C8_2010.xls,FBKF_componentes,si,mapeado
2010,fbkf_maq_eq,C,25,25_26_27_28_33_metal_equipos_reparacion,123442003.7705276,EAE_C8_2010.xls,FBKF_componentes,si,mapeado
2010,fbkf_maq_eq,C,26,25_26_27_28_33_metal_equipos_reparacion,6821308.826200791,EAE_C8_2010.xls,FBKF_componentes,si,mapeado
2010,fbkf_maq_eq,C,27,25_26_27_28_33_metal_equipos_reparacion,58277993.584145,EAE_C8_2010.xls,FBKF_componentes,si,mapeado
2010,fbkf_maq_eq,C,28,25_26_27_28_33_metal_equipos_reparacion,30212578.81562953,EAE_C8_2010.xls,FBKF_componentes,si,mapeado
2010,fbkf_maq_eq,C,29,29_30_vehiculos_transporte,129628410.47396524,EAE_C8_2010.xls,FBKF_componentes,si,mapeado
2010,fbkf_maq_eq,C,30,29_30_vehiculos_transporte,6192087.0,EAE_C8_2010.xls,FBKF_componentes,si,mapeado
2010,fbkf_maq_eq,C,31,31_32_muebles_otras_manufacturas,56162384.76309476,EAE_C8_2010.xls,FBKF_componentes,si,mapeado
2010,fbkf_maq_eq,C,32,31_32_muebles_otras_manufacturas,15310615.524997672,EAE_C8_2010.xls,FBKF_componentes,si,mapeado
2010,fbkf_maq_eq,C,33,25_26_27_28_33_metal_equipos_reparacion,43988513.643872604,EAE_C8_2010.xls,FBKF_componentes,si,mapeado
2010,fbkf_maq_eq,D,35,,442582610.0,EAE_C8_2010.xls,FBKF_componentes,si,no_mapeado_o_no_usado
2010,fbkf_maq_eq,E,36 y 37,,1096108351.0,EAE_C8_2010.xls,FBKF_componentes,si,no_mapeado_o_no_usado
2010,fbkf_maq_eq,E,38,,12715902.999999998,EAE_C8_2010.xls,FBKF_componentes,si,no_mapeado_o_no_usado
2010,fbkf_maq_eq,G,45,,181344079.85587227,EAE_C8_2010.xls,FBKF_componentes,si,no_mapeado_o_no_usado
2010,fbkf_maq_eq,G,46,,3613902183.2174582,EAE_C8_2010.xls,FBKF_componentes,si,no_mapeado_o_no_usado
2010,fbkf_maq_eq,G,47,,854495115.5634404,EAE_C8_2010.xls,FBKF_componentes,si,no_mapeado_o_no_usado
2010,fbkf_maq_eq,H,49,,1674330067.2134092,EAE_C8_2010.xls,FBKF_componentes,si,no_mapeado_o_no_usado
2010,fbkf_maq_eq,H,50,,808571554.9378103,EAE_C8_2010.xls,FBKF_componentes,si,no_mapeado_o_no_usado
2010,fbkf_maq_eq,H,51,,3137011503.7078204,EAE_C8_2010.xls,FBKF_componentes,si,no_mapeado_o_no_usado
2010,fbkf_maq_eq,H,52,,567206580.0815663,EAE_C8_2010.xls,FBKF_componentes,si,no_mapeado_o_no_usado
2010,fbkf_maq_eq,H,53,,22013419.122325305,EAE_C8_2010.xls,FBKF_componentes,si,no_mapeado_o_no_usado
2010,fbkf_maq_eq,I,55,,1207278370.7833967,EAE_C8_2010.xls,FBKF_componentes,si,no_mapeado_o_no_usado
2010,fbkf_maq_eq,I,56,,86593409.49777208,EAE_C8_2010.xls,FBKF_componentes,si,no_mapeado_o_no_usado
2010,fbkf_maq_eq,J,58,,92266943.47275245,EAE_C8_2010.xls,FBKF_componentes,si,no_mapeado_o_no_usado
2010,fbkf_maq_eq,J,59,,88931033.73754425,EAE_C8_2010.xls,FBKF_componentes,si,no_mapeado_o_no_usado
2010,fbkf_maq_eq,J,60,,84630098.53367995,EAE_C8_2010.xls,FBKF_componentes,si,no_mapeado_o_no_usado
2010,fbkf_maq_eq,J,61,,5124680450.194383,EAE_C8_2010.xls,FBKF_componentes,si,no_mapeado_o_no_usado
2010,fbkf_maq_eq,J,62,,48864865.933133245,EAE_C8_2010.xls,FBKF_componentes,si,no_mapeado_o_no_usado
2010,fbkf_maq_eq,J,63,,4548233.512811479,EAE_C8_2010.xls,FBKF_componentes,si,no_mapeado_o_no_usado
2010,fbkf_maq_eq,M,69,,70115831.62611172,EAE_C8_2010.xls,FBKF_componentes,si,no_mapeado_o_no_usado
2010,fbkf_maq_eq,M,70,,34464646.17272294,EAE_C8_2010.xls,FBKF_componentes,si,no_mapeado_o_no_usado
2010,fbkf_maq_eq,M,71,,67066781.44453963,EAE_C8_2010.xls,FBKF_componentes,si,no_mapeado_o_no_usado
2010,fbkf_maq_eq,M,72,,11231189.844353378,EAE_C8_2010.xls,FBKF_componentes,si,no_mapeado_o_no_usado
2010,fbkf_maq_eq,M,73,,38356936.51961394,EAE_C8_2010.xls,FBKF_componentes,si,no_mapeado_o_no_usado
2010,fbkf_maq_eq,M,74,,13032891.985978091,EAE_C8_2010.xls,FBKF_componentes,si,no_mapeado_o_no_usado
2010,fbkf_maq_eq,N,77,,389407098.91446054,EAE_C8_2010.xls,FBKF_componentes,si,no_mapeado_o_no_usado
2010,fbkf_maq_eq,N,78,,6015843.164533879,EAE_C8_2010.xls,FBKF_componentes,si,no_mapeado_o_no_usado
2010,fbkf_maq_eq,N,79,,6131526.990478773,EAE_C8_2010.xls,FBKF_componentes,si,no_mapeado_o_no_usado
2010,fbkf_maq_eq,N,80,,411622600.6942275,EAE_C8_2010.xls,FBKF_componentes,si,no_mapeado_o_no_usado
2010,fbkf_maq_eq,N,81,,22102921.880317826,EAE_C8_2010.xls,FBKF_componentes,si,no_mapeado_o_no_usado
2010,fbkf_maq_eq,N,82,,99258509.16711505,EAE_C8_2010.xls,FBKF_componentes,si,no_mapeado_o_no_usado
2010,fbkf_maq_eq,P,85,,106502052.87121697,EAE_C8_2010.xls,FBKF_componentes,si,no_mapeado_o_no_usado
2010,fbkf_maq_eq,Q,86,,7860998485.0746,EAE_C8_2010.xls,FBKF_componentes,si,no_mapeado_o_no_usado
2010,fbkf_maq_eq,Q,87,,24139672.698392384,EAE_C8_2010.xls,FBKF_componentes,si,no_mapeado_o_no_usado
2010,fbkf_maq_eq,Q,88,,949284.4487882257,EAE_C8_2010.xls,FBKF_componentes,si,no_mapeado_o_no_usado
2010,fbkf_maq_eq,R,90,,53413.362174332506,EAE_C8_2010.xls,FBKF_componentes,si,no_mapeado_o_no_usado
2010,fbkf_maq_eq,R,92,,96712072.31034021,EAE_C8_2010.xls,FBKF_componentes,si,no_mapeado_o_no_usado
2010,fbkf_maq_eq,R,93,,61236104.15859714,EAE_C8_2010.xls,FBKF_componentes,si,no_mapeado_o_no_usado
2010,fbkf_maq_eq,S,94,,36297878.87163124,EAE_C8_2010.xls,FBKF_componentes,si,no_mapeado_o_no_usado
2010,fbkf_maq_eq,S,95,,2337390.2889451403,EAE_C8_2010.xls,FBKF_componentes,si,no_mapeado_o_no_usado
2010,fbkf_maq_eq,S,96,,36981799.696013875,EAE_C8_2010.xls,FBKF_componentes,si,no_mapeado_o_no_usado
2012,fbcf,B,08 y 09,,300655513.7417543,EAE_C6_2012.xls,FBCF,si,no_mapeado_o_no_usado
2012,adquisiciones_importadas,B,08 y 09,,25535653.61995502,EAE_C6_2012.xls,FBCF,si,no_mapeado_o_no_usado
2012,adquisiciones_origen_importado,B,08 y 09,,123819113.63228633,EAE_C6_2012.xls,FBCF,si,no_mapeado_o_no_usado
2012,fbcf,C,10,10_11_12_alimentos_bebidas_tabaco,4428862083.656354,EAE_C6_2012.xls,FBCF,si,mapeado
2012,adquisiciones_importadas,C,10,10_11_12_alimentos_bebidas_tabaco,730968025.0540538,EAE_C6_2012.xls,FBCF,si,mapeado
2012,adquisiciones_origen_importado,C,10,10_11_12_alimentos_bebidas_tabaco,1001369185.2804427,EAE_C6_2012.xls,FBCF,si,mapeado
2012,fbcf,C,11 y 12,10_11_12_alimentos_bebidas_tabaco,1291129201.987905,EAE_C6_2012.xls,FBCF,si,mapeado
2012,adquisiciones_importadas,C,11 y 12,10_11_12_alimentos_bebidas_tabaco,272761798.51919967,EAE_C6_2012.xls,FBCF,si,mapeado
2012,adquisiciones_origen_importado,C,11 y 12,10_11_12_alimentos_bebidas_tabaco,205496905.17776722,EAE_C6_2012.xls,FBCF,si,mapeado
2012,fbcf,C,13,13_14_15_textiles_prendas_cuero,406261848.5027793,EAE_C6_2012.xls,FBCF,si,mapeado
2012,adquisiciones_importadas,C,13,13_14_15_textiles_prendas_cuero,42349761.31410453,EAE_C6_2012.xls,FBCF,si,mapeado
2012,adquisiciones_origen_importado,C,13,13_14_15_textiles_prendas_cuero,211806856.76939413,EAE_C6_2012.xls,FBCF,si,mapeado
2012,fbcf,C,14,13_14_15_textiles_prendas_cuero,47798683.47513761,EAE_C6_2012.xls,FBCF,si,mapeado
2012,adquisiciones_importadas,C,14,13_14_15_textiles_prendas_cuero,173969.15114974655,EAE_C6_2012.xls,FBCF,si,mapeado
2012,adquisiciones_origen_importado,C,14,13_14_15_textiles_prendas_cuero,16729787.462532284,EAE_C6_2012.xls,FBCF,si,mapeado
2012,fbcf,C,15,13_14_15_textiles_prendas_cuero,43970484.479335696,EAE_C6_2012.xls,FBCF,si,mapeado
2012,adquisiciones_importadas,C,15,13_14_15_textiles_prendas_cuero,56912364.07649774,EAE_C6_2012.xls,FBCF,si,mapeado
2012,adquisiciones_origen_importado,C,15,13_14_15_textiles_prendas_cuero,11165230.2820003,EAE_C6_2012.xls,FBCF,si,mapeado
2012,fbcf,C,16,16_madera,755794117.714111,EAE_C6_2012.xls,FBCF,si,mapeado
2012,adquisiciones_importadas,C,16,16_madera,10709173.655674258,EAE_C6_2012.xls,FBCF,si,mapeado
2012,adquisiciones_origen_importado,C,16,16_madera,263427077.68239382,EAE_C6_2012.xls,FBCF,si,mapeado
2012,fbcf,C,17,17_18_papel_impresion,227210979.99980152,EAE_C6_2012.xls,FBCF,si,mapeado
2012,adquisiciones_importadas,C,17,17_18_papel_impresion,53157789.52958188,EAE_C6_2012.xls,FBCF,si,mapeado
2012,adquisiciones_origen_importado,C,17,17_18_papel_impresion,20437624.466167945,EAE_C6_2012.xls,FBCF,si,mapeado
2012,fbcf,C,18,17_18_papel_impresion,175214354.65082246,EAE_C6_2012.xls,FBCF,si,mapeado
2012,adquisiciones_importadas,C,18,17_18_papel_impresion,3600933.9165974557,EAE_C6_2012.xls,FBCF,si,mapeado
2012,adquisiciones_origen_importado,C,18,17_18_papel_impresion,80537907.58410953,EAE_C6_2012.xls,FBCF,si,mapeado
2012,fbcf,C,19,19_refinacion,5041368315.0,EAE_C6_2012.xls,FBCF,si,mapeado
2012,adquisiciones_importadas,C,19,19_refinacion,4262577397.0,EAE_C6_2012.xls,FBCF,si,mapeado
2012,adquisiciones_origen_importado,C,19,19_refinacion,390967942.0,EAE_C6_2012.xls,FBCF,si,mapeado
2012,fbcf,C,20,20_21_22_quimicos_farma_caucho_plastico,1598322677.451383,EAE_C6_2012.xls,FBCF,si,mapeado
2012,adquisiciones_importadas,C,20,20_21_22_quimicos_farma_caucho_plastico,114162106.34775779,EAE_C6_2012.xls,FBCF,si,mapeado
2012,adquisiciones_origen_importado,C,20,20_21_22_quimicos_farma_caucho_plastico,393811937.7886412,EAE_C6_2012.xls,FBCF,si,mapeado
2012,fbcf,C,21,20_21_22_quimicos_farma_caucho_plastico,944573733.5996692,EAE_C6_2012.xls,FBCF,si,mapeado
2012,adquisiciones_importadas,C,21,20_21_22_quimicos_farma_caucho_plastico,107493735.97089423,EAE_C6_2012.xls,FBCF,si,mapeado
2012,adquisiciones_origen_importado,C,21,20_21_22_quimicos_farma_caucho_plastico,65687880.05904132,EAE_C6_2012.xls,FBCF,si,mapeado
2012,fbcf,C,22,20_21_22_quimicos_farma_caucho_plastico,345867955.50053203,EAE_C6_2012.xls,FBCF,si,mapeado
2012,adquisiciones_importadas,C,22,20_21_22_quimicos_farma_caucho_plastico,103375681.6466229,EAE_C6_2012.xls,FBCF,si,mapeado
2012,adquisiciones_origen_importado,C,22,20_21_22_quimicos_farma_caucho_plastico,81938503.71483764,EAE_C6_2012.xls,FBCF,si,mapeado
2012,fbcf,C,23,23_24_minerales_metales,498124696.1768753,EAE_C6_2012.xls,FBCF,si,mapeado
2012,adquisiciones_importadas,C,23,23_24_minerales_metales,39560178.83742067,EAE_C6_2012.xls,FBCF,si,mapeado
2012,adquisiciones_origen_importado,C,23,23_24_minerales_metales,85295226.07616039,EAE_C6_2012.xls,FBCF,si,mapeado
2012,fbcf,C,24,23_24_minerales_metales,592822978.0046651,EAE_C6_2012.xls,FBCF,si,mapeado
2012,adquisiciones_importadas,C,24,23_24_minerales_metales,62956904.0,EAE_C6_2012.xls,FBCF,si,mapeado
2012,adquisiciones_origen_importado,C,24,23_24_minerales_metales,113015356.06748468,EAE_C6_2012.xls,FBCF,si,mapeado
2012,fbcf,C,25,25_26_27_28_33_metal_equipos_reparacion,150292691.31075737,EAE_C6_2012.xls,FBCF,si,mapeado
2012,adquisiciones_importadas,C,25,25_26_27_28_33_metal_equipos_reparacion,19147073.816629287,EAE_C6_2012.xls,FBCF,si,mapeado
2012,adquisiciones_origen_importado,C,25,25_26_27_28_33_metal_equipos_reparacion,36201598.2796319,EAE_C6_2012.xls,FBCF,si,mapeado
2012,fbcf,C,26,25_26_27_28_33_metal_equipos_reparacion,15100667.529313207,EAE_C6_2012.xls,FBCF,si,mapeado
2012,adquisiciones_importadas,C,26,25_26_27_28_33_metal_equipos_reparacion,4303772.69605981,EAE_C6_2012.xls,FBCF,si,mapeado
2012,adquisiciones_origen_importado,C,26,25_26_27_28_33_metal_equipos_reparacion,6437775.0892217085,EAE_C6_2012.xls,FBCF,si,mapeado
2012,fbcf,C,27,25_26_27_28_33_metal_equipos_reparacion,190766638.86545867,EAE_C6_2012.xls,FBCF,si,mapeado
2012,adquisiciones_importadas,C,27,25_26_27_28_33_metal_equipos_reparacion,5741419.40103839,EAE_C6_2012.xls,FBCF,si,mapeado
2012,adquisiciones_origen_importado,C,27,25_26_27_28_33_metal_equipos_reparacion,105686662.62414138,EAE_C6_2012.xls,FBCF,si,mapeado
2012,fbcf,C,28,25_26_27_28_33_metal_equipos_reparacion,17710724.627161648,EAE_C6_2012.xls,FBCF,si,mapeado
2012,adquisiciones_importadas,C,28,25_26_27_28_33_metal_equipos_reparacion,0.0,EAE_C6_2012.xls,FBCF,si,mapeado
2012,adquisiciones_origen_importado,C,28,25_26_27_28_33_metal_equipos_reparacion,7270673.003971301,EAE_C6_2012.xls,FBCF,si,mapeado
2012,fbcf,C,29,29_30_vehiculos_transporte,114565361.58357373,EAE_C6_2012.xls,FBCF,si,mapeado
2012,adquisiciones_importadas,C,29,29_30_vehiculos_transporte,41035466.895474076,EAE_C6_2012.xls,FBCF,si,mapeado
2012,adquisiciones_origen_importado,C,29,29_30_vehiculos_transporte,10584296.983635582,EAE_C6_2012.xls,FBCF,si,mapeado
2012,fbcf,C,30,29_30_vehiculos_transporte,33321138.835343216,EAE_C6_2012.xls,FBCF,si,mapeado
2012,adquisiciones_importadas,C,30,29_30_vehiculos_transporte,22386735.431320254,EAE_C6_2012.xls,FBCF,si,mapeado
2012,adquisiciones_origen_importado,C,30,29_30_vehiculos_transporte,2804120.6348480424,EAE_C6_2012.xls,FBCF,si,mapeado
2012,fbcf,C,31,31_32_muebles_otras_manufacturas,87210465.2596468,EAE_C6_2012.xls,FBCF,si,mapeado
2012,adquisiciones_importadas,C,31,31_32_muebles_otras_manufacturas,0.0,EAE_C6_2012.xls,FBCF,si,mapeado
2012,adquisiciones_origen_importado,C,31,31_32_muebles_otras_manufacturas,10763470.619349483,EAE_C6_2012.xls,FBCF,si,mapeado
2012,fbcf,C,32,31_32_muebles_otras_manufacturas,33225374.554548103,EAE_C6_2012.xls,FBCF,si,mapeado
2012,adquisiciones_importadas,C,32,31_32_muebles_otras_manufacturas,1320195.5357702402,EAE_C6_2012.xls,FBCF,si,mapeado
2012,adquisiciones_origen_importado,C,32,31_32_muebles_otras_manufacturas,15900593.383976273,EAE_C6_2012.xls,FBCF,si,mapeado
2012,fbcf,C,33,25_26_27_28_33_metal_equipos_reparacion,105113275.3738624,EAE_C6_2012.xls,FBCF,si,mapeado
2012,adquisiciones_importadas,C,33,25_26_27_28_33_metal_equipos_reparacion,19492104.609279893,EAE_C6_2012.xls,FBCF,si,mapeado
2012,adquisiciones_origen_importado,C,33,25_26_27_28_33_metal_equipos_reparacion,15276904.817193793,EAE_C6_2012.xls,FBCF,si,mapeado
2012,fbcf,D,35,,5954731976.0,EAE_C6_2012.xls,FBCF,si,no_mapeado_o_no_usado
2012,adquisiciones_importadas,D,35,,0.0,EAE_C6_2012.xls,FBCF,si,no_mapeado_o_no_usado
2012,adquisiciones_origen_importado,D,35,,5428971.0,EAE_C6_2012.xls,FBCF,si,no_mapeado_o_no_usado
2012,fbcf,E,36 y 37,,2584951725.60823,EAE_C6_2012.xls,FBCF,si,no_mapeado_o_no_usado
2012,adquisiciones_importadas,E,36 y 37,,0.0,EAE_C6_2012.xls,FBCF,si,no_mapeado_o_no_usado
2012,adquisiciones_origen_importado,E,36 y 37,,90905688.81257424,EAE_C6_2012.xls,FBCF,si,no_mapeado_o_no_usado
2012,fbcf,E,38 y 39,,102619107.78376465,EAE_C6_2012.xls,FBCF,si,no_mapeado_o_no_usado
2012,adquisiciones_importadas,E,38 y 39,,15001790.0,EAE_C6_2012.xls,FBCF,si,no_mapeado_o_no_usado
2012,adquisiciones_origen_importado,E,38 y 39,,30004304.632473744,EAE_C6_2012.xls,FBCF,si,no_mapeado_o_no_usado
2012,fbcf,G,45,,625060704.9740535,EAE_C6_2012.xls,FBCF,si,no_mapeado_o_no_usado
2012,adquisiciones_importadas,G,45,,17749054.50131703,EAE_C6_2012.xls,FBCF,si,no_mapeado_o_no_usado
2012,adquisiciones_origen_importado,G,45,,128528883.35638566,EAE_C6_2012.xls,FBCF,si,no_mapeado_o_no_usado
2012,fbcf,G,46,,12030191550.873796,EAE_C6_2012.xls,FBCF,si,no_mapeado_o_no_usado
2012,adquisiciones_importadas,G,46,,5256271358.16349,EAE_C6_2012.xls,FBCF,si,no_mapeado_o_no_usado
2012,adquisiciones_origen_importado,G,46,,1097176069.295598,EAE_C6_2012.xls,FBCF,si,no_mapeado_o_no_usado
2012,fbcf,G,47,,3552761139.0218387,EAE_C6_2012.xls,FBCF,si,no_mapeado_o_no_usado
2012,adquisiciones_importadas,G,47,,13075666.689126244,EAE_C6_2012.xls,FBCF,si,no_mapeado_o_no_usado
2012,adquisiciones_origen_importado,G,47,,427192204.0518802,EAE_C6_2012.xls,FBCF,si,no_mapeado_o_no_usado
2012,fbcf,H,49,,3171356368.7531676,EAE_C6_2012.xls,FBCF,si,no_mapeado_o_no_usado
2012,adquisiciones_importadas,H,49,,503339520.8653792,EAE_C6_2012.xls,FBCF,si,no_mapeado_o_no_usado
2012,adquisiciones_origen_importado,H,49,,1234478131.1252913,EAE_C6_2012.xls,FBCF,si,no_mapeado_o_no_usado
2012,fbcf,H,50,,315734110.3840903,EAE_C6_2012.xls,FBCF,si,no_mapeado_o_no_usado
2012,adquisiciones_importadas,H,50,,164121976.0,EAE_C6_2012.xls,FBCF,si,no_mapeado_o_no_usado
2012,adquisiciones_origen_importado,H,50,,86219848.78848422,EAE_C6_2012.xls,FBCF,si,no_mapeado_o_no_usado
2012,fbcf,H,51,,47502801.06926398,EAE_C6_2012.xls,FBCF,si,no_mapeado_o_no_usado
2012,adquisiciones_importadas,H,51,,21962856.0,EAE_C6_2012.xls,FBCF,si,no_mapeado_o_no_usado
2012,adquisiciones_origen_importado,H,51,,21715608.868279867,EAE_C6_2012.xls,FBCF,si,no_mapeado_o_no_usado
2012,fbcf,H,52,,3808869302.391814,EAE_C6_2012.xls,FBCF,si,no_mapeado_o_no_usado
2012,adquisiciones_importadas,H,52,,22693498.45059884,EAE_C6_2012.xls,FBCF,si,no_mapeado_o_no_usado
2012,adquisiciones_origen_importado,H,52,,212431761.21783677,EAE_C6_2012.xls,FBCF,si,no_mapeado_o_no_usado
2012,fbcf,H,53,,262063736.40533507,EAE_C6_2012.xls,FBCF,si,no_mapeado_o_no_usado
2012,adquisiciones_importadas,H,53,,0.0,EAE_C6_2012.xls,FBCF,si,no_mapeado_o_no_usado
2012,adquisiciones_origen_importado,H,53,,22049783.824672665,EAE_C6_2012.xls,FBCF,si,no_mapeado_o_no_usado
2012,fbcf,I,55,,1152360204.5525107,EAE_C6_2012.xls,FBCF,si,no_mapeado_o_no_usado
2012,adquisiciones_importadas,I,55,,3886079.1577090747,EAE_C6_2012.xls,FBCF,si,no_mapeado_o_no_usado
2012,adquisiciones_origen_importado,I,55,,79272099.21350268,EAE_C6_2012.xls,FBCF,si,no_mapeado_o_no_usado
2012,fbcf,I,56,,386027918.3876951,EAE_C6_2012.xls,FBCF,si,no_mapeado_o_no_usado
2012,adquisiciones_importadas,I,56,,62160.158681486755,EAE_C6_2012.xls,FBCF,si,no_mapeado_o_no_usado
2012,adquisiciones_origen_importado,I,56,,39984181.265801765,EAE_C6_2012.xls,FBCF,si,no_mapeado_o_no_usado
2012,fbcf,J,58,,42612980.92412916,EAE_C6_2012.xls,FBCF,si,no_mapeado_o_no_usado
2012,adquisiciones_importadas,J,58,,14875096.246418707,EAE_C6_2012.xls,FBCF,si,no_mapeado_o_no_usado
2012,adquisiciones_origen_importado,J,58,,8054594.838435006,EAE_C6_2012.xls,FBCF,si,no_mapeado_o_no_usado
2012,fbcf,J,59,,71518534.12206382,EAE_C6_2012.xls,FBCF,si,no_mapeado_o_no_usado
2012,adquisiciones_importadas,J,59,,14477994.655918118,EAE_C6_2012.xls,FBCF,si,no_mapeado_o_no_usado
2012,adquisiciones_origen_importado,J,59,,5825130.535295496,EAE_C6_2012.xls,FBCF,si,no_mapeado_o_no_usado
2012,fbcf,J,60,,198782182.17309716,EAE_C6_2012.xls,FBCF,si,no_mapeado_o_no_usado
2012,adquisiciones_importadas,J,60,,113158360.21634023,EAE_C6_2012.xls,FBCF,si,no_mapeado_o_no_usado
2012,adquisiciones_origen_importado,J,60,,43894327.389136195,EAE_C6_2012.xls,FBCF,si,no_mapeado_o_no_usado
2012,fbcf,J,61,,8609743837.728258,EAE_C6_2012.xls,FBCF,si,no_mapeado_o_no_usado
2012,adquisiciones_importadas,J,61,,3982713017.4258213,EAE_C6_2012.xls,FBCF,si,no_mapeado_o_no_usado
2012,adquisiciones_origen_importado,J,61,,1793250971.225856,EAE_C6_2012.xls,FBCF,si,no_mapeado_o_no_usado
2012,fbcf,J,62,,240052138.12009665,EAE_C6_2012.xls,FBCF,si,no_mapeado_o_no_usado
2012,adquisiciones_importadas,J,62,,13072049.158566495,EAE_C6_2012.xls,FBCF,si,no_mapeado_o_no_usado
2012,adquisiciones_origen_importado,J,62,,42198573.56852325,EAE_C6_2012.xls,FBCF,si,no_mapeado_o_no_usado
2012,fbcf,J,63,,87994168.8332447,EAE_C6_2012.xls,FBCF,si,no_mapeado_o_no_usado
2012,adquisiciones_importadas,J,63,,0.0,EAE_C6_2012.xls,FBCF,si,no_mapeado_o_no_usado
2012,adquisiciones_origen_importado,J,63,,12175861.511391234,EAE_C6_2012.xls,FBCF,si,no_mapeado_o_no_usado
2012,fbcf,K,64,,277243570.7520872,EAE_C6_2012.xls,FBCF,si,no_mapeado_o_no_usado
2012,adquisiciones_importadas,K,64,,755910.9384690803,EAE_C6_2012.xls,FBCF,si,no_mapeado_o_no_usado
2012,adquisiciones_origen_importado,K,64,,48139213.681064434,EAE_C6_2012.xls,FBCF,si,no_mapeado_o_no_usado
2012,fbcf,K,66,,138862209.57061982,EAE_C6_2012.xls,FBCF,si,no_mapeado_o_no_usado
2012,adquisiciones_importadas,K,66,,165239.12256461903,EAE_C6_2012.xls,FBCF,si,no_mapeado_o_no_usado
2012,adquisiciones_origen_importado,K,66,,19721543.622982766,EAE_C6_2012.xls,FBCF,si,no_mapeado_o_no_usado
2012,fbcf,L,68,,1167918218.6386962,EAE_C6_2012.xls,FBCF,si,no_mapeado_o_no_usado
2012,adquisiciones_importadas,L,68,,0.0,EAE_C6_2012.xls,FBCF,si,no_mapeado_o_no_usado
2012,adquisiciones_origen_importado,L,68,,2096069.2764374826,EAE_C6_2012.xls,FBCF,si,no_mapeado_o_no_usado
2012,fbcf,M,69,,122814114.43800372,EAE_C6_2012.xls,FBCF,si,no_mapeado_o_no_usado
2012,adquisiciones_importadas,M,69,,0.0,EAE_C6_2012.xls,FBCF,si,no_mapeado_o_no_usado
2012,adquisiciones_origen_importado,M,69,,25596544.854843196,EAE_C6_2012.xls,FBCF,si,no_mapeado_o_no_usado
2012,fbcf,M,70,,22811092.986113645,EAE_C6_2012.xls,FBCF,si,no_mapeado_o_no_usado
2012,adquisiciones_importadas,M,70,,0.0,EAE_C6_2012.xls,FBCF,si,no_mapeado_o_no_usado
2012,adquisiciones_origen_importado,M,70,,8968734.82961924,EAE_C6_2012.xls,FBCF,si,no_mapeado_o_no_usado
2012,fbcf,M,71,,1043862652.5098813,EAE_C6_2012.xls,FBCF,si,no_mapeado_o_no_usado
2012,adquisiciones_importadas,M,71,,25737638.0,EAE_C6_2012.xls,FBCF,si,no_mapeado_o_no_usado
2012,adquisiciones_origen_importado,M,71,,76413684.85888988,EAE_C6_2012.xls,FBCF,si,no_mapeado_o_no_usado
2012,fbcf,M,72,,24637957.648090944,EAE_C6_2012.xls,FBCF,si,no_mapeado_o_no_usado
2012,adquisiciones_importadas,M,72,,99908.44139652871,EAE_C6_2012.xls,FBCF,si,no_mapeado_o_no_usado
2012,adquisiciones_origen_importado,M,72,,5077444.013527913,EAE_C6_2012.xls,FBCF,si,no_mapeado_o_no_usado
2012,fbcf,M,73,,107738134.01614168,EAE_C6_2012.xls,FBCF,si,no_mapeado_o_no_usado
2012,adquisiciones_importadas,M,73,,3243163.1877489462,EAE_C6_2012.xls,FBCF,si,no_mapeado_o_no_usado
2012,adquisiciones_origen_importado,M,73,,17727044.593951702,EAE_C6_2012.xls,FBCF,si,no_mapeado_o_no_usado
2012,fbcf,M,74,,170887827.90970573,EAE_C6_2012.xls,FBCF,si,no_mapeado_o_no_usado
2012,adquisiciones_importadas,M,74,,0.0,EAE_C6_2012.xls,FBCF,si,no_mapeado_o_no_usado
2012,adquisiciones_origen_importado,M,74,,39156817.11060841,EAE_C6_2012.xls,FBCF,si,no_mapeado_o_no_usado
2012,fbcf,M,75,,13777145.09791097,EAE_C6_2012.xls,FBCF,si,no_mapeado_o_no_usado
2012,adquisiciones_importadas,M,75,,0.0,EAE_C6_2012.xls,FBCF,si,no_mapeado_o_no_usado
2012,adquisiciones_origen_importado,M,75,,0.0,EAE_C6_2012.xls,FBCF,si,no_mapeado_o_no_usado
2012,fbcf,N,77,,862393576.1845278,EAE_C6_2012.xls,FBCF,si,no_mapeado_o_no_usado
2012,adquisiciones_importadas,N,77,,47786030.44370959,EAE_C6_2012.xls,FBCF,si,no_mapeado_o_no_usado
2012,adquisiciones_origen_importado,N,77,,745137252.0851014,EAE_C6_2012.xls,FBCF,si,no_mapeado_o_no_usado
2012,fbcf,N,78,,23337303.225659396,EAE_C6_2012.xls,FBCF,si,no_mapeado_o_no_usado
2012,adquisiciones_importadas,N,78,,0.0,EAE_C6_2012.xls,FBCF,si,no_mapeado_o_no_usado
2012,adquisiciones_origen_importado,N,78,,6167275.804168253,EAE_C6_2012.xls,FBCF,si,no_mapeado_o_no_usado
2012,fbcf,N,79,,244511135.90702996,EAE_C6_2012.xls,FBCF,si,no_mapeado_o_no_usado
2012,adquisiciones_importadas,N,79,,46709416.29774576,EAE_C6_2012.xls,FBCF,si,no_mapeado_o_no_usado
2012,adquisiciones_origen_importado,N,79,,2836707.8887094613,EAE_C6_2012.xls,FBCF,si,no_mapeado_o_no_usado
2012,fbcf,N,80,,765631594.9339423,EAE_C6_2012.xls,FBCF,si,no_mapeado_o_no_usado
2012,adquisiciones_importadas,N,80,,0.0,EAE_C6_2012.xls,FBCF,si,no_mapeado_o_no_usado
2012,adquisiciones_origen_importado,N,80,,139840154.9257068,EAE_C6_2012.xls,FBCF,si,no_mapeado_o_no_usado
2012,fbcf,N,81,,75312238.27588212,EAE_C6_2012.xls,FBCF,si,no_mapeado_o_no_usado
2012,adquisiciones_importadas,N,81,,0.0,EAE_C6_2012.xls,FBCF,si,no_mapeado_o_no_usado
2012,adquisiciones_origen_importado,N,81,,24237132.076212578,EAE_C6_2012.xls,FBCF,si,no_mapeado_o_no_usado
2012,fbcf,N,82,,454551639.19994915,EAE_C6_2012.xls,FBCF,si,no_mapeado_o_no_usado
2012,adquisiciones_importadas,N,82,,118911963.87238286,EAE_C6_2012.xls,FBCF,si,no_mapeado_o_no_usado
2012,adquisiciones_origen_importado,N,82,,31102901.496801324,EAE_C6_2012.xls,FBCF,si,no_mapeado_o_no_usado
2012,fbcf,P,85,,587838087.3526995,EAE_C6_2012.xls,FBCF,si,no_mapeado_o_no_usado
2012,adquisiciones_importadas,P,85,,13886211.005124815,EAE_C6_2012.xls,FBCF,si,no_mapeado_o_no_usado
2012,adquisiciones_origen_importado,P,85,,23013855.69426562,EAE_C6_2012.xls,FBCF,si,no_mapeado_o_no_usado
2012,fbcf,Q,86,,2429256266.2062106,EAE_C6_2012.xls,FBCF,si,no_mapeado_o_no_usado
2012,adquisiciones_importadas,Q,86,,0.0,EAE_C6_2012.xls,FBCF,si,no_mapeado_o_no_usado
2012,adquisiciones_origen_importado,Q,86,,278766817.84501874,EAE_C6_2012.xls,FBCF,si,no_mapeado_o_no_usado
2012,fbcf,Q,87,,48166281.774844654,EAE_C6_2012.xls,FBCF,si,no_mapeado_o_no_usado
2012,adquisiciones_importadas,Q,87,,0.0,EAE_C6_2012.xls,FBCF,si,no_mapeado_o_no_usado
2012,adquisiciones_origen_importado,Q,87,,4112936.915297405,EAE_C6_2012.xls,FBCF,si,no_mapeado_o_no_usado
2012,fbcf,Q,88,,39797865.07414398,EAE_C6_2012.xls,FBCF,si,no_mapeado_o_no_usado
2012,adquisiciones_importadas,Q,88,,0.0,EAE_C6_2012.xls,FBCF,si,no_mapeado_o_no_usado
2012,adquisiciones_origen_importado,Q,88,,355301.1769394999,EAE_C6_2012.xls,FBCF,si,no_mapeado_o_no_usado
2012,fbcf,R,90,,3553000.571792584,EAE_C6_2012.xls,FBCF,si,no_mapeado_o_no_usado
2012,adquisiciones_importadas,R,90,,0.0,EAE_C6_2012.xls,FBCF,si,no_mapeado_o_no_usado
2012,adquisiciones_origen_importado,R,90,,0.0,EAE_C6_2012.xls,FBCF,si,no_mapeado_o_no_usado
2012,fbcf,R,92,,135181084.16274178,EAE_C6_2012.xls,FBCF,si,no_mapeado_o_no_usado
2012,adquisiciones_importadas,R,92,,0.0,EAE_C6_2012.xls,FBCF,si,no_mapeado_o_no_usado
2012,adquisiciones_origen_importado,R,92,,34693.13467768452,EAE_C6_2012.xls,FBCF,si,no_mapeado_o_no_usado
2012,fbcf,R,93,,256343547.276062,EAE_C6_2012.xls,FBCF,si,no_mapeado_o_no_usado
2012,adquisiciones_importadas,R,93,,2703117.5271312674,EAE_C6_2012.xls,FBCF,si,no_mapeado_o_no_usado
2012,adquisiciones_origen_importado,R,93,,9905400.702170026,EAE_C6_2012.xls,FBCF,si,no_mapeado_o_no_usado
2012,fbcf,S,94,,426529266.5251082,EAE_C6_2012.xls,FBCF,si,no_mapeado_o_no_usado
2012,adquisiciones_importadas,S,94,,2281549.7571227355,EAE_C6_2012.xls,FBCF,si,no_mapeado_o_no_usado
2012,adquisiciones_origen_importado,S,94,,13489411.309314713,EAE_C6_2012.xls,FBCF,si,no_mapeado_o_no_usado
2012,fbcf,S,95,,13980818.857933827,EAE_C6_2012.xls,FBCF,si,no_mapeado_o_no_usado
2012,adquisiciones_importadas,S,95,,0.0,EAE_C6_2012.xls,FBCF,si,no_mapeado_o_no_usado
2012,adquisiciones_origen_importado,S,95,,7009031.640758385,EAE_C6_2012.xls,FBCF,si,no_mapeado_o_no_usado
2012,fbcf,S,96,,255421804.75927645,EAE_C6_2012.xls,FBCF,si,no_mapeado_o_no_usado
2012,adquisiciones_importadas,S,96,,0.0,EAE_C6_2012.xls,FBCF,si,no_mapeado_o_no_usado
2012,adquisiciones_origen_importado,S,96,,10060214.36870623,EAE_C6_2012.xls,FBCF,si,no_mapeado_o_no_usado
2012,fbkf_maq_eq,B,08 y 09,,151570937.75678414,EAE_C8_2012.xls,FBKF_componentes,si,no_mapeado_o_no_usado
2012,fbkf_maq_eq,C,10,10_11_12_alimentos_bebidas_tabaco,2852954996.061602,EAE_C8_2012.xls,FBKF_componentes,si,mapeado
2012,fbkf_maq_eq,C,11 y 12,10_11_12_alimentos_bebidas_tabaco,1057975230.4288135,EAE_C8_2012.xls,FBKF_componentes,si,mapeado
2012,fbkf_maq_eq,C,13,13_14_15_textiles_prendas_cuero,321791661.800426,EAE_C8_2012.xls,FBKF_componentes,si,mapeado
2012,fbkf_maq_eq,C,14,13_14_15_textiles_prendas_cuero,34981711.848169215,EAE_C8_2012.xls,FBKF_componentes,si,mapeado
2012,fbkf_maq_eq,C,15,13_14_15_textiles_prendas_cuero,47470855.744014814,EAE_C8_2012.xls,FBKF_componentes,si,mapeado
2012,fbkf_maq_eq,C,16,16_madera,353350776.8812796,EAE_C8_2012.xls,FBKF_componentes,si,mapeado
2012,fbkf_maq_eq,C,17,17_18_papel_impresion,186501329.05876315,EAE_C8_2012.xls,FBKF_componentes,si,mapeado
2012,fbkf_maq_eq,C,18,17_18_papel_impresion,152337489.23514995,EAE_C8_2012.xls,FBKF_componentes,si,mapeado
2012,fbkf_maq_eq,C,19,19_refinacion,4653548399.0,EAE_C8_2012.xls,FBKF_componentes,si,mapeado
2012,fbkf_maq_eq,C,20,20_21_22_quimicos_farma_caucho_plastico,651407858.4126185,EAE_C8_2012.xls,FBKF_componentes,si,mapeado
2012,fbkf_maq_eq,C,21,20_21_22_quimicos_farma_caucho_plastico,253784179.0368327,EAE_C8_2012.xls,FBKF_componentes,si,mapeado
2012,fbkf_maq_eq,C,22,20_21_22_quimicos_farma_caucho_plastico,257094307.52274883,EAE_C8_2012.xls,FBKF_componentes,si,mapeado
2012,fbkf_maq_eq,C,23,23_24_minerales_metales,350861227.29104245,EAE_C8_2012.xls,FBKF_componentes,si,mapeado
2012,fbkf_maq_eq,C,24,23_24_minerales_metales,211561230.16052628,EAE_C8_2012.xls,FBKF_componentes,si,mapeado
2012,fbkf_maq_eq,C,25,25_26_27_28_33_metal_equipos_reparacion,92737332.31879763,EAE_C8_2012.xls,FBKF_componentes,si,mapeado
2012,fbkf_maq_eq,C,26,25_26_27_28_33_metal_equipos_reparacion,10610047.329308957,EAE_C8_2012.xls,FBKF_componentes,si,mapeado
2012,fbkf_maq_eq,C,27,25_26_27_28_33_metal_equipos_reparacion,123885124.48718138,EAE_C8_2012.xls,FBKF_componentes,si,mapeado
2012,fbkf_maq_eq,C,28,25_26_27_28_33_metal_equipos_reparacion,15702502.459119089,EAE_C8_2012.xls,FBKF_componentes,si,mapeado
2012,fbkf_maq_eq,C,29,29_30_vehiculos_transporte,72032644.16872759,EAE_C8_2012.xls,FBKF_componentes,si,mapeado
2012,fbkf_maq_eq,C,30,29_30_vehiculos_transporte,25768342.90629738,EAE_C8_2012.xls,FBKF_componentes,si,mapeado
2012,fbkf_maq_eq,C,31,31_32_muebles_otras_manufacturas,34148139.421596274,EAE_C8_2012.xls,FBKF_componentes,si,mapeado
2012,fbkf_maq_eq,C,32,31_32_muebles_otras_manufacturas,23911753.219488423,EAE_C8_2012.xls,FBKF_componentes,si,mapeado
2012,fbkf_maq_eq,C,33,25_26_27_28_33_metal_equipos_reparacion,83203317.55520381,EAE_C8_2012.xls,FBKF_componentes,si,mapeado
2012,fbkf_maq_eq,D,35,,5623658650.0,EAE_C8_2012.xls,FBKF_componentes,si,no_mapeado_o_no_usado
2012,fbkf_maq_eq,E,36 y 37,,99280022.60823007,EAE_C8_2012.xls,FBKF_componentes,si,no_mapeado_o_no_usado
2012,fbkf_maq_eq,E,38 y 39,,100250419.98614207,EAE_C8_2012.xls,FBKF_componentes,si,no_mapeado_o_no_usado
2012,fbkf_maq_eq,G,45,,284124755.51742935,EAE_C8_2012.xls,FBKF_componentes,si,no_mapeado_o_no_usado
2012,fbkf_maq_eq,G,46,,4846364008.872821,EAE_C8_2012.xls,FBKF_componentes,si,no_mapeado_o_no_usado
2012,fbkf_maq_eq,G,47,,1418180709.094618,EAE_C8_2012.xls,FBKF_componentes,si,no_mapeado_o_no_usado
2012,fbkf_maq_eq,H,49,,2215063660.934246,EAE_C8_2012.xls,FBKF_componentes,si,no_mapeado_o_no_usado
2012,fbkf_maq_eq,H,50,,296352338.3840903,EAE_C8_2012.xls,FBKF_componentes,si,no_mapeado_o_no_usado
2012,fbkf_maq_eq,H,51,,47398729.75670637,EAE_C8_2012.xls,FBKF_componentes,si,no_mapeado_o_no_usado
2012,fbkf_maq_eq,H,52,,799206224.7979262,EAE_C8_2012.xls,FBKF_componentes,si,no_mapeado_o_no_usado
2012,fbkf_maq_eq,H,53,,143748898.7720633,EAE_C8_2012.xls,FBKF_componentes,si,no_mapeado_o_no_usado
2012,fbkf_maq_eq,I,55,,378136017.5613612,EAE_C8_2012.xls,FBKF_componentes,si,no_mapeado_o_no_usado
2012,fbkf_maq_eq,I,56,,226974951.1600051,EAE_C8_2012.xls,FBKF_componentes,si,no_mapeado_o_no_usado
2012,fbkf_maq_eq,J,58,,27711355.695850417,EAE_C8_2012.xls,FBKF_componentes,si,no_mapeado_o_no_usado
2012,fbkf_maq_eq,J,59,,46123293.935054705,EAE_C8_2012.xls,FBKF_componentes,si,no_mapeado_o_no_usado
2012,fbkf_maq_eq,J,60,,93467983.22129157,EAE_C8_2012.xls,FBKF_componentes,si,no_mapeado_o_no_usado
2012,fbkf_maq_eq,J,61,,7993031657.430397,EAE_C8_2012.xls,FBKF_componentes,si,no_mapeado_o_no_usado
2012,fbkf_maq_eq,J,62,,124560736.11711222,EAE_C8_2012.xls,FBKF_componentes,si,no_mapeado_o_no_usado
2012,fbkf_maq_eq,J,63,,27587546.61980296,EAE_C8_2012.xls,FBKF_componentes,si,no_mapeado_o_no_usado
2012,fbkf_maq_eq,K,64,,138457940.34789047,EAE_C8_2012.xls,FBKF_componentes,si,no_mapeado_o_no_usado
2012,fbkf_maq_eq,K,66,,78380047.29187568,EAE_C8_2012.xls,FBKF_componentes,si,no_mapeado_o_no_usado
2012,fbkf_maq_eq,L,68,,174795287.7277512,EAE_C8_2012.xls,FBKF_componentes,si,no_mapeado_o_no_usado
2012,fbkf_maq_eq,M,69,,35894233.98240424,EAE_C8_2012.xls,FBKF_componentes,si,no_mapeado_o_no_usado
2012,fbkf_maq_eq,M,70,,12125306.977120403,EAE_C8_2012.xls,FBKF_componentes,si,no_mapeado_o_no_usado
2012,fbkf_maq_eq,M,71,,69519768.01201631,EAE_C8_2012.xls,FBKF_componentes,si,no_mapeado_o_no_usado
2012,fbkf_maq_eq,M,72,,19502341.794487566,EAE_C8_2012.xls,FBKF_componentes,si,no_mapeado_o_no_usado
2012,fbkf_maq_eq,M,73,,102542744.5612286,EAE_C8_2012.xls,FBKF_componentes,si,no_mapeado_o_no_usado
2012,fbkf_maq_eq,M,74,,41964636.54877616,EAE_C8_2012.xls,FBKF_componentes,si,no_mapeado_o_no_usado
2012,fbkf_maq_eq,M,75,,1253198.8513124292,EAE_C8_2012.xls,FBKF_componentes,si,no_mapeado_o_no_usado
2012,fbkf_maq_eq,N,77,,850107122.4203148,EAE_C8_2012.xls,FBKF_componentes,si,no_mapeado_o_no_usado
2012,fbkf_maq_eq,N,78,,14532055.309543485,EAE_C8_2012.xls,FBKF_componentes,si,no_mapeado_o_no_usado
2012,fbkf_maq_eq,N,79,,37506934.61196056,EAE_C8_2012.xls,FBKF_componentes,si,no_mapeado_o_no_usado
2012,fbkf_maq_eq,N,80,,211159860.76170895,EAE_C8_2012.xls,FBKF_componentes,si,no_mapeado_o_no_usado
2012,fbkf_maq_eq,N,81,,59335651.65804124,EAE_C8_2012.xls,FBKF_componentes,si,no_mapeado_o_no_usado
2012,fbkf_maq_eq,N,82,,143034230.78898814,EAE_C8_2012.xls,FBKF_componentes,si,no_mapeado_o_no_usado
2012,fbkf_maq_eq,P,85,,129763993.27109477,EAE_C8_2012.xls,FBKF_componentes,si,no_mapeado_o_no_usado
2012,fbkf_maq_eq,Q,86,,663439299.1974034,EAE_C8_2012.xls,FBKF_componentes,si,no_mapeado_o_no_usado
2012,fbkf_maq_eq,Q,87,,39296362.19682732,EAE_C8_2012.xls,FBKF_componentes,si,no_mapeado_o_no_usado
2012,fbkf_maq_eq,Q,88,,5629987.894952035,EAE_C8_2012.xls,FBKF_componentes,si,no_mapeado_o_no_usado
2012,fbkf_maq_eq,R,90,,3159262.2534292815,EAE_C8_2012.xls,FBKF_componentes,si,no_mapeado_o_no_usado
2012,fbkf_maq_eq,R,92,,52994280.162741795,EAE_C8_2012.xls,FBKF_componentes,si,no_mapeado_o_no_usado
2012,fbkf_maq_eq,R,93,,103940674.49427918,EAE_C8_2012.xls,FBKF_componentes,si,no_mapeado_o_no_usado
2012,fbkf_maq_eq,S,94,,41961267.371482275,EAE_C8_2012.xls,FBKF_componentes,si,no_mapeado_o_no_usado
2012,fbkf_maq_eq,S,95,,13668345.691721532,EAE_C8_2012.xls,FBKF_componentes,si,no_mapeado_o_no_usado
2012,fbkf_maq_eq,S,96,,60405616.08210042,EAE_C8_2012.xls,FBKF_componentes,si,no_mapeado_o_no_usado
2013,fbcf,B,08 y 09,,433254714.0123328,EAE_C6_2013.xls,FBCF,si,no_mapeado_o_no_usado
2013,adquisiciones_importadas,B,08 y 09,,9742293.099149542,EAE_C6_2013.xls,FBCF,si,no_mapeado_o_no_usado
2013,adquisiciones_origen_importado,B,08 y 09,,40952019.96690615,EAE_C6_2013.xls,FBCF,si,no_mapeado_o_no_usado
2013,fbcf,C,10,10_11_12_alimentos_bebidas_tabaco,5845359580.056639,EAE_C6_2013.xls,FBCF,si,mapeado
2013,adquisiciones_importadas,C,10,10_11_12_alimentos_bebidas_tabaco,1051904342.7162259,EAE_C6_2013.xls,FBCF,si,mapeado
2013,adquisiciones_origen_importado,C,10,10_11_12_alimentos_bebidas_tabaco,791694365.2132096,EAE_C6_2013.xls,FBCF,si,mapeado
2013,fbcf,C,11 y 12,10_11_12_alimentos_bebidas_tabaco,1629930793.7063184,EAE_C6_2013.xls,FBCF,si,mapeado
2013,adquisiciones_importadas,C,11 y 12,10_11_12_alimentos_bebidas_tabaco,561785824.1436417,EAE_C6_2013.xls,FBCF,si,mapeado
2013,adquisiciones_origen_importado,C,11 y 12,10_11_12_alimentos_bebidas_tabaco,104535891.24108955,EAE_C6_2013.xls,FBCF,si,mapeado
2013,fbcf,C,13,13_14_15_textiles_prendas_cuero,435277774.40957683,EAE_C6_2013.xls,FBCF,si,mapeado
2013,adquisiciones_importadas,C,13,13_14_15_textiles_prendas_cuero,28364595.043631148,EAE_C6_2013.xls,FBCF,si,mapeado
2013,adquisiciones_origen_importado,C,13,13_14_15_textiles_prendas_cuero,41784637.63864946,EAE_C6_2013.xls,FBCF,si,mapeado
2013,fbcf,C,14,13_14_15_textiles_prendas_cuero,35200110.52333815,EAE_C6_2013.xls,FBCF,si,mapeado
2013,adquisiciones_importadas,C,14,13_14_15_textiles_prendas_cuero,351625.69569977955,EAE_C6_2013.xls,FBCF,si,mapeado
2013,adquisiciones_origen_importado,C,14,13_14_15_textiles_prendas_cuero,23889061.599579513,EAE_C6_2013.xls,FBCF,si,mapeado
2013,fbcf,C,15,13_14_15_textiles_prendas_cuero,131930904.14554502,EAE_C6_2013.xls,FBCF,si,mapeado
2013,adquisiciones_importadas,C,15,13_14_15_textiles_prendas_cuero,129615536.77557656,EAE_C6_2013.xls,FBCF,si,mapeado
2013,adquisiciones_origen_importado,C,15,13_14_15_textiles_prendas_cuero,47577252.61120385,EAE_C6_2013.xls,FBCF,si,mapeado
2013,fbcf,C,16,16_madera,205128084.60303733,EAE_C6_2013.xls,FBCF,si,mapeado
2013,adquisiciones_importadas,C,16,16_madera,17743002.011616934,EAE_C6_2013.xls,FBCF,si,mapeado
2013,adquisiciones_origen_importado,C,16,16_madera,33547356.731441714,EAE_C6_2013.xls,FBCF,si,mapeado
2013,fbcf,C,17,17_18_papel_impresion,329649451.2321775,EAE_C6_2013.xls,FBCF,si,mapeado
2013,adquisiciones_importadas,C,17,17_18_papel_impresion,96994870.94428986,EAE_C6_2013.xls,FBCF,si,mapeado
2013,adquisiciones_origen_importado,C,17,17_18_papel_impresion,36732734.147383094,EAE_C6_2013.xls,FBCF,si,mapeado
2013,fbcf,C,18,17_18_papel_impresion,205018067.2325058,EAE_C6_2013.xls,FBCF,si,mapeado
2013,adquisiciones_importadas,C,18,17_18_papel_impresion,84781566.62401557,EAE_C6_2013.xls,FBCF,si,mapeado
2013,adquisiciones_origen_importado,C,18,17_18_papel_impresion,90084429.37171628,EAE_C6_2013.xls,FBCF,si,mapeado
2013,fbcf,C,19,19_refinacion,14227934845.0,EAE_C6_2013.xls,FBCF,si,mapeado
2013,adquisiciones_importadas,C,19,19_refinacion,0.0,EAE_C6_2013.xls,FBCF,si,mapeado
2013,adquisiciones_origen_importado,C,19,19_refinacion,14192362229.0,EAE_C6_2013.xls,FBCF,si,mapeado
2013,fbcf,C,20,20_21_22_quimicos_farma_caucho_plastico,3016693056.5122786,EAE_C6_2013.xls,FBCF,si,mapeado
2013,adquisiciones_importadas,C,20,20_21_22_quimicos_farma_caucho_plastico,91225020.13870707,EAE_C6_2013.xls,FBCF,si,mapeado
2013,adquisiciones_origen_importado,C,20,20_21_22_quimicos_farma_caucho_plastico,244798865.5693643,EAE_C6_2013.xls,FBCF,si,mapeado
2013,fbcf,C,21,20_21_22_quimicos_farma_caucho_plastico,517568258.6930408,EAE_C6_2013.xls,FBCF,si,mapeado
2013,adquisiciones_importadas,C,21,20_21_22_quimicos_farma_caucho_plastico,94781210.62247086,EAE_C6_2013.xls,FBCF,si,mapeado
2013,adquisiciones_origen_importado,C,21,20_21_22_quimicos_farma_caucho_plastico,52311245.49532485,EAE_C6_2013.xls,FBCF,si,mapeado
2013,fbcf,C,22,20_21_22_quimicos_farma_caucho_plastico,461163955.31959915,EAE_C6_2013.xls,FBCF,si,mapeado
2013,adquisiciones_importadas,C,22,20_21_22_quimicos_farma_caucho_plastico,79262431.3285076,EAE_C6_2013.xls,FBCF,si,mapeado
2013,adquisiciones_origen_importado,C,22,20_21_22_quimicos_farma_caucho_plastico,146635213.46010706,EAE_C6_2013.xls,FBCF,si,mapeado
2013,fbcf,C,23,23_24_minerales_metales,363287785.42978626,EAE_C6_2013.xls,FBCF,si,mapeado
2013,adquisiciones_importadas,C,23,23_24_minerales_metales,52948795.74343322,EAE_C6_2013.xls,FBCF,si,mapeado
2013,adquisiciones_origen_importado,C,23,23_24_minerales_metales,60724722.399694934,EAE_C6_2013.xls,FBCF,si,mapeado
2013,fbcf,C,24,23_24_minerales_metales,411247547.5806552,EAE_C6_2013.xls,FBCF,si,mapeado
2013,adquisiciones_importadas,C,24,23_24_minerales_metales,61687036.867238924,EAE_C6_2013.xls,FBCF,si,mapeado
2013,adquisiciones_origen_importado,C,24,23_24_minerales_metales,23284171.51289033,EAE_C6_2013.xls,FBCF,si,mapeado
2013,fbcf,C,25,25_26_27_28_33_metal_equipos_reparacion,138818515.48061028,EAE_C6_2013.xls,FBCF,si,mapeado
2013,adquisiciones_importadas,C,25,25_26_27_28_33_metal_equipos_reparacion,0.0,EAE_C6_2013.xls,FBCF,si,mapeado
2013,adquisiciones_origen_importado,C,25,25_26_27_28_33_metal_equipos_reparacion,32193138.035900775,EAE_C6_2013.xls,FBCF,si,mapeado
2013,fbcf,C,26,25_26_27_28_33_metal_equipos_reparacion,24954745.970198456,EAE_C6_2013.xls,FBCF,si,mapeado
2013,adquisiciones_importadas,C,26,25_26_27_28_33_metal_equipos_reparacion,3845613.0,EAE_C6_2013.xls,FBCF,si,mapeado
2013,adquisiciones_origen_importado,C,26,25_26_27_28_33_metal_equipos_reparacion,7941633.390088734,EAE_C6_2013.xls,FBCF,si,mapeado
2013,fbcf,C,27,25_26_27_28_33_metal_equipos_reparacion,227970588.64785853,EAE_C6_2013.xls,FBCF,si,mapeado
2013,adquisiciones_importadas,C,27,25_26_27_28_33_metal_equipos_reparacion,8078935.963512877,EAE_C6_2013.xls,FBCF,si,mapeado
2013,adquisiciones_origen_importado,C,27,25_26_27_28_33_metal_equipos_reparacion,163991502.9353464,EAE_C6_2013.xls,FBCF,si,mapeado
2013,fbcf,C,28,25_26_27_28_33_metal_equipos_reparacion,46355211.65374675,EAE_C6_2013.xls,FBCF,si,mapeado
2013,adquisiciones_importadas,C,28,25_26_27_28_33_metal_equipos_reparacion,0.0,EAE_C6_2013.xls,FBCF,si,mapeado
2013,adquisiciones_origen_importado,C,28,25_26_27_28_33_metal_equipos_reparacion,4786893.616239136,EAE_C6_2013.xls,FBCF,si,mapeado
2013,fbcf,C,29 y 30,29_30_vehiculos_transporte,238455677.0884381,EAE_C6_2013.xls,FBCF,si,mapeado
2013,adquisiciones_importadas,C,29 y 30,29_30_vehiculos_transporte,60470857.54900731,EAE_C6_2013.xls,FBCF,si,mapeado
2013,adquisiciones_origen_importado,C,29 y 30,29_30_vehiculos_transporte,48599782.39645044,EAE_C6_2013.xls,FBCF,si,mapeado
2013,fbcf,C,31,31_32_muebles_otras_manufacturas,93318416.24170437,EAE_C6_2013.xls,FBCF,si,mapeado
2013,adquisiciones_importadas,C,31,31_32_muebles_otras_manufacturas,4518811.192172367,EAE_C6_2013.xls,FBCF,si,mapeado
2013,adquisiciones_origen_importado,C,31,31_32_muebles_otras_manufacturas,46139717.26902777,EAE_C6_2013.xls,FBCF,si,mapeado
2013,fbcf,C,32,31_32_muebles_otras_manufacturas,37204148.646785855,EAE_C6_2013.xls,FBCF,si,mapeado
2013,adquisiciones_importadas,C,32,31_32_muebles_otras_manufacturas,9026414.306599034,EAE_C6_2013.xls,FBCF,si,mapeado
2013,adquisiciones_origen_importado,C,32,31_32_muebles_otras_manufacturas,4742391.926029466,EAE_C6_2013.xls,FBCF,si,mapeado
2013,fbcf,C,33,25_26_27_28_33_metal_equipos_reparacion,168205293.1246279,EAE_C6_2013.xls,FBCF,si,mapeado
2013,adquisiciones_importadas,C,33,25_26_27_28_33_metal_equipos_reparacion,42406085.90835938,EAE_C6_2013.xls,FBCF,si,mapeado
2013,adquisiciones_origen_importado,C,33,25_26_27_28_33_metal_equipos_reparacion,100454467.2978324,EAE_C6_2013.xls,FBCF,si,mapeado
2013,fbcf,D,35,,7053959034.971206,EAE_C6_2013.xls,FBCF,si,no_mapeado_o_no_usado
2013,adquisiciones_importadas,D,35,,0.0,EAE_C6_2013.xls,FBCF,si,no_mapeado_o_no_usado
2013,adquisiciones_origen_importado,D,35,,489559738.2480862,EAE_C6_2013.xls,FBCF,si,no_mapeado_o_no_usado
2013,fbcf,E,"36, 37 y 38",,2738614729.689857,EAE_C6_2013.xls,FBCF,si,no_mapeado_o_no_usado
2013,adquisiciones_importadas,E,"36, 37 y 38",,0.0,EAE_C6_2013.xls,FBCF,si,no_mapeado_o_no_usado
2013,adquisiciones_origen_importado,E,"36, 37 y 38",,69844519.96618697,EAE_C6_2013.xls,FBCF,si,no_mapeado_o_no_usado
2013,fbcf,G,45,,881984740.6683886,EAE_C6_2013.xls,FBCF,si,no_mapeado_o_no_usado
2013,adquisiciones_importadas,G,45,,8855567.97973934,EAE_C6_2013.xls,FBCF,si,no_mapeado_o_no_usado
2013,adquisiciones_origen_importado,G,45,,111994662.59331365,EAE_C6_2013.xls,FBCF,si,no_mapeado_o_no_usado
2013,fbcf,G,46,,8720481184.716587,EAE_C6_2013.xls,FBCF,si,no_mapeado_o_no_usado
2013,adquisiciones_importadas,G,46,,1545433769.6844435,EAE_C6_2013.xls,FBCF,si,no_mapeado_o_no_usado
2013,adquisiciones_origen_importado,G,46,,1038746630.2872827,EAE_C6_2013.xls,FBCF,si,no_mapeado_o_no_usado
2013,fbcf,G,47,,5829080385.513011,EAE_C6_2013.xls,FBCF,si,no_mapeado_o_no_usado
2013,adquisiciones_importadas,G,47,,5062091.216795114,EAE_C6_2013.xls,FBCF,si,no_mapeado_o_no_usado
2013,adquisiciones_origen_importado,G,47,,271752632.2018692,EAE_C6_2013.xls,FBCF,si,no_mapeado_o_no_usado
2013,fbcf,H,49,,2591041353.594061,EAE_C6_2013.xls,FBCF,si,no_mapeado_o_no_usado
2013,adquisiciones_importadas,H,49,,194325017.45299402,EAE_C6_2013.xls,FBCF,si,no_mapeado_o_no_usado
2013,adquisiciones_origen_importado,H,49,,1338843480.9686873,EAE_C6_2013.xls,FBCF,si,no_mapeado_o_no_usado
2013,fbcf,H,50,,1387297564.7953832,EAE_C6_2013.xls,FBCF,si,no_mapeado_o_no_usado
2013,adquisiciones_importadas,H,50,,1295716510.2628887,EAE_C6_2013.xls,FBCF,si,no_mapeado_o_no_usado
2013,adquisiciones_origen_importado,H,50,,9812419.0,EAE_C6_2013.xls,FBCF,si,no_mapeado_o_no_usado
2013,fbcf,H,51,,-11998591.90446864,EAE_C6_2013.xls,FBCF,si,no_mapeado_o_no_usado
2013,adquisiciones_importadas,H,51,,11965335.0,EAE_C6_2013.xls,FBCF,si,no_mapeado_o_no_usado
2013,adquisiciones_origen_importado,H,51,,194313.4712427661,EAE_C6_2013.xls,FBCF,si,no_mapeado_o_no_usado
2013,fbcf,H,52,,3985035751.8095274,EAE_C6_2013.xls,FBCF,si,no_mapeado_o_no_usado
2013,adquisiciones_importadas,H,52,,193222597.7920972,EAE_C6_2013.xls,FBCF,si,no_mapeado_o_no_usado
2013,adquisiciones_origen_importado,H,52,,367051794.2147427,EAE_C6_2013.xls,FBCF,si,no_mapeado_o_no_usado
2013,fbcf,H,53,,93369614.5812884,EAE_C6_2013.xls,FBCF,si,no_mapeado_o_no_usado
2013,adquisiciones_importadas,H,53,,0.0,EAE_C6_2013.xls,FBCF,si,no_mapeado_o_no_usado
2013,adquisiciones_origen_importado,H,53,,50173370.36502338,EAE_C6_2013.xls,FBCF,si,no_mapeado_o_no_usado
2013,fbcf,I,55,,786152248.6320125,EAE_C6_2013.xls,FBCF,si,no_mapeado_o_no_usado
2013,adquisiciones_importadas,I,55,,2078435.6736183856,EAE_C6_2013.xls,FBCF,si,no_mapeado_o_no_usado
2013,adquisiciones_origen_importado,I,55,,26043080.557784673,EAE_C6_2013.xls,FBCF,si,no_mapeado_o_no_usado
2013,fbcf,I,56,,426829535.73000765,EAE_C6_2013.xls,FBCF,si,no_mapeado_o_no_usado
2013,adquisiciones_importadas,I,56,,0.0,EAE_C6_2013.xls,FBCF,si,no_mapeado_o_no_usado
2013,adquisiciones_origen_importado,I,56,,22456312.88143343,EAE_C6_2013.xls,FBCF,si,no_mapeado_o_no_usado
2013,fbcf,J,58,,85836416.00191237,EAE_C6_2013.xls,FBCF,si,no_mapeado_o_no_usado
2013,adquisiciones_importadas,J,58,,127556.5508028391,EAE_C6_2013.xls,FBCF,si,no_mapeado_o_no_usado
2013,adquisiciones_origen_importado,J,58,,23555597.901249517,EAE_C6_2013.xls,FBCF,si,no_mapeado_o_no_usado
2013,fbcf,J,59,,132844451.19947605,EAE_C6_2013.xls,FBCF,si,no_mapeado_o_no_usado
2013,adquisiciones_importadas,J,59,,3970708.4808984553,EAE_C6_2013.xls,FBCF,si,no_mapeado_o_no_usado
2013,adquisiciones_origen_importado,J,59,,77458775.00663112,EAE_C6_2013.xls,FBCF,si,no_mapeado_o_no_usado
2013,fbcf,J,60,,140304718.01571718,EAE_C6_2013.xls,FBCF,si,no_mapeado_o_no_usado
2013,adquisiciones_importadas,J,60,,21953614.09324635,EAE_C6_2013.xls,FBCF,si,no_mapeado_o_no_usado
2013,adquisiciones_origen_importado,J,60,,45042805.28919874,EAE_C6_2013.xls,FBCF,si,no_mapeado_o_no_usado
2013,fbcf,J,61,,16502097379.623219,EAE_C6_2013.xls,FBCF,si,no_mapeado_o_no_usado
2013,adquisiciones_importadas,J,61,,6579695968.660385,EAE_C6_2013.xls,FBCF,si,no_mapeado_o_no_usado
2013,adquisiciones_origen_importado,J,61,,3926781553.7404113,EAE_C6_2013.xls,FBCF,si,no_mapeado_o_no_usado
2013,fbcf,J,62,,1217485162.4894354,EAE_C6_2013.xls,FBCF,si,no_mapeado_o_no_usado
2013,adquisiciones_importadas,J,62,,664137787.1047829,EAE_C6_2013.xls,FBCF,si,no_mapeado_o_no_usado
2013,adquisiciones_origen_importado,J,62,,104536400.58639765,EAE_C6_2013.xls,FBCF,si,no_mapeado_o_no_usado
2013,fbcf,J,63,,63186376.437202595,EAE_C6_2013.xls,FBCF,si,no_mapeado_o_no_usado
2013,adquisiciones_importadas,J,63,,1823926.9178290227,EAE_C6_2013.xls,FBCF,si,no_mapeado_o_no_usado
2013,adquisiciones_origen_importado,J,63,,516134.5371406166,EAE_C6_2013.xls,FBCF,si,no_mapeado_o_no_usado
2013,fbcf,K,64,,321311115.25308233,EAE_C6_2013.xls,FBCF,si,no_mapeado_o_no_usado
2013,adquisiciones_importadas,K,64,,11078588.257836903,EAE_C6_2013.xls,FBCF,si,no_mapeado_o_no_usado
2013,adquisiciones_origen_importado,K,64,,30265042.819591645,EAE_C6_2013.xls,FBCF,si,no_mapeado_o_no_usado
2013,fbcf,K,66,,165330344.19942605,EAE_C6_2013.xls,FBCF,si,no_mapeado_o_no_usado
2013,adquisiciones_importadas,K,66,,449405.0,EAE_C6_2013.xls,FBCF,si,no_mapeado_o_no_usado
2013,adquisiciones_origen_importado,K,66,,10981572.673351742,EAE_C6_2013.xls,FBCF,si,no_mapeado_o_no_usado
2013,fbcf,J,68,,4151849759.912306,EAE_C6_2013.xls,FBCF,si,no_mapeado_o_no_usado
2013,adquisiciones_importadas,J,68,,0.0,EAE_C6_2013.xls,FBCF,si,no_mapeado_o_no_usado
2013,adquisiciones_origen_importado,J,68,,12767640.47345776,EAE_C6_2013.xls,FBCF,si,no_mapeado_o_no_usado
2013,fbcf,M,69,,289404122.3534759,EAE_C6_2013.xls,FBCF,si,no_mapeado_o_no_usado
2013,adquisiciones_importadas,M,69,,0.0,EAE_C6_2013.xls,FBCF,si,no_mapeado_o_no_usado
2013,adquisiciones_origen_importado,M,69,,30417480.359730564,EAE_C6_2013.xls,FBCF,si,no_mapeado_o_no_usado
2013,fbcf,M,70,,68839408.5603444,EAE_C6_2013.xls,FBCF,si,no_mapeado_o_no_usado
2013,adquisiciones_importadas,M,70,,0.0,EAE_C6_2013.xls,FBCF,si,no_mapeado_o_no_usado
2013,adquisiciones_origen_importado,M,70,,10177958.11140653,EAE_C6_2013.xls,FBCF,si,no_mapeado_o_no_usado
2013,fbcf,M,71,,161776219.87040135,EAE_C6_2013.xls,FBCF,si,no_mapeado_o_no_usado
2013,adquisiciones_importadas,M,71,,20056244.0,EAE_C6_2013.xls,FBCF,si,no_mapeado_o_no_usado
2013,adquisiciones_origen_importado,M,71,,47281039.25360296,EAE_C6_2013.xls,FBCF,si,no_mapeado_o_no_usado
2013,fbcf,M,72,,35172658.0,EAE_C6_2013.xls,FBCF,si,no_mapeado_o_no_usado
2013,adquisiciones_importadas,M,72,,0.0,EAE_C6_2013.xls,FBCF,si,no_mapeado_o_no_usado
2013,adquisiciones_origen_importado,M,72,,0.0,EAE_C6_2013.xls,FBCF,si,no_mapeado_o_no_usado
2013,fbcf,M,73,,70257253.1083961,EAE_C6_2013.xls,FBCF,si,no_mapeado_o_no_usado
2013,adquisiciones_importadas,M,73,,1769127.697244427,EAE_C6_2013.xls,FBCF,si,no_mapeado_o_no_usado
2013,adquisiciones_origen_importado,M,73,,7847274.485101675,EAE_C6_2013.xls,FBCF,si,no_mapeado_o_no_usado
2013,fbcf,M,74,,94198624.86771463,EAE_C6_2013.xls,FBCF,si,no_mapeado_o_no_usado
2013,adquisiciones_importadas,M,74,,7661038.517985305,EAE_C6_2013.xls,FBCF,si,no_mapeado_o_no_usado
2013,adquisiciones_origen_importado,M,74,,33000701.19284515,EAE_C6_2013.xls,FBCF,si,no_mapeado_o_no_usado
2013,fbcf,M,75,,12733145.119109688,EAE_C6_2013.xls,FBCF,si,no_mapeado_o_no_usado
2013,adquisiciones_importadas,M,75,,0.0,EAE_C6_2013.xls,FBCF,si,no_mapeado_o_no_usado
2013,adquisiciones_origen_importado,M,75,,0.0,EAE_C6_2013.xls,FBCF,si,no_mapeado_o_no_usado
2013,fbcf,N,77,,1042725281.7367471,EAE_C6_2013.xls,FBCF,si,no_mapeado_o_no_usado
2013,adquisiciones_importadas,N,77,,211816465.04083645,EAE_C6_2013.xls,FBCF,si,no_mapeado_o_no_usado
2013,adquisiciones_origen_importado,N,77,,607094083.7003465,EAE_C6_2013.xls,FBCF,si,no_mapeado_o_no_usado
2013,fbcf,N,78,,353634077.2178839,EAE_C6_2013.xls,FBCF,si,no_mapeado_o_no_usado
2013,adquisiciones_importadas,N,78,,0.0,EAE_C6_2013.xls,FBCF,si,no_mapeado_o_no_usado
2013,adquisiciones_origen_importado,N,78,,3383204.749270151,EAE_C6_2013.xls,FBCF,si,no_mapeado_o_no_usado
2013,fbcf,N,79,,73775427.22918467,EAE_C6_2013.xls,FBCF,si,no_mapeado_o_no_usado
2013,adquisiciones_importadas,N,79,,414046.8359250222,EAE_C6_2013.xls,FBCF,si,no_mapeado_o_no_usado
2013,adquisiciones_origen_importado,N,79,,43005998.74533401,EAE_C6_2013.xls,FBCF,si,no_mapeado_o_no_usado
2013,fbcf,N,80,,272094482.8285558,EAE_C6_2013.xls,FBCF,si,no_mapeado_o_no_usado
2013,adquisiciones_importadas,N,80,,0.0,EAE_C6_2013.xls,FBCF,si,no_mapeado_o_no_usado
2013,adquisiciones_origen_importado,N,80,,51932599.40950297,EAE_C6_2013.xls,FBCF,si,no_mapeado_o_no_usado
2013,fbcf,N,81,,68764954.65358585,EAE_C6_2013.xls,FBCF,si,no_mapeado_o_no_usado
2013,adquisiciones_importadas,N,81,,0.0,EAE_C6_2013.xls,FBCF,si,no_mapeado_o_no_usado
2013,adquisiciones_origen_importado,N,81,,3075799.7959682536,EAE_C6_2013.xls,FBCF,si,no_mapeado_o_no_usado
2013,fbcf,N,82,,904464956.1455296,EAE_C6_2013.xls,FBCF,si,no_mapeado_o_no_usado
2013,adquisiciones_importadas,N,82,,650961007.8642848,EAE_C6_2013.xls,FBCF,si,no_mapeado_o_no_usado
2013,adquisiciones_origen_importado,N,82,,26078734.961523373,EAE_C6_2013.xls,FBCF,si,no_mapeado_o_no_usado
2013,fbcf,P,85,,558251499.6146308,EAE_C6_2013.xls,FBCF,si,no_mapeado_o_no_usado
2013,adquisiciones_importadas,P,85,,10636154.0,EAE_C6_2013.xls,FBCF,si,no_mapeado_o_no_usado
2013,adquisiciones_origen_importado,P,85,,25179739.956143733,EAE_C6_2013.xls,FBCF,si,no_mapeado_o_no_usado
2013,fbcf,Q,86,,3319648022.6879077,EAE_C6_2013.xls,FBCF,si,no_mapeado_o_no_usado
2013,adquisiciones_importadas,Q,86,,0.0,EAE_C6_2013.xls,FBCF,si,no_mapeado_o_no_usado
2013,adquisiciones_origen_importado,Q,86,,252792983.60943574,EAE_C6_2013.xls,FBCF,si,no_mapeado_o_no_usado
2013,fbcf,Q,87,,24099433.362069145,EAE_C6_2013.xls,FBCF,si,no_mapeado_o_no_usado
2013,adquisiciones_importadas,Q,87,,0.0,EAE_C6_2013.xls,FBCF,si,no_mapeado_o_no_usado
2013,adquisiciones_origen_importado,Q,87,,7735977.196045894,EAE_C6_2013.xls,FBCF,si,no_mapeado_o_no_usado
2013,fbcf,Q,88,,115484867.59237811,EAE_C6_2013.xls,FBCF,si,no_mapeado_o_no_usado
2013,adquisiciones_importadas,Q,88,,0.0,EAE_C6_2013.xls,FBCF,si,no_mapeado_o_no_usado
2013,adquisiciones_origen_importado,Q,88,,243502.71734233535,EAE_C6_2013.xls,FBCF,si,no_mapeado_o_no_usado
2013,fbcf,R,90,,12350485.54875186,EAE_C6_2013.xls,FBCF,si,no_mapeado_o_no_usado
2013,adquisiciones_importadas,R,90,,0.0,EAE_C6_2013.xls,FBCF,si,no_mapeado_o_no_usado
2013,adquisiciones_origen_importado,R,90,,7244598.693696862,EAE_C6_2013.xls,FBCF,si,no_mapeado_o_no_usado
2013,fbcf,R,92,,932038184.3797296,EAE_C6_2013.xls,FBCF,si,no_mapeado_o_no_usado
2013,adquisiciones_importadas,R,92,,108266286.0,EAE_C6_2013.xls,FBCF,si,no_mapeado_o_no_usado
2013,adquisiciones_origen_importado,R,92,,7546166.347112967,EAE_C6_2013.xls,FBCF,si,no_mapeado_o_no_usado
2013,fbcf,R,93,,290261222.40828407,EAE_C6_2013.xls,FBCF,si,no_mapeado_o_no_usado
2013,adquisiciones_importadas,R,93,,22821022.07632663,EAE_C6_2013.xls,FBCF,si,no_mapeado_o_no_usado
2013,adquisiciones_origen_importado,R,93,,11598469.06399607,EAE_C6_2013.xls,FBCF,si,no_mapeado_o_no_usado
2013,fbcf,S,94,,304960539.38374484,EAE_C6_2013.xls,FBCF,si,no_mapeado_o_no_usado
2013,adquisiciones_importadas,S,94,,1853692.0,EAE_C6_2013.xls,FBCF,si,no_mapeado_o_no_usado
2013,adquisiciones_origen_importado,S,94,,9966239.78861679,EAE_C6_2013.xls,FBCF,si,no_mapeado_o_no_usado
2013,fbcf,S,95,,17128871.40825271,EAE_C6_2013.xls,FBCF,si,no_mapeado_o_no_usado
2013,adquisiciones_importadas,S,95,,0.0,EAE_C6_2013.xls,FBCF,si,no_mapeado_o_no_usado
2013,adquisiciones_origen_importado,S,95,,6368919.817947017,EAE_C6_2013.xls,FBCF,si,no_mapeado_o_no_usado
2013,fbcf,S,96,,124175394.12399529,EAE_C6_2013.xls,FBCF,si,no_mapeado_o_no_usado
2013,adquisiciones_importadas,S,96,,0.0,EAE_C6_2013.xls,FBCF,si,no_mapeado_o_no_usado
2013,adquisiciones_origen_importado,S,96,,16759256.741586221,EAE_C6_2013.xls,FBCF,si,no_mapeado_o_no_usado
2013,fbkf_maq_eq,B,08 y 09,,150931660.94342875,EAE_C8_2013.xls,FBKF_componentes,si,no_mapeado_o_no_usado
2013,fbkf_maq_eq,C,10,10_11_12_alimentos_bebidas_tabaco,3268209931.9762025,EAE_C8_2013.xls,FBKF_componentes,si,mapeado
2013,fbkf_maq_eq,C,11 y 12,10_11_12_alimentos_bebidas_tabaco,1137566721.1225657,EAE_C8_2013.xls,FBKF_componentes,si,mapeado
2013,fbkf_maq_eq,C,13,13_14_15_textiles_prendas_cuero,139857010.96188825,EAE_C8_2013.xls,FBKF_componentes,si,mapeado
2013,fbkf_maq_eq,C,14,13_14_15_textiles_prendas_cuero,25565169.539820816,EAE_C8_2013.xls,FBKF_componentes,si,mapeado
2013,fbkf_maq_eq,C,15,13_14_15_textiles_prendas_cuero,147961814.2756069,EAE_C8_2013.xls,FBKF_componentes,si,mapeado
2013,fbkf_maq_eq,C,16,16_madera,121163757.02606454,EAE_C8_2013.xls,FBKF_componentes,si,mapeado
2013,fbkf_maq_eq,C,17,17_18_papel_impresion,286163404.7927594,EAE_C8_2013.xls,FBKF_componentes,si,mapeado
2013,fbkf_maq_eq,C,18,17_18_papel_impresion,186302698.06311205,EAE_C8_2013.xls,FBKF_componentes,si,mapeado
2013,fbkf_maq_eq,C,19,19_refinacion,10519476777.0,EAE_C8_2013.xls,FBKF_componentes,si,mapeado
2013,fbkf_maq_eq,C,20,20_21_22_quimicos_farma_caucho_plastico,872478247.0952541,EAE_C8_2013.xls,FBKF_componentes,si,mapeado
2013,fbkf_maq_eq,C,21,20_21_22_quimicos_farma_caucho_plastico,229148883.50800467,EAE_C8_2013.xls,FBKF_componentes,si,mapeado
2013,fbkf_maq_eq,C,22,20_21_22_quimicos_farma_caucho_plastico,324503398.81328464,EAE_C8_2013.xls,FBKF_componentes,si,mapeado
2013,fbkf_maq_eq,C,23,23_24_minerales_metales,268777013.5688966,EAE_C8_2013.xls,FBKF_componentes,si,mapeado
2013,fbkf_maq_eq,C,24,23_24_minerales_metales,107209918.73004751,EAE_C8_2013.xls,FBKF_componentes,si,mapeado
2013,fbkf_maq_eq,C,25,25_26_27_28_33_metal_equipos_reparacion,92296043.98253599,EAE_C8_2013.xls,FBKF_componentes,si,mapeado
2013,fbkf_maq_eq,C,26,25_26_27_28_33_metal_equipos_reparacion,12942489.645098267,EAE_C8_2013.xls,FBKF_componentes,si,mapeado
2013,fbkf_maq_eq,C,27,25_26_27_28_33_metal_equipos_reparacion,194230156.53375858,EAE_C8_2013.xls,FBKF_componentes,si,mapeado
2013,fbkf_maq_eq,C,28,25_26_27_28_33_metal_equipos_reparacion,34249336.0360592,EAE_C8_2013.xls,FBKF_componentes,si,mapeado
2013,fbkf_maq_eq,C,29 y 30,29_30_vehiculos_transporte,80525120.76294011,EAE_C8_2013.xls,FBKF_componentes,si,mapeado
2013,fbkf_maq_eq,C,31,31_32_muebles_otras_manufacturas,62302220.91369841,EAE_C8_2013.xls,FBKF_componentes,si,mapeado
2013,fbkf_maq_eq,C,32,31_32_muebles_otras_manufacturas,21394337.10081169,EAE_C8_2013.xls,FBKF_componentes,si,mapeado
2013,fbkf_maq_eq,C,33,25_26_27_28_33_metal_equipos_reparacion,163328915.41000405,EAE_C8_2013.xls,FBKF_componentes,si,mapeado
2013,fbkf_maq_eq,D,35,,6626779362.083308,EAE_C8_2013.xls,FBKF_componentes,si,no_mapeado_o_no_usado
2013,fbkf_maq_eq,E,"36, 37 y 38",,207698140.4347855,EAE_C8_2013.xls,FBKF_componentes,si,no_mapeado_o_no_usado
2013,fbkf_maq_eq,G,45,,373996820.8073462,EAE_C8_2013.xls,FBKF_componentes,si,no_mapeado_o_no_usado
2013,fbkf_maq_eq,G,46,,2797074325.9148445,EAE_C8_2013.xls,FBKF_componentes,si,no_mapeado_o_no_usado
2013,fbkf_maq_eq,G,47,,1442385490.9802253,EAE_C8_2013.xls,FBKF_componentes,si,no_mapeado_o_no_usado
2013,fbkf_maq_eq,H,49,,2471871332.95863,EAE_C8_2013.xls,FBKF_componentes,si,no_mapeado_o_no_usado
2013,fbkf_maq_eq,H,50,,1381032483.4481087,EAE_C8_2013.xls,FBKF_componentes,si,no_mapeado_o_no_usado
2013,fbkf_maq_eq,H,51,,-12064720.353802532,EAE_C8_2013.xls,FBKF_componentes,si,no_mapeado_o_no_usado
2013,fbkf_maq_eq,H,52,,1591232614.0397387,EAE_C8_2013.xls,FBKF_componentes,si,no_mapeado_o_no_usado
2013,fbkf_maq_eq,H,53,,70066744.72222126,EAE_C8_2013.xls,FBKF_componentes,si,no_mapeado_o_no_usado
2013,fbkf_maq_eq,I,55,,203346473.48582625,EAE_C8_2013.xls,FBKF_componentes,si,no_mapeado_o_no_usado
2013,fbkf_maq_eq,I,56,,181253278.2043723,EAE_C8_2013.xls,FBKF_componentes,si,no_mapeado_o_no_usado
2013,fbkf_maq_eq,J,58,,49954566.18689155,EAE_C8_2013.xls,FBKF_componentes,si,no_mapeado_o_no_usado
2013,fbkf_maq_eq,J,59,,92189573.99265449,EAE_C8_2013.xls,FBKF_componentes,si,no_mapeado_o_no_usado
2013,fbkf_maq_eq,J,60,,71545027.1465878,EAE_C8_2013.xls,FBKF_componentes,si,no_mapeado_o_no_usado
2013,fbkf_maq_eq,J,61,,12676408394.090347,EAE_C8_2013.xls,FBKF_componentes,si,no_mapeado_o_no_usado
2013,fbkf_maq_eq,J,62,,214246822.24575186,EAE_C8_2013.xls,FBKF_componentes,si,no_mapeado_o_no_usado
2013,fbkf_maq_eq,J,63,,29008145.075005442,EAE_C8_2013.xls,FBKF_componentes,si,no_mapeado_o_no_usado
2013,fbkf_maq_eq,K,64,,180816568.95077196,EAE_C8_2013.xls,FBKF_componentes,si,no_mapeado_o_no_usado
2013,fbkf_maq_eq,K,66,,89472238.04673107,EAE_C8_2013.xls,FBKF_componentes,si,no_mapeado_o_no_usado
2013,fbkf_maq_eq,J,68,,74305072.25163528,EAE_C8_2013.xls,FBKF_componentes,si,no_mapeado_o_no_usado
2013,fbkf_maq_eq,M,69,,78501332.45790362,EAE_C8_2013.xls,FBKF_componentes,si,no_mapeado_o_no_usado
2013,fbkf_maq_eq,M,70,,18928815.984403938,EAE_C8_2013.xls,FBKF_componentes,si,no_mapeado_o_no_usado
2013,fbkf_maq_eq,M,71,,78836205.5630194,EAE_C8_2013.xls,FBKF_componentes,si,no_mapeado_o_no_usado
2013,fbkf_maq_eq,M,72,,17576353.0,EAE_C8_2013.xls,FBKF_componentes,si,no_mapeado_o_no_usado
2013,fbkf_maq_eq,M,73,,55908406.37384364,EAE_C8_2013.xls,FBKF_componentes,si,no_mapeado_o_no_usado
2013,fbkf_maq_eq,M,74,,51367269.93192819,EAE_C8_2013.xls,FBKF_componentes,si,no_mapeado_o_no_usado
2013,fbkf_maq_eq,M,75,,6403855.830800678,EAE_C8_2013.xls,FBKF_componentes,si,no_mapeado_o_no_usado
2013,fbkf_maq_eq,N,77,,1040736951.526272,EAE_C8_2013.xls,FBKF_componentes,si,no_mapeado_o_no_usado
2013,fbkf_maq_eq,N,78,,23000192.431556344,EAE_C8_2013.xls,FBKF_componentes,si,no_mapeado_o_no_usado
2013,fbkf_maq_eq,N,79,,50668698.967267334,EAE_C8_2013.xls,FBKF_componentes,si,no_mapeado_o_no_usado
2013,fbkf_maq_eq,N,80,,189724361.02813834,EAE_C8_2013.xls,FBKF_componentes,si,no_mapeado_o_no_usado
2013,fbkf_maq_eq,N,81,,38466175.71505221,EAE_C8_2013.xls,FBKF_componentes,si,no_mapeado_o_no_usado
2013,fbkf_maq_eq,N,82,,109823023.62171336,EAE_C8_2013.xls,FBKF_componentes,si,no_mapeado_o_no_usado
2013,fbkf_maq_eq,P,85,,139873332.28767923,EAE_C8_2013.xls,FBKF_componentes,si,no_mapeado_o_no_usado
2013,fbkf_maq_eq,Q,86,,930397540.3102627,EAE_C8_2013.xls,FBKF_componentes,si,no_mapeado_o_no_usado
2013,fbkf_maq_eq,Q,87,,14324186.226115542,EAE_C8_2013.xls,FBKF_componentes,si,no_mapeado_o_no_usado
2013,fbkf_maq_eq,Q,88,,80037159.12971583,EAE_C8_2013.xls,FBKF_componentes,si,no_mapeado_o_no_usado
2013,fbkf_maq_eq,R,90,,8917056.180363873,EAE_C8_2013.xls,FBKF_componentes,si,no_mapeado_o_no_usado
2013,fbkf_maq_eq,R,92,,569881791.7414727,EAE_C8_2013.xls,FBKF_componentes,si,no_mapeado_o_no_usado
2013,fbkf_maq_eq,R,93,,107869574.95806147,EAE_C8_2013.xls,FBKF_componentes,si,no_mapeado_o_no_usado
2013,fbkf_maq_eq,S,94,,64470817.37511405,EAE_C8_2013.xls,FBKF_componentes,si,no_mapeado_o_no_usado
2013,fbkf_maq_eq,S,95,,7712906.5330023365,EAE_C8_2013.xls,FBKF_componentes,si,no_mapeado_o_no_usado
2013,fbkf_maq_eq,S,96,,60105422.57129302,EAE_C8_2013.xls,FBKF_componentes,si,no_mapeado_o_no_usado
2014,fbcf,B,08 y 09,,258656796.4464234,EAE_C6_2014.xls,FBCF,si,no_mapeado_o_no_usado
2014,adquisiciones_importadas,B,08 y 09,,783989.759239889,EAE_C6_2014.xls,FBCF,si,no_mapeado_o_no_usado
2014,adquisiciones_origen_importado,B,08 y 09,,103774432.04433264,EAE_C6_2014.xls,FBCF,si,no_mapeado_o_no_usado
2014,fbcf,C,10,10_11_12_alimentos_bebidas_tabaco,5750408611.288118,EAE_C6_2014.xls,FBCF,si,mapeado
2014,adquisiciones_importadas,C,10,10_11_12_alimentos_bebidas_tabaco,786326379.4983394,EAE_C6_2014.xls,FBCF,si,mapeado
2014,adquisiciones_origen_importado,C,10,10_11_12_alimentos_bebidas_tabaco,805463434.3179411,EAE_C6_2014.xls,FBCF,si,mapeado
2014,fbcf,C,11 y 12,10_11_12_alimentos_bebidas_tabaco,2972935387.8956947,EAE_C6_2014.xls,FBCF,si,mapeado
2014,adquisiciones_importadas,C,11 y 12,10_11_12_alimentos_bebidas_tabaco,613327211.1955556,EAE_C6_2014.xls,FBCF,si,mapeado
2014,adquisiciones_origen_importado,C,11 y 12,10_11_12_alimentos_bebidas_tabaco,125624710.64409234,EAE_C6_2014.xls,FBCF,si,mapeado
2014,fbcf,C,13,13_14_15_textiles_prendas_cuero,176928884.06845155,EAE_C6_2014.xls,FBCF,si,mapeado
2014,adquisiciones_importadas,C,13,13_14_15_textiles_prendas_cuero,147870934.64705434,EAE_C6_2014.xls,FBCF,si,mapeado
2014,adquisiciones_origen_importado,C,13,13_14_15_textiles_prendas_cuero,57184930.86700866,EAE_C6_2014.xls,FBCF,si,mapeado
2014,fbcf,C,14,13_14_15_textiles_prendas_cuero,31624107.40979724,EAE_C6_2014.xls,FBCF,si,mapeado
2014,adquisiciones_importadas,C,14,13_14_15_textiles_prendas_cuero,0.0,EAE_C6_2014.xls,FBCF,si,mapeado
2014,adquisiciones_origen_importado,C,14,13_14_15_textiles_prendas_cuero,10875364.972554056,EAE_C6_2014.xls,FBCF,si,mapeado
2014,fbcf,C,15,13_14_15_textiles_prendas_cuero,363342566.6525978,EAE_C6_2014.xls,FBCF,si,mapeado
2014,adquisiciones_importadas,C,15,13_14_15_textiles_prendas_cuero,42102069.48776536,EAE_C6_2014.xls,FBCF,si,mapeado
2014,adquisiciones_origen_importado,C,15,13_14_15_textiles_prendas_cuero,124524071.932459,EAE_C6_2014.xls,FBCF,si,mapeado
2014,fbcf,C,16,16_madera,250645757.60181782,EAE_C6_2014.xls,FBCF,si,mapeado
2014,adquisiciones_importadas,C,16,16_madera,71111302.32862332,EAE_C6_2014.xls,FBCF,si,mapeado
2014,adquisiciones_origen_importado,C,16,16_madera,61131356.12575698,EAE_C6_2014.xls,FBCF,si,mapeado
2014,fbcf,C,17,17_18_papel_impresion,53504852997.01644,EAE_C6_2014.xls,FBCF,si,mapeado
2014,adquisiciones_importadas,C,17,17_18_papel_impresion,84277991.90284292,EAE_C6_2014.xls,FBCF,si,mapeado
2014,adquisiciones_origen_importado,C,17,17_18_papel_impresion,39872096109.030205,EAE_C6_2014.xls,FBCF,si,mapeado
2014,fbcf,C,18,17_18_papel_impresion,156931049.30027673,EAE_C6_2014.xls,FBCF,si,mapeado
2014,adquisiciones_importadas,C,18,17_18_papel_impresion,76434165.8662155,EAE_C6_2014.xls,FBCF,si,mapeado
2014,adquisiciones_origen_importado,C,18,17_18_papel_impresion,30037538.875050925,EAE_C6_2014.xls,FBCF,si,mapeado
2014,fbcf,C,19,19_refinacion,8283726777.0,EAE_C6_2014.xls,FBCF,si,mapeado
2014,adquisiciones_importadas,C,19,19_refinacion,0.0,EAE_C6_2014.xls,FBCF,si,mapeado
2014,adquisiciones_origen_importado,C,19,19_refinacion,6042764249.0,EAE_C6_2014.xls,FBCF,si,mapeado
2014,fbcf,C,20,20_21_22_quimicos_farma_caucho_plastico,2393438754.2863994,EAE_C6_2014.xls,FBCF,si,mapeado
2014,adquisiciones_importadas,C,20,20_21_22_quimicos_farma_caucho_plastico,65946099.64620448,EAE_C6_2014.xls,FBCF,si,mapeado
2014,adquisiciones_origen_importado,C,20,20_21_22_quimicos_farma_caucho_plastico,165717896.51180115,EAE_C6_2014.xls,FBCF,si,mapeado
2014,fbcf,C,21,20_21_22_quimicos_farma_caucho_plastico,894351901.990024,EAE_C6_2014.xls,FBCF,si,mapeado
2014,adquisiciones_importadas,C,21,20_21_22_quimicos_farma_caucho_plastico,90426679.44226767,EAE_C6_2014.xls,FBCF,si,mapeado
2014,adquisiciones_origen_importado,C,21,20_21_22_quimicos_farma_caucho_plastico,79725190.17702778,EAE_C6_2014.xls,FBCF,si,mapeado
2014,fbcf,C,22,20_21_22_quimicos_farma_caucho_plastico,728533767.8924115,EAE_C6_2014.xls,FBCF,si,mapeado
2014,adquisiciones_importadas,C,22,20_21_22_quimicos_farma_caucho_plastico,97827251.96774323,EAE_C6_2014.xls,FBCF,si,mapeado
2014,adquisiciones_origen_importado,C,22,20_21_22_quimicos_farma_caucho_plastico,282546297.95552236,EAE_C6_2014.xls,FBCF,si,mapeado
2014,fbcf,C,23,23_24_minerales_metales,434009443.4113196,EAE_C6_2014.xls,FBCF,si,mapeado
2014,adquisiciones_importadas,C,23,23_24_minerales_metales,47272250.242194,EAE_C6_2014.xls,FBCF,si,mapeado
2014,adquisiciones_origen_importado,C,23,23_24_minerales_metales,67553928.2302644,EAE_C6_2014.xls,FBCF,si,mapeado
2014,fbcf,C,24,23_24_minerales_metales,637394682.9522526,EAE_C6_2014.xls,FBCF,si,mapeado
2014,adquisiciones_importadas,C,24,23_24_minerales_metales,26210396.93833541,EAE_C6_2014.xls,FBCF,si,mapeado
2014,adquisiciones_origen_importado,C,24,23_24_minerales_metales,94512613.69932802,EAE_C6_2014.xls,FBCF,si,mapeado
2014,fbcf,C,25,25_26_27_28_33_metal_equipos_reparacion,415124455.94366044,EAE_C6_2014.xls,FBCF,si,mapeado
2014,adquisiciones_importadas,C,25,25_26_27_28_33_metal_equipos_reparacion,0.0,EAE_C6_2014.xls,FBCF,si,mapeado
2014,adquisiciones_origen_importado,C,25,25_26_27_28_33_metal_equipos_reparacion,48975674.05184982,EAE_C6_2014.xls,FBCF,si,mapeado
2014,fbcf,C,26,25_26_27_28_33_metal_equipos_reparacion,11548498.247238908,EAE_C6_2014.xls,FBCF,si,mapeado
2014,adquisiciones_importadas,C,26,25_26_27_28_33_metal_equipos_reparacion,0.0,EAE_C6_2014.xls,FBCF,si,mapeado
2014,adquisiciones_origen_importado,C,26,25_26_27_28_33_metal_equipos_reparacion,6293132.395054957,EAE_C6_2014.xls,FBCF,si,mapeado
2014,fbcf,C,27,25_26_27_28_33_metal_equipos_reparacion,235773625.9443793,EAE_C6_2014.xls,FBCF,si,mapeado
2014,adquisiciones_importadas,C,27,25_26_27_28_33_metal_equipos_reparacion,6999110.415407174,EAE_C6_2014.xls,FBCF,si,mapeado
2014,adquisiciones_origen_importado,C,27,25_26_27_28_33_metal_equipos_reparacion,174958622.32365313,EAE_C6_2014.xls,FBCF,si,mapeado
2014,fbcf,C,28,25_26_27_28_33_metal_equipos_reparacion,24628287.906152986,EAE_C6_2014.xls,FBCF,si,mapeado
2014,adquisiciones_importadas,C,28,25_26_27_28_33_metal_equipos_reparacion,0.0,EAE_C6_2014.xls,FBCF,si,mapeado
2014,adquisiciones_origen_importado,C,28,25_26_27_28_33_metal_equipos_reparacion,5148796.578701892,EAE_C6_2014.xls,FBCF,si,mapeado
2014,fbcf,C,29 y 30,29_30_vehiculos_transporte,349077289.41453975,EAE_C6_2014.xls,FBCF,si,mapeado
2014,adquisiciones_importadas,C,29 y 30,29_30_vehiculos_transporte,26990792.972974423,EAE_C6_2014.xls,FBCF,si,mapeado
2014,adquisiciones_origen_importado,C,29 y 30,29_30_vehiculos_transporte,30689089.47743274,EAE_C6_2014.xls,FBCF,si,mapeado
2014,fbcf,C,31,31_32_muebles_otras_manufacturas,53803796.76482488,EAE_C6_2014.xls,FBCF,si,mapeado
2014,adquisiciones_importadas,C,31,31_32_muebles_otras_manufacturas,0.0,EAE_C6_2014.xls,FBCF,si,mapeado
2014,adquisiciones_origen_importado,C,31,31_32_muebles_otras_manufacturas,6470015.321176367,EAE_C6_2014.xls,FBCF,si,mapeado
2014,fbcf,C,32,31_32_muebles_otras_manufacturas,71317743.39404593,EAE_C6_2014.xls,FBCF,si,mapeado
2014,adquisiciones_importadas,C,32,31_32_muebles_otras_manufacturas,4740615.417361169,EAE_C6_2014.xls,FBCF,si,mapeado
2014,adquisiciones_origen_importado,C,32,31_32_muebles_otras_manufacturas,20203371.537137516,EAE_C6_2014.xls,FBCF,si,mapeado
2014,fbcf,C,33,25_26_27_28_33_metal_equipos_reparacion,436231067.4426871,EAE_C6_2014.xls,FBCF,si,mapeado
2014,adquisiciones_importadas,C,33,25_26_27_28_33_metal_equipos_reparacion,29255835.235135354,EAE_C6_2014.xls,FBCF,si,mapeado
2014,adquisiciones_origen_importado,C,33,25_26_27_28_33_metal_equipos_reparacion,31414619.65113911,EAE_C6_2014.xls,FBCF,si,mapeado
2014,fbcf,D,35,,17282784071.98756,EAE_C6_2014.xls,FBCF,si,no_mapeado_o_no_usado
2014,adquisiciones_importadas,D,35,,0.0,EAE_C6_2014.xls,FBCF,si,no_mapeado_o_no_usado
2014,adquisiciones_origen_importado,D,35,,848408424.4116521,EAE_C6_2014.xls,FBCF,si,no_mapeado_o_no_usado
2014,fbcf,E,"36, 37 y 38",,3409744335.257447,EAE_C6_2014.xls,FBCF,si,no_mapeado_o_no_usado
2014,adquisiciones_importadas,E,"36, 37 y 38",,149522279.82434902,EAE_C6_2014.xls,FBCF,si,no_mapeado_o_no_usado
2014,adquisiciones_origen_importado,E,"36, 37 y 38",,191160542.20429903,EAE_C6_2014.xls,FBCF,si,no_mapeado_o_no_usado
2014,fbcf,G,45,,998046301.8591737,EAE_C6_2014.xls,FBCF,si,no_mapeado_o_no_usado
2014,adquisiciones_importadas,G,45,,7766335.681131555,EAE_C6_2014.xls,FBCF,si,no_mapeado_o_no_usado
2014,adquisiciones_origen_importado,G,45,,144988821.13157883,EAE_C6_2014.xls,FBCF,si,no_mapeado_o_no_usado
2014,fbcf,G,46,,9666531654.85212,EAE_C6_2014.xls,FBCF,si,no_mapeado_o_no_usado
2014,adquisiciones_importadas,G,46,,1964964357.8109918,EAE_C6_2014.xls,FBCF,si,no_mapeado_o_no_usado
2014,adquisiciones_origen_importado,G,46,,1104173704.087851,EAE_C6_2014.xls,FBCF,si,no_mapeado_o_no_usado
2014,fbcf,G,47,,5042690400.924801,EAE_C6_2014.xls,FBCF,si,no_mapeado_o_no_usado
2014,adquisiciones_importadas,G,47,,124944942.62539226,EAE_C6_2014.xls,FBCF,si,no_mapeado_o_no_usado
2014,adquisiciones_origen_importado,G,47,,434935800.0298785,EAE_C6_2014.xls,FBCF,si,no_mapeado_o_no_usado
2014,fbcf,H,49,,2603986342.3606253,EAE_C6_2014.xls,FBCF,si,no_mapeado_o_no_usado
2014,adquisiciones_importadas,H,49,,224633135.14839792,EAE_C6_2014.xls,FBCF,si,no_mapeado_o_no_usado
2014,adquisiciones_origen_importado,H,49,,1245845340.26764,EAE_C6_2014.xls,FBCF,si,no_mapeado_o_no_usado
2014,fbcf,H,50,,489129369.1723262,EAE_C6_2014.xls,FBCF,si,no_mapeado_o_no_usado
2014,adquisiciones_importadas,H,50,,10844565.286591655,EAE_C6_2014.xls,FBCF,si,no_mapeado_o_no_usado
2014,adquisiciones_origen_importado,H,50,,134094366.67703702,EAE_C6_2014.xls,FBCF,si,no_mapeado_o_no_usado
2014,fbcf,H,51,,6971772.336031877,EAE_C6_2014.xls,FBCF,si,no_mapeado_o_no_usado
2014,adquisiciones_importadas,H,51,,0.0,EAE_C6_2014.xls,FBCF,si,no_mapeado_o_no_usado
2014,adquisiciones_origen_importado,H,51,,0.0,EAE_C6_2014.xls,FBCF,si,no_mapeado_o_no_usado
2014,fbcf,H,52,,3792085545.9583044,EAE_C6_2014.xls,FBCF,si,no_mapeado_o_no_usado
2014,adquisiciones_importadas,H,52,,321059770.04347503,EAE_C6_2014.xls,FBCF,si,no_mapeado_o_no_usado
2014,adquisiciones_origen_importado,H,52,,402400449.14081514,EAE_C6_2014.xls,FBCF,si,no_mapeado_o_no_usado
2014,fbcf,H,53,,167008100.642386,EAE_C6_2014.xls,FBCF,si,no_mapeado_o_no_usado
2014,adquisiciones_importadas,H,53,,0.0,EAE_C6_2014.xls,FBCF,si,no_mapeado_o_no_usado
2014,adquisiciones_origen_importado,H,53,,30046537.722673424,EAE_C6_2014.xls,FBCF,si,no_mapeado_o_no_usado
2014,fbcf,I,55,,306420417.81049496,EAE_C6_2014.xls,FBCF,si,no_mapeado_o_no_usado
2014,adquisiciones_importadas,I,55,,1536304.4512655598,EAE_C6_2014.xls,FBCF,si,no_mapeado_o_no_usado
2014,adquisiciones_origen_importado,I,55,,32313252.58823466,EAE_C6_2014.xls,FBCF,si,no_mapeado_o_no_usado
2014,fbcf,I,56,,163248989.65813515,EAE_C6_2014.xls,FBCF,si,no_mapeado_o_no_usado
2014,adquisiciones_importadas,I,56,,0.0,EAE_C6_2014.xls,FBCF,si,no_mapeado_o_no_usado
2014,adquisiciones_origen_importado,I,56,,9221930.721935732,EAE_C6_2014.xls,FBCF,si,no_mapeado_o_no_usado
2014,fbcf,J,58,,97583325.93443277,EAE_C6_2014.xls,FBCF,si,no_mapeado_o_no_usado
2014,adquisiciones_importadas,J,58,,49678804.0,EAE_C6_2014.xls,FBCF,si,no_mapeado_o_no_usado
2014,adquisiciones_origen_importado,J,58,,2715276.5003361464,EAE_C6_2014.xls,FBCF,si,no_mapeado_o_no_usado
2014,fbcf,J,59,,207735743.8683718,EAE_C6_2014.xls,FBCF,si,no_mapeado_o_no_usado
2014,adquisiciones_importadas,J,59,,7530233.184344042,EAE_C6_2014.xls,FBCF,si,no_mapeado_o_no_usado
2014,adquisiciones_origen_importado,J,59,,49825825.31017074,EAE_C6_2014.xls,FBCF,si,no_mapeado_o_no_usado
2014,fbcf,J,60,,312804589.199077,EAE_C6_2014.xls,FBCF,si,no_mapeado_o_no_usado
2014,adquisiciones_importadas,J,60,,193517666.25671077,EAE_C6_2014.xls,FBCF,si,no_mapeado_o_no_usado
2014,adquisiciones_origen_importado,J,60,,39353394.90255037,EAE_C6_2014.xls,FBCF,si,no_mapeado_o_no_usado
2014,fbcf,J,61,,23633737419.436188,EAE_C6_2014.xls,FBCF,si,no_mapeado_o_no_usado
2014,adquisiciones_importadas,J,61,,10926873058.933655,EAE_C6_2014.xls,FBCF,si,no_mapeado_o_no_usado
2014,adquisiciones_origen_importado,J,61,,5866713933.308993,EAE_C6_2014.xls,FBCF,si,no_mapeado_o_no_usado
2014,fbcf,J,62,,513405653.53499395,EAE_C6_2014.xls,FBCF,si,no_mapeado_o_no_usado
2014,adquisiciones_importadas,J,62,,14667656.401193062,EAE_C6_2014.xls,FBCF,si,no_mapeado_o_no_usado
2014,adquisiciones_origen_importado,J,62,,56831383.269227296,EAE_C6_2014.xls,FBCF,si,no_mapeado_o_no_usado
2014,fbcf,J,63,,58427093.431168154,EAE_C6_2014.xls,FBCF,si,no_mapeado_o_no_usado
2014,adquisiciones_importadas,J,63,,3028331.205515269,EAE_C6_2014.xls,FBCF,si,no_mapeado_o_no_usado
2014,adquisiciones_origen_importado,J,63,,6790688.092331477,EAE_C6_2014.xls,FBCF,si,no_mapeado_o_no_usado
2014,fbcf,K,64,,400393836.0541208,EAE_C6_2014.xls,FBCF,si,no_mapeado_o_no_usado
2014,adquisiciones_importadas,K,64,,12313013.84138366,EAE_C6_2014.xls,FBCF,si,no_mapeado_o_no_usado
2014,adquisiciones_origen_importado,K,64,,41637589.41080557,EAE_C6_2014.xls,FBCF,si,no_mapeado_o_no_usado
2014,fbcf,K,66,,181017171.68737566,EAE_C6_2014.xls,FBCF,si,no_mapeado_o_no_usado
2014,adquisiciones_importadas,K,66,,0.0,EAE_C6_2014.xls,FBCF,si,no_mapeado_o_no_usado
2014,adquisiciones_origen_importado,K,66,,11406116.869045472,EAE_C6_2014.xls,FBCF,si,no_mapeado_o_no_usado
2014,fbcf,J,68,,1774035179.4303513,EAE_C6_2014.xls,FBCF,si,no_mapeado_o_no_usado
2014,adquisiciones_importadas,J,68,,19171431.98397156,EAE_C6_2014.xls,FBCF,si,no_mapeado_o_no_usado
2014,adquisiciones_origen_importado,J,68,,3018862.4971944904,EAE_C6_2014.xls,FBCF,si,no_mapeado_o_no_usado
2014,fbcf,M,69,,266128059.10438225,EAE_C6_2014.xls,FBCF,si,no_mapeado_o_no_usado
2014,adquisiciones_importadas,M,69,,0.0,EAE_C6_2014.xls,FBCF,si,no_mapeado_o_no_usado
2014,adquisiciones_origen_importado,M,69,,33411751.812251166,EAE_C6_2014.xls,FBCF,si,no_mapeado_o_no_usado
2014,fbcf,M,70,,23734823.54611569,EAE_C6_2014.xls,FBCF,si,no_mapeado_o_no_usado
2014,adquisiciones_importadas,M,70,,0.0,EAE_C6_2014.xls,FBCF,si,no_mapeado_o_no_usado
2014,adquisiciones_origen_importado,M,70,,3231832.3642523917,EAE_C6_2014.xls,FBCF,si,no_mapeado_o_no_usado
2014,fbcf,M,71,,756150906.0692861,EAE_C6_2014.xls,FBCF,si,no_mapeado_o_no_usado
2014,adquisiciones_importadas,M,71,,9098137.0,EAE_C6_2014.xls,FBCF,si,no_mapeado_o_no_usado
2014,adquisiciones_origen_importado,M,71,,457577661.2781683,EAE_C6_2014.xls,FBCF,si,no_mapeado_o_no_usado
2014,fbcf,M,72,,20472283.29896008,EAE_C6_2014.xls,FBCF,si,no_mapeado_o_no_usado
2014,adquisiciones_importadas,M,72,,0.0,EAE_C6_2014.xls,FBCF,si,no_mapeado_o_no_usado
2014,adquisiciones_origen_importado,M,72,,13603512.544756057,EAE_C6_2014.xls,FBCF,si,no_mapeado_o_no_usado
2014,fbcf,M,73,,113907839.53168826,EAE_C6_2014.xls,FBCF,si,no_mapeado_o_no_usado
2014,adquisiciones_importadas,M,73,,1306131.0,EAE_C6_2014.xls,FBCF,si,no_mapeado_o_no_usado
2014,adquisiciones_origen_importado,M,73,,25320666.91199364,EAE_C6_2014.xls,FBCF,si,no_mapeado_o_no_usado
2014,fbcf,M,74,,60152136.81348548,EAE_C6_2014.xls,FBCF,si,no_mapeado_o_no_usado
2014,adquisiciones_importadas,M,74,,0.0,EAE_C6_2014.xls,FBCF,si,no_mapeado_o_no_usado
2014,adquisiciones_origen_importado,M,74,,19248715.689868324,EAE_C6_2014.xls,FBCF,si,no_mapeado_o_no_usado
2014,fbcf,M,75,,7903057.555953183,EAE_C6_2014.xls,FBCF,si,no_mapeado_o_no_usado
2014,adquisiciones_importadas,M,75,,0.0,EAE_C6_2014.xls,FBCF,si,no_mapeado_o_no_usado
2014,adquisiciones_origen_importado,M,75,,0.0,EAE_C6_2014.xls,FBCF,si,no_mapeado_o_no_usado
2014,fbcf,N,77,,876816005.0087717,EAE_C6_2014.xls,FBCF,si,no_mapeado_o_no_usado
2014,adquisiciones_importadas,N,77,,63805148.34737604,EAE_C6_2014.xls,FBCF,si,no_mapeado_o_no_usado
2014,adquisiciones_origen_importado,N,77,,467808643.6577595,EAE_C6_2014.xls,FBCF,si,no_mapeado_o_no_usado
2014,fbcf,N,78,,22723277.80362668,EAE_C6_2014.xls,FBCF,si,no_mapeado_o_no_usado
2014,adquisiciones_importadas,N,78,,0.0,EAE_C6_2014.xls,FBCF,si,no_mapeado_o_no_usado
2014,adquisiciones_origen_importado,N,78,,2054085.220411293,EAE_C6_2014.xls,FBCF,si,no_mapeado_o_no_usado
2014,fbcf,N,79,,186798942.60443932,EAE_C6_2014.xls,FBCF,si,no_mapeado_o_no_usado
2014,adquisiciones_importadas,N,79,,0.0,EAE_C6_2014.xls,FBCF,si,no_mapeado_o_no_usado
2014,adquisiciones_origen_importado,N,79,,66974295.3902797,EAE_C6_2014.xls,FBCF,si,no_mapeado_o_no_usado
2014,fbcf,N,80,,402662085.26443326,EAE_C6_2014.xls,FBCF,si,no_mapeado_o_no_usado
2014,adquisiciones_importadas,N,80,,0.0,EAE_C6_2014.xls,FBCF,si,no_mapeado_o_no_usado
2014,adquisiciones_origen_importado,N,80,,98473394.33560391,EAE_C6_2014.xls,FBCF,si,no_mapeado_o_no_usado
2014,fbcf,N,81,,107299096.18465036,EAE_C6_2014.xls,FBCF,si,no_mapeado_o_no_usado
2014,adquisiciones_importadas,N,81,,0.0,EAE_C6_2014.xls,FBCF,si,no_mapeado_o_no_usado
2014,adquisiciones_origen_importado,N,81,,17862505.678430453,EAE_C6_2014.xls,FBCF,si,no_mapeado_o_no_usado
2014,fbcf,N,82,,506215719.08953714,EAE_C6_2014.xls,FBCF,si,no_mapeado_o_no_usado
2014,adquisiciones_importadas,N,82,,153653548.0,EAE_C6_2014.xls,FBCF,si,no_mapeado_o_no_usado
2014,adquisiciones_origen_importado,N,82,,56142023.93329497,EAE_C6_2014.xls,FBCF,si,no_mapeado_o_no_usado
2014,fbcf,P,85,,1660014143.0656874,EAE_C6_2014.xls,FBCF,si,no_mapeado_o_no_usado
2014,adquisiciones_importadas,P,85,,9066431.0,EAE_C6_2014.xls,FBCF,si,no_mapeado_o_no_usado
2014,adquisiciones_origen_importado,P,85,,115607247.99909087,EAE_C6_2014.xls,FBCF,si,no_mapeado_o_no_usado
2014,fbcf,Q,86,,2887464579.648064,EAE_C6_2014.xls,FBCF,si,no_mapeado_o_no_usado
2014,adquisiciones_importadas,Q,86,,0.0,EAE_C6_2014.xls,FBCF,si,no_mapeado_o_no_usado
2014,adquisiciones_origen_importado,Q,86,,196313705.38298383,EAE_C6_2014.xls,FBCF,si,no_mapeado_o_no_usado
2014,fbcf,Q,87,,42997182.2471776,EAE_C6_2014.xls,FBCF,si,no_mapeado_o_no_usado
2014,adquisiciones_importadas,Q,87,,0.0,EAE_C6_2014.xls,FBCF,si,no_mapeado_o_no_usado
2014,adquisiciones_origen_importado,Q,87,,10707133.251493255,EAE_C6_2014.xls,FBCF,si,no_mapeado_o_no_usado
2014,fbcf,Q,88,,35292243.88889544,EAE_C6_2014.xls,FBCF,si,no_mapeado_o_no_usado
2014,adquisiciones_importadas,Q,88,,0.0,EAE_C6_2014.xls,FBCF,si,no_mapeado_o_no_usado
2014,adquisiciones_origen_importado,Q,88,,0.0,EAE_C6_2014.xls,FBCF,si,no_mapeado_o_no_usado
2014,fbcf,R,90,,15914196.381646395,EAE_C6_2014.xls,FBCF,si,no_mapeado_o_no_usado
2014,adquisiciones_importadas,R,90,,4942653.508811572,EAE_C6_2014.xls,FBCF,si,no_mapeado_o_no_usado
2014,adquisiciones_origen_importado,R,90,,0.0,EAE_C6_2014.xls,FBCF,si,no_mapeado_o_no_usado
2014,fbcf,R,92,,553182376.6966362,EAE_C6_2014.xls,FBCF,si,no_mapeado_o_no_usado
2014,adquisiciones_importadas,R,92,,216962146.0,EAE_C6_2014.xls,FBCF,si,no_mapeado_o_no_usado
2014,adquisiciones_origen_importado,R,92,,6886192.650029966,EAE_C6_2014.xls,FBCF,si,no_mapeado_o_no_usado
2014,fbcf,R,93,,451188247.9535206,EAE_C6_2014.xls,FBCF,si,no_mapeado_o_no_usado
2014,adquisiciones_importadas,R,93,,0.0,EAE_C6_2014.xls,FBCF,si,no_mapeado_o_no_usado
2014,adquisiciones_origen_importado,R,93,,17325692.324819464,EAE_C6_2014.xls,FBCF,si,no_mapeado_o_no_usado
2014,fbcf,S,94,,566285316.0351079,EAE_C6_2014.xls,FBCF,si,no_mapeado_o_no_usado
2014,adquisiciones_importadas,S,94,,1372492.0,EAE_C6_2014.xls,FBCF,si,no_mapeado_o_no_usado
2014,adquisiciones_origen_importado,S,94,,19160110.031342164,EAE_C6_2014.xls,FBCF,si,no_mapeado_o_no_usado
2014,fbcf,S,95,,5896703.142176056,EAE_C6_2014.xls,FBCF,si,no_mapeado_o_no_usado
2014,adquisiciones_importadas,S,95,,0.0,EAE_C6_2014.xls,FBCF,si,no_mapeado_o_no_usado
2014,adquisiciones_origen_importado,S,95,,2882831.377524646,EAE_C6_2014.xls,FBCF,si,no_mapeado_o_no_usado
2014,fbcf,S,96,,115700962.39154746,EAE_C6_2014.xls,FBCF,si,no_mapeado_o_no_usado
2014,adquisiciones_importadas,S,96,,0.0,EAE_C6_2014.xls,FBCF,si,no_mapeado_o_no_usado
2014,adquisiciones_origen_importado,S,96,,28465616.074350815,EAE_C6_2014.xls,FBCF,si,no_mapeado_o_no_usado
2014,fbkf_maq_eq,B,08 y 09,,177512970.1874593,EAE_C8_2014.xls,FBKF_componentes,si,no_mapeado_o_no_usado
2014,fbkf_maq_eq,C,10,10_11_12_alimentos_bebidas_tabaco,3113793024.617372,EAE_C8_2014.xls,FBKF_componentes,si,mapeado
2014,fbkf_maq_eq,C,11 y 12,10_11_12_alimentos_bebidas_tabaco,1611578406.8018537,EAE_C8_2014.xls,FBKF_componentes,si,mapeado
2014,fbkf_maq_eq,C,13,13_14_15_textiles_prendas_cuero,227256434.80088827,EAE_C8_2014.xls,FBKF_componentes,si,mapeado
2014,fbkf_maq_eq,C,14,13_14_15_textiles_prendas_cuero,11943997.449179042,EAE_C8_2014.xls,FBKF_componentes,si,mapeado
2014,fbkf_maq_eq,C,15,13_14_15_textiles_prendas_cuero,313599400.20930994,EAE_C8_2014.xls,FBKF_componentes,si,mapeado
2014,fbkf_maq_eq,C,16,16_madera,182977609.57212412,EAE_C8_2014.xls,FBKF_componentes,si,mapeado
2014,fbkf_maq_eq,C,17,17_18_papel_impresion,40078986166.63318,EAE_C8_2014.xls,FBKF_componentes,si,mapeado
2014,fbkf_maq_eq,C,18,17_18_papel_impresion,152025041.6702361,EAE_C8_2014.xls,FBKF_componentes,si,mapeado
2014,fbkf_maq_eq,C,19,19_refinacion,4364083637.0,EAE_C8_2014.xls,FBKF_componentes,si,mapeado
2014,fbkf_maq_eq,C,20,20_21_22_quimicos_farma_caucho_plastico,656684128.6640798,EAE_C8_2014.xls,FBKF_componentes,si,mapeado
2014,fbkf_maq_eq,C,21,20_21_22_quimicos_farma_caucho_plastico,231899893.99541783,EAE_C8_2014.xls,FBKF_componentes,si,mapeado
2014,fbkf_maq_eq,C,22,20_21_22_quimicos_farma_caucho_plastico,452529728.75898325,EAE_C8_2014.xls,FBKF_componentes,si,mapeado
2014,fbkf_maq_eq,C,23,23_24_minerales_metales,224516817.93040076,EAE_C8_2014.xls,FBKF_componentes,si,mapeado
2014,fbkf_maq_eq,C,24,23_24_minerales_metales,184088084.85756946,EAE_C8_2014.xls,FBKF_componentes,si,mapeado
2014,fbkf_maq_eq,C,25,25_26_27_28_33_metal_equipos_reparacion,209064826.5238406,EAE_C8_2014.xls,FBKF_componentes,si,mapeado
2014,fbkf_maq_eq,C,26,25_26_27_28_33_metal_equipos_reparacion,10224677.009195717,EAE_C8_2014.xls,FBKF_componentes,si,mapeado
2014,fbkf_maq_eq,C,27,25_26_27_28_33_metal_equipos_reparacion,220421114.95430115,EAE_C8_2014.xls,FBKF_componentes,si,mapeado
2014,fbkf_maq_eq,C,28,25_26_27_28_33_metal_equipos_reparacion,18578959.25710769,EAE_C8_2014.xls,FBKF_componentes,si,mapeado
2014,fbkf_maq_eq,C,29 y 30,29_30_vehiculos_transporte,87493265.18162566,EAE_C8_2014.xls,FBKF_componentes,si,mapeado
2014,fbkf_maq_eq,C,31,31_32_muebles_otras_manufacturas,50526571.346570954,EAE_C8_2014.xls,FBKF_componentes,si,mapeado
2014,fbkf_maq_eq,C,32,31_32_muebles_otras_manufacturas,40715438.43992819,EAE_C8_2014.xls,FBKF_componentes,si,mapeado
2014,fbkf_maq_eq,C,33,25_26_27_28_33_metal_equipos_reparacion,168967521.9038093,EAE_C8_2014.xls,FBKF_componentes,si,mapeado
2014,fbkf_maq_eq,D,35,,15227759189.714466,EAE_C8_2014.xls,FBKF_componentes,si,no_mapeado_o_no_usado
2014,fbkf_maq_eq,E,"36, 37 y 38",,452958977.2872751,EAE_C8_2014.xls,FBKF_componentes,si,no_mapeado_o_no_usado
2014,fbkf_maq_eq,G,45,,450295499.5518336,EAE_C8_2014.xls,FBKF_componentes,si,no_mapeado_o_no_usado
2014,fbkf_maq_eq,G,46,,3611642611.5550365,EAE_C8_2014.xls,FBKF_componentes,si,no_mapeado_o_no_usado
2014,fbkf_maq_eq,G,47,,1984569843.0823116,EAE_C8_2014.xls,FBKF_componentes,si,no_mapeado_o_no_usado
2014,fbkf_maq_eq,H,49,,2333347433.5694566,EAE_C8_2014.xls,FBKF_componentes,si,no_mapeado_o_no_usado
2014,fbkf_maq_eq,H,50,,488777157.4531903,EAE_C8_2014.xls,FBKF_componentes,si,no_mapeado_o_no_usado
2014,fbkf_maq_eq,H,51,,2634033.975856382,EAE_C8_2014.xls,FBKF_componentes,si,no_mapeado_o_no_usado
2014,fbkf_maq_eq,H,52,,959957374.2571361,EAE_C8_2014.xls,FBKF_componentes,si,no_mapeado_o_no_usado
2014,fbkf_maq_eq,H,53,,83656214.76790647,EAE_C8_2014.xls,FBKF_componentes,si,no_mapeado_o_no_usado
2014,fbkf_maq_eq,I,55,,123089703.90214229,EAE_C8_2014.xls,FBKF_componentes,si,no_mapeado_o_no_usado
2014,fbkf_maq_eq,I,56,,105906114.08384389,EAE_C8_2014.xls,FBKF_componentes,si,no_mapeado_o_no_usado
2014,fbkf_maq_eq,J,58,,86132961.74213985,EAE_C8_2014.xls,FBKF_componentes,si,no_mapeado_o_no_usado
2014,fbkf_maq_eq,J,59,,129952586.88687542,EAE_C8_2014.xls,FBKF_componentes,si,no_mapeado_o_no_usado
2014,fbkf_maq_eq,J,60,,128847152.38152935,EAE_C8_2014.xls,FBKF_componentes,si,no_mapeado_o_no_usado
2014,fbkf_maq_eq,J,61,,22151959983.064137,EAE_C8_2014.xls,FBKF_componentes,si,no_mapeado_o_no_usado
2014,fbkf_maq_eq,J,62,,131954006.72941394,EAE_C8_2014.xls,FBKF_componentes,si,no_mapeado_o_no_usado
2014,fbkf_maq_eq,J,63,,39044223.36199492,EAE_C8_2014.xls,FBKF_componentes,si,no_mapeado_o_no_usado
2014,fbkf_maq_eq,K,64,,154553690.68783,EAE_C8_2014.xls,FBKF_componentes,si,no_mapeado_o_no_usado
2014,fbkf_maq_eq,K,66,,80475589.23476398,EAE_C8_2014.xls,FBKF_componentes,si,no_mapeado_o_no_usado
2014,fbkf_maq_eq,J,68,,264558413.16024372,EAE_C8_2014.xls,FBKF_componentes,si,no_mapeado_o_no_usado
2014,fbkf_maq_eq,M,69,,107402011.99813873,EAE_C8_2014.xls,FBKF_componentes,si,no_mapeado_o_no_usado
2014,fbkf_maq_eq,M,70,,19907670.947175123,EAE_C8_2014.xls,FBKF_componentes,si,no_mapeado_o_no_usado
2014,fbkf_maq_eq,M,71,,463533879.6277523,EAE_C8_2014.xls,FBKF_componentes,si,no_mapeado_o_no_usado
2014,fbkf_maq_eq,M,72,,14164483.915076884,EAE_C8_2014.xls,FBKF_componentes,si,no_mapeado_o_no_usado
2014,fbkf_maq_eq,M,73,,87145275.44233835,EAE_C8_2014.xls,FBKF_componentes,si,no_mapeado_o_no_usado
2014,fbkf_maq_eq,M,74,,38145880.357838795,EAE_C8_2014.xls,FBKF_componentes,si,no_mapeado_o_no_usado
2014,fbkf_maq_eq,M,75,,3347262.1657188213,EAE_C8_2014.xls,FBKF_componentes,si,no_mapeado_o_no_usado
2014,fbkf_maq_eq,N,77,,827370118.1708933,EAE_C8_2014.xls,FBKF_componentes,si,no_mapeado_o_no_usado
2014,fbkf_maq_eq,N,78,,22379718.60165753,EAE_C8_2014.xls,FBKF_componentes,si,no_mapeado_o_no_usado
2014,fbkf_maq_eq,N,79,,89309761.85696085,EAE_C8_2014.xls,FBKF_componentes,si,no_mapeado_o_no_usado
2014,fbkf_maq_eq,N,80,,311042648.0946827,EAE_C8_2014.xls,FBKF_componentes,si,no_mapeado_o_no_usado
2014,fbkf_maq_eq,N,81,,96205987.43462317,EAE_C8_2014.xls,FBKF_componentes,si,no_mapeado_o_no_usado
2014,fbkf_maq_eq,N,82,,144081342.38522643,EAE_C8_2014.xls,FBKF_componentes,si,no_mapeado_o_no_usado
2014,fbkf_maq_eq,P,85,,241784044.79256448,EAE_C8_2014.xls,FBKF_componentes,si,no_mapeado_o_no_usado
2014,fbkf_maq_eq,Q,86,,911132060.7031163,EAE_C8_2014.xls,FBKF_componentes,si,no_mapeado_o_no_usado
2014,fbkf_maq_eq,Q,87,,24345433.201449916,EAE_C8_2014.xls,FBKF_componentes,si,no_mapeado_o_no_usado
2014,fbkf_maq_eq,Q,88,,18934599.31961652,EAE_C8_2014.xls,FBKF_componentes,si,no_mapeado_o_no_usado
2014,fbkf_maq_eq,R,90,,13918509.506359395,EAE_C8_2014.xls,FBKF_componentes,si,no_mapeado_o_no_usado
2014,fbkf_maq_eq,R,92,,402041167.7386347,EAE_C8_2014.xls,FBKF_componentes,si,no_mapeado_o_no_usado
2014,fbkf_maq_eq,R,93,,141061252.7022571,EAE_C8_2014.xls,FBKF_componentes,si,no_mapeado_o_no_usado
2014,fbkf_maq_eq,S,94,,81803896.00600062,EAE_C8_2014.xls,FBKF_componentes,si,no_mapeado_o_no_usado
2014,fbkf_maq_eq,S,95,,5415927.705906192,EAE_C8_2014.xls,FBKF_componentes,si,no_mapeado_o_no_usado
2014,fbkf_maq_eq,S,96,,66342046.391028985,EAE_C8_2014.xls,FBKF_componentes,si,no_mapeado_o_no_usado
2015,fbcf,B,08 y 09,,252197995.586458,EAE_C6_2015.xls,FBCF,si,no_mapeado_o_no_usado
2015,adquisiciones_importadas,B,08 y 09,,8628195.74311557,EAE_C6_2015.xls,FBCF,si,no_mapeado_o_no_usado
2015,adquisiciones_origen_importado,B,08 y 09,,59113725.78747538,EAE_C6_2015.xls,FBCF,si,no_mapeado_o_no_usado
2015,fbcf,C,10,10_11_12_alimentos_bebidas_tabaco,8774482099.442764,EAE_C6_2015.xls,FBCF,si,mapeado
2015,adquisiciones_importadas,C,10,10_11_12_alimentos_bebidas_tabaco,279238307.4102466,EAE_C6_2015.xls,FBCF,si,mapeado
2015,adquisiciones_origen_importado,C,10,10_11_12_alimentos_bebidas_tabaco,1538547077.7251573,EAE_C6_2015.xls,FBCF,si,mapeado
2015,fbcf,C,11 y 12,10_11_12_alimentos_bebidas_tabaco,2465088197.982766,EAE_C6_2015.xls,FBCF,si,mapeado
2015,adquisiciones_importadas,C,11 y 12,10_11_12_alimentos_bebidas_tabaco,218874695.90080643,EAE_C6_2015.xls,FBCF,si,mapeado
2015,adquisiciones_origen_importado,C,11 y 12,10_11_12_alimentos_bebidas_tabaco,107581495.7395088,EAE_C6_2015.xls,FBCF,si,mapeado
2015,fbcf,C,13,13_14_15_textiles_prendas_cuero,127265469.08235249,EAE_C6_2015.xls,FBCF,si,mapeado
2015,adquisiciones_importadas,C,13,13_14_15_textiles_prendas_cuero,5937316.987948632,EAE_C6_2015.xls,FBCF,si,mapeado
2015,adquisiciones_origen_importado,C,13,13_14_15_textiles_prendas_cuero,51195481.08694496,EAE_C6_2015.xls,FBCF,si,mapeado
2015,fbcf,C,14,13_14_15_textiles_prendas_cuero,37668570.07663841,EAE_C6_2015.xls,FBCF,si,mapeado
2015,adquisiciones_importadas,C,14,13_14_15_textiles_prendas_cuero,3671699.0663141515,EAE_C6_2015.xls,FBCF,si,mapeado
2015,adquisiciones_origen_importado,C,14,13_14_15_textiles_prendas_cuero,5342275.252509179,EAE_C6_2015.xls,FBCF,si,mapeado
2015,fbcf,C,15,13_14_15_textiles_prendas_cuero,296394269.1805612,EAE_C6_2015.xls,FBCF,si,mapeado
2015,adquisiciones_importadas,C,15,13_14_15_textiles_prendas_cuero,92816952.58109574,EAE_C6_2015.xls,FBCF,si,mapeado
2015,adquisiciones_origen_importado,C,15,13_14_15_textiles_prendas_cuero,50360120.91454907,EAE_C6_2015.xls,FBCF,si,mapeado
2015,fbcf,C,16,16_madera,617239299.3575541,EAE_C6_2015.xls,FBCF,si,mapeado
2015,adquisiciones_importadas,C,16,16_madera,203204213.16215304,EAE_C6_2015.xls,FBCF,si,mapeado
2015,adquisiciones_origen_importado,C,16,16_madera,104859222.79662816,EAE_C6_2015.xls,FBCF,si,mapeado
2015,fbcf,C,17,17_18_papel_impresion,1977130476.1661139,EAE_C6_2015.xls,FBCF,si,mapeado
2015,adquisiciones_importadas,C,17,17_18_papel_impresion,81263785.89463194,EAE_C6_2015.xls,FBCF,si,mapeado
2015,adquisiciones_origen_importado,C,17,17_18_papel_impresion,1328537521.133021,EAE_C6_2015.xls,FBCF,si,mapeado
2015,fbcf,C,18,17_18_papel_impresion,173817181.26085505,EAE_C6_2015.xls,FBCF,si,mapeado
2015,adquisiciones_importadas,C,18,17_18_papel_impresion,22890064.831183344,EAE_C6_2015.xls,FBCF,si,mapeado
2015,adquisiciones_origen_importado,C,18,17_18_papel_impresion,19493876.0597035,EAE_C6_2015.xls,FBCF,si,mapeado
2015,fbcf,C,19,19_refinacion,2763215981.0,EAE_C6_2015.xls,FBCF,si,mapeado
2015,adquisiciones_importadas,C,19,19_refinacion,0.0,EAE_C6_2015.xls,FBCF,si,mapeado
2015,adquisiciones_origen_importado,C,19,19_refinacion,2485959829.0,EAE_C6_2015.xls,FBCF,si,mapeado
2015,fbcf,C,20,20_21_22_quimicos_farma_caucho_plastico,6077876474.702114,EAE_C6_2015.xls,FBCF,si,mapeado
2015,adquisiciones_importadas,C,20,20_21_22_quimicos_farma_caucho_plastico,97772594.23708893,EAE_C6_2015.xls,FBCF,si,mapeado
2015,adquisiciones_origen_importado,C,20,20_21_22_quimicos_farma_caucho_plastico,177457032.4390208,EAE_C6_2015.xls,FBCF,si,mapeado
2015,fbcf,C,21,20_21_22_quimicos_farma_caucho_plastico,778122324.0419338,EAE_C6_2015.xls,FBCF,si,mapeado
2015,adquisiciones_importadas,C,21,20_21_22_quimicos_farma_caucho_plastico,68013570.3175234,EAE_C6_2015.xls,FBCF,si,mapeado
2015,adquisiciones_origen_importado,C,21,20_21_22_quimicos_farma_caucho_plastico,171078572.4444964,EAE_C6_2015.xls,FBCF,si,mapeado
2015,fbcf,C,22,20_21_22_quimicos_farma_caucho_plastico,752596775.3282272,EAE_C6_2015.xls,FBCF,si,mapeado
2015,adquisiciones_importadas,C,22,20_21_22_quimicos_farma_caucho_plastico,25979247.24973093,EAE_C6_2015.xls,FBCF,si,mapeado
2015,adquisiciones_origen_importado,C,22,20_21_22_quimicos_farma_caucho_plastico,81375257.32176147,EAE_C6_2015.xls,FBCF,si,mapeado
2015,fbcf,C,23,23_24_minerales_metales,544551768.6786153,EAE_C6_2015.xls,FBCF,si,mapeado
2015,adquisiciones_importadas,C,23,23_24_minerales_metales,6817608.812060166,EAE_C6_2015.xls,FBCF,si,mapeado
2015,adquisiciones_origen_importado,C,23,23_24_minerales_metales,10911591.332241902,EAE_C6_2015.xls,FBCF,si,mapeado
2015,fbcf,C,24,23_24_minerales_metales,600049086.5802478,EAE_C6_2015.xls,FBCF,si,mapeado
2015,adquisiciones_importadas,C,24,23_24_minerales_metales,9964727.823308172,EAE_C6_2015.xls,FBCF,si,mapeado
2015,adquisiciones_origen_importado,C,24,23_24_minerales_metales,20366176.754179884,EAE_C6_2015.xls,FBCF,si,mapeado
2015,fbcf,C,25,25_26_27_28_33_metal_equipos_reparacion,311007759.4335836,EAE_C6_2015.xls,FBCF,si,mapeado
2015,adquisiciones_importadas,C,25,25_26_27_28_33_metal_equipos_reparacion,95699022.83269863,EAE_C6_2015.xls,FBCF,si,mapeado
2015,adquisiciones_origen_importado,C,25,25_26_27_28_33_metal_equipos_reparacion,61978121.81690656,EAE_C6_2015.xls,FBCF,si,mapeado
2015,fbcf,C,26,25_26_27_28_33_metal_equipos_reparacion,37916540.20125746,EAE_C6_2015.xls,FBCF,si,mapeado
2015,adquisiciones_importadas,C,26,25_26_27_28_33_metal_equipos_reparacion,17468663.924722362,EAE_C6_2015.xls,FBCF,si,mapeado
2015,adquisiciones_origen_importado,C,26,25_26_27_28_33_metal_equipos_reparacion,14005170.01501638,EAE_C6_2015.xls,FBCF,si,mapeado
2015,fbcf,C,27,25_26_27_28_33_metal_equipos_reparacion,78407330.54149401,EAE_C6_2015.xls,FBCF,si,mapeado
2015,adquisiciones_importadas,C,27,25_26_27_28_33_metal_equipos_reparacion,10916855.189747546,EAE_C6_2015.xls,FBCF,si,mapeado
2015,adquisiciones_origen_importado,C,27,25_26_27_28_33_metal_equipos_reparacion,9972275.855438557,EAE_C6_2015.xls,FBCF,si,mapeado
2015,fbcf,C,28,25_26_27_28_33_metal_equipos_reparacion,47086555.755139865,EAE_C6_2015.xls,FBCF,si,mapeado
2015,adquisiciones_importadas,C,28,25_26_27_28_33_metal_equipos_reparacion,0.0,EAE_C6_2015.xls,FBCF,si,mapeado
2015,adquisiciones_origen_importado,C,28,25_26_27_28_33_metal_equipos_reparacion,7855138.1655379,EAE_C6_2015.xls,FBCF,si,mapeado
2015,fbcf,C,29 y 30,29_30_vehiculos_transporte,208457945.56614345,EAE_C6_2015.xls,FBCF,si,mapeado
2015,adquisiciones_importadas,C,29 y 30,29_30_vehiculos_transporte,143021679.01363665,EAE_C6_2015.xls,FBCF,si,mapeado
2015,adquisiciones_origen_importado,C,29 y 30,29_30_vehiculos_transporte,8371357.092180708,EAE_C6_2015.xls,FBCF,si,mapeado
2015,fbcf,C,31,31_32_muebles_otras_manufacturas,44311531.00002693,EAE_C6_2015.xls,FBCF,si,mapeado
2015,adquisiciones_importadas,C,31,31_32_muebles_otras_manufacturas,1410387.5317933208,EAE_C6_2015.xls,FBCF,si,mapeado
2015,adquisiciones_origen_importado,C,31,31_32_muebles_otras_manufacturas,3192788.6008067387,EAE_C6_2015.xls,FBCF,si,mapeado
2015,fbcf,C,32,31_32_muebles_otras_manufacturas,40101053.9089764,EAE_C6_2015.xls,FBCF,si,mapeado
2015,adquisiciones_importadas,C,32,31_32_muebles_otras_manufacturas,1250282.3037161208,EAE_C6_2015.xls,FBCF,si,mapeado
2015,adquisiciones_origen_importado,C,32,31_32_muebles_otras_manufacturas,17949402.478784677,EAE_C6_2015.xls,FBCF,si,mapeado
2015,fbcf,C,33,25_26_27_28_33_metal_equipos_reparacion,53885687.22947869,EAE_C6_2015.xls,FBCF,si,mapeado
2015,adquisiciones_importadas,C,33,25_26_27_28_33_metal_equipos_reparacion,7049065.566541044,EAE_C6_2015.xls,FBCF,si,mapeado
2015,adquisiciones_origen_importado,C,33,25_26_27_28_33_metal_equipos_reparacion,6350482.260406846,EAE_C6_2015.xls,FBCF,si,mapeado
2015,fbcf,D,35,,15347973970.808334,EAE_C6_2015.xls,FBCF,si,no_mapeado_o_no_usado
2015,adquisiciones_importadas,D,35,,0.0,EAE_C6_2015.xls,FBCF,si,no_mapeado_o_no_usado
2015,adquisiciones_origen_importado,D,35,,11723336.849865647,EAE_C6_2015.xls,FBCF,si,no_mapeado_o_no_usado
2015,fbcf,E,"36, 37 y 38",,2847898443.887017,EAE_C6_2015.xls,FBCF,si,no_mapeado_o_no_usado
2015,adquisiciones_importadas,E,"36, 37 y 38",,32017019.339364138,EAE_C6_2015.xls,FBCF,si,no_mapeado_o_no_usado
2015,adquisiciones_origen_importado,E,"36, 37 y 38",,162089195.30531555,EAE_C6_2015.xls,FBCF,si,no_mapeado_o_no_usado
2015,fbcf,G,45,,1508138069.8346086,EAE_C6_2015.xls,FBCF,si,no_mapeado_o_no_usado
2015,adquisiciones_importadas,G,45,,43877148.59660334,EAE_C6_2015.xls,FBCF,si,no_mapeado_o_no_usado
2015,adquisiciones_origen_importado,G,45,,406662679.89383584,EAE_C6_2015.xls,FBCF,si,no_mapeado_o_no_usado
2015,fbcf,G,46,,13224887122.716536,EAE_C6_2015.xls,FBCF,si,no_mapeado_o_no_usado
2015,adquisiciones_importadas,G,46,,2279444403.6079655,EAE_C6_2015.xls,FBCF,si,no_mapeado_o_no_usado
2015,adquisiciones_origen_importado,G,46,,1599090543.9005008,EAE_C6_2015.xls,FBCF,si,no_mapeado_o_no_usado
2015,fbcf,G,47,,4770058278.724319,EAE_C6_2015.xls,FBCF,si,no_mapeado_o_no_usado
2015,adquisiciones_importadas,G,47,,419568.5365555673,EAE_C6_2015.xls,FBCF,si,no_mapeado_o_no_usado
2015,adquisiciones_origen_importado,G,47,,474099679.7341272,EAE_C6_2015.xls,FBCF,si,no_mapeado_o_no_usado
2015,fbcf,H,49,,3430583809.2612877,EAE_C6_2015.xls,FBCF,si,no_mapeado_o_no_usado
2015,adquisiciones_importadas,H,49,,351822557.271473,EAE_C6_2015.xls,FBCF,si,no_mapeado_o_no_usado
2015,adquisiciones_origen_importado,H,49,,1656529846.9246588,EAE_C6_2015.xls,FBCF,si,no_mapeado_o_no_usado
2015,fbcf,H,50,,235308975.63098893,EAE_C6_2015.xls,FBCF,si,no_mapeado_o_no_usado
2015,adquisiciones_importadas,H,50,,187562316.24814436,EAE_C6_2015.xls,FBCF,si,no_mapeado_o_no_usado
2015,adquisiciones_origen_importado,H,50,,11437454.288616568,EAE_C6_2015.xls,FBCF,si,no_mapeado_o_no_usado
2015,fbcf,H,51,,12262162.544859828,EAE_C6_2015.xls,FBCF,si,no_mapeado_o_no_usado
2015,adquisiciones_importadas,H,51,,4514412.955578867,EAE_C6_2015.xls,FBCF,si,no_mapeado_o_no_usado
2015,adquisiciones_origen_importado,H,51,,21854.538383137275,EAE_C6_2015.xls,FBCF,si,no_mapeado_o_no_usado
2015,fbcf,H,52,,4811954350.81353,EAE_C6_2015.xls,FBCF,si,no_mapeado_o_no_usado
2015,adquisiciones_importadas,H,52,,652295257.0971805,EAE_C6_2015.xls,FBCF,si,no_mapeado_o_no_usado
2015,adquisiciones_origen_importado,H,52,,351240541.09491295,EAE_C6_2015.xls,FBCF,si,no_mapeado_o_no_usado
2015,fbcf,H,53,,201338935.97078064,EAE_C6_2015.xls,FBCF,si,no_mapeado_o_no_usado
2015,adquisiciones_importadas,H,53,,0.0,EAE_C6_2015.xls,FBCF,si,no_mapeado_o_no_usado
2015,adquisiciones_origen_importado,H,53,,52931829.644402176,EAE_C6_2015.xls,FBCF,si,no_mapeado_o_no_usado
2015,fbcf,I,55,,567003561.1128525,EAE_C6_2015.xls,FBCF,si,no_mapeado_o_no_usado
2015,adquisiciones_importadas,I,55,,0.0,EAE_C6_2015.xls,FBCF,si,no_mapeado_o_no_usado
2015,adquisiciones_origen_importado,I,55,,16201839.86216226,EAE_C6_2015.xls,FBCF,si,no_mapeado_o_no_usado
2015,fbcf,I,56,,350158545.1354768,EAE_C6_2015.xls,FBCF,si,no_mapeado_o_no_usado
2015,adquisiciones_importadas,I,56,,0.0,EAE_C6_2015.xls,FBCF,si,no_mapeado_o_no_usado
2015,adquisiciones_origen_importado,I,56,,34195130.39494981,EAE_C6_2015.xls,FBCF,si,no_mapeado_o_no_usado
2015,fbcf,J,58,,38853660.43240107,EAE_C6_2015.xls,FBCF,si,no_mapeado_o_no_usado
2015,adquisiciones_importadas,J,58,,0.0,EAE_C6_2015.xls,FBCF,si,no_mapeado_o_no_usado
2015,adquisiciones_origen_importado,J,58,,2385105.4430577527,EAE_C6_2015.xls,FBCF,si,no_mapeado_o_no_usado
2015,fbcf,J,59,,155655286.17016327,EAE_C6_2015.xls,FBCF,si,no_mapeado_o_no_usado
2015,adquisiciones_importadas,J,59,,35106821.760468476,EAE_C6_2015.xls,FBCF,si,no_mapeado_o_no_usado
2015,adquisiciones_origen_importado,J,59,,5895671.910061199,EAE_C6_2015.xls,FBCF,si,no_mapeado_o_no_usado
2015,fbcf,J,60,,210481779.3912015,EAE_C6_2015.xls,FBCF,si,no_mapeado_o_no_usado
2015,adquisiciones_importadas,J,60,,0.0,EAE_C6_2015.xls,FBCF,si,no_mapeado_o_no_usado
2015,adquisiciones_origen_importado,J,60,,123117911.6237967,EAE_C6_2015.xls,FBCF,si,no_mapeado_o_no_usado
2015,fbcf,J,61,,12009790948.303259,EAE_C6_2015.xls,FBCF,si,no_mapeado_o_no_usado
2015,adquisiciones_importadas,J,61,,5323698776.984072,EAE_C6_2015.xls,FBCF,si,no_mapeado_o_no_usado
2015,adquisiciones_origen_importado,J,61,,3553085595.5449314,EAE_C6_2015.xls,FBCF,si,no_mapeado_o_no_usado
2015,fbcf,J,62,,900814452.2503034,EAE_C6_2015.xls,FBCF,si,no_mapeado_o_no_usado
2015,adquisiciones_importadas,J,62,,426840559.2982997,EAE_C6_2015.xls,FBCF,si,no_mapeado_o_no_usado
2015,adquisiciones_origen_importado,J,62,,198443411.68797868,EAE_C6_2015.xls,FBCF,si,no_mapeado_o_no_usado
2015,fbcf,J,63,,83177520.96260001,EAE_C6_2015.xls,FBCF,si,no_mapeado_o_no_usado
2015,adquisiciones_importadas,J,63,,0.0,EAE_C6_2015.xls,FBCF,si,no_mapeado_o_no_usado
2015,adquisiciones_origen_importado,J,63,,1765261.4835002758,EAE_C6_2015.xls,FBCF,si,no_mapeado_o_no_usado
2015,fbcf,K,64,,431555468.5772774,EAE_C6_2015.xls,FBCF,si,no_mapeado_o_no_usado
2015,adquisiciones_importadas,K,64,,0.0,EAE_C6_2015.xls,FBCF,si,no_mapeado_o_no_usado
2015,adquisiciones_origen_importado,K,64,,27905123.0,EAE_C6_2015.xls,FBCF,si,no_mapeado_o_no_usado
2015,fbcf,K,66,,428950383.5762778,EAE_C6_2015.xls,FBCF,si,no_mapeado_o_no_usado
2015,adquisiciones_importadas,K,66,,58298.0,EAE_C6_2015.xls,FBCF,si,no_mapeado_o_no_usado
2015,adquisiciones_origen_importado,K,66,,1422812.0,EAE_C6_2015.xls,FBCF,si,no_mapeado_o_no_usado
2015,fbcf,J,68,,1867049636.257002,EAE_C6_2015.xls,FBCF,si,no_mapeado_o_no_usado
2015,adquisiciones_importadas,J,68,,52301445.43817871,EAE_C6_2015.xls,FBCF,si,no_mapeado_o_no_usado
2015,adquisiciones_origen_importado,J,68,,19932207.216397997,EAE_C6_2015.xls,FBCF,si,no_mapeado_o_no_usado
2015,fbcf,M,69,,730734471.5209038,EAE_C6_2015.xls,FBCF,si,no_mapeado_o_no_usado
2015,adquisiciones_importadas,M,69,,0.0,EAE_C6_2015.xls,FBCF,si,no_mapeado_o_no_usado
2015,adquisiciones_origen_importado,M,69,,33825066.23673075,EAE_C6_2015.xls,FBCF,si,no_mapeado_o_no_usado
2015,fbcf,M,70,,46864403.263961315,EAE_C6_2015.xls,FBCF,si,no_mapeado_o_no_usado
2015,adquisiciones_importadas,M,70,,0.0,EAE_C6_2015.xls,FBCF,si,no_mapeado_o_no_usado
2015,adquisiciones_origen_importado,M,70,,18469225.72978607,EAE_C6_2015.xls,FBCF,si,no_mapeado_o_no_usado
2015,fbcf,M,71,,383230754.9207548,EAE_C6_2015.xls,FBCF,si,no_mapeado_o_no_usado
2015,adquisiciones_importadas,M,71,,63167445.26645565,EAE_C6_2015.xls,FBCF,si,no_mapeado_o_no_usado
2015,adquisiciones_origen_importado,M,71,,87676020.31775454,EAE_C6_2015.xls,FBCF,si,no_mapeado_o_no_usado
2015,fbcf,M,72,,48146581.02281829,EAE_C6_2015.xls,FBCF,si,no_mapeado_o_no_usado
2015,adquisiciones_importadas,M,72,,149729.0,EAE_C6_2015.xls,FBCF,si,no_mapeado_o_no_usado
2015,adquisiciones_origen_importado,M,72,,1169133.98464855,EAE_C6_2015.xls,FBCF,si,no_mapeado_o_no_usado
2015,fbcf,M,73,,134427710.08535776,EAE_C6_2015.xls,FBCF,si,no_mapeado_o_no_usado
2015,adquisiciones_importadas,M,73,,0.0,EAE_C6_2015.xls,FBCF,si,no_mapeado_o_no_usado
2015,adquisiciones_origen_importado,M,73,,11394201.555611743,EAE_C6_2015.xls,FBCF,si,no_mapeado_o_no_usado
2015,fbcf,M,74,,116899849.41205059,EAE_C6_2015.xls,FBCF,si,no_mapeado_o_no_usado
2015,adquisiciones_importadas,M,74,,0.0,EAE_C6_2015.xls,FBCF,si,no_mapeado_o_no_usado
2015,adquisiciones_origen_importado,M,74,,42972012.582398795,EAE_C6_2015.xls,FBCF,si,no_mapeado_o_no_usado
2015,fbcf,M,75,,4264439.930476916,EAE_C6_2015.xls,FBCF,si,no_mapeado_o_no_usado
2015,adquisiciones_importadas,M,75,,0.0,EAE_C6_2015.xls,FBCF,si,no_mapeado_o_no_usado
2015,adquisiciones_origen_importado,M,75,,7865.818023297631,EAE_C6_2015.xls,FBCF,si,no_mapeado_o_no_usado
2015,fbcf,N,77,,2009551108.159701,EAE_C6_2015.xls,FBCF,si,no_mapeado_o_no_usado
2015,adquisiciones_importadas,N,77,,1605189022.6867077,EAE_C6_2015.xls,FBCF,si,no_mapeado_o_no_usado
2015,adquisiciones_origen_importado,N,77,,93508504.74856447,EAE_C6_2015.xls,FBCF,si,no_mapeado_o_no_usado
2015,fbcf,N,78,,30883369.75015581,EAE_C6_2015.xls,FBCF,si,no_mapeado_o_no_usado
2015,adquisiciones_importadas,N,78,,0.0,EAE_C6_2015.xls,FBCF,si,no_mapeado_o_no_usado
2015,adquisiciones_origen_importado,N,78,,2722760.230405818,EAE_C6_2015.xls,FBCF,si,no_mapeado_o_no_usado
2015,fbcf,N,79,,35378609.42543538,EAE_C6_2015.xls,FBCF,si,no_mapeado_o_no_usado
2015,adquisiciones_importadas,N,79,,1669671.0,EAE_C6_2015.xls,FBCF,si,no_mapeado_o_no_usado
2015,adquisiciones_origen_importado,N,79,,6548095.682598889,EAE_C6_2015.xls,FBCF,si,no_mapeado_o_no_usado
2015,fbcf,N,80,,333494531.6816594,EAE_C6_2015.xls,FBCF,si,no_mapeado_o_no_usado
2015,adquisiciones_importadas,N,80,,0.0,EAE_C6_2015.xls,FBCF,si,no_mapeado_o_no_usado
2015,adquisiciones_origen_importado,N,80,,41650535.422063895,EAE_C6_2015.xls,FBCF,si,no_mapeado_o_no_usado
2015,fbcf,N,81,,133910532.85134864,EAE_C6_2015.xls,FBCF,si,no_mapeado_o_no_usado
2015,adquisiciones_importadas,N,81,,0.0,EAE_C6_2015.xls,FBCF,si,no_mapeado_o_no_usado
2015,adquisiciones_origen_importado,N,81,,9086297.525605354,EAE_C6_2015.xls,FBCF,si,no_mapeado_o_no_usado
2015,fbcf,N,82,,455358336.13712025,EAE_C6_2015.xls,FBCF,si,no_mapeado_o_no_usado
2015,adquisiciones_importadas,N,82,,0.0,EAE_C6_2015.xls,FBCF,si,no_mapeado_o_no_usado
2015,adquisiciones_origen_importado,N,82,,71357805.26985946,EAE_C6_2015.xls,FBCF,si,no_mapeado_o_no_usado
2015,fbcf,P,85,,1254056387.8907185,EAE_C6_2015.xls,FBCF,si,no_mapeado_o_no_usado
2015,adquisiciones_importadas,P,85,,16236452.0,EAE_C6_2015.xls,FBCF,si,no_mapeado_o_no_usado
2015,adquisiciones_origen_importado,P,85,,50335961.94518876,EAE_C6_2015.xls,FBCF,si,no_mapeado_o_no_usado
2015,fbcf,Q,86,,4089312423.954246,EAE_C6_2015.xls,FBCF,si,no_mapeado_o_no_usado
2015,adquisiciones_importadas,Q,86,,698921.5477451709,EAE_C6_2015.xls,FBCF,si,no_mapeado_o_no_usado
2015,adquisiciones_origen_importado,Q,86,,264226906.0041434,EAE_C6_2015.xls,FBCF,si,no_mapeado_o_no_usado
2015,fbcf,Q,87,,106091282.02310616,EAE_C6_2015.xls,FBCF,si,no_mapeado_o_no_usado
2015,adquisiciones_importadas,Q,87,,0.0,EAE_C6_2015.xls,FBCF,si,no_mapeado_o_no_usado
2015,adquisiciones_origen_importado,Q,87,,1423264.0229624044,EAE_C6_2015.xls,FBCF,si,no_mapeado_o_no_usado
2015,fbcf,Q,88,,10138019.580834677,EAE_C6_2015.xls,FBCF,si,no_mapeado_o_no_usado
2015,adquisiciones_importadas,Q,88,,0.0,EAE_C6_2015.xls,FBCF,si,no_mapeado_o_no_usado
2015,adquisiciones_origen_importado,Q,88,,0.0,EAE_C6_2015.xls,FBCF,si,no_mapeado_o_no_usado
2015,fbcf,R,90,,18638120.5372295,EAE_C6_2015.xls,FBCF,si,no_mapeado_o_no_usado
2015,adquisiciones_importadas,R,90,,0.0,EAE_C6_2015.xls,FBCF,si,no_mapeado_o_no_usado
2015,adquisiciones_origen_importado,R,90,,0.0,EAE_C6_2015.xls,FBCF,si,no_mapeado_o_no_usado
2015,fbcf,R,92,,2962486636.8250375,EAE_C6_2015.xls,FBCF,si,no_mapeado_o_no_usado
2015,adquisiciones_importadas,R,92,,225795.0,EAE_C6_2015.xls,FBCF,si,no_mapeado_o_no_usado
2015,adquisiciones_origen_importado,R,92,,83284047.4636625,EAE_C6_2015.xls,FBCF,si,no_mapeado_o_no_usado
2015,fbcf,R,93,,467682640.0839385,EAE_C6_2015.xls,FBCF,si,no_mapeado_o_no_usado
2015,adquisiciones_importadas,R,93,,3631268.0,EAE_C6_2015.xls,FBCF,si,no_mapeado_o_no_usado
2015,adquisiciones_origen_importado,R,93,,5858643.204447523,EAE_C6_2015.xls,FBCF,si,no_mapeado_o_no_usado
2015,fbcf,S,94,,1167000113.451926,EAE_C6_2015.xls,FBCF,si,no_mapeado_o_no_usado
2015,adquisiciones_importadas,S,94,,0.0,EAE_C6_2015.xls,FBCF,si,no_mapeado_o_no_usado
2015,adquisiciones_origen_importado,S,94,,26769309.95080869,EAE_C6_2015.xls,FBCF,si,no_mapeado_o_no_usado
2015,fbcf,S,95,,28212541.187860824,EAE_C6_2015.xls,FBCF,si,no_mapeado_o_no_usado
2015,adquisiciones_importadas,S,95,,12806323.462014563,EAE_C6_2015.xls,FBCF,si,no_mapeado_o_no_usado
2015,adquisiciones_origen_importado,S,95,,8510116.9813689,EAE_C6_2015.xls,FBCF,si,no_mapeado_o_no_usado
2015,fbcf,S,96,,165323767.41225785,EAE_C6_2015.xls,FBCF,si,no_mapeado_o_no_usado
2015,adquisiciones_importadas,S,96,,0.0,EAE_C6_2015.xls,FBCF,si,no_mapeado_o_no_usado
2015,adquisiciones_origen_importado,S,96,,10211431.588564377,EAE_C6_2015.xls,FBCF,si,no_mapeado_o_no_usado
2015,fbkf_maq_eq,B,08 y 09,,189931466.41457635,EAE_C8_2015.xls,FBKF_componentes,si,no_mapeado_o_no_usado
2015,fbkf_maq_eq,C,10,10_11_12_alimentos_bebidas_tabaco,4222391546.857521,EAE_C8_2015.xls,FBKF_componentes,si,mapeado
2015,fbkf_maq_eq,C,11 y 12,10_11_12_alimentos_bebidas_tabaco,1566763048.2662928,EAE_C8_2015.xls,FBKF_componentes,si,mapeado
2015,fbkf_maq_eq,C,13,13_14_15_textiles_prendas_cuero,84375729.62845077,EAE_C8_2015.xls,FBKF_componentes,si,mapeado
2015,fbkf_maq_eq,C,14,13_14_15_textiles_prendas_cuero,29835531.977325846,EAE_C8_2015.xls,FBKF_componentes,si,mapeado
2015,fbkf_maq_eq,C,15,13_14_15_textiles_prendas_cuero,200657660.89535555,EAE_C8_2015.xls,FBKF_componentes,si,mapeado
2015,fbkf_maq_eq,C,16,16_madera,388079478.2004671,EAE_C8_2015.xls,FBKF_componentes,si,mapeado
2015,fbkf_maq_eq,C,17,17_18_papel_impresion,1592972797.8115134,EAE_C8_2015.xls,FBKF_componentes,si,mapeado
2015,fbkf_maq_eq,C,18,17_18_papel_impresion,81418109.45717657,EAE_C8_2015.xls,FBKF_componentes,si,mapeado
2015,fbkf_maq_eq,C,19,19_refinacion,1117857249.0,EAE_C8_2015.xls,FBKF_componentes,si,mapeado
2015,fbkf_maq_eq,C,20,20_21_22_quimicos_farma_caucho_plastico,5214558673.149859,EAE_C8_2015.xls,FBKF_componentes,si,mapeado
2015,fbkf_maq_eq,C,21,20_21_22_quimicos_farma_caucho_plastico,433973447.69583076,EAE_C8_2015.xls,FBKF_componentes,si,mapeado
2015,fbkf_maq_eq,C,22,20_21_22_quimicos_farma_caucho_plastico,477893011.43052363,EAE_C8_2015.xls,FBKF_componentes,si,mapeado
2015,fbkf_maq_eq,C,23,23_24_minerales_metales,277579041.7585431,EAE_C8_2015.xls,FBKF_componentes,si,mapeado
2015,fbkf_maq_eq,C,24,23_24_minerales_metales,82259328.93090734,EAE_C8_2015.xls,FBKF_componentes,si,mapeado
2015,fbkf_maq_eq,C,25,25_26_27_28_33_metal_equipos_reparacion,242481475.81698668,EAE_C8_2015.xls,FBKF_componentes,si,mapeado
2015,fbkf_maq_eq,C,26,25_26_27_28_33_metal_equipos_reparacion,25169789.03474045,EAE_C8_2015.xls,FBKF_componentes,si,mapeado
2015,fbkf_maq_eq,C,27,25_26_27_28_33_metal_equipos_reparacion,51896024.65870373,EAE_C8_2015.xls,FBKF_componentes,si,mapeado
2015,fbkf_maq_eq,C,28,25_26_27_28_33_metal_equipos_reparacion,38430509.86396405,EAE_C8_2015.xls,FBKF_componentes,si,mapeado
2015,fbkf_maq_eq,C,29 y 30,29_30_vehiculos_transporte,169303867.6812289,EAE_C8_2015.xls,FBKF_componentes,si,mapeado
2015,fbkf_maq_eq,C,31,31_32_muebles_otras_manufacturas,41286380.26785635,EAE_C8_2015.xls,FBKF_componentes,si,mapeado
2015,fbkf_maq_eq,C,32,31_32_muebles_otras_manufacturas,28482651.125656176,EAE_C8_2015.xls,FBKF_componentes,si,mapeado
2015,fbkf_maq_eq,C,33,25_26_27_28_33_metal_equipos_reparacion,43235243.444693565,EAE_C8_2015.xls,FBKF_componentes,si,mapeado
2015,fbkf_maq_eq,D,35,,13266955382.301205,EAE_C8_2015.xls,FBKF_componentes,si,no_mapeado_o_no_usado
2015,fbkf_maq_eq,E,"36, 37 y 38",,290397210.7355987,EAE_C8_2015.xls,FBKF_componentes,si,no_mapeado_o_no_usado
2015,fbkf_maq_eq,G,45,,642961370.8735269,EAE_C8_2015.xls,FBKF_componentes,si,no_mapeado_o_no_usado
2015,fbkf_maq_eq,G,46,,3933707577.713534,EAE_C8_2015.xls,FBKF_componentes,si,no_mapeado_o_no_usado
2015,fbkf_maq_eq,G,47,,1973922323.3352215,EAE_C8_2015.xls,FBKF_componentes,si,no_mapeado_o_no_usado
2015,fbkf_maq_eq,H,49,,3084168203.910718,EAE_C8_2015.xls,FBKF_componentes,si,no_mapeado_o_no_usado
2015,fbkf_maq_eq,H,50,,235308975.63098896,EAE_C8_2015.xls,FBKF_componentes,si,no_mapeado_o_no_usado
2015,fbkf_maq_eq,H,51,,9883072.082984703,EAE_C8_2015.xls,FBKF_componentes,si,no_mapeado_o_no_usado
2015,fbkf_maq_eq,H,52,,1610473475.9068294,EAE_C8_2015.xls,FBKF_componentes,si,no_mapeado_o_no_usado
2015,fbkf_maq_eq,H,53,,157606511.14723176,EAE_C8_2015.xls,FBKF_componentes,si,no_mapeado_o_no_usado
2015,fbkf_maq_eq,I,55,,162910588.2683522,EAE_C8_2015.xls,FBKF_componentes,si,no_mapeado_o_no_usado
2015,fbkf_maq_eq,I,56,,136651547.45360625,EAE_C8_2015.xls,FBKF_componentes,si,no_mapeado_o_no_usado
2015,fbkf_maq_eq,J,58,,19907848.352922022,EAE_C8_2015.xls,FBKF_componentes,si,no_mapeado_o_no_usado
2015,fbkf_maq_eq,J,59,,84573486.55392103,EAE_C8_2015.xls,FBKF_componentes,si,no_mapeado_o_no_usado
2015,fbkf_maq_eq,J,60,,95385562.97276437,EAE_C8_2015.xls,FBKF_componentes,si,no_mapeado_o_no_usado
2015,fbkf_maq_eq,J,61,,10478147026.97752,EAE_C8_2015.xls,FBKF_componentes,si,no_mapeado_o_no_usado
2015,fbkf_maq_eq,J,62,,289318982.4047098,EAE_C8_2015.xls,FBKF_componentes,si,no_mapeado_o_no_usado
2015,fbkf_maq_eq,J,63,,24020597.73160139,EAE_C8_2015.xls,FBKF_componentes,si,no_mapeado_o_no_usado
2015,fbkf_maq_eq,K,64,,116305855.07396637,EAE_C8_2015.xls,FBKF_componentes,si,no_mapeado_o_no_usado
2015,fbkf_maq_eq,K,66,,162485943.59292662,EAE_C8_2015.xls,FBKF_componentes,si,no_mapeado_o_no_usado
2015,fbkf_maq_eq,J,68,,129123982.78814663,EAE_C8_2015.xls,FBKF_componentes,si,no_mapeado_o_no_usado
2015,fbkf_maq_eq,M,69,,159222974.96419767,EAE_C8_2015.xls,FBKF_componentes,si,no_mapeado_o_no_usado
2015,fbkf_maq_eq,M,70,,36560901.22476544,EAE_C8_2015.xls,FBKF_componentes,si,no_mapeado_o_no_usado
2015,fbkf_maq_eq,M,71,,145422193.6188131,EAE_C8_2015.xls,FBKF_componentes,si,no_mapeado_o_no_usado
2015,fbkf_maq_eq,M,72,,39299954.27605244,EAE_C8_2015.xls,FBKF_componentes,si,no_mapeado_o_no_usado
2015,fbkf_maq_eq,M,73,,61179783.715031445,EAE_C8_2015.xls,FBKF_componentes,si,no_mapeado_o_no_usado
2015,fbkf_maq_eq,M,74,,91110169.5625987,EAE_C8_2015.xls,FBKF_componentes,si,no_mapeado_o_no_usado
2015,fbkf_maq_eq,M,75,,414212.93047691544,EAE_C8_2015.xls,FBKF_componentes,si,no_mapeado_o_no_usado
2015,fbkf_maq_eq,N,77,,1979758038.2962432,EAE_C8_2015.xls,FBKF_componentes,si,no_mapeado_o_no_usado
2015,fbkf_maq_eq,N,78,,22694378.021801095,EAE_C8_2015.xls,FBKF_componentes,si,no_mapeado_o_no_usado
2015,fbkf_maq_eq,N,79,,15067977.302332267,EAE_C8_2015.xls,FBKF_componentes,si,no_mapeado_o_no_usado
2015,fbkf_maq_eq,N,80,,257428677.96044642,EAE_C8_2015.xls,FBKF_componentes,si,no_mapeado_o_no_usado
2015,fbkf_maq_eq,N,81,,61506156.05193416,EAE_C8_2015.xls,FBKF_componentes,si,no_mapeado_o_no_usado
2015,fbkf_maq_eq,N,82,,133231024.68428743,EAE_C8_2015.xls,FBKF_componentes,si,no_mapeado_o_no_usado
2015,fbkf_maq_eq,P,85,,194379005.75497156,EAE_C8_2015.xls,FBKF_componentes,si,no_mapeado_o_no_usado
2015,fbkf_maq_eq,Q,86,,1308458781.4263194,EAE_C8_2015.xls,FBKF_componentes,si,no_mapeado_o_no_usado
2015,fbkf_maq_eq,Q,87,,51419090.39877154,EAE_C8_2015.xls,FBKF_componentes,si,no_mapeado_o_no_usado
2015,fbkf_maq_eq,Q,88,,5137015.111743943,EAE_C8_2015.xls,FBKF_componentes,si,no_mapeado_o_no_usado
2015,fbkf_maq_eq,R,90,,16321631.324222691,EAE_C8_2015.xls,FBKF_componentes,si,no_mapeado_o_no_usado
2015,fbkf_maq_eq,R,92,,251679762.82503742,EAE_C8_2015.xls,FBKF_componentes,si,no_mapeado_o_no_usado
2015,fbkf_maq_eq,R,93,,111293596.65031594,EAE_C8_2015.xls,FBKF_componentes,si,no_mapeado_o_no_usado
2015,fbkf_maq_eq,S,94,,127030255.16421299,EAE_C8_2015.xls,FBKF_componentes,si,no_mapeado_o_no_usado
2015,fbkf_maq_eq,S,95,,26937235.992382456,EAE_C8_2015.xls,FBKF_componentes,si,no_mapeado_o_no_usado
2015,fbkf_maq_eq,S,96,,116465839.94392651,EAE_C8_2015.xls,FBKF_componentes,si,no_mapeado_o_no_usado
2016,fbcf,B,08 y 09,,297533326.572692,Encuesta de Actividad Económica 2016/EAE_C6_2016.xls,FBCF,si,no_mapeado_o_no_usado
2016,adquisiciones_importadas,B,08 y 09,,16296848.694214126,Encuesta de Actividad Económica 2016/EAE_C6_2016.xls,FBCF,si,no_mapeado_o_no_usado
2016,adquisiciones_origen_importado,B,08 y 09,,73856084.31468453,Encuesta de Actividad Económica 2016/EAE_C6_2016.xls,FBCF,si,no_mapeado_o_no_usado
2016,fbcf,C,10,10_11_12_alimentos_bebidas_tabaco,5842709229.139491,Encuesta de Actividad Económica 2016/EAE_C6_2016.xls,FBCF,si,mapeado
2016,adquisiciones_importadas,C,10,10_11_12_alimentos_bebidas_tabaco,610164667.2779965,Encuesta de Actividad Económica 2016/EAE_C6_2016.xls,FBCF,si,mapeado
2016,adquisiciones_origen_importado,C,10,10_11_12_alimentos_bebidas_tabaco,845726162.8205589,Encuesta de Actividad Económica 2016/EAE_C6_2016.xls,FBCF,si,mapeado
2016,fbcf,C,11 y 12,10_11_12_alimentos_bebidas_tabaco,2449920229.8369827,Encuesta de Actividad Económica 2016/EAE_C6_2016.xls,FBCF,si,mapeado
2016,adquisiciones_importadas,C,11 y 12,10_11_12_alimentos_bebidas_tabaco,93348949.35886529,Encuesta de Actividad Económica 2016/EAE_C6_2016.xls,FBCF,si,mapeado
2016,adquisiciones_origen_importado,C,11 y 12,10_11_12_alimentos_bebidas_tabaco,131168642.36266336,Encuesta de Actividad Económica 2016/EAE_C6_2016.xls,FBCF,si,mapeado
2016,fbcf,C,13,13_14_15_textiles_prendas_cuero,123340876.96426274,Encuesta de Actividad Económica 2016/EAE_C6_2016.xls,FBCF,si,mapeado
2016,adquisiciones_importadas,C,13,13_14_15_textiles_prendas_cuero,11525668.602265539,Encuesta de Actividad Económica 2016/EAE_C6_2016.xls,FBCF,si,mapeado
2016,adquisiciones_origen_importado,C,13,13_14_15_textiles_prendas_cuero,19496929.865966763,Encuesta de Actividad Económica 2016/EAE_C6_2016.xls,FBCF,si,mapeado
2016,fbcf,C,14,13_14_15_textiles_prendas_cuero,96957175.4736563,Encuesta de Actividad Económica 2016/EAE_C6_2016.xls,FBCF,si,mapeado
2016,adquisiciones_importadas,C,14,13_14_15_textiles_prendas_cuero,0.0,Encuesta de Actividad Económica 2016/EAE_C6_2016.xls,FBCF,si,mapeado
2016,adquisiciones_origen_importado,C,14,13_14_15_textiles_prendas_cuero,15970006.8315221,Encuesta de Actividad Económica 2016/EAE_C6_2016.xls,FBCF,si,mapeado
2016,fbcf,C,15,13_14_15_textiles_prendas_cuero,475004363.0760591,Encuesta de Actividad Económica 2016/EAE_C6_2016.xls,FBCF,si,mapeado
2016,adquisiciones_importadas,C,15,13_14_15_textiles_prendas_cuero,133595755.72347006,Encuesta de Actividad Económica 2016/EAE_C6_2016.xls,FBCF,si,mapeado
2016,adquisiciones_origen_importado,C,15,13_14_15_textiles_prendas_cuero,73103707.89539486,Encuesta de Actividad Económica 2016/EAE_C6_2016.xls,FBCF,si,mapeado
2016,fbcf,C,16,16_madera,439137487.33161366,Encuesta de Actividad Económica 2016/EAE_C6_2016.xls,FBCF,si,mapeado
2016,adquisiciones_importadas,C,16,16_madera,128312601.6991323,Encuesta de Actividad Económica 2016/EAE_C6_2016.xls,FBCF,si,mapeado
2016,adquisiciones_origen_importado,C,16,16_madera,62461739.790259674,Encuesta de Actividad Económica 2016/EAE_C6_2016.xls,FBCF,si,mapeado
2016,fbcf,C,17,17_18_papel_impresion,1354608865.630381,Encuesta de Actividad Económica 2016/EAE_C6_2016.xls,FBCF,si,mapeado
2016,adquisiciones_importadas,C,17,17_18_papel_impresion,119503830.51137766,Encuesta de Actividad Económica 2016/EAE_C6_2016.xls,FBCF,si,mapeado
2016,adquisiciones_origen_importado,C,17,17_18_papel_impresion,320634029.8444244,Encuesta de Actividad Económica 2016/EAE_C6_2016.xls,FBCF,si,mapeado
2016,fbcf,C,18,17_18_papel_impresion,119079670.77408834,Encuesta de Actividad Económica 2016/EAE_C6_2016.xls,FBCF,si,mapeado
2016,adquisiciones_importadas,C,18,17_18_papel_impresion,21126375.97584796,Encuesta de Actividad Económica 2016/EAE_C6_2016.xls,FBCF,si,mapeado
2016,adquisiciones_origen_importado,C,18,17_18_papel_impresion,31005183.016105004,Encuesta de Actividad Económica 2016/EAE_C6_2016.xls,FBCF,si,mapeado
2016,fbcf,C,19,19_refinacion,2414466951.0,Encuesta de Actividad Económica 2016/EAE_C6_2016.xls,FBCF,si,mapeado
2016,adquisiciones_importadas,C,19,19_refinacion,0.0,Encuesta de Actividad Económica 2016/EAE_C6_2016.xls,FBCF,si,mapeado
2016,adquisiciones_origen_importado,C,19,19_refinacion,2136757843.0,Encuesta de Actividad Económica 2016/EAE_C6_2016.xls,FBCF,si,mapeado
2016,fbcf,C,20,20_21_22_quimicos_farma_caucho_plastico,1224334673.8545494,Encuesta de Actividad Económica 2016/EAE_C6_2016.xls,FBCF,si,mapeado
2016,adquisiciones_importadas,C,20,20_21_22_quimicos_farma_caucho_plastico,57751466.33996299,Encuesta de Actividad Económica 2016/EAE_C6_2016.xls,FBCF,si,mapeado
2016,adquisiciones_origen_importado,C,20,20_21_22_quimicos_farma_caucho_plastico,251287597.33938867,Encuesta de Actividad Económica 2016/EAE_C6_2016.xls,FBCF,si,mapeado
2016,fbcf,C,21,20_21_22_quimicos_farma_caucho_plastico,1015490436.0900223,Encuesta de Actividad Económica 2016/EAE_C6_2016.xls,FBCF,si,mapeado
2016,adquisiciones_importadas,C,21,20_21_22_quimicos_farma_caucho_plastico,342377992.8569107,Encuesta de Actividad Económica 2016/EAE_C6_2016.xls,FBCF,si,mapeado
2016,adquisiciones_origen_importado,C,21,20_21_22_quimicos_farma_caucho_plastico,133921469.21324374,Encuesta de Actividad Económica 2016/EAE_C6_2016.xls,FBCF,si,mapeado
2016,fbcf,C,22,20_21_22_quimicos_farma_caucho_plastico,224092831.92203647,Encuesta de Actividad Económica 2016/EAE_C6_2016.xls,FBCF,si,mapeado
2016,adquisiciones_importadas,C,22,20_21_22_quimicos_farma_caucho_plastico,52616666.65139839,Encuesta de Actividad Económica 2016/EAE_C6_2016.xls,FBCF,si,mapeado
2016,adquisiciones_origen_importado,C,22,20_21_22_quimicos_farma_caucho_plastico,54412579.468015134,Encuesta de Actividad Económica 2016/EAE_C6_2016.xls,FBCF,si,mapeado
2016,fbcf,C,23,23_24_minerales_metales,415287971.2150403,Encuesta de Actividad Económica 2016/EAE_C6_2016.xls,FBCF,si,mapeado
2016,adquisiciones_importadas,C,23,23_24_minerales_metales,11688424.654175533,Encuesta de Actividad Económica 2016/EAE_C6_2016.xls,FBCF,si,mapeado
2016,adquisiciones_origen_importado,C,23,23_24_minerales_metales,7468846.890121958,Encuesta de Actividad Económica 2016/EAE_C6_2016.xls,FBCF,si,mapeado
2016,fbcf,C,24,23_24_minerales_metales,445634389.62838614,Encuesta de Actividad Económica 2016/EAE_C6_2016.xls,FBCF,si,mapeado
2016,adquisiciones_importadas,C,24,23_24_minerales_metales,11918330.50287643,Encuesta de Actividad Económica 2016/EAE_C6_2016.xls,FBCF,si,mapeado
2016,adquisiciones_origen_importado,C,24,23_24_minerales_metales,12060537.309289947,Encuesta de Actividad Económica 2016/EAE_C6_2016.xls,FBCF,si,mapeado
2016,fbcf,C,25,25_26_27_28_33_metal_equipos_reparacion,220563116.534493,Encuesta de Actividad Económica 2016/EAE_C6_2016.xls,FBCF,si,mapeado
2016,adquisiciones_importadas,C,25,25_26_27_28_33_metal_equipos_reparacion,3338460.270745417,Encuesta de Actividad Económica 2016/EAE_C6_2016.xls,FBCF,si,mapeado
2016,adquisiciones_origen_importado,C,25,25_26_27_28_33_metal_equipos_reparacion,161565989.25486732,Encuesta de Actividad Económica 2016/EAE_C6_2016.xls,FBCF,si,mapeado
2016,fbcf,C,26,25_26_27_28_33_metal_equipos_reparacion,30875484.094255425,Encuesta de Actividad Económica 2016/EAE_C6_2016.xls,FBCF,si,mapeado
2016,adquisiciones_importadas,C,26,25_26_27_28_33_metal_equipos_reparacion,13402631.113170741,Encuesta de Actividad Económica 2016/EAE_C6_2016.xls,FBCF,si,mapeado
2016,adquisiciones_origen_importado,C,26,25_26_27_28_33_metal_equipos_reparacion,14613970.189834315,Encuesta de Actividad Económica 2016/EAE_C6_2016.xls,FBCF,si,mapeado
2016,fbcf,C,27,25_26_27_28_33_metal_equipos_reparacion,74464008.32853091,Encuesta de Actividad Económica 2016/EAE_C6_2016.xls,FBCF,si,mapeado
2016,adquisiciones_importadas,C,27,25_26_27_28_33_metal_equipos_reparacion,15454259.806740057,Encuesta de Actividad Económica 2016/EAE_C6_2016.xls,FBCF,si,mapeado
2016,adquisiciones_origen_importado,C,27,25_26_27_28_33_metal_equipos_reparacion,4655815.022480443,Encuesta de Actividad Económica 2016/EAE_C6_2016.xls,FBCF,si,mapeado
2016,fbcf,C,28,25_26_27_28_33_metal_equipos_reparacion,14703554.02328509,Encuesta de Actividad Económica 2016/EAE_C6_2016.xls,FBCF,si,mapeado
2016,adquisiciones_importadas,C,28,25_26_27_28_33_metal_equipos_reparacion,0.0,Encuesta de Actividad Económica 2016/EAE_C6_2016.xls,FBCF,si,mapeado
2016,adquisiciones_origen_importado,C,28,25_26_27_28_33_metal_equipos_reparacion,1120941.0,Encuesta de Actividad Económica 2016/EAE_C6_2016.xls,FBCF,si,mapeado
2016,fbcf,C,29 y 30,29_30_vehiculos_transporte,120987938.00759467,Encuesta de Actividad Económica 2016/EAE_C6_2016.xls,FBCF,si,mapeado
2016,adquisiciones_importadas,C,29 y 30,29_30_vehiculos_transporte,34934010.77820055,Encuesta de Actividad Económica 2016/EAE_C6_2016.xls,FBCF,si,mapeado
2016,adquisiciones_origen_importado,C,29 y 30,29_30_vehiculos_transporte,8142328.159933323,Encuesta de Actividad Económica 2016/EAE_C6_2016.xls,FBCF,si,mapeado
2016,fbcf,C,31,31_32_muebles_otras_manufacturas,118800354.25931415,Encuesta de Actividad Económica 2016/EAE_C6_2016.xls,FBCF,si,mapeado
2016,adquisiciones_importadas,C,31,31_32_muebles_otras_manufacturas,0.0,Encuesta de Actividad Económica 2016/EAE_C6_2016.xls,FBCF,si,mapeado
2016,adquisiciones_origen_importado,C,31,31_32_muebles_otras_manufacturas,463967.2426576674,Encuesta de Actividad Económica 2016/EAE_C6_2016.xls,FBCF,si,mapeado
2016,fbcf,C,32,31_32_muebles_otras_manufacturas,65930314.17920947,Encuesta de Actividad Económica 2016/EAE_C6_2016.xls,FBCF,si,mapeado
2016,adquisiciones_importadas,C,32,31_32_muebles_otras_manufacturas,29546142.168445505,Encuesta de Actividad Económica 2016/EAE_C6_2016.xls,FBCF,si,mapeado
2016,adquisiciones_origen_importado,C,32,31_32_muebles_otras_manufacturas,9112922.272594493,Encuesta de Actividad Económica 2016/EAE_C6_2016.xls,FBCF,si,mapeado
2016,fbcf,C,33,25_26_27_28_33_metal_equipos_reparacion,122981848.78170328,Encuesta de Actividad Económica 2016/EAE_C6_2016.xls,FBCF,si,mapeado
2016,adquisiciones_importadas,C,33,25_26_27_28_33_metal_equipos_reparacion,4107555.0928424126,Encuesta de Actividad Económica 2016/EAE_C6_2016.xls,FBCF,si,mapeado
2016,adquisiciones_origen_importado,C,33,25_26_27_28_33_metal_equipos_reparacion,14754669.281260526,Encuesta de Actividad Económica 2016/EAE_C6_2016.xls,FBCF,si,mapeado
2016,fbcf,D,35,,20126670152.350956,Encuesta de Actividad Económica 2016/EAE_C6_2016.xls,FBCF,si,no_mapeado_o_no_usado
2016,adquisiciones_importadas,D,35,,0.0,Encuesta de Actividad Económica 2016/EAE_C6_2016.xls,FBCF,si,no_mapeado_o_no_usado
2016,adquisiciones_origen_importado,D,35,,3163121.0,Encuesta de Actividad Económica 2016/EAE_C6_2016.xls,FBCF,si,no_mapeado_o_no_usado
2016,fbcf,E,"36, 37 y 38",,4094061966.6611342,Encuesta de Actividad Económica 2016/EAE_C6_2016.xls,FBCF,si,no_mapeado_o_no_usado
2016,adquisiciones_importadas,E,"36, 37 y 38",,21875408.463218085,Encuesta de Actividad Económica 2016/EAE_C6_2016.xls,FBCF,si,no_mapeado_o_no_usado
2016,adquisiciones_origen_importado,E,"36, 37 y 38",,110485921.76302043,Encuesta de Actividad Económica 2016/EAE_C6_2016.xls,FBCF,si,no_mapeado_o_no_usado
2016,fbcf,G,45,,1706281947.46496,Encuesta de Actividad Económica 2016/EAE_C6_2016.xls,FBCF,si,no_mapeado_o_no_usado
2016,adquisiciones_importadas,G,45,,51123360.071799815,Encuesta de Actividad Económica 2016/EAE_C6_2016.xls,FBCF,si,no_mapeado_o_no_usado
2016,adquisiciones_origen_importado,G,45,,313098520.23617727,Encuesta de Actividad Económica 2016/EAE_C6_2016.xls,FBCF,si,no_mapeado_o_no_usado
2016,fbcf,G,46,,12381035410.792368,Encuesta de Actividad Económica 2016/EAE_C6_2016.xls,FBCF,si,no_mapeado_o_no_usado
2016,adquisiciones_importadas,G,46,,1490835949.536149,Encuesta de Actividad Económica 2016/EAE_C6_2016.xls,FBCF,si,no_mapeado_o_no_usado
2016,adquisiciones_origen_importado,G,46,,2057505059.4761333,Encuesta de Actividad Económica 2016/EAE_C6_2016.xls,FBCF,si,no_mapeado_o_no_usado
2016,fbcf,G,47,,4952184921.245836,Encuesta de Actividad Económica 2016/EAE_C6_2016.xls,FBCF,si,no_mapeado_o_no_usado
2016,adquisiciones_importadas,G,47,,3173667.4836766175,Encuesta de Actividad Económica 2016/EAE_C6_2016.xls,FBCF,si,no_mapeado_o_no_usado
2016,adquisiciones_origen_importado,G,47,,575303560.940273,Encuesta de Actividad Económica 2016/EAE_C6_2016.xls,FBCF,si,no_mapeado_o_no_usado
2016,fbcf,H,49,,4054812222.710099,Encuesta de Actividad Económica 2016/EAE_C6_2016.xls,FBCF,si,no_mapeado_o_no_usado
2016,adquisiciones_importadas,H,49,,521338671.61988866,Encuesta de Actividad Económica 2016/EAE_C6_2016.xls,FBCF,si,no_mapeado_o_no_usado
2016,adquisiciones_origen_importado,H,49,,740885280.9055458,Encuesta de Actividad Económica 2016/EAE_C6_2016.xls,FBCF,si,no_mapeado_o_no_usado
2016,fbcf,H,50,,166591298.00661495,Encuesta de Actividad Económica 2016/EAE_C6_2016.xls,FBCF,si,no_mapeado_o_no_usado
2016,adquisiciones_importadas,H,50,,43397360.93160703,Encuesta de Actividad Económica 2016/EAE_C6_2016.xls,FBCF,si,no_mapeado_o_no_usado
2016,adquisiciones_origen_importado,H,50,,62742907.28791016,Encuesta de Actividad Económica 2016/EAE_C6_2016.xls,FBCF,si,no_mapeado_o_no_usado
2016,fbcf,H,51,,23486403.291924357,Encuesta de Actividad Económica 2016/EAE_C6_2016.xls,FBCF,si,no_mapeado_o_no_usado
2016,adquisiciones_importadas,H,51,,4296698.943656943,Encuesta de Actividad Económica 2016/EAE_C6_2016.xls,FBCF,si,no_mapeado_o_no_usado
2016,adquisiciones_origen_importado,H,51,,85744.0977309351,Encuesta de Actividad Económica 2016/EAE_C6_2016.xls,FBCF,si,no_mapeado_o_no_usado
2016,fbcf,H,52,,7279524979.223681,Encuesta de Actividad Económica 2016/EAE_C6_2016.xls,FBCF,si,no_mapeado_o_no_usado
2016,adquisiciones_importadas,H,52,,125212904.0,Encuesta de Actividad Económica 2016/EAE_C6_2016.xls,FBCF,si,no_mapeado_o_no_usado
2016,adquisiciones_origen_importado,H,52,,378703067.5818829,Encuesta de Actividad Económica 2016/EAE_C6_2016.xls,FBCF,si,no_mapeado_o_no_usado
2016,fbcf,H,53,,98222118.14207219,Encuesta de Actividad Económica 2016/EAE_C6_2016.xls,FBCF,si,no_mapeado_o_no_usado
2016,adquisiciones_importadas,H,53,,0.0,Encuesta de Actividad Económica 2016/EAE_C6_2016.xls,FBCF,si,no_mapeado_o_no_usado
2016,adquisiciones_origen_importado,H,53,,25767401.530325018,Encuesta de Actividad Económica 2016/EAE_C6_2016.xls,FBCF,si,no_mapeado_o_no_usado
2016,fbcf,I,55,,934542823.1953093,Encuesta de Actividad Económica 2016/EAE_C6_2016.xls,FBCF,si,no_mapeado_o_no_usado
2016,adquisiciones_importadas,I,55,,3235407.779231085,Encuesta de Actividad Económica 2016/EAE_C6_2016.xls,FBCF,si,no_mapeado_o_no_usado
2016,adquisiciones_origen_importado,I,55,,11654087.252071735,Encuesta de Actividad Económica 2016/EAE_C6_2016.xls,FBCF,si,no_mapeado_o_no_usado
2016,fbcf,I,56,,392651251.8174657,Encuesta de Actividad Económica 2016/EAE_C6_2016.xls,FBCF,si,no_mapeado_o_no_usado
2016,adquisiciones_importadas,I,56,,0.0,Encuesta de Actividad Económica 2016/EAE_C6_2016.xls,FBCF,si,no_mapeado_o_no_usado
2016,adquisiciones_origen_importado,I,56,,36414072.74482386,Encuesta de Actividad Económica 2016/EAE_C6_2016.xls,FBCF,si,no_mapeado_o_no_usado
2016,fbcf,J,58,,12359856.460121077,Encuesta de Actividad Económica 2016/EAE_C6_2016.xls,FBCF,si,no_mapeado_o_no_usado
2016,adquisiciones_importadas,J,58,,0.0,Encuesta de Actividad Económica 2016/EAE_C6_2016.xls,FBCF,si,no_mapeado_o_no_usado
2016,adquisiciones_origen_importado,J,58,,728193.8669914895,Encuesta de Actividad Económica 2016/EAE_C6_2016.xls,FBCF,si,no_mapeado_o_no_usado
2016,fbcf,J,59,,122432613.08104633,Encuesta de Actividad Económica 2016/EAE_C6_2016.xls,FBCF,si,no_mapeado_o_no_usado
2016,adquisiciones_importadas,J,59,,2617746.963933892,Encuesta de Actividad Económica 2016/EAE_C6_2016.xls,FBCF,si,no_mapeado_o_no_usado
2016,adquisiciones_origen_importado,J,59,,8673283.639739484,Encuesta de Actividad Económica 2016/EAE_C6_2016.xls,FBCF,si,no_mapeado_o_no_usado
2016,fbcf,J,60,,190301213.60943225,Encuesta de Actividad Económica 2016/EAE_C6_2016.xls,FBCF,si,no_mapeado_o_no_usado
2016,adquisiciones_importadas,J,60,,503791.38555892714,Encuesta de Actividad Económica 2016/EAE_C6_2016.xls,FBCF,si,no_mapeado_o_no_usado
2016,adquisiciones_origen_importado,J,60,,152267241.6813239,Encuesta de Actividad Económica 2016/EAE_C6_2016.xls,FBCF,si,no_mapeado_o_no_usado
2016,fbcf,J,61,,14244181754.877546,Encuesta de Actividad Económica 2016/EAE_C6_2016.xls,FBCF,si,no_mapeado_o_no_usado
2016,adquisiciones_importadas,J,61,,5208531323.159645,Encuesta de Actividad Económica 2016/EAE_C6_2016.xls,FBCF,si,no_mapeado_o_no_usado
2016,adquisiciones_origen_importado,J,61,,5380650985.241222,Encuesta de Actividad Económica 2016/EAE_C6_2016.xls,FBCF,si,no_mapeado_o_no_usado
2016,fbcf,J,62,,957413051.3277864,Encuesta de Actividad Económica 2016/EAE_C6_2016.xls,FBCF,si,no_mapeado_o_no_usado
2016,adquisiciones_importadas,J,62,,10061199.47901248,Encuesta de Actividad Económica 2016/EAE_C6_2016.xls,FBCF,si,no_mapeado_o_no_usado
2016,adquisiciones_origen_importado,J,62,,496137258.80036443,Encuesta de Actividad Económica 2016/EAE_C6_2016.xls,FBCF,si,no_mapeado_o_no_usado
2016,fbcf,J,63,,47956537.35133968,Encuesta de Actividad Económica 2016/EAE_C6_2016.xls,FBCF,si,no_mapeado_o_no_usado
2016,adquisiciones_importadas,J,63,,0.0,Encuesta de Actividad Económica 2016/EAE_C6_2016.xls,FBCF,si,no_mapeado_o_no_usado
2016,adquisiciones_origen_importado,J,63,,1139976.383265705,Encuesta de Actividad Económica 2016/EAE_C6_2016.xls,FBCF,si,no_mapeado_o_no_usado
2016,fbcf,K,64,,291650242.3964887,Encuesta de Actividad Económica 2016/EAE_C6_2016.xls,FBCF,si,no_mapeado_o_no_usado
2016,adquisiciones_importadas,K,64,,5894252.0,Encuesta de Actividad Económica 2016/EAE_C6_2016.xls,FBCF,si,no_mapeado_o_no_usado
2016,adquisiciones_origen_importado,K,64,,3579327.0140109994,Encuesta de Actividad Económica 2016/EAE_C6_2016.xls,FBCF,si,no_mapeado_o_no_usado
2016,fbcf,K,66,,181997956.5729713,Encuesta de Actividad Económica 2016/EAE_C6_2016.xls,FBCF,si,no_mapeado_o_no_usado
2016,adquisiciones_importadas,K,66,,205117.0,Encuesta de Actividad Económica 2016/EAE_C6_2016.xls,FBCF,si,no_mapeado_o_no_usado
2016,adquisiciones_origen_importado,K,66,,6416534.4750216985,Encuesta de Actividad Económica 2016/EAE_C6_2016.xls,FBCF,si,no_mapeado_o_no_usado
2016,fbcf,J,68,,3778225852.388662,Encuesta de Actividad Económica 2016/EAE_C6_2016.xls,FBCF,si,no_mapeado_o_no_usado
2016,adquisiciones_importadas,J,68,,29487218.45082944,Encuesta de Actividad Económica 2016/EAE_C6_2016.xls,FBCF,si,no_mapeado_o_no_usado
2016,adquisiciones_origen_importado,J,68,,349396385.65038806,Encuesta de Actividad Económica 2016/EAE_C6_2016.xls,FBCF,si,no_mapeado_o_no_usado
2016,fbcf,M,69,,490585928.4384405,Encuesta de Actividad Económica 2016/EAE_C6_2016.xls,FBCF,si,no_mapeado_o_no_usado
2016,adquisiciones_importadas,M,69,,0.0,Encuesta de Actividad Económica 2016/EAE_C6_2016.xls,FBCF,si,no_mapeado_o_no_usado
2016,adquisiciones_origen_importado,M,69,,73823891.60213901,Encuesta de Actividad Económica 2016/EAE_C6_2016.xls,FBCF,si,no_mapeado_o_no_usado
2016,fbcf,M,70,,65759468.23608494,Encuesta de Actividad Económica 2016/EAE_C6_2016.xls,FBCF,si,no_mapeado_o_no_usado
2016,adquisiciones_importadas,M,70,,34534.0,Encuesta de Actividad Económica 2016/EAE_C6_2016.xls,FBCF,si,no_mapeado_o_no_usado
2016,adquisiciones_origen_importado,M,70,,15563509.699339423,Encuesta de Actividad Económica 2016/EAE_C6_2016.xls,FBCF,si,no_mapeado_o_no_usado
2016,fbcf,M,71,,186657856.3918545,Encuesta de Actividad Económica 2016/EAE_C6_2016.xls,FBCF,si,no_mapeado_o_no_usado
2016,adquisiciones_importadas,M,71,,94816210.0,Encuesta de Actividad Económica 2016/EAE_C6_2016.xls,FBCF,si,no_mapeado_o_no_usado
2016,adquisiciones_origen_importado,M,71,,41871752.112510726,Encuesta de Actividad Económica 2016/EAE_C6_2016.xls,FBCF,si,no_mapeado_o_no_usado
2016,fbcf,M,72,,43226404.44485404,Encuesta de Actividad Económica 2016/EAE_C6_2016.xls,FBCF,si,no_mapeado_o_no_usado
2016,adquisiciones_importadas,M,72,,0.0,Encuesta de Actividad Económica 2016/EAE_C6_2016.xls,FBCF,si,no_mapeado_o_no_usado
2016,adquisiciones_origen_importado,M,72,,1806233.3938029055,Encuesta de Actividad Económica 2016/EAE_C6_2016.xls,FBCF,si,no_mapeado_o_no_usado
2016,fbcf,M,73,,113996118.25843501,Encuesta de Actividad Económica 2016/EAE_C6_2016.xls,FBCF,si,no_mapeado_o_no_usado
2016,adquisiciones_importadas,M,73,,9598591.940505136,Encuesta de Actividad Económica 2016/EAE_C6_2016.xls,FBCF,si,no_mapeado_o_no_usado
2016,adquisiciones_origen_importado,M,73,,15117160.014906233,Encuesta de Actividad Económica 2016/EAE_C6_2016.xls,FBCF,si,no_mapeado_o_no_usado
2016,fbcf,M,74,,27084802.10121215,Encuesta de Actividad Económica 2016/EAE_C6_2016.xls,FBCF,si,no_mapeado_o_no_usado
2016,adquisiciones_importadas,M,74,,3208096.5212297547,Encuesta de Actividad Económica 2016/EAE_C6_2016.xls,FBCF,si,no_mapeado_o_no_usado
2016,adquisiciones_origen_importado,M,74,,10039501.402304761,Encuesta de Actividad Económica 2016/EAE_C6_2016.xls,FBCF,si,no_mapeado_o_no_usado
2016,fbcf,M,75,,2251159.024878162,Encuesta de Actividad Económica 2016/EAE_C6_2016.xls,FBCF,si,no_mapeado_o_no_usado
2016,adquisiciones_importadas,M,75,,0.0,Encuesta de Actividad Económica 2016/EAE_C6_2016.xls,FBCF,si,no_mapeado_o_no_usado
2016,adquisiciones_origen_importado,M,75,,0.0,Encuesta de Actividad Económica 2016/EAE_C6_2016.xls,FBCF,si,no_mapeado_o_no_usado
2016,fbcf,N,77,,619388448.5158474,Encuesta de Actividad Económica 2016/EAE_C6_2016.xls,FBCF,si,no_mapeado_o_no_usado
2016,adquisiciones_importadas,N,77,,193504400.5323143,Encuesta de Actividad Económica 2016/EAE_C6_2016.xls,FBCF,si,no_mapeado_o_no_usado
2016,adquisiciones_origen_importado,N,77,,116231691.03250939,Encuesta de Actividad Económica 2016/EAE_C6_2016.xls,FBCF,si,no_mapeado_o_no_usado
2016,fbcf,N,78,,49125680.32550443,Encuesta de Actividad Económica 2016/EAE_C6_2016.xls,FBCF,si,no_mapeado_o_no_usado
2016,adquisiciones_importadas,N,78,,0.0,Encuesta de Actividad Económica 2016/EAE_C6_2016.xls,FBCF,si,no_mapeado_o_no_usado
2016,adquisiciones_origen_importado,N,78,,12083659.255421204,Encuesta de Actividad Económica 2016/EAE_C6_2016.xls,FBCF,si,no_mapeado_o_no_usado
2016,fbcf,N,79,,479872455.5130701,Encuesta de Actividad Económica 2016/EAE_C6_2016.xls,FBCF,si,no_mapeado_o_no_usado
2016,adquisiciones_importadas,N,79,,0.0,Encuesta de Actividad Económica 2016/EAE_C6_2016.xls,FBCF,si,no_mapeado_o_no_usado
2016,adquisiciones_origen_importado,N,79,,5342707.004685924,Encuesta de Actividad Económica 2016/EAE_C6_2016.xls,FBCF,si,no_mapeado_o_no_usado
2016,fbcf,N,80,,451654869.1301997,Encuesta de Actividad Económica 2016/EAE_C6_2016.xls,FBCF,si,no_mapeado_o_no_usado
2016,adquisiciones_importadas,N,80,,0.0,Encuesta de Actividad Económica 2016/EAE_C6_2016.xls,FBCF,si,no_mapeado_o_no_usado
2016,adquisiciones_origen_importado,N,80,,64900995.829954535,Encuesta de Actividad Económica 2016/EAE_C6_2016.xls,FBCF,si,no_mapeado_o_no_usado
2016,fbcf,N,81,,96927437.64738533,Encuesta de Actividad Económica 2016/EAE_C6_2016.xls,FBCF,si,no_mapeado_o_no_usado
2016,adquisiciones_importadas,N,81,,1349922.1144610192,Encuesta de Actividad Económica 2016/EAE_C6_2016.xls,FBCF,si,no_mapeado_o_no_usado
2016,adquisiciones_origen_importado,N,81,,8802766.697893322,Encuesta de Actividad Económica 2016/EAE_C6_2016.xls,FBCF,si,no_mapeado_o_no_usado
2016,fbcf,N,82,,571715831.4902257,Encuesta de Actividad Económica 2016/EAE_C6_2016.xls,FBCF,si,no_mapeado_o_no_usado
2016,adquisiciones_importadas,N,82,,157120202.23507005,Encuesta de Actividad Económica 2016/EAE_C6_2016.xls,FBCF,si,no_mapeado_o_no_usado
2016,adquisiciones_origen_importado,N,82,,61541840.827178605,Encuesta de Actividad Económica 2016/EAE_C6_2016.xls,FBCF,si,no_mapeado_o_no_usado
2016,fbcf,P,85,,1043195455.9759718,Encuesta de Actividad Económica 2016/EAE_C6_2016.xls,FBCF,si,no_mapeado_o_no_usado
2016,adquisiciones_importadas,P,85,,15086400.0,Encuesta de Actividad Económica 2016/EAE_C6_2016.xls,FBCF,si,no_mapeado_o_no_usado
2016,adquisiciones_origen_importado,P,85,,27043003.217211694,Encuesta de Actividad Económica 2016/EAE_C6_2016.xls,FBCF,si,no_mapeado_o_no_usado
2016,fbcf,Q,86,,4118999627.0813117,Encuesta de Actividad Económica 2016/EAE_C6_2016.xls,FBCF,si,no_mapeado_o_no_usado
2016,adquisiciones_importadas,Q,86,,0.0,Encuesta de Actividad Económica 2016/EAE_C6_2016.xls,FBCF,si,no_mapeado_o_no_usado
2016,adquisiciones_origen_importado,Q,86,,223017594.5544187,Encuesta de Actividad Económica 2016/EAE_C6_2016.xls,FBCF,si,no_mapeado_o_no_usado
2016,fbcf,Q,87,,84422594.88842192,Encuesta de Actividad Económica 2016/EAE_C6_2016.xls,FBCF,si,no_mapeado_o_no_usado
2016,adquisiciones_importadas,Q,87,,0.0,Encuesta de Actividad Económica 2016/EAE_C6_2016.xls,FBCF,si,no_mapeado_o_no_usado
2016,adquisiciones_origen_importado,Q,87,,1462524.876908539,Encuesta de Actividad Económica 2016/EAE_C6_2016.xls,FBCF,si,no_mapeado_o_no_usado
2016,fbcf,Q,88,,14129344.019546956,Encuesta de Actividad Económica 2016/EAE_C6_2016.xls,FBCF,si,no_mapeado_o_no_usado
2016,adquisiciones_importadas,Q,88,,0.0,Encuesta de Actividad Económica 2016/EAE_C6_2016.xls,FBCF,si,no_mapeado_o_no_usado
2016,adquisiciones_origen_importado,Q,88,,278155.281164071,Encuesta de Actividad Económica 2016/EAE_C6_2016.xls,FBCF,si,no_mapeado_o_no_usado
2016,fbcf,R,90,,19277584.258835576,Encuesta de Actividad Económica 2016/EAE_C6_2016.xls,FBCF,si,no_mapeado_o_no_usado
2016,adquisiciones_importadas,R,90,,0.0,Encuesta de Actividad Económica 2016/EAE_C6_2016.xls,FBCF,si,no_mapeado_o_no_usado
2016,adquisiciones_origen_importado,R,90,,0.0,Encuesta de Actividad Económica 2016/EAE_C6_2016.xls,FBCF,si,no_mapeado_o_no_usado
2016,fbcf,R,92,,535589706.3176149,Encuesta de Actividad Económica 2016/EAE_C6_2016.xls,FBCF,si,no_mapeado_o_no_usado
2016,adquisiciones_importadas,R,92,,19185735.0,Encuesta de Actividad Económica 2016/EAE_C6_2016.xls,FBCF,si,no_mapeado_o_no_usado
2016,adquisiciones_origen_importado,R,92,,14124706.924114356,Encuesta de Actividad Económica 2016/EAE_C6_2016.xls,FBCF,si,no_mapeado_o_no_usado
2016,fbcf,R,93,,400357140.0544036,Encuesta de Actividad Económica 2016/EAE_C6_2016.xls,FBCF,si,no_mapeado_o_no_usado
2016,adquisiciones_importadas,R,93,,3428932.8927767226,Encuesta de Actividad Económica 2016/EAE_C6_2016.xls,FBCF,si,no_mapeado_o_no_usado
2016,adquisiciones_origen_importado,R,93,,11540181.700795969,Encuesta de Actividad Económica 2016/EAE_C6_2016.xls,FBCF,si,no_mapeado_o_no_usado
2016,fbcf,S,94,,581933684.2570826,Encuesta de Actividad Económica 2016/EAE_C6_2016.xls,FBCF,si,no_mapeado_o_no_usado
2016,adquisiciones_importadas,S,94,,0.0,Encuesta de Actividad Económica 2016/EAE_C6_2016.xls,FBCF,si,no_mapeado_o_no_usado
2016,adquisiciones_origen_importado,S,94,,58736524.04233794,Encuesta de Actividad Económica 2016/EAE_C6_2016.xls,FBCF,si,no_mapeado_o_no_usado
2016,fbcf,S,95,,15324870.668068035,Encuesta de Actividad Económica 2016/EAE_C6_2016.xls,FBCF,si,no_mapeado_o_no_usado
2016,adquisiciones_importadas,S,95,,0.0,Encuesta de Actividad Económica 2016/EAE_C6_2016.xls,FBCF,si,no_mapeado_o_no_usado
2016,adquisiciones_origen_importado,S,95,,11558274.851076484,Encuesta de Actividad Económica 2016/EAE_C6_2016.xls,FBCF,si,no_mapeado_o_no_usado
2016,fbcf,S,96,,229403775.34698528,Encuesta de Actividad Económica 2016/EAE_C6_2016.xls,FBCF,si,no_mapeado_o_no_usado
2016,adquisiciones_importadas,S,96,,0.0,Encuesta de Actividad Económica 2016/EAE_C6_2016.xls,FBCF,si,no_mapeado_o_no_usado
2016,adquisiciones_origen_importado,S,96,,40012477.89533647,Encuesta de Actividad Económica 2016/EAE_C6_2016.xls,FBCF,si,no_mapeado_o_no_usado
2016,fbkf_maq_eq,B,08 y 09,,206426139.8991244,Encuesta de Actividad Económica 2016/EAE_C8_2016.xls,FBKF_componentes,si,no_mapeado_o_no_usado
2016,fbkf_maq_eq,C,10,10_11_12_alimentos_bebidas_tabaco,2672216230.0861306,Encuesta de Actividad Económica 2016/EAE_C8_2016.xls,FBKF_componentes,si,mapeado
2016,fbkf_maq_eq,C,11 y 12,10_11_12_alimentos_bebidas_tabaco,1110763462.5264535,Encuesta de Actividad Económica 2016/EAE_C8_2016.xls,FBKF_componentes,si,mapeado
2016,fbkf_maq_eq,C,13,13_14_15_textiles_prendas_cuero,88898430.52897264,Encuesta de Actividad Económica 2016/EAE_C8_2016.xls,FBKF_componentes,si,mapeado
2016,fbkf_maq_eq,C,14,13_14_15_textiles_prendas_cuero,78205712.8347323,Encuesta de Actividad Económica 2016/EAE_C8_2016.xls,FBKF_componentes,si,mapeado
2016,fbkf_maq_eq,C,15,13_14_15_textiles_prendas_cuero,225710557.47794458,Encuesta de Actividad Económica 2016/EAE_C8_2016.xls,FBKF_componentes,si,mapeado
2016,fbkf_maq_eq,C,16,16_madera,282747229.1470725,Encuesta de Actividad Económica 2016/EAE_C8_2016.xls,FBKF_componentes,si,mapeado
2016,fbkf_maq_eq,C,17,17_18_papel_impresion,712410137.8762932,Encuesta de Actividad Económica 2016/EAE_C8_2016.xls,FBKF_componentes,si,mapeado
2016,fbkf_maq_eq,C,18,17_18_papel_impresion,90575102.25347781,Encuesta de Actividad Económica 2016/EAE_C8_2016.xls,FBKF_componentes,si,mapeado
2016,fbkf_maq_eq,C,19,19_refinacion,567249165.0,Encuesta de Actividad Económica 2016/EAE_C8_2016.xls,FBKF_componentes,si,mapeado
2016,fbkf_maq_eq,C,20,20_21_22_quimicos_farma_caucho_plastico,650664993.2091672,Encuesta de Actividad Económica 2016/EAE_C8_2016.xls,FBKF_componentes,si,mapeado
2016,fbkf_maq_eq,C,21,20_21_22_quimicos_farma_caucho_plastico,430601873.89269245,Encuesta de Actividad Económica 2016/EAE_C8_2016.xls,FBKF_componentes,si,mapeado
2016,fbkf_maq_eq,C,22,20_21_22_quimicos_farma_caucho_plastico,163995723.66291854,Encuesta de Actividad Económica 2016/EAE_C8_2016.xls,FBKF_componentes,si,mapeado
2016,fbkf_maq_eq,C,23,23_24_minerales_metales,170966165.97566095,Encuesta de Actividad Económica 2016/EAE_C8_2016.xls,FBKF_componentes,si,mapeado
2016,fbkf_maq_eq,C,24,23_24_minerales_metales,74062525.14514983,Encuesta de Actividad Económica 2016/EAE_C8_2016.xls,FBKF_componentes,si,mapeado
2016,fbkf_maq_eq,C,25,25_26_27_28_33_metal_equipos_reparacion,247797803.5195189,Encuesta de Actividad Económica 2016/EAE_C8_2016.xls,FBKF_componentes,si,mapeado
2016,fbkf_maq_eq,C,26,25_26_27_28_33_metal_equipos_reparacion,26878595.128753744,Encuesta de Actividad Económica 2016/EAE_C8_2016.xls,FBKF_componentes,si,mapeado
2016,fbkf_maq_eq,C,27,25_26_27_28_33_metal_equipos_reparacion,55838853.87024952,Encuesta de Actividad Económica 2016/EAE_C8_2016.xls,FBKF_componentes,si,mapeado
2016,fbkf_maq_eq,C,28,25_26_27_28_33_metal_equipos_reparacion,13165012.53307647,Encuesta de Actividad Económica 2016/EAE_C8_2016.xls,FBKF_componentes,si,mapeado
2016,fbkf_maq_eq,C,29 y 30,29_30_vehiculos_transporte,63298901.67950702,Encuesta de Actividad Económica 2016/EAE_C8_2016.xls,FBKF_componentes,si,mapeado
2016,fbkf_maq_eq,C,31,31_32_muebles_otras_manufacturas,64940264.55196777,Encuesta de Actividad Económica 2016/EAE_C8_2016.xls,FBKF_componentes,si,mapeado
2016,fbkf_maq_eq,C,32,31_32_muebles_otras_manufacturas,49937464.477935925,Encuesta de Actividad Económica 2016/EAE_C8_2016.xls,FBKF_componentes,si,mapeado
2016,fbkf_maq_eq,C,33,25_26_27_28_33_metal_equipos_reparacion,116477665.9228011,Encuesta de Actividad Económica 2016/EAE_C8_2016.xls,FBKF_componentes,si,mapeado
2016,fbkf_maq_eq,D,35,,9372952801.842125,Encuesta de Actividad Económica 2016/EAE_C8_2016.xls,FBKF_componentes,si,no_mapeado_o_no_usado
2016,fbkf_maq_eq,E,"36, 37 y 38",,269883352.5268635,Encuesta de Actividad Económica 2016/EAE_C8_2016.xls,FBKF_componentes,si,no_mapeado_o_no_usado
2016,fbkf_maq_eq,G,45,,465141243.37535137,Encuesta de Actividad Económica 2016/EAE_C8_2016.xls,FBKF_componentes,si,no_mapeado_o_no_usado
2016,fbkf_maq_eq,G,46,,4791388963.947555,Encuesta de Actividad Económica 2016/EAE_C8_2016.xls,FBKF_componentes,si,no_mapeado_o_no_usado
2016,fbkf_maq_eq,G,47,,2519876330.2432384,Encuesta de Actividad Económica 2016/EAE_C8_2016.xls,FBKF_componentes,si,no_mapeado_o_no_usado
2016,fbkf_maq_eq,H,49,,3694751085.7483463,Encuesta de Actividad Económica 2016/EAE_C8_2016.xls,FBKF_componentes,si,no_mapeado_o_no_usado
2016,fbkf_maq_eq,H,50,,214714549.68777642,Encuesta de Actividad Económica 2016/EAE_C8_2016.xls,FBKF_componentes,si,no_mapeado_o_no_usado
2016,fbkf_maq_eq,H,51,,21770530.233596653,Encuesta de Actividad Económica 2016/EAE_C8_2016.xls,FBKF_componentes,si,no_mapeado_o_no_usado
2016,fbkf_maq_eq,H,52,,1348372650.4079266,Encuesta de Actividad Económica 2016/EAE_C8_2016.xls,FBKF_componentes,si,no_mapeado_o_no_usado
2016,fbkf_maq_eq,H,53,,36664165.28527972,Encuesta de Actividad Económica 2016/EAE_C8_2016.xls,FBKF_componentes,si,no_mapeado_o_no_usado
2016,fbkf_maq_eq,I,55,,167049840.28601402,Encuesta de Actividad Económica 2016/EAE_C8_2016.xls,FBKF_componentes,si,no_mapeado_o_no_usado
2016,fbkf_maq_eq,I,56,,203797180.6304935,Encuesta de Actividad Económica 2016/EAE_C8_2016.xls,FBKF_componentes,si,no_mapeado_o_no_usado
2016,fbkf_maq_eq,J,58,,7568815.5011764,Encuesta de Actividad Económica 2016/EAE_C8_2016.xls,FBKF_componentes,si,no_mapeado_o_no_usado
2016,fbkf_maq_eq,J,59,,50203242.47321056,Encuesta de Actividad Económica 2016/EAE_C8_2016.xls,FBKF_componentes,si,no_mapeado_o_no_usado
2016,fbkf_maq_eq,J,60,,45503617.89415371,Encuesta de Actividad Económica 2016/EAE_C8_2016.xls,FBKF_componentes,si,no_mapeado_o_no_usado
2016,fbkf_maq_eq,J,61,,12979627048.864977,Encuesta de Actividad Económica 2016/EAE_C8_2016.xls,FBKF_componentes,si,no_mapeado_o_no_usado
2016,fbkf_maq_eq,J,62,,623464821.0140537,Encuesta de Actividad Económica 2016/EAE_C8_2016.xls,FBKF_componentes,si,no_mapeado_o_no_usado
2016,fbkf_maq_eq,J,63,,44979910.93800958,Encuesta de Actividad Económica 2016/EAE_C8_2016.xls,FBKF_componentes,si,no_mapeado_o_no_usado
2016,fbkf_maq_eq,K,64,,122570484.5629044,Encuesta de Actividad Económica 2016/EAE_C8_2016.xls,FBKF_componentes,si,no_mapeado_o_no_usado
2016,fbkf_maq_eq,K,66,,83301101.06811616,Encuesta de Actividad Económica 2016/EAE_C8_2016.xls,FBKF_componentes,si,no_mapeado_o_no_usado
2016,fbkf_maq_eq,J,68,,186555733.72957206,Encuesta de Actividad Económica 2016/EAE_C8_2016.xls,FBKF_componentes,si,no_mapeado_o_no_usado
2016,fbkf_maq_eq,M,69,,291726137.8095923,Encuesta de Actividad Económica 2016/EAE_C8_2016.xls,FBKF_componentes,si,no_mapeado_o_no_usado
2016,fbkf_maq_eq,M,70,,57358714.35240078,Encuesta de Actividad Económica 2016/EAE_C8_2016.xls,FBKF_componentes,si,no_mapeado_o_no_usado
2016,fbkf_maq_eq,M,71,,-40600349.782266505,Encuesta de Actividad Económica 2016/EAE_C8_2016.xls,FBKF_componentes,si,no_mapeado_o_no_usado
2016,fbkf_maq_eq,M,72,,27844178.596625984,Encuesta de Actividad Económica 2016/EAE_C8_2016.xls,FBKF_componentes,si,no_mapeado_o_no_usado
2016,fbkf_maq_eq,M,73,,86415872.9200042,Encuesta de Actividad Económica 2016/EAE_C8_2016.xls,FBKF_componentes,si,no_mapeado_o_no_usado
2016,fbkf_maq_eq,M,74,,14959208.117666073,Encuesta de Actividad Económica 2016/EAE_C8_2016.xls,FBKF_componentes,si,no_mapeado_o_no_usado
2016,fbkf_maq_eq,M,75,,1093746.024878162,Encuesta de Actividad Económica 2016/EAE_C8_2016.xls,FBKF_componentes,si,no_mapeado_o_no_usado
2016,fbkf_maq_eq,N,77,,565219965.8474184,Encuesta de Actividad Económica 2016/EAE_C8_2016.xls,FBKF_componentes,si,no_mapeado_o_no_usado
2016,fbkf_maq_eq,N,78,,32523544.0629699,Encuesta de Actividad Económica 2016/EAE_C8_2016.xls,FBKF_componentes,si,no_mapeado_o_no_usado
2016,fbkf_maq_eq,N,79,,91677911.95172629,Encuesta de Actividad Económica 2016/EAE_C8_2016.xls,FBKF_componentes,si,no_mapeado_o_no_usado
2016,fbkf_maq_eq,N,80,,361897033.5086414,Encuesta de Actividad Económica 2016/EAE_C8_2016.xls,FBKF_componentes,si,no_mapeado_o_no_usado
2016,fbkf_maq_eq,N,81,,53975362.21113724,Encuesta de Actividad Económica 2016/EAE_C8_2016.xls,FBKF_componentes,si,no_mapeado_o_no_usado
2016,fbkf_maq_eq,N,82,,150797098.6634904,Encuesta de Actividad Económica 2016/EAE_C8_2016.xls,FBKF_componentes,si,no_mapeado_o_no_usado
2016,fbkf_maq_eq,P,85,,194797014.14854044,Encuesta de Actividad Económica 2016/EAE_C8_2016.xls,FBKF_componentes,si,no_mapeado_o_no_usado
2016,fbkf_maq_eq,Q,86,,1243015017.0890458,Encuesta de Actividad Económica 2016/EAE_C8_2016.xls,FBKF_componentes,si,no_mapeado_o_no_usado
2016,fbkf_maq_eq,Q,87,,51340407.228283554,Encuesta de Actividad Económica 2016/EAE_C8_2016.xls,FBKF_componentes,si,no_mapeado_o_no_usado
2016,fbkf_maq_eq,Q,88,,9479845.570384331,Encuesta de Actividad Económica 2016/EAE_C8_2016.xls,FBKF_componentes,si,no_mapeado_o_no_usado
2016,fbkf_maq_eq,R,90,,17771178.258835576,Encuesta de Actividad Económica 2016/EAE_C8_2016.xls,FBKF_componentes,si,no_mapeado_o_no_usado
2016,fbkf_maq_eq,R,92,,369394682.6854621,Encuesta de Actividad Económica 2016/EAE_C8_2016.xls,FBKF_componentes,si,no_mapeado_o_no_usado
2016,fbkf_maq_eq,R,93,,117134754.11190191,Encuesta de Actividad Económica 2016/EAE_C8_2016.xls,FBKF_componentes,si,no_mapeado_o_no_usado
2016,fbkf_maq_eq,S,94,,139800748.31617486,Encuesta de Actividad Económica 2016/EAE_C8_2016.xls,FBKF_componentes,si,no_mapeado_o_no_usado
2016,fbkf_maq_eq,S,95,,3239720.0010951473,Encuesta de Actividad Económica 2016/EAE_C8_2016.xls,FBKF_componentes,si,no_mapeado_o_no_usado
2016,fbkf_maq_eq,S,96,,104156650.8992264,Encuesta de Actividad Económica 2016/EAE_C8_2016.xls,FBKF_componentes,si,no_mapeado_o_no_usado
2017,fbcf,B,08 y 09,,178531834.11999997,Encuesta de Actividad Económica 2017/EAE_C6_2017.xls,FBCF,si,no_mapeado_o_no_usado
2017,adquisiciones_importadas,B,08 y 09,,42292204.33,Encuesta de Actividad Económica 2017/EAE_C6_2017.xls,FBCF,si,no_mapeado_o_no_usado
2017,adquisiciones_origen_importado,B,08 y 09,,35658791.27,Encuesta de Actividad Económica 2017/EAE_C6_2017.xls,FBCF,si,no_mapeado_o_no_usado
2017,fbcf,C,10,10_11_12_alimentos_bebidas_tabaco,4998781868.63,Encuesta de Actividad Económica 2017/EAE_C6_2017.xls,FBCF,si,mapeado
2017,adquisiciones_importadas,C,10,10_11_12_alimentos_bebidas_tabaco,190922643.87,Encuesta de Actividad Económica 2017/EAE_C6_2017.xls,FBCF,si,mapeado
2017,adquisiciones_origen_importado,C,10,10_11_12_alimentos_bebidas_tabaco,916183692.43,Encuesta de Actividad Económica 2017/EAE_C6_2017.xls,FBCF,si,mapeado
2017,fbcf,C,11 y 12,10_11_12_alimentos_bebidas_tabaco,2304726858.05,Encuesta de Actividad Económica 2017/EAE_C6_2017.xls,FBCF,si,mapeado
2017,adquisiciones_importadas,C,11 y 12,10_11_12_alimentos_bebidas_tabaco,83295767.11,Encuesta de Actividad Económica 2017/EAE_C6_2017.xls,FBCF,si,mapeado
2017,adquisiciones_origen_importado,C,11 y 12,10_11_12_alimentos_bebidas_tabaco,460617168.76,Encuesta de Actividad Económica 2017/EAE_C6_2017.xls,FBCF,si,mapeado
2017,fbcf,C,13,13_14_15_textiles_prendas_cuero,160961982.3,Encuesta de Actividad Económica 2017/EAE_C6_2017.xls,FBCF,si,mapeado
2017,adquisiciones_importadas,C,13,13_14_15_textiles_prendas_cuero,6353109.6,Encuesta de Actividad Económica 2017/EAE_C6_2017.xls,FBCF,si,mapeado
2017,adquisiciones_origen_importado,C,13,13_14_15_textiles_prendas_cuero,40742245.57,Encuesta de Actividad Económica 2017/EAE_C6_2017.xls,FBCF,si,mapeado
2017,fbcf,C,14,13_14_15_textiles_prendas_cuero,31525108.520000003,Encuesta de Actividad Económica 2017/EAE_C6_2017.xls,FBCF,si,mapeado
2017,adquisiciones_importadas,C,14,13_14_15_textiles_prendas_cuero,0.0,Encuesta de Actividad Económica 2017/EAE_C6_2017.xls,FBCF,si,mapeado
2017,adquisiciones_origen_importado,C,14,13_14_15_textiles_prendas_cuero,9229416.98,Encuesta de Actividad Económica 2017/EAE_C6_2017.xls,FBCF,si,mapeado
2017,fbcf,C,15,13_14_15_textiles_prendas_cuero,216426137.77,Encuesta de Actividad Económica 2017/EAE_C6_2017.xls,FBCF,si,mapeado
2017,adquisiciones_importadas,C,15,13_14_15_textiles_prendas_cuero,86192564.99,Encuesta de Actividad Económica 2017/EAE_C6_2017.xls,FBCF,si,mapeado
2017,adquisiciones_origen_importado,C,15,13_14_15_textiles_prendas_cuero,10317833.4,Encuesta de Actividad Económica 2017/EAE_C6_2017.xls,FBCF,si,mapeado
2017,fbcf,C,16,16_madera,838909728.34,Encuesta de Actividad Económica 2017/EAE_C6_2017.xls,FBCF,si,mapeado
2017,adquisiciones_importadas,C,16,16_madera,318900475.06,Encuesta de Actividad Económica 2017/EAE_C6_2017.xls,FBCF,si,mapeado
2017,adquisiciones_origen_importado,C,16,16_madera,53580641.56,Encuesta de Actividad Económica 2017/EAE_C6_2017.xls,FBCF,si,mapeado
2017,fbcf,C,17,17_18_papel_impresion,1721240045.1299999,Encuesta de Actividad Económica 2017/EAE_C6_2017.xls,FBCF,si,mapeado
2017,adquisiciones_importadas,C,17,17_18_papel_impresion,211346867.04,Encuesta de Actividad Económica 2017/EAE_C6_2017.xls,FBCF,si,mapeado
2017,adquisiciones_origen_importado,C,17,17_18_papel_impresion,213243984.13,Encuesta de Actividad Económica 2017/EAE_C6_2017.xls,FBCF,si,mapeado
2017,fbcf,C,18,17_18_papel_impresion,210530148.54,Encuesta de Actividad Económica 2017/EAE_C6_2017.xls,FBCF,si,mapeado
2017,adquisiciones_importadas,C,18,17_18_papel_impresion,24497887.26,Encuesta de Actividad Económica 2017/EAE_C6_2017.xls,FBCF,si,mapeado
2017,adquisiciones_origen_importado,C,18,17_18_papel_impresion,27202217.82,Encuesta de Actividad Económica 2017/EAE_C6_2017.xls,FBCF,si,mapeado
2017,fbcf,C,19,19_refinacion,1975356104.0,Encuesta de Actividad Económica 2017/EAE_C6_2017.xls,FBCF,si,mapeado
2017,adquisiciones_importadas,C,19,19_refinacion,0.0,Encuesta de Actividad Económica 2017/EAE_C6_2017.xls,FBCF,si,mapeado
2017,adquisiciones_origen_importado,C,19,19_refinacion,462379039.0,Encuesta de Actividad Económica 2017/EAE_C6_2017.xls,FBCF,si,mapeado
2017,fbcf,C,20,20_21_22_quimicos_farma_caucho_plastico,1108053502.85,Encuesta de Actividad Económica 2017/EAE_C6_2017.xls,FBCF,si,mapeado
2017,adquisiciones_importadas,C,20,20_21_22_quimicos_farma_caucho_plastico,82542278.25,Encuesta de Actividad Económica 2017/EAE_C6_2017.xls,FBCF,si,mapeado
2017,adquisiciones_origen_importado,C,20,20_21_22_quimicos_farma_caucho_plastico,186830813.31,Encuesta de Actividad Económica 2017/EAE_C6_2017.xls,FBCF,si,mapeado
2017,fbcf,C,21,20_21_22_quimicos_farma_caucho_plastico,1194857129.97,Encuesta de Actividad Económica 2017/EAE_C6_2017.xls,FBCF,si,mapeado
2017,adquisiciones_importadas,C,21,20_21_22_quimicos_farma_caucho_plastico,443330259.8,Encuesta de Actividad Económica 2017/EAE_C6_2017.xls,FBCF,si,mapeado
2017,adquisiciones_origen_importado,C,21,20_21_22_quimicos_farma_caucho_plastico,205347606.5,Encuesta de Actividad Económica 2017/EAE_C6_2017.xls,FBCF,si,mapeado
2017,fbcf,C,22,20_21_22_quimicos_farma_caucho_plastico,647465766.17,Encuesta de Actividad Económica 2017/EAE_C6_2017.xls,FBCF,si,mapeado
2017,adquisiciones_importadas,C,22,20_21_22_quimicos_farma_caucho_plastico,205936781.87,Encuesta de Actividad Económica 2017/EAE_C6_2017.xls,FBCF,si,mapeado
2017,adquisiciones_origen_importado,C,22,20_21_22_quimicos_farma_caucho_plastico,127678443.35,Encuesta de Actividad Económica 2017/EAE_C6_2017.xls,FBCF,si,mapeado
2017,fbcf,C,23,23_24_minerales_metales,475464319.82,Encuesta de Actividad Económica 2017/EAE_C6_2017.xls,FBCF,si,mapeado
2017,adquisiciones_importadas,C,23,23_24_minerales_metales,3488791.0,Encuesta de Actividad Económica 2017/EAE_C6_2017.xls,FBCF,si,mapeado
2017,adquisiciones_origen_importado,C,23,23_24_minerales_metales,19391608.14,Encuesta de Actividad Económica 2017/EAE_C6_2017.xls,FBCF,si,mapeado
2017,fbcf,C,24,23_24_minerales_metales,487235185.02,Encuesta de Actividad Económica 2017/EAE_C6_2017.xls,FBCF,si,mapeado
2017,adquisiciones_importadas,C,24,23_24_minerales_metales,6980589.42,Encuesta de Actividad Económica 2017/EAE_C6_2017.xls,FBCF,si,mapeado
2017,adquisiciones_origen_importado,C,24,23_24_minerales_metales,8048825.69,Encuesta de Actividad Económica 2017/EAE_C6_2017.xls,FBCF,si,mapeado
2017,fbcf,C,25,25_26_27_28_33_metal_equipos_reparacion,170573619.92000002,Encuesta de Actividad Económica 2017/EAE_C6_2017.xls,FBCF,si,mapeado
2017,adquisiciones_importadas,C,25,25_26_27_28_33_metal_equipos_reparacion,6961412.31,Encuesta de Actividad Económica 2017/EAE_C6_2017.xls,FBCF,si,mapeado
2017,adquisiciones_origen_importado,C,25,25_26_27_28_33_metal_equipos_reparacion,89163173.48,Encuesta de Actividad Económica 2017/EAE_C6_2017.xls,FBCF,si,mapeado
2017,fbcf,C,26,25_26_27_28_33_metal_equipos_reparacion,18135013.84,Encuesta de Actividad Económica 2017/EAE_C6_2017.xls,FBCF,si,mapeado
2017,adquisiciones_importadas,C,26,25_26_27_28_33_metal_equipos_reparacion,10194945.94,Encuesta de Actividad Económica 2017/EAE_C6_2017.xls,FBCF,si,mapeado
2017,adquisiciones_origen_importado,C,26,25_26_27_28_33_metal_equipos_reparacion,1087424.9,Encuesta de Actividad Económica 2017/EAE_C6_2017.xls,FBCF,si,mapeado
2017,fbcf,C,27,25_26_27_28_33_metal_equipos_reparacion,53543486.16,Encuesta de Actividad Económica 2017/EAE_C6_2017.xls,FBCF,si,mapeado
2017,adquisiciones_importadas,C,27,25_26_27_28_33_metal_equipos_reparacion,0.0,Encuesta de Actividad Económica 2017/EAE_C6_2017.xls,FBCF,si,mapeado
2017,adquisiciones_origen_importado,C,27,25_26_27_28_33_metal_equipos_reparacion,3643856.54,Encuesta de Actividad Económica 2017/EAE_C6_2017.xls,FBCF,si,mapeado
2017,fbcf,C,28,25_26_27_28_33_metal_equipos_reparacion,7126633.02,Encuesta de Actividad Económica 2017/EAE_C6_2017.xls,FBCF,si,mapeado
2017,adquisiciones_importadas,C,28,25_26_27_28_33_metal_equipos_reparacion,0.0,Encuesta de Actividad Económica 2017/EAE_C6_2017.xls,FBCF,si,mapeado
2017,adquisiciones_origen_importado,C,28,25_26_27_28_33_metal_equipos_reparacion,1338359.0,Encuesta de Actividad Económica 2017/EAE_C6_2017.xls,FBCF,si,mapeado
2017,fbcf,C,29 y 30,29_30_vehiculos_transporte,158892927.96,Encuesta de Actividad Económica 2017/EAE_C6_2017.xls,FBCF,si,mapeado
2017,adquisiciones_importadas,C,29 y 30,29_30_vehiculos_transporte,24311426.73,Encuesta de Actividad Económica 2017/EAE_C6_2017.xls,FBCF,si,mapeado
2017,adquisiciones_origen_importado,C,29 y 30,29_30_vehiculos_transporte,12936558.11,Encuesta de Actividad Económica 2017/EAE_C6_2017.xls,FBCF,si,mapeado
2017,fbcf,C,31,31_32_muebles_otras_manufacturas,43919605.279999994,Encuesta de Actividad Económica 2017/EAE_C6_2017.xls,FBCF,si,mapeado
2017,adquisiciones_importadas,C,31,31_32_muebles_otras_manufacturas,0.0,Encuesta de Actividad Económica 2017/EAE_C6_2017.xls,FBCF,si,mapeado
2017,adquisiciones_origen_importado,C,31,31_32_muebles_otras_manufacturas,11699665.87,Encuesta de Actividad Económica 2017/EAE_C6_2017.xls,FBCF,si,mapeado
2017,fbcf,C,32,31_32_muebles_otras_manufacturas,82946319.27,Encuesta de Actividad Económica 2017/EAE_C6_2017.xls,FBCF,si,mapeado
2017,adquisiciones_importadas,C,32,31_32_muebles_otras_manufacturas,11581049.05,Encuesta de Actividad Económica 2017/EAE_C6_2017.xls,FBCF,si,mapeado
2017,adquisiciones_origen_importado,C,32,31_32_muebles_otras_manufacturas,19211738.13,Encuesta de Actividad Económica 2017/EAE_C6_2017.xls,FBCF,si,mapeado
2017,fbcf,C,33,25_26_27_28_33_metal_equipos_reparacion,129568470.42,Encuesta de Actividad Económica 2017/EAE_C6_2017.xls,FBCF,si,mapeado
2017,adquisiciones_importadas,C,33,25_26_27_28_33_metal_equipos_reparacion,9466553.0,Encuesta de Actividad Económica 2017/EAE_C6_2017.xls,FBCF,si,mapeado
2017,adquisiciones_origen_importado,C,33,25_26_27_28_33_metal_equipos_reparacion,17278295.39,Encuesta de Actividad Económica 2017/EAE_C6_2017.xls,FBCF,si,mapeado
2017,fbcf,D,35,,13970018058.31,Encuesta de Actividad Económica 2017/EAE_C6_2017.xls,FBCF,si,no_mapeado_o_no_usado
2017,adquisiciones_importadas,D,35,,10846708.0,Encuesta de Actividad Económica 2017/EAE_C6_2017.xls,FBCF,si,no_mapeado_o_no_usado
2017,adquisiciones_origen_importado,D,35,,4684658.48,Encuesta de Actividad Económica 2017/EAE_C6_2017.xls,FBCF,si,no_mapeado_o_no_usado
2017,fbcf,E,"36, 37 y 38",,3310516527.7999997,Encuesta de Actividad Económica 2017/EAE_C6_2017.xls,FBCF,si,no_mapeado_o_no_usado
2017,adquisiciones_importadas,E,"36, 37 y 38",,0.0,Encuesta de Actividad Económica 2017/EAE_C6_2017.xls,FBCF,si,no_mapeado_o_no_usado
2017,adquisiciones_origen_importado,E,"36, 37 y 38",,29681220.0,Encuesta de Actividad Económica 2017/EAE_C6_2017.xls,FBCF,si,no_mapeado_o_no_usado
2017,fbcf,G,45,,1015587725.3199999,Encuesta de Actividad Económica 2017/EAE_C6_2017.xls,FBCF,si,no_mapeado_o_no_usado
2017,adquisiciones_importadas,G,45,,71472782.58,Encuesta de Actividad Económica 2017/EAE_C6_2017.xls,FBCF,si,no_mapeado_o_no_usado
2017,adquisiciones_origen_importado,G,45,,203392917.32,Encuesta de Actividad Económica 2017/EAE_C6_2017.xls,FBCF,si,no_mapeado_o_no_usado
2017,fbcf,G,46,,8085274574.699999,Encuesta de Actividad Económica 2017/EAE_C6_2017.xls,FBCF,si,no_mapeado_o_no_usado
2017,adquisiciones_importadas,G,46,,1554885249.74,Encuesta de Actividad Económica 2017/EAE_C6_2017.xls,FBCF,si,no_mapeado_o_no_usado
2017,adquisiciones_origen_importado,G,46,,1051010009.0,Encuesta de Actividad Económica 2017/EAE_C6_2017.xls,FBCF,si,no_mapeado_o_no_usado
2017,fbcf,G,47,,4517128198.46,Encuesta de Actividad Económica 2017/EAE_C6_2017.xls,FBCF,si,no_mapeado_o_no_usado
2017,adquisiciones_importadas,G,47,,9907161.64,Encuesta de Actividad Económica 2017/EAE_C6_2017.xls,FBCF,si,no_mapeado_o_no_usado
2017,adquisiciones_origen_importado,G,47,,353647151.76,Encuesta de Actividad Económica 2017/EAE_C6_2017.xls,FBCF,si,no_mapeado_o_no_usado
2017,fbcf,H,49,,4578818750.63,Encuesta de Actividad Económica 2017/EAE_C6_2017.xls,FBCF,si,no_mapeado_o_no_usado
2017,adquisiciones_importadas,H,49,,121436730.08,Encuesta de Actividad Económica 2017/EAE_C6_2017.xls,FBCF,si,no_mapeado_o_no_usado
2017,adquisiciones_origen_importado,H,49,,1153695041.84,Encuesta de Actividad Económica 2017/EAE_C6_2017.xls,FBCF,si,no_mapeado_o_no_usado
2017,fbcf,H,50,,90648345.07,Encuesta de Actividad Económica 2017/EAE_C6_2017.xls,FBCF,si,no_mapeado_o_no_usado
2017,adquisiciones_importadas,H,50,,134807.0,Encuesta de Actividad Económica 2017/EAE_C6_2017.xls,FBCF,si,no_mapeado_o_no_usado
2017,adquisiciones_origen_importado,H,50,,2070103.77,Encuesta de Actividad Económica 2017/EAE_C6_2017.xls,FBCF,si,no_mapeado_o_no_usado
2017,fbcf,H,51,,23341787.569999997,Encuesta de Actividad Económica 2017/EAE_C6_2017.xls,FBCF,si,no_mapeado_o_no_usado
2017,adquisiciones_importadas,H,51,,20711293.22,Encuesta de Actividad Económica 2017/EAE_C6_2017.xls,FBCF,si,no_mapeado_o_no_usado
2017,adquisiciones_origen_importado,H,51,,371.4,Encuesta de Actividad Económica 2017/EAE_C6_2017.xls,FBCF,si,no_mapeado_o_no_usado
2017,fbcf,H,52,,3964358391.38,Encuesta de Actividad Económica 2017/EAE_C6_2017.xls,FBCF,si,no_mapeado_o_no_usado
2017,adquisiciones_importadas,H,52,,201549341.83,Encuesta de Actividad Económica 2017/EAE_C6_2017.xls,FBCF,si,no_mapeado_o_no_usado
2017,adquisiciones_origen_importado,H,52,,1842992877.43,Encuesta de Actividad Económica 2017/EAE_C6_2017.xls,FBCF,si,no_mapeado_o_no_usado
2017,fbcf,H,53,,322822890.63,Encuesta de Actividad Económica 2017/EAE_C6_2017.xls,FBCF,si,no_mapeado_o_no_usado
2017,adquisiciones_importadas,H,53,,0.0,Encuesta de Actividad Económica 2017/EAE_C6_2017.xls,FBCF,si,no_mapeado_o_no_usado
2017,adquisiciones_origen_importado,H,53,,35058056.71,Encuesta de Actividad Económica 2017/EAE_C6_2017.xls,FBCF,si,no_mapeado_o_no_usado
2017,fbcf,I,55,,737212899.9100001,Encuesta de Actividad Económica 2017/EAE_C6_2017.xls,FBCF,si,no_mapeado_o_no_usado
2017,adquisiciones_importadas,I,55,,155409067.62,Encuesta de Actividad Económica 2017/EAE_C6_2017.xls,FBCF,si,no_mapeado_o_no_usado
2017,adquisiciones_origen_importado,I,55,,11446673.44,Encuesta de Actividad Económica 2017/EAE_C6_2017.xls,FBCF,si,no_mapeado_o_no_usado
2017,fbcf,I,56,,573954351.1300001,Encuesta de Actividad Económica 2017/EAE_C6_2017.xls,FBCF,si,no_mapeado_o_no_usado
2017,adquisiciones_importadas,I,56,,0.0,Encuesta de Actividad Económica 2017/EAE_C6_2017.xls,FBCF,si,no_mapeado_o_no_usado
2017,adquisiciones_origen_importado,I,56,,7451897.71,Encuesta de Actividad Económica 2017/EAE_C6_2017.xls,FBCF,si,no_mapeado_o_no_usado
2017,fbcf,J,58,,17386494.19,Encuesta de Actividad Económica 2017/EAE_C6_2017.xls,FBCF,si,no_mapeado_o_no_usado
2017,adquisiciones_importadas,J,58,,0.0,Encuesta de Actividad Económica 2017/EAE_C6_2017.xls,FBCF,si,no_mapeado_o_no_usado
2017,adquisiciones_origen_importado,J,58,,1474297.35,Encuesta de Actividad Económica 2017/EAE_C6_2017.xls,FBCF,si,no_mapeado_o_no_usado
2017,fbcf,J,59,,143924560.08,Encuesta de Actividad Económica 2017/EAE_C6_2017.xls,FBCF,si,no_mapeado_o_no_usado
2017,adquisiciones_importadas,J,59,,0.0,Encuesta de Actividad Económica 2017/EAE_C6_2017.xls,FBCF,si,no_mapeado_o_no_usado
2017,adquisiciones_origen_importado,J,59,,2592203.15,Encuesta de Actividad Económica 2017/EAE_C6_2017.xls,FBCF,si,no_mapeado_o_no_usado
2017,fbcf,J,60,,172356826.70000002,Encuesta de Actividad Económica 2017/EAE_C6_2017.xls,FBCF,si,no_mapeado_o_no_usado
2017,adquisiciones_importadas,J,60,,365808.08,Encuesta de Actividad Económica 2017/EAE_C6_2017.xls,FBCF,si,no_mapeado_o_no_usado
2017,adquisiciones_origen_importado,J,60,,73056634.8,Encuesta de Actividad Económica 2017/EAE_C6_2017.xls,FBCF,si,no_mapeado_o_no_usado
2017,fbcf,J,61,,16834762120.75,Encuesta de Actividad Económica 2017/EAE_C6_2017.xls,FBCF,si,no_mapeado_o_no_usado
2017,adquisiciones_importadas,J,61,,5152708395.0,Encuesta de Actividad Económica 2017/EAE_C6_2017.xls,FBCF,si,no_mapeado_o_no_usado
2017,adquisiciones_origen_importado,J,61,,5924795965.99,Encuesta de Actividad Económica 2017/EAE_C6_2017.xls,FBCF,si,no_mapeado_o_no_usado
2017,fbcf,J,62,,570710239.0,Encuesta de Actividad Económica 2017/EAE_C6_2017.xls,FBCF,si,no_mapeado_o_no_usado
2017,adquisiciones_importadas,J,62,,104459350.49,Encuesta de Actividad Económica 2017/EAE_C6_2017.xls,FBCF,si,no_mapeado_o_no_usado
2017,adquisiciones_origen_importado,J,62,,205564882.71,Encuesta de Actividad Económica 2017/EAE_C6_2017.xls,FBCF,si,no_mapeado_o_no_usado
2017,fbcf,J,63,,78927043.83,Encuesta de Actividad Económica 2017/EAE_C6_2017.xls,FBCF,si,no_mapeado_o_no_usado
2017,adquisiciones_importadas,J,63,,0.0,Encuesta de Actividad Económica 2017/EAE_C6_2017.xls,FBCF,si,no_mapeado_o_no_usado
2017,adquisiciones_origen_importado,J,63,,0.0,Encuesta de Actividad Económica 2017/EAE_C6_2017.xls,FBCF,si,no_mapeado_o_no_usado
2017,fbcf,K,64,,364351115.31,Encuesta de Actividad Económica 2017/EAE_C6_2017.xls,FBCF,si,no_mapeado_o_no_usado
2017,adquisiciones_importadas,K,64,,3680296.0,Encuesta de Actividad Económica 2017/EAE_C6_2017.xls,FBCF,si,no_mapeado_o_no_usado
2017,adquisiciones_origen_importado,K,64,,7101309.0,Encuesta de Actividad Económica 2017/EAE_C6_2017.xls,FBCF,si,no_mapeado_o_no_usado
2017,fbcf,K,66,,267750754.02,Encuesta de Actividad Económica 2017/EAE_C6_2017.xls,FBCF,si,no_mapeado_o_no_usado
2017,adquisiciones_importadas,K,66,,90312.0,Encuesta de Actividad Económica 2017/EAE_C6_2017.xls,FBCF,si,no_mapeado_o_no_usado
2017,adquisiciones_origen_importado,K,66,,27940502.75,Encuesta de Actividad Económica 2017/EAE_C6_2017.xls,FBCF,si,no_mapeado_o_no_usado
2017,fbcf,J,68,,8131725770.11,Encuesta de Actividad Económica 2017/EAE_C6_2017.xls,FBCF,si,no_mapeado_o_no_usado
2017,adquisiciones_importadas,J,68,,84587213.0,Encuesta de Actividad Económica 2017/EAE_C6_2017.xls,FBCF,si,no_mapeado_o_no_usado
2017,adquisiciones_origen_importado,J,68,,39701214.38,Encuesta de Actividad Económica 2017/EAE_C6_2017.xls,FBCF,si,no_mapeado_o_no_usado
2017,fbcf,M,69,,124441654.97999999,Encuesta de Actividad Económica 2017/EAE_C6_2017.xls,FBCF,si,no_mapeado_o_no_usado
2017,adquisiciones_importadas,M,69,,475024.48,Encuesta de Actividad Económica 2017/EAE_C6_2017.xls,FBCF,si,no_mapeado_o_no_usado
2017,adquisiciones_origen_importado,M,69,,16970171.54,Encuesta de Actividad Económica 2017/EAE_C6_2017.xls,FBCF,si,no_mapeado_o_no_usado
2017,fbcf,M,70,,45082843.32000001,Encuesta de Actividad Económica 2017/EAE_C6_2017.xls,FBCF,si,no_mapeado_o_no_usado
2017,adquisiciones_importadas,M,70,,0.0,Encuesta de Actividad Económica 2017/EAE_C6_2017.xls,FBCF,si,no_mapeado_o_no_usado
2017,adquisiciones_origen_importado,M,70,,15240275.89,Encuesta de Actividad Económica 2017/EAE_C6_2017.xls,FBCF,si,no_mapeado_o_no_usado
2017,fbcf,M,71,,163153581.35999998,Encuesta de Actividad Económica 2017/EAE_C6_2017.xls,FBCF,si,no_mapeado_o_no_usado
2017,adquisiciones_importadas,M,71,,18789535.78,Encuesta de Actividad Económica 2017/EAE_C6_2017.xls,FBCF,si,no_mapeado_o_no_usado
2017,adquisiciones_origen_importado,M,71,,36161838.98,Encuesta de Actividad Económica 2017/EAE_C6_2017.xls,FBCF,si,no_mapeado_o_no_usado
2017,fbcf,M,72,,30718545.83,Encuesta de Actividad Económica 2017/EAE_C6_2017.xls,FBCF,si,no_mapeado_o_no_usado
2017,adquisiciones_importadas,M,72,,0.0,Encuesta de Actividad Económica 2017/EAE_C6_2017.xls,FBCF,si,no_mapeado_o_no_usado
2017,adquisiciones_origen_importado,M,72,,5276373.68,Encuesta de Actividad Económica 2017/EAE_C6_2017.xls,FBCF,si,no_mapeado_o_no_usado
2017,fbcf,M,73,,433721591.89000005,Encuesta de Actividad Económica 2017/EAE_C6_2017.xls,FBCF,si,no_mapeado_o_no_usado
2017,adquisiciones_importadas,M,73,,694012.8,Encuesta de Actividad Económica 2017/EAE_C6_2017.xls,FBCF,si,no_mapeado_o_no_usado
2017,adquisiciones_origen_importado,M,73,,280155083.93,Encuesta de Actividad Económica 2017/EAE_C6_2017.xls,FBCF,si,no_mapeado_o_no_usado
2017,fbcf,M,74,,75086334.87,Encuesta de Actividad Económica 2017/EAE_C6_2017.xls,FBCF,si,no_mapeado_o_no_usado
2017,adquisiciones_importadas,M,74,,0.0,Encuesta de Actividad Económica 2017/EAE_C6_2017.xls,FBCF,si,no_mapeado_o_no_usado
2017,adquisiciones_origen_importado,M,74,,6581614.5,Encuesta de Actividad Económica 2017/EAE_C6_2017.xls,FBCF,si,no_mapeado_o_no_usado
2017,fbcf,M,75,,-373837.99,Encuesta de Actividad Económica 2017/EAE_C6_2017.xls,FBCF,si,no_mapeado_o_no_usado
2017,adquisiciones_importadas,M,75,,0.0,Encuesta de Actividad Económica 2017/EAE_C6_2017.xls,FBCF,si,no_mapeado_o_no_usado
2017,adquisiciones_origen_importado,M,75,,0.0,Encuesta de Actividad Económica 2017/EAE_C6_2017.xls,FBCF,si,no_mapeado_o_no_usado
2017,fbcf,N,77,,1645787570.9299998,Encuesta de Actividad Económica 2017/EAE_C6_2017.xls,FBCF,si,no_mapeado_o_no_usado
2017,adquisiciones_importadas,N,77,,680549275.04,Encuesta de Actividad Económica 2017/EAE_C6_2017.xls,FBCF,si,no_mapeado_o_no_usado
2017,adquisiciones_origen_importado,N,77,,868713338.83,Encuesta de Actividad Económica 2017/EAE_C6_2017.xls,FBCF,si,no_mapeado_o_no_usado
2017,fbcf,N,78,,38351526.50000001,Encuesta de Actividad Económica 2017/EAE_C6_2017.xls,FBCF,si,no_mapeado_o_no_usado
2017,adquisiciones_importadas,N,78,,0.0,Encuesta de Actividad Económica 2017/EAE_C6_2017.xls,FBCF,si,no_mapeado_o_no_usado
2017,adquisiciones_origen_importado,N,78,,11927748.49,Encuesta de Actividad Económica 2017/EAE_C6_2017.xls,FBCF,si,no_mapeado_o_no_usado
2017,fbcf,N,79,,177328594.97,Encuesta de Actividad Económica 2017/EAE_C6_2017.xls,FBCF,si,no_mapeado_o_no_usado
2017,adquisiciones_importadas,N,79,,142770246.0,Encuesta de Actividad Económica 2017/EAE_C6_2017.xls,FBCF,si,no_mapeado_o_no_usado
2017,adquisiciones_origen_importado,N,79,,8931720.92,Encuesta de Actividad Económica 2017/EAE_C6_2017.xls,FBCF,si,no_mapeado_o_no_usado
2017,fbcf,N,80,,389239136.15,Encuesta de Actividad Económica 2017/EAE_C6_2017.xls,FBCF,si,no_mapeado_o_no_usado
2017,adquisiciones_importadas,N,80,,29816231.51,Encuesta de Actividad Económica 2017/EAE_C6_2017.xls,FBCF,si,no_mapeado_o_no_usado
2017,adquisiciones_origen_importado,N,80,,61322711.42,Encuesta de Actividad Económica 2017/EAE_C6_2017.xls,FBCF,si,no_mapeado_o_no_usado
2017,fbcf,N,81,,71822445.45,Encuesta de Actividad Económica 2017/EAE_C6_2017.xls,FBCF,si,no_mapeado_o_no_usado
2017,adquisiciones_importadas,N,81,,0.0,Encuesta de Actividad Económica 2017/EAE_C6_2017.xls,FBCF,si,no_mapeado_o_no_usado
2017,adquisiciones_origen_importado,N,81,,11182248.65,Encuesta de Actividad Económica 2017/EAE_C6_2017.xls,FBCF,si,no_mapeado_o_no_usado
2017,fbcf,N,82,,525301817.13000005,Encuesta de Actividad Económica 2017/EAE_C6_2017.xls,FBCF,si,no_mapeado_o_no_usado
2017,adquisiciones_importadas,N,82,,126152231.0,Encuesta de Actividad Económica 2017/EAE_C6_2017.xls,FBCF,si,no_mapeado_o_no_usado
2017,adquisiciones_origen_importado,N,82,,77447623.35,Encuesta de Actividad Económica 2017/EAE_C6_2017.xls,FBCF,si,no_mapeado_o_no_usado
2017,fbcf,P,85,,1488653768.45,Encuesta de Actividad Económica 2017/EAE_C6_2017.xls,FBCF,si,no_mapeado_o_no_usado
2017,adquisiciones_importadas,P,85,,13696922.95,Encuesta de Actividad Económica 2017/EAE_C6_2017.xls,FBCF,si,no_mapeado_o_no_usado
2017,adquisiciones_origen_importado,P,85,,32792315.43,Encuesta de Actividad Económica 2017/EAE_C6_2017.xls,FBCF,si,no_mapeado_o_no_usado
2017,fbcf,Q,86,,3692646325.46,Encuesta de Actividad Económica 2017/EAE_C6_2017.xls,FBCF,si,no_mapeado_o_no_usado
2017,adquisiciones_importadas,Q,86,,203132.49,Encuesta de Actividad Económica 2017/EAE_C6_2017.xls,FBCF,si,no_mapeado_o_no_usado
2017,adquisiciones_origen_importado,Q,86,,211816118.86,Encuesta de Actividad Económica 2017/EAE_C6_2017.xls,FBCF,si,no_mapeado_o_no_usado
2017,fbcf,Q,87,,51956395.489999995,Encuesta de Actividad Económica 2017/EAE_C6_2017.xls,FBCF,si,no_mapeado_o_no_usado
2017,adquisiciones_importadas,Q,87,,0.0,Encuesta de Actividad Económica 2017/EAE_C6_2017.xls,FBCF,si,no_mapeado_o_no_usado
2017,adquisiciones_origen_importado,Q,87,,5299414.15,Encuesta de Actividad Económica 2017/EAE_C6_2017.xls,FBCF,si,no_mapeado_o_no_usado
2017,fbcf,Q,88,,57978816.6,Encuesta de Actividad Económica 2017/EAE_C6_2017.xls,FBCF,si,no_mapeado_o_no_usado
2017,adquisiciones_importadas,Q,88,,0.0,Encuesta de Actividad Económica 2017/EAE_C6_2017.xls,FBCF,si,no_mapeado_o_no_usado
2017,adquisiciones_origen_importado,Q,88,,1171952.61,Encuesta de Actividad Económica 2017/EAE_C6_2017.xls,FBCF,si,no_mapeado_o_no_usado
2017,fbcf,R,90,,6790848.07,Encuesta de Actividad Económica 2017/EAE_C6_2017.xls,FBCF,si,no_mapeado_o_no_usado
2017,adquisiciones_importadas,R,90,,0.0,Encuesta de Actividad Económica 2017/EAE_C6_2017.xls,FBCF,si,no_mapeado_o_no_usado
2017,adquisiciones_origen_importado,R,90,,0.0,Encuesta de Actividad Económica 2017/EAE_C6_2017.xls,FBCF,si,no_mapeado_o_no_usado
2017,fbcf,R,92,,331088163.16,Encuesta de Actividad Económica 2017/EAE_C6_2017.xls,FBCF,si,no_mapeado_o_no_usado
2017,adquisiciones_importadas,R,92,,7123127.0,Encuesta de Actividad Económica 2017/EAE_C6_2017.xls,FBCF,si,no_mapeado_o_no_usado
2017,adquisiciones_origen_importado,R,92,,12594135.48,Encuesta de Actividad Económica 2017/EAE_C6_2017.xls,FBCF,si,no_mapeado_o_no_usado
2017,fbcf,R,93,,869920385.22,Encuesta de Actividad Económica 2017/EAE_C6_2017.xls,FBCF,si,no_mapeado_o_no_usado
2017,adquisiciones_importadas,R,93,,17065269.0,Encuesta de Actividad Económica 2017/EAE_C6_2017.xls,FBCF,si,no_mapeado_o_no_usado
2017,adquisiciones_origen_importado,R,93,,32411278.23,Encuesta de Actividad Económica 2017/EAE_C6_2017.xls,FBCF,si,no_mapeado_o_no_usado
2017,fbcf,S,94,,213833907.79000002,Encuesta de Actividad Económica 2017/EAE_C6_2017.xls,FBCF,si,no_mapeado_o_no_usado
2017,adquisiciones_importadas,S,94,,0.0,Encuesta de Actividad Económica 2017/EAE_C6_2017.xls,FBCF,si,no_mapeado_o_no_usado
2017,adquisiciones_origen_importado,S,94,,4858300.59,Encuesta de Actividad Económica 2017/EAE_C6_2017.xls,FBCF,si,no_mapeado_o_no_usado
2017,fbcf,S,95,,20845632.05,Encuesta de Actividad Económica 2017/EAE_C6_2017.xls,FBCF,si,no_mapeado_o_no_usado
2017,adquisiciones_importadas,S,95,,0.0,Encuesta de Actividad Económica 2017/EAE_C6_2017.xls,FBCF,si,no_mapeado_o_no_usado
2017,adquisiciones_origen_importado,S,95,,5756508.58,Encuesta de Actividad Económica 2017/EAE_C6_2017.xls,FBCF,si,no_mapeado_o_no_usado
2017,fbcf,S,96,,136763534.31,Encuesta de Actividad Económica 2017/EAE_C6_2017.xls,FBCF,si,no_mapeado_o_no_usado
2017,adquisiciones_importadas,S,96,,0.0,Encuesta de Actividad Económica 2017/EAE_C6_2017.xls,FBCF,si,no_mapeado_o_no_usado
2017,adquisiciones_origen_importado,S,96,,10412856.8,Encuesta de Actividad Económica 2017/EAE_C6_2017.xls,FBCF,si,no_mapeado_o_no_usado
2017,fbkf_maq_eq,B,08 y 09,,178390754.61,Encuesta de Actividad Económica 2017/EAE_C8_2017.xls,FBKF_componentes,si,no_mapeado_o_no_usado
2017,fbkf_maq_eq,C,10,10_11_12_alimentos_bebidas_tabaco,2441016720.9,Encuesta de Actividad Económica 2017/EAE_C8_2017.xls,FBKF_componentes,si,mapeado
2017,fbkf_maq_eq,C,11 y 12,10_11_12_alimentos_bebidas_tabaco,1361867421.75,Encuesta de Actividad Económica 2017/EAE_C8_2017.xls,FBKF_componentes,si,mapeado
2017,fbkf_maq_eq,C,13,13_14_15_textiles_prendas_cuero,101679271.34,Encuesta de Actividad Económica 2017/EAE_C8_2017.xls,FBKF_componentes,si,mapeado
2017,fbkf_maq_eq,C,14,13_14_15_textiles_prendas_cuero,17127065.01,Encuesta de Actividad Económica 2017/EAE_C8_2017.xls,FBKF_componentes,si,mapeado
2017,fbkf_maq_eq,C,15,13_14_15_textiles_prendas_cuero,184924239.28,Encuesta de Actividad Económica 2017/EAE_C8_2017.xls,FBKF_componentes,si,mapeado
2017,fbkf_maq_eq,C,16,16_madera,536091123.53,Encuesta de Actividad Económica 2017/EAE_C8_2017.xls,FBKF_componentes,si,mapeado
2017,fbkf_maq_eq,C,17,17_18_papel_impresion,812256698.83,Encuesta de Actividad Económica 2017/EAE_C8_2017.xls,FBKF_componentes,si,mapeado
2017,fbkf_maq_eq,C,18,17_18_papel_impresion,77067558.29,Encuesta de Actividad Económica 2017/EAE_C8_2017.xls,FBKF_componentes,si,mapeado
2017,fbkf_maq_eq,C,19,19_refinacion,531371259.0,Encuesta de Actividad Económica 2017/EAE_C8_2017.xls,FBKF_componentes,si,mapeado
2017,fbkf_maq_eq,C,20,20_21_22_quimicos_farma_caucho_plastico,566676271.68,Encuesta de Actividad Económica 2017/EAE_C8_2017.xls,FBKF_componentes,si,mapeado
2017,fbkf_maq_eq,C,21,20_21_22_quimicos_farma_caucho_plastico,539696886.2,Encuesta de Actividad Económica 2017/EAE_C8_2017.xls,FBKF_componentes,si,mapeado
2017,fbkf_maq_eq,C,22,20_21_22_quimicos_farma_caucho_plastico,377074521.27,Encuesta de Actividad Económica 2017/EAE_C8_2017.xls,FBKF_componentes,si,mapeado
2017,fbkf_maq_eq,C,23,23_24_minerales_metales,227557635.54,Encuesta de Actividad Económica 2017/EAE_C8_2017.xls,FBKF_componentes,si,mapeado
2017,fbkf_maq_eq,C,24,23_24_minerales_metales,263720453.56,Encuesta de Actividad Económica 2017/EAE_C8_2017.xls,FBKF_componentes,si,mapeado
2017,fbkf_maq_eq,C,25,25_26_27_28_33_metal_equipos_reparacion,154772073.86,Encuesta de Actividad Económica 2017/EAE_C8_2017.xls,FBKF_componentes,si,mapeado
2017,fbkf_maq_eq,C,26,25_26_27_28_33_metal_equipos_reparacion,13337637.04,Encuesta de Actividad Económica 2017/EAE_C8_2017.xls,FBKF_componentes,si,mapeado
2017,fbkf_maq_eq,C,27,25_26_27_28_33_metal_equipos_reparacion,29051953.32,Encuesta de Actividad Económica 2017/EAE_C8_2017.xls,FBKF_componentes,si,mapeado
2017,fbkf_maq_eq,C,28,25_26_27_28_33_metal_equipos_reparacion,3360678.36,Encuesta de Actividad Económica 2017/EAE_C8_2017.xls,FBKF_componentes,si,mapeado
2017,fbkf_maq_eq,C,29 y 30,29_30_vehiculos_transporte,106678981.14,Encuesta de Actividad Económica 2017/EAE_C8_2017.xls,FBKF_componentes,si,mapeado
2017,fbkf_maq_eq,C,31,31_32_muebles_otras_manufacturas,43101424.29,Encuesta de Actividad Económica 2017/EAE_C8_2017.xls,FBKF_componentes,si,mapeado
2017,fbkf_maq_eq,C,32,31_32_muebles_otras_manufacturas,23516041.66,Encuesta de Actividad Económica 2017/EAE_C8_2017.xls,FBKF_componentes,si,mapeado
2017,fbkf_maq_eq,C,33,25_26_27_28_33_metal_equipos_reparacion,69091563.07,Encuesta de Actividad Económica 2017/EAE_C8_2017.xls,FBKF_componentes,si,mapeado
2017,fbkf_maq_eq,D,35,,8353405823.3,Encuesta de Actividad Económica 2017/EAE_C8_2017.xls,FBKF_componentes,si,no_mapeado_o_no_usado
2017,fbkf_maq_eq,E,"36, 37 y 38",,238720703.85,Encuesta de Actividad Económica 2017/EAE_C8_2017.xls,FBKF_componentes,si,no_mapeado_o_no_usado
2017,fbkf_maq_eq,G,45,,345342921.37,Encuesta de Actividad Económica 2017/EAE_C8_2017.xls,FBKF_componentes,si,no_mapeado_o_no_usado
2017,fbkf_maq_eq,G,46,,2445062851.29,Encuesta de Actividad Económica 2017/EAE_C8_2017.xls,FBKF_componentes,si,no_mapeado_o_no_usado
2017,fbkf_maq_eq,G,47,,2284261000.27,Encuesta de Actividad Económica 2017/EAE_C8_2017.xls,FBKF_componentes,si,no_mapeado_o_no_usado
2017,fbkf_maq_eq,H,49,,4404095187.58,Encuesta de Actividad Económica 2017/EAE_C8_2017.xls,FBKF_componentes,si,no_mapeado_o_no_usado
2017,fbkf_maq_eq,H,50,,128192948.07,Encuesta de Actividad Económica 2017/EAE_C8_2017.xls,FBKF_componentes,si,no_mapeado_o_no_usado
2017,fbkf_maq_eq,H,51,,21441334.19,Encuesta de Actividad Económica 2017/EAE_C8_2017.xls,FBKF_componentes,si,no_mapeado_o_no_usado
2017,fbkf_maq_eq,H,52,,971503470.1,Encuesta de Actividad Económica 2017/EAE_C8_2017.xls,FBKF_componentes,si,no_mapeado_o_no_usado
2017,fbkf_maq_eq,H,53,,76698520.32,Encuesta de Actividad Económica 2017/EAE_C8_2017.xls,FBKF_componentes,si,no_mapeado_o_no_usado
2017,fbkf_maq_eq,I,55,,379992966.68,Encuesta de Actividad Económica 2017/EAE_C8_2017.xls,FBKF_componentes,si,no_mapeado_o_no_usado
2017,fbkf_maq_eq,I,56,,344945914.8,Encuesta de Actividad Económica 2017/EAE_C8_2017.xls,FBKF_componentes,si,no_mapeado_o_no_usado
2017,fbkf_maq_eq,J,58,,10545623.57,Encuesta de Actividad Económica 2017/EAE_C8_2017.xls,FBKF_componentes,si,no_mapeado_o_no_usado
2017,fbkf_maq_eq,J,59,,101509670.31,Encuesta de Actividad Económica 2017/EAE_C8_2017.xls,FBKF_componentes,si,no_mapeado_o_no_usado
2017,fbkf_maq_eq,J,60,,101070039.6,Encuesta de Actividad Económica 2017/EAE_C8_2017.xls,FBKF_componentes,si,no_mapeado_o_no_usado
2017,fbkf_maq_eq,J,61,,10921570967.12,Encuesta de Actividad Económica 2017/EAE_C8_2017.xls,FBKF_componentes,si,no_mapeado_o_no_usado
2017,fbkf_maq_eq,J,62,,299214750.22,Encuesta de Actividad Económica 2017/EAE_C8_2017.xls,FBKF_componentes,si,no_mapeado_o_no_usado
2017,fbkf_maq_eq,J,63,,47303536.23,Encuesta de Actividad Económica 2017/EAE_C8_2017.xls,FBKF_componentes,si,no_mapeado_o_no_usado
2017,fbkf_maq_eq,K,64,,113316902.52,Encuesta de Actividad Económica 2017/EAE_C8_2017.xls,FBKF_componentes,si,no_mapeado_o_no_usado
2017,fbkf_maq_eq,K,66,,106526963.57,Encuesta de Actividad Económica 2017/EAE_C8_2017.xls,FBKF_componentes,si,no_mapeado_o_no_usado
2017,fbkf_maq_eq,J,68,,289803455.93,Encuesta de Actividad Económica 2017/EAE_C8_2017.xls,FBKF_componentes,si,no_mapeado_o_no_usado
2017,fbkf_maq_eq,M,69,,55057014.95,Encuesta de Actividad Económica 2017/EAE_C8_2017.xls,FBKF_componentes,si,no_mapeado_o_no_usado
2017,fbkf_maq_eq,M,70,,28637658.68,Encuesta de Actividad Económica 2017/EAE_C8_2017.xls,FBKF_componentes,si,no_mapeado_o_no_usado
2017,fbkf_maq_eq,M,71,,-75614931.83,Encuesta de Actividad Económica 2017/EAE_C8_2017.xls,FBKF_componentes,si,no_mapeado_o_no_usado
2017,fbkf_maq_eq,M,72,,21469201.66,Encuesta de Actividad Económica 2017/EAE_C8_2017.xls,FBKF_componentes,si,no_mapeado_o_no_usado
2017,fbkf_maq_eq,M,73,,61441124.73,Encuesta de Actividad Económica 2017/EAE_C8_2017.xls,FBKF_componentes,si,no_mapeado_o_no_usado
2017,fbkf_maq_eq,M,74,,12202319.42,Encuesta de Actividad Económica 2017/EAE_C8_2017.xls,FBKF_componentes,si,no_mapeado_o_no_usado
2017,fbkf_maq_eq,M,75,,404019.19,Encuesta de Actividad Económica 2017/EAE_C8_2017.xls,FBKF_componentes,si,no_mapeado_o_no_usado
2017,fbkf_maq_eq,N,77,,1531331747.0,Encuesta de Actividad Económica 2017/EAE_C8_2017.xls,FBKF_componentes,si,no_mapeado_o_no_usado
2017,fbkf_maq_eq,N,78,,26797620.0,Encuesta de Actividad Económica 2017/EAE_C8_2017.xls,FBKF_componentes,si,no_mapeado_o_no_usado
2017,fbkf_maq_eq,N,79,,31870417.05,Encuesta de Actividad Económica 2017/EAE_C8_2017.xls,FBKF_componentes,si,no_mapeado_o_no_usado
2017,fbkf_maq_eq,N,80,,279688360.33,Encuesta de Actividad Económica 2017/EAE_C8_2017.xls,FBKF_componentes,si,no_mapeado_o_no_usado
2017,fbkf_maq_eq,N,81,,62180432.62,Encuesta de Actividad Económica 2017/EAE_C8_2017.xls,FBKF_componentes,si,no_mapeado_o_no_usado
2017,fbkf_maq_eq,N,82,,223299536.69,Encuesta de Actividad Económica 2017/EAE_C8_2017.xls,FBKF_componentes,si,no_mapeado_o_no_usado
2017,fbkf_maq_eq,P,85,,183173155.37,Encuesta de Actividad Económica 2017/EAE_C8_2017.xls,FBKF_componentes,si,no_mapeado_o_no_usado
2017,fbkf_maq_eq,Q,86,,1152914507.92,Encuesta de Actividad Económica 2017/EAE_C8_2017.xls,FBKF_componentes,si,no_mapeado_o_no_usado
2017,fbkf_maq_eq,Q,87,,18919356.16,Encuesta de Actividad Económica 2017/EAE_C8_2017.xls,FBKF_componentes,si,no_mapeado_o_no_usado
2017,fbkf_maq_eq,Q,88,,10828334.11,Encuesta de Actividad Económica 2017/EAE_C8_2017.xls,FBKF_componentes,si,no_mapeado_o_no_usado
2017,fbkf_maq_eq,R,90,,6386333.23,Encuesta de Actividad Económica 2017/EAE_C8_2017.xls,FBKF_componentes,si,no_mapeado_o_no_usado
2017,fbkf_maq_eq,R,92,,229773000.86,Encuesta de Actividad Económica 2017/EAE_C8_2017.xls,FBKF_componentes,si,no_mapeado_o_no_usado
2017,fbkf_maq_eq,R,93,,235266492.64,Encuesta de Actividad Económica 2017/EAE_C8_2017.xls,FBKF_componentes,si,no_mapeado_o_no_usado
2017,fbkf_maq_eq,S,94,,106710086.94,Encuesta de Actividad Económica 2017/EAE_C8_2017.xls,FBKF_componentes,si,no_mapeado_o_no_usado
2017,fbkf_maq_eq,S,95,,13226826.48,Encuesta de Actividad Económica 2017/EAE_C8_2017.xls,FBKF_componentes,si,no_mapeado_o_no_usado
2017,fbkf_maq_eq,S,96,,49532655.64,Encuesta de Actividad Económica 2017/EAE_C8_2017.xls,FBKF_componentes,si,no_mapeado_o_no_usado
2018,fbcf,B,08 y 09,,196164457.8321618,Encuesta de Actividad Económica 2018/EAE_C6_2018.xls,FBCF,si,no_mapeado_o_no_usado
2018,adquisiciones_importadas,B,08 y 09,,20820151.950039566,Encuesta de Actividad Económica 2018/EAE_C6_2018.xls,FBCF,si,no_mapeado_o_no_usado
2018,adquisiciones_origen_importado,B,08 y 09,,55903094.76606715,Encuesta de Actividad Económica 2018/EAE_C6_2018.xls,FBCF,si,no_mapeado_o_no_usado
2018,fbcf,C,10,10_11_12_alimentos_bebidas_tabaco,8057185198.104552,Encuesta de Actividad Económica 2018/EAE_C6_2018.xls,FBCF,si,mapeado
2018,adquisiciones_importadas,C,10,10_11_12_alimentos_bebidas_tabaco,865558469.4949697,Encuesta de Actividad Económica 2018/EAE_C6_2018.xls,FBCF,si,mapeado
2018,adquisiciones_origen_importado,C,10,10_11_12_alimentos_bebidas_tabaco,948746550.2366747,Encuesta de Actividad Económica 2018/EAE_C6_2018.xls,FBCF,si,mapeado
2018,fbcf,C,11 y 12,10_11_12_alimentos_bebidas_tabaco,2375248993.1544642,Encuesta de Actividad Económica 2018/EAE_C6_2018.xls,FBCF,si,mapeado
2018,adquisiciones_importadas,C,11 y 12,10_11_12_alimentos_bebidas_tabaco,119556278.12717801,Encuesta de Actividad Económica 2018/EAE_C6_2018.xls,FBCF,si,mapeado
2018,adquisiciones_origen_importado,C,11 y 12,10_11_12_alimentos_bebidas_tabaco,924904507.8580896,Encuesta de Actividad Económica 2018/EAE_C6_2018.xls,FBCF,si,mapeado
2018,fbcf,C,13,13_14_15_textiles_prendas_cuero,4290558.532083653,Encuesta de Actividad Económica 2018/EAE_C6_2018.xls,FBCF,si,mapeado
2018,adquisiciones_importadas,C,13,13_14_15_textiles_prendas_cuero,3892370.8415208906,Encuesta de Actividad Económica 2018/EAE_C6_2018.xls,FBCF,si,mapeado
2018,adquisiciones_origen_importado,C,13,13_14_15_textiles_prendas_cuero,5092016.277763714,Encuesta de Actividad Económica 2018/EAE_C6_2018.xls,FBCF,si,mapeado
2018,fbcf,C,14,13_14_15_textiles_prendas_cuero,42993523.56947963,Encuesta de Actividad Económica 2018/EAE_C6_2018.xls,FBCF,si,mapeado
2018,adquisiciones_importadas,C,14,13_14_15_textiles_prendas_cuero,0.0,Encuesta de Actividad Económica 2018/EAE_C6_2018.xls,FBCF,si,mapeado
2018,adquisiciones_origen_importado,C,14,13_14_15_textiles_prendas_cuero,786347.9056774197,Encuesta de Actividad Económica 2018/EAE_C6_2018.xls,FBCF,si,mapeado
2018,fbcf,C,15,13_14_15_textiles_prendas_cuero,181149110.20896608,Encuesta de Actividad Económica 2018/EAE_C6_2018.xls,FBCF,si,mapeado
2018,adquisiciones_importadas,C,15,13_14_15_textiles_prendas_cuero,111303671.51359811,Encuesta de Actividad Económica 2018/EAE_C6_2018.xls,FBCF,si,mapeado
2018,adquisiciones_origen_importado,C,15,13_14_15_textiles_prendas_cuero,16040014.78121313,Encuesta de Actividad Económica 2018/EAE_C6_2018.xls,FBCF,si,mapeado
2018,fbcf,C,16,16_madera,622450009.6355315,Encuesta de Actividad Económica 2018/EAE_C6_2018.xls,FBCF,si,mapeado
2018,adquisiciones_importadas,C,16,16_madera,112123009.36438303,Encuesta de Actividad Económica 2018/EAE_C6_2018.xls,FBCF,si,mapeado
2018,adquisiciones_origen_importado,C,16,16_madera,153377397.9486222,Encuesta de Actividad Económica 2018/EAE_C6_2018.xls,FBCF,si,mapeado
2018,fbcf,C,17,17_18_papel_impresion,1773990337.6563377,Encuesta de Actividad Económica 2018/EAE_C6_2018.xls,FBCF,si,mapeado
2018,adquisiciones_importadas,C,17,17_18_papel_impresion,24284042.14148116,Encuesta de Actividad Económica 2018/EAE_C6_2018.xls,FBCF,si,mapeado
2018,adquisiciones_origen_importado,C,17,17_18_papel_impresion,210785706.92091677,Encuesta de Actividad Económica 2018/EAE_C6_2018.xls,FBCF,si,mapeado
2018,fbcf,C,18,17_18_papel_impresion,223147585.4162777,Encuesta de Actividad Económica 2018/EAE_C6_2018.xls,FBCF,si,mapeado
2018,adquisiciones_importadas,C,18,17_18_papel_impresion,36545797.21492269,Encuesta de Actividad Económica 2018/EAE_C6_2018.xls,FBCF,si,mapeado
2018,adquisiciones_origen_importado,C,18,17_18_papel_impresion,79495122.7173469,Encuesta de Actividad Económica 2018/EAE_C6_2018.xls,FBCF,si,mapeado
2018,fbcf,C,19,19_refinacion,1536918270.0,Encuesta de Actividad Económica 2018/EAE_C6_2018.xls,FBCF,si,mapeado
2018,adquisiciones_importadas,C,19,19_refinacion,0.0,Encuesta de Actividad Económica 2018/EAE_C6_2018.xls,FBCF,si,mapeado
2018,adquisiciones_origen_importado,C,19,19_refinacion,53675785.0,Encuesta de Actividad Económica 2018/EAE_C6_2018.xls,FBCF,si,mapeado
2018,fbcf,C,20,20_21_22_quimicos_farma_caucho_plastico,766359407.6161497,Encuesta de Actividad Económica 2018/EAE_C6_2018.xls,FBCF,si,mapeado
2018,adquisiciones_importadas,C,20,20_21_22_quimicos_farma_caucho_plastico,38776262.41754739,Encuesta de Actividad Económica 2018/EAE_C6_2018.xls,FBCF,si,mapeado
2018,adquisiciones_origen_importado,C,20,20_21_22_quimicos_farma_caucho_plastico,146855394.6434296,Encuesta de Actividad Económica 2018/EAE_C6_2018.xls,FBCF,si,mapeado
2018,fbcf,C,21,20_21_22_quimicos_farma_caucho_plastico,3352523626.058057,Encuesta de Actividad Económica 2018/EAE_C6_2018.xls,FBCF,si,mapeado
2018,adquisiciones_importadas,C,21,20_21_22_quimicos_farma_caucho_plastico,811342326.9443767,Encuesta de Actividad Económica 2018/EAE_C6_2018.xls,FBCF,si,mapeado
2018,adquisiciones_origen_importado,C,21,20_21_22_quimicos_farma_caucho_plastico,347625722.22917646,Encuesta de Actividad Económica 2018/EAE_C6_2018.xls,FBCF,si,mapeado
2018,fbcf,C,22,20_21_22_quimicos_farma_caucho_plastico,956757275.662071,Encuesta de Actividad Económica 2018/EAE_C6_2018.xls,FBCF,si,mapeado
2018,adquisiciones_importadas,C,22,20_21_22_quimicos_farma_caucho_plastico,58865130.13726032,Encuesta de Actividad Económica 2018/EAE_C6_2018.xls,FBCF,si,mapeado
2018,adquisiciones_origen_importado,C,22,20_21_22_quimicos_farma_caucho_plastico,471497518.12346727,Encuesta de Actividad Económica 2018/EAE_C6_2018.xls,FBCF,si,mapeado
2018,fbcf,C,23,23_24_minerales_metales,389635506.11694735,Encuesta de Actividad Económica 2018/EAE_C6_2018.xls,FBCF,si,mapeado
2018,adquisiciones_importadas,C,23,23_24_minerales_metales,71653725.40108865,Encuesta de Actividad Económica 2018/EAE_C6_2018.xls,FBCF,si,mapeado
2018,adquisiciones_origen_importado,C,23,23_24_minerales_metales,61324246.56785701,Encuesta de Actividad Económica 2018/EAE_C6_2018.xls,FBCF,si,mapeado
2018,fbcf,C,24,23_24_minerales_metales,64102726.91392073,Encuesta de Actividad Económica 2018/EAE_C6_2018.xls,FBCF,si,mapeado
2018,adquisiciones_importadas,C,24,23_24_minerales_metales,0.0,Encuesta de Actividad Económica 2018/EAE_C6_2018.xls,FBCF,si,mapeado
2018,adquisiciones_origen_importado,C,24,23_24_minerales_metales,9318027.772294233,Encuesta de Actividad Económica 2018/EAE_C6_2018.xls,FBCF,si,mapeado
2018,fbcf,C,25,25_26_27_28_33_metal_equipos_reparacion,459028510.32256496,Encuesta de Actividad Económica 2018/EAE_C6_2018.xls,FBCF,si,mapeado
2018,adquisiciones_importadas,C,25,25_26_27_28_33_metal_equipos_reparacion,30238079.81009507,Encuesta de Actividad Económica 2018/EAE_C6_2018.xls,FBCF,si,mapeado
2018,adquisiciones_origen_importado,C,25,25_26_27_28_33_metal_equipos_reparacion,270725725.8538327,Encuesta de Actividad Económica 2018/EAE_C6_2018.xls,FBCF,si,mapeado
2018,fbcf,C,26,25_26_27_28_33_metal_equipos_reparacion,17400439.437160004,Encuesta de Actividad Económica 2018/EAE_C6_2018.xls,FBCF,si,mapeado
2018,adquisiciones_importadas,C,26,25_26_27_28_33_metal_equipos_reparacion,1395639.1567245543,Encuesta de Actividad Económica 2018/EAE_C6_2018.xls,FBCF,si,mapeado
2018,adquisiciones_origen_importado,C,26,25_26_27_28_33_metal_equipos_reparacion,9506330.0,Encuesta de Actividad Económica 2018/EAE_C6_2018.xls,FBCF,si,mapeado
2018,fbcf,C,27,25_26_27_28_33_metal_equipos_reparacion,112886580.26814187,Encuesta de Actividad Económica 2018/EAE_C6_2018.xls,FBCF,si,mapeado
2018,adquisiciones_importadas,C,27,25_26_27_28_33_metal_equipos_reparacion,7483301.557756019,Encuesta de Actividad Económica 2018/EAE_C6_2018.xls,FBCF,si,mapeado
2018,adquisiciones_origen_importado,C,27,25_26_27_28_33_metal_equipos_reparacion,27648610.07214352,Encuesta de Actividad Económica 2018/EAE_C6_2018.xls,FBCF,si,mapeado
2018,fbcf,C,28,25_26_27_28_33_metal_equipos_reparacion,37568512.92717373,Encuesta de Actividad Económica 2018/EAE_C6_2018.xls,FBCF,si,mapeado
2018,adquisiciones_importadas,C,28,25_26_27_28_33_metal_equipos_reparacion,3415134.0,Encuesta de Actividad Económica 2018/EAE_C6_2018.xls,FBCF,si,mapeado
2018,adquisiciones_origen_importado,C,28,25_26_27_28_33_metal_equipos_reparacion,6685521.0,Encuesta de Actividad Económica 2018/EAE_C6_2018.xls,FBCF,si,mapeado
2018,fbcf,C,29 y 30,29_30_vehiculos_transporte,164908284.55803883,Encuesta de Actividad Económica 2018/EAE_C6_2018.xls,FBCF,si,mapeado
2018,adquisiciones_importadas,C,29 y 30,29_30_vehiculos_transporte,9490289.997719407,Encuesta de Actividad Económica 2018/EAE_C6_2018.xls,FBCF,si,mapeado
2018,adquisiciones_origen_importado,C,29 y 30,29_30_vehiculos_transporte,62990653.29057609,Encuesta de Actividad Económica 2018/EAE_C6_2018.xls,FBCF,si,mapeado
2018,fbcf,C,31,31_32_muebles_otras_manufacturas,37779451.745253205,Encuesta de Actividad Económica 2018/EAE_C6_2018.xls,FBCF,si,mapeado
2018,adquisiciones_importadas,C,31,31_32_muebles_otras_manufacturas,0.0,Encuesta de Actividad Económica 2018/EAE_C6_2018.xls,FBCF,si,mapeado
2018,adquisiciones_origen_importado,C,31,31_32_muebles_otras_manufacturas,31987353.639516395,Encuesta de Actividad Económica 2018/EAE_C6_2018.xls,FBCF,si,mapeado
2018,fbcf,C,32,31_32_muebles_otras_manufacturas,85284521.09432477,Encuesta de Actividad Económica 2018/EAE_C6_2018.xls,FBCF,si,mapeado
2018,adquisiciones_importadas,C,32,31_32_muebles_otras_manufacturas,25882790.99392452,Encuesta de Actividad Económica 2018/EAE_C6_2018.xls,FBCF,si,mapeado
2018,adquisiciones_origen_importado,C,32,31_32_muebles_otras_manufacturas,24213679.37795233,Encuesta de Actividad Económica 2018/EAE_C6_2018.xls,FBCF,si,mapeado
2018,fbcf,C,33,25_26_27_28_33_metal_equipos_reparacion,142275232.21487164,Encuesta de Actividad Económica 2018/EAE_C6_2018.xls,FBCF,si,mapeado
2018,adquisiciones_importadas,C,33,25_26_27_28_33_metal_equipos_reparacion,12494801.0,Encuesta de Actividad Económica 2018/EAE_C6_2018.xls,FBCF,si,mapeado
2018,adquisiciones_origen_importado,C,33,25_26_27_28_33_metal_equipos_reparacion,12312281.51573533,Encuesta de Actividad Económica 2018/EAE_C6_2018.xls,FBCF,si,mapeado
2018,fbcf,D,35,,8697759571.849684,Encuesta de Actividad Económica 2018/EAE_C6_2018.xls,FBCF,si,no_mapeado_o_no_usado
2018,adquisiciones_importadas,D,35,,0.0,Encuesta de Actividad Económica 2018/EAE_C6_2018.xls,FBCF,si,no_mapeado_o_no_usado
2018,adquisiciones_origen_importado,D,35,,26251562.433262695,Encuesta de Actividad Económica 2018/EAE_C6_2018.xls,FBCF,si,no_mapeado_o_no_usado
2018,fbcf,E,"36, 37 y 38",,3879593619.685385,Encuesta de Actividad Económica 2018/EAE_C6_2018.xls,FBCF,si,no_mapeado_o_no_usado
2018,adquisiciones_importadas,E,"36, 37 y 38",,32286050.246542297,Encuesta de Actividad Económica 2018/EAE_C6_2018.xls,FBCF,si,no_mapeado_o_no_usado
2018,adquisiciones_origen_importado,E,"36, 37 y 38",,166138801.68286967,Encuesta de Actividad Económica 2018/EAE_C6_2018.xls,FBCF,si,no_mapeado_o_no_usado
2018,fbcf,G,45,,978695548.987133,Encuesta de Actividad Económica 2018/EAE_C6_2018.xls,FBCF,si,no_mapeado_o_no_usado
2018,adquisiciones_importadas,G,45,,151819080.74481174,Encuesta de Actividad Económica 2018/EAE_C6_2018.xls,FBCF,si,no_mapeado_o_no_usado
2018,adquisiciones_origen_importado,G,45,,196224422.6369046,Encuesta de Actividad Económica 2018/EAE_C6_2018.xls,FBCF,si,no_mapeado_o_no_usado
2018,fbcf,G,46,,9598878004.29432,Encuesta de Actividad Económica 2018/EAE_C6_2018.xls,FBCF,si,no_mapeado_o_no_usado
2018,adquisiciones_importadas,G,46,,903199832.3278565,Encuesta de Actividad Económica 2018/EAE_C6_2018.xls,FBCF,si,no_mapeado_o_no_usado
2018,adquisiciones_origen_importado,G,46,,1217427727.468967,Encuesta de Actividad Económica 2018/EAE_C6_2018.xls,FBCF,si,no_mapeado_o_no_usado
2018,fbcf,G,47,,5511844530.542524,Encuesta de Actividad Económica 2018/EAE_C6_2018.xls,FBCF,si,no_mapeado_o_no_usado
2018,adquisiciones_importadas,G,47,,1819670.682148374,Encuesta de Actividad Económica 2018/EAE_C6_2018.xls,FBCF,si,no_mapeado_o_no_usado
2018,adquisiciones_origen_importado,G,47,,301513152.0751188,Encuesta de Actividad Económica 2018/EAE_C6_2018.xls,FBCF,si,no_mapeado_o_no_usado
2018,fbcf,H,49,,4117519152.9224296,Encuesta de Actividad Económica 2018/EAE_C6_2018.xls,FBCF,si,no_mapeado_o_no_usado
2018,adquisiciones_importadas,H,49,,119309518.15645684,Encuesta de Actividad Económica 2018/EAE_C6_2018.xls,FBCF,si,no_mapeado_o_no_usado
2018,adquisiciones_origen_importado,H,49,,1166438324.1086671,Encuesta de Actividad Económica 2018/EAE_C6_2018.xls,FBCF,si,no_mapeado_o_no_usado
2018,fbcf,H,50,,1454098916.0118108,Encuesta de Actividad Económica 2018/EAE_C6_2018.xls,FBCF,si,no_mapeado_o_no_usado
2018,adquisiciones_importadas,H,50,,8309425.0,Encuesta de Actividad Económica 2018/EAE_C6_2018.xls,FBCF,si,no_mapeado_o_no_usado
2018,adquisiciones_origen_importado,H,50,,10410303.0,Encuesta de Actividad Económica 2018/EAE_C6_2018.xls,FBCF,si,no_mapeado_o_no_usado
2018,fbcf,H,51,,28231648.495688684,Encuesta de Actividad Económica 2018/EAE_C6_2018.xls,FBCF,si,no_mapeado_o_no_usado
2018,adquisiciones_importadas,H,51,,4050910.8976195008,Encuesta de Actividad Económica 2018/EAE_C6_2018.xls,FBCF,si,no_mapeado_o_no_usado
2018,adquisiciones_origen_importado,H,51,,18933907.824216094,Encuesta de Actividad Económica 2018/EAE_C6_2018.xls,FBCF,si,no_mapeado_o_no_usado
2018,fbcf,H,52,,3125586886.669351,Encuesta de Actividad Económica 2018/EAE_C6_2018.xls,FBCF,si,no_mapeado_o_no_usado
2018,adquisiciones_importadas,H,52,,101606908.20965795,Encuesta de Actividad Económica 2018/EAE_C6_2018.xls,FBCF,si,no_mapeado_o_no_usado
2018,adquisiciones_origen_importado,H,52,,380548322.51239735,Encuesta de Actividad Económica 2018/EAE_C6_2018.xls,FBCF,si,no_mapeado_o_no_usado
2018,fbcf,H,53,,237860591.88865936,Encuesta de Actividad Económica 2018/EAE_C6_2018.xls,FBCF,si,no_mapeado_o_no_usado
2018,adquisiciones_importadas,H,53,,0.0,Encuesta de Actividad Económica 2018/EAE_C6_2018.xls,FBCF,si,no_mapeado_o_no_usado
2018,adquisiciones_origen_importado,H,53,,64855497.61569678,Encuesta de Actividad Económica 2018/EAE_C6_2018.xls,FBCF,si,no_mapeado_o_no_usado
2018,fbcf,I,55,,334526538.2876164,Encuesta de Actividad Económica 2018/EAE_C6_2018.xls,FBCF,si,no_mapeado_o_no_usado
2018,adquisiciones_importadas,I,55,,1347931.3872519478,Encuesta de Actividad Económica 2018/EAE_C6_2018.xls,FBCF,si,no_mapeado_o_no_usado
2018,adquisiciones_origen_importado,I,55,,10416220.107374618,Encuesta de Actividad Económica 2018/EAE_C6_2018.xls,FBCF,si,no_mapeado_o_no_usado
2018,fbcf,I,56,,1293478114.8368773,Encuesta de Actividad Económica 2018/EAE_C6_2018.xls,FBCF,si,no_mapeado_o_no_usado
2018,adquisiciones_importadas,I,56,,98898080.97643924,Encuesta de Actividad Económica 2018/EAE_C6_2018.xls,FBCF,si,no_mapeado_o_no_usado
2018,adquisiciones_origen_importado,I,56,,27737032.25147948,Encuesta de Actividad Económica 2018/EAE_C6_2018.xls,FBCF,si,no_mapeado_o_no_usado
2018,fbcf,J,58,,10482862.238238737,Encuesta de Actividad Económica 2018/EAE_C6_2018.xls,FBCF,si,no_mapeado_o_no_usado
2018,adquisiciones_importadas,J,58,,236904.0,Encuesta de Actividad Económica 2018/EAE_C6_2018.xls,FBCF,si,no_mapeado_o_no_usado
2018,adquisiciones_origen_importado,J,58,,1856094.499233653,Encuesta de Actividad Económica 2018/EAE_C6_2018.xls,FBCF,si,no_mapeado_o_no_usado
2018,fbcf,J,59,,83267414.81906748,Encuesta de Actividad Económica 2018/EAE_C6_2018.xls,FBCF,si,no_mapeado_o_no_usado
2018,adquisiciones_importadas,J,59,,0.0,Encuesta de Actividad Económica 2018/EAE_C6_2018.xls,FBCF,si,no_mapeado_o_no_usado
2018,adquisiciones_origen_importado,J,59,,4488870.417619223,Encuesta de Actividad Económica 2018/EAE_C6_2018.xls,FBCF,si,no_mapeado_o_no_usado
2018,fbcf,J,60,,105398767.58313917,Encuesta de Actividad Económica 2018/EAE_C6_2018.xls,FBCF,si,no_mapeado_o_no_usado
2018,adquisiciones_importadas,J,60,,250274.77168365064,Encuesta de Actividad Económica 2018/EAE_C6_2018.xls,FBCF,si,no_mapeado_o_no_usado
2018,adquisiciones_origen_importado,J,60,,67988380.58693086,Encuesta de Actividad Económica 2018/EAE_C6_2018.xls,FBCF,si,no_mapeado_o_no_usado
2018,fbcf,J,61,,18172194952.87747,Encuesta de Actividad Económica 2018/EAE_C6_2018.xls,FBCF,si,no_mapeado_o_no_usado
2018,adquisiciones_importadas,J,61,,7904468788.574648,Encuesta de Actividad Económica 2018/EAE_C6_2018.xls,FBCF,si,no_mapeado_o_no_usado
2018,adquisiciones_origen_importado,J,61,,3966942513.1969333,Encuesta de Actividad Económica 2018/EAE_C6_2018.xls,FBCF,si,no_mapeado_o_no_usado
2018,fbcf,J,62,,868296945.6447537,Encuesta de Actividad Económica 2018/EAE_C6_2018.xls,FBCF,si,no_mapeado_o_no_usado
2018,adquisiciones_importadas,J,62,,2914796.99722222,Encuesta de Actividad Económica 2018/EAE_C6_2018.xls,FBCF,si,no_mapeado_o_no_usado
2018,adquisiciones_origen_importado,J,62,,376648318.9129495,Encuesta de Actividad Económica 2018/EAE_C6_2018.xls,FBCF,si,no_mapeado_o_no_usado
2018,fbcf,J,63,,116467364.51975426,Encuesta de Actividad Económica 2018/EAE_C6_2018.xls,FBCF,si,no_mapeado_o_no_usado
2018,adquisiciones_importadas,J,63,,0.0,Encuesta de Actividad Económica 2018/EAE_C6_2018.xls,FBCF,si,no_mapeado_o_no_usado
2018,adquisiciones_origen_importado,J,63,,0.0,Encuesta de Actividad Económica 2018/EAE_C6_2018.xls,FBCF,si,no_mapeado_o_no_usado
2018,fbcf,K,64,,225857269.98859844,Encuesta de Actividad Económica 2018/EAE_C6_2018.xls,FBCF,si,no_mapeado_o_no_usado
2018,adquisiciones_importadas,K,64,,3509440.258804393,Encuesta de Actividad Económica 2018/EAE_C6_2018.xls,FBCF,si,no_mapeado_o_no_usado
2018,adquisiciones_origen_importado,K,64,,1399392.644801298,Encuesta de Actividad Económica 2018/EAE_C6_2018.xls,FBCF,si,no_mapeado_o_no_usado
2018,fbcf,K,66,,125941796.42352942,Encuesta de Actividad Económica 2018/EAE_C6_2018.xls,FBCF,si,no_mapeado_o_no_usado
2018,adquisiciones_importadas,K,66,,96792.0,Encuesta de Actividad Económica 2018/EAE_C6_2018.xls,FBCF,si,no_mapeado_o_no_usado
2018,adquisiciones_origen_importado,K,66,,13414299.228331875,Encuesta de Actividad Económica 2018/EAE_C6_2018.xls,FBCF,si,no_mapeado_o_no_usado
2018,fbcf,J,68,,6258495750.141845,Encuesta de Actividad Económica 2018/EAE_C6_2018.xls,FBCF,si,no_mapeado_o_no_usado
2018,adquisiciones_importadas,J,68,,99820.0,Encuesta de Actividad Económica 2018/EAE_C6_2018.xls,FBCF,si,no_mapeado_o_no_usado
2018,adquisiciones_origen_importado,J,68,,15364308.630546106,Encuesta de Actividad Económica 2018/EAE_C6_2018.xls,FBCF,si,no_mapeado_o_no_usado
2018,fbcf,M,69,,236154468.48641196,Encuesta de Actividad Económica 2018/EAE_C6_2018.xls,FBCF,si,no_mapeado_o_no_usado
2018,adquisiciones_importadas,M,69,,0.0,Encuesta de Actividad Económica 2018/EAE_C6_2018.xls,FBCF,si,no_mapeado_o_no_usado
2018,adquisiciones_origen_importado,M,69,,60414973.70501806,Encuesta de Actividad Económica 2018/EAE_C6_2018.xls,FBCF,si,no_mapeado_o_no_usado
2018,fbcf,M,70,,59617198.88175344,Encuesta de Actividad Económica 2018/EAE_C6_2018.xls,FBCF,si,no_mapeado_o_no_usado
2018,adquisiciones_importadas,M,70,,65381.0,Encuesta de Actividad Económica 2018/EAE_C6_2018.xls,FBCF,si,no_mapeado_o_no_usado
2018,adquisiciones_origen_importado,M,70,,30567779.013803672,Encuesta de Actividad Económica 2018/EAE_C6_2018.xls,FBCF,si,no_mapeado_o_no_usado
2018,fbcf,M,71,,213579813.61092433,Encuesta de Actividad Económica 2018/EAE_C6_2018.xls,FBCF,si,no_mapeado_o_no_usado
2018,adquisiciones_importadas,M,71,,26199840.0,Encuesta de Actividad Económica 2018/EAE_C6_2018.xls,FBCF,si,no_mapeado_o_no_usado
2018,adquisiciones_origen_importado,M,71,,39144632.92457253,Encuesta de Actividad Económica 2018/EAE_C6_2018.xls,FBCF,si,no_mapeado_o_no_usado
2018,fbcf,M,72,,45618312.66481305,Encuesta de Actividad Económica 2018/EAE_C6_2018.xls,FBCF,si,no_mapeado_o_no_usado
2018,adquisiciones_importadas,M,72,,0.0,Encuesta de Actividad Económica 2018/EAE_C6_2018.xls,FBCF,si,no_mapeado_o_no_usado
2018,adquisiciones_origen_importado,M,72,,3515192.058333112,Encuesta de Actividad Económica 2018/EAE_C6_2018.xls,FBCF,si,no_mapeado_o_no_usado
2018,fbcf,M,73,,157162003.61312374,Encuesta de Actividad Económica 2018/EAE_C6_2018.xls,FBCF,si,no_mapeado_o_no_usado
2018,adquisiciones_importadas,M,73,,5522439.94747403,Encuesta de Actividad Económica 2018/EAE_C6_2018.xls,FBCF,si,no_mapeado_o_no_usado
2018,adquisiciones_origen_importado,M,73,,15722347.27335775,Encuesta de Actividad Económica 2018/EAE_C6_2018.xls,FBCF,si,no_mapeado_o_no_usado
2018,fbcf,M,74,,203345901.63127017,Encuesta de Actividad Económica 2018/EAE_C6_2018.xls,FBCF,si,no_mapeado_o_no_usado
2018,adquisiciones_importadas,M,74,,29264405.06198835,Encuesta de Actividad Económica 2018/EAE_C6_2018.xls,FBCF,si,no_mapeado_o_no_usado
2018,adquisiciones_origen_importado,M,74,,6480686.273384885,Encuesta de Actividad Económica 2018/EAE_C6_2018.xls,FBCF,si,no_mapeado_o_no_usado
2018,fbcf,M,75,,2074467.5905257403,Encuesta de Actividad Económica 2018/EAE_C6_2018.xls,FBCF,si,no_mapeado_o_no_usado
2018,adquisiciones_importadas,M,75,,0.0,Encuesta de Actividad Económica 2018/EAE_C6_2018.xls,FBCF,si,no_mapeado_o_no_usado
2018,adquisiciones_origen_importado,M,75,,0.0,Encuesta de Actividad Económica 2018/EAE_C6_2018.xls,FBCF,si,no_mapeado_o_no_usado
2018,fbcf,N,77,,2014936645.6800172,Encuesta de Actividad Económica 2018/EAE_C6_2018.xls,FBCF,si,no_mapeado_o_no_usado
2018,adquisiciones_importadas,N,77,,500847990.18822676,Encuesta de Actividad Económica 2018/EAE_C6_2018.xls,FBCF,si,no_mapeado_o_no_usado
2018,adquisiciones_origen_importado,N,77,,1069215433.1361773,Encuesta de Actividad Económica 2018/EAE_C6_2018.xls,FBCF,si,no_mapeado_o_no_usado
2018,fbcf,N,78,,38797946.66459478,Encuesta de Actividad Económica 2018/EAE_C6_2018.xls,FBCF,si,no_mapeado_o_no_usado
2018,adquisiciones_importadas,N,78,,0.0,Encuesta de Actividad Económica 2018/EAE_C6_2018.xls,FBCF,si,no_mapeado_o_no_usado
2018,adquisiciones_origen_importado,N,78,,6057849.49035803,Encuesta de Actividad Económica 2018/EAE_C6_2018.xls,FBCF,si,no_mapeado_o_no_usado
2018,fbcf,N,79,,97363673.04865302,Encuesta de Actividad Económica 2018/EAE_C6_2018.xls,FBCF,si,no_mapeado_o_no_usado
2018,adquisiciones_importadas,N,79,,12195205.0,Encuesta de Actividad Económica 2018/EAE_C6_2018.xls,FBCF,si,no_mapeado_o_no_usado
2018,adquisiciones_origen_importado,N,79,,13185473.922703603,Encuesta de Actividad Económica 2018/EAE_C6_2018.xls,FBCF,si,no_mapeado_o_no_usado
2018,fbcf,N,80,,518612733.3157122,Encuesta de Actividad Económica 2018/EAE_C6_2018.xls,FBCF,si,no_mapeado_o_no_usado
2018,adquisiciones_importadas,N,80,,35512005.52184932,Encuesta de Actividad Económica 2018/EAE_C6_2018.xls,FBCF,si,no_mapeado_o_no_usado
2018,adquisiciones_origen_importado,N,80,,87088554.53352825,Encuesta de Actividad Económica 2018/EAE_C6_2018.xls,FBCF,si,no_mapeado_o_no_usado
2018,fbcf,N,81,,68108468.14619987,Encuesta de Actividad Económica 2018/EAE_C6_2018.xls,FBCF,si,no_mapeado_o_no_usado
2018,adquisiciones_importadas,N,81,,0.0,Encuesta de Actividad Económica 2018/EAE_C6_2018.xls,FBCF,si,no_mapeado_o_no_usado
2018,adquisiciones_origen_importado,N,81,,18881428.25764469,Encuesta de Actividad Económica 2018/EAE_C6_2018.xls,FBCF,si,no_mapeado_o_no_usado
2018,fbcf,N,82,,402545720.78828585,Encuesta de Actividad Económica 2018/EAE_C6_2018.xls,FBCF,si,no_mapeado_o_no_usado
2018,adquisiciones_importadas,N,82,,111635086.0,Encuesta de Actividad Económica 2018/EAE_C6_2018.xls,FBCF,si,no_mapeado_o_no_usado
2018,adquisiciones_origen_importado,N,82,,36006225.72294679,Encuesta de Actividad Económica 2018/EAE_C6_2018.xls,FBCF,si,no_mapeado_o_no_usado
2018,fbcf,P,85,,1115750373.5540118,Encuesta de Actividad Económica 2018/EAE_C6_2018.xls,FBCF,si,no_mapeado_o_no_usado
2018,adquisiciones_importadas,P,85,,13856859.0,Encuesta de Actividad Económica 2018/EAE_C6_2018.xls,FBCF,si,no_mapeado_o_no_usado
2018,adquisiciones_origen_importado,P,85,,34558255.49288654,Encuesta de Actividad Económica 2018/EAE_C6_2018.xls,FBCF,si,no_mapeado_o_no_usado
2018,fbcf,Q,86,,3604929716.632079,Encuesta de Actividad Económica 2018/EAE_C6_2018.xls,FBCF,si,no_mapeado_o_no_usado
2018,adquisiciones_importadas,Q,86,,3999454.9143392392,Encuesta de Actividad Económica 2018/EAE_C6_2018.xls,FBCF,si,no_mapeado_o_no_usado
2018,adquisiciones_origen_importado,Q,86,,268688789.3212012,Encuesta de Actividad Económica 2018/EAE_C6_2018.xls,FBCF,si,no_mapeado_o_no_usado
2018,fbcf,Q,87,,72555481.84039539,Encuesta de Actividad Económica 2018/EAE_C6_2018.xls,FBCF,si,no_mapeado_o_no_usado
2018,adquisiciones_importadas,Q,87,,0.0,Encuesta de Actividad Económica 2018/EAE_C6_2018.xls,FBCF,si,no_mapeado_o_no_usado
2018,adquisiciones_origen_importado,Q,87,,4155849.7871260443,Encuesta de Actividad Económica 2018/EAE_C6_2018.xls,FBCF,si,no_mapeado_o_no_usado
2018,fbcf,Q,88,,46692062.03798465,Encuesta de Actividad Económica 2018/EAE_C6_2018.xls,FBCF,si,no_mapeado_o_no_usado
2018,adquisiciones_importadas,Q,88,,0.0,Encuesta de Actividad Económica 2018/EAE_C6_2018.xls,FBCF,si,no_mapeado_o_no_usado
2018,adquisiciones_origen_importado,Q,88,,4384.401501020496,Encuesta de Actividad Económica 2018/EAE_C6_2018.xls,FBCF,si,no_mapeado_o_no_usado
2018,fbcf,R,90,,48374148.080000006,Encuesta de Actividad Económica 2018/EAE_C6_2018.xls,FBCF,si,no_mapeado_o_no_usado
2018,adquisiciones_importadas,R,90,,0.0,Encuesta de Actividad Económica 2018/EAE_C6_2018.xls,FBCF,si,no_mapeado_o_no_usado
2018,adquisiciones_origen_importado,R,90,,0.0,Encuesta de Actividad Económica 2018/EAE_C6_2018.xls,FBCF,si,no_mapeado_o_no_usado
2018,fbcf,R,92,,671677120.0864948,Encuesta de Actividad Económica 2018/EAE_C6_2018.xls,FBCF,si,no_mapeado_o_no_usado
2018,adquisiciones_importadas,R,92,,152830105.0,Encuesta de Actividad Económica 2018/EAE_C6_2018.xls,FBCF,si,no_mapeado_o_no_usado
2018,adquisiciones_origen_importado,R,92,,26637443.0,Encuesta de Actividad Económica 2018/EAE_C6_2018.xls,FBCF,si,no_mapeado_o_no_usado
2018,fbcf,R,93,,632774406.784454,Encuesta de Actividad Económica 2018/EAE_C6_2018.xls,FBCF,si,no_mapeado_o_no_usado
2018,adquisiciones_importadas,R,93,,0.0,Encuesta de Actividad Económica 2018/EAE_C6_2018.xls,FBCF,si,no_mapeado_o_no_usado
2018,adquisiciones_origen_importado,R,93,,19882801.29825067,Encuesta de Actividad Económica 2018/EAE_C6_2018.xls,FBCF,si,no_mapeado_o_no_usado
2018,fbcf,S,94,,451248673.0106982,Encuesta de Actividad Económica 2018/EAE_C6_2018.xls,FBCF,si,no_mapeado_o_no_usado
2018,adquisiciones_importadas,S,94,,0.0,Encuesta de Actividad Económica 2018/EAE_C6_2018.xls,FBCF,si,no_mapeado_o_no_usado
2018,adquisiciones_origen_importado,S,94,,7741138.924984123,Encuesta de Actividad Económica 2018/EAE_C6_2018.xls,FBCF,si,no_mapeado_o_no_usado
2018,fbcf,S,95,,7933676.471415555,Encuesta de Actividad Económica 2018/EAE_C6_2018.xls,FBCF,si,no_mapeado_o_no_usado
2018,adquisiciones_importadas,S,95,,0.0,Encuesta de Actividad Económica 2018/EAE_C6_2018.xls,FBCF,si,no_mapeado_o_no_usado
2018,adquisiciones_origen_importado,S,95,,4095702.531881016,Encuesta de Actividad Económica 2018/EAE_C6_2018.xls,FBCF,si,no_mapeado_o_no_usado
2018,fbcf,S,96,,103832590.31774126,Encuesta de Actividad Económica 2018/EAE_C6_2018.xls,FBCF,si,no_mapeado_o_no_usado
2018,adquisiciones_importadas,S,96,,0.0,Encuesta de Actividad Económica 2018/EAE_C6_2018.xls,FBCF,si,no_mapeado_o_no_usado
2018,adquisiciones_origen_importado,S,96,,10332801.204980064,Encuesta de Actividad Económica 2018/EAE_C6_2018.xls,FBCF,si,no_mapeado_o_no_usado
2018,fbkf_maq_eq,B,08 y 09,,195600204.12877706,Encuesta de Actividad Económica 2018/EAE_C8_2018.xls,FBKF_componentes,si,no_mapeado_o_no_usado
2018,fbkf_maq_eq,C,10,10_11_12_alimentos_bebidas_tabaco,3463890695.186362,Encuesta de Actividad Económica 2018/EAE_C8_2018.xls,FBKF_componentes,si,mapeado
2018,fbkf_maq_eq,C,11 y 12,10_11_12_alimentos_bebidas_tabaco,1561673460.6775565,Encuesta de Actividad Económica 2018/EAE_C8_2018.xls,FBKF_componentes,si,mapeado
2018,fbkf_maq_eq,C,13,13_14_15_textiles_prendas_cuero,41978206.869778335,Encuesta de Actividad Económica 2018/EAE_C8_2018.xls,FBKF_componentes,si,mapeado
2018,fbkf_maq_eq,C,14,13_14_15_textiles_prendas_cuero,28144492.35044237,Encuesta de Actividad Económica 2018/EAE_C8_2018.xls,FBKF_componentes,si,mapeado
2018,fbkf_maq_eq,C,15,13_14_15_textiles_prendas_cuero,150216688.20499352,Encuesta de Actividad Económica 2018/EAE_C8_2018.xls,FBKF_componentes,si,mapeado
2018,fbkf_maq_eq,C,16,16_madera,147273927.6170623,Encuesta de Actividad Económica 2018/EAE_C8_2018.xls,FBKF_componentes,si,mapeado
2018,fbkf_maq_eq,C,17,17_18_papel_impresion,716333644.4046063,Encuesta de Actividad Económica 2018/EAE_C8_2018.xls,FBKF_componentes,si,mapeado
2018,fbkf_maq_eq,C,18,17_18_papel_impresion,216438022.8414,Encuesta de Actividad Económica 2018/EAE_C8_2018.xls,FBKF_componentes,si,mapeado
2018,fbkf_maq_eq,C,19,19_refinacion,226016831.0,Encuesta de Actividad Económica 2018/EAE_C8_2018.xls,FBKF_componentes,si,mapeado
2018,fbkf_maq_eq,C,20,20_21_22_quimicos_farma_caucho_plastico,572157645.6803493,Encuesta de Actividad Económica 2018/EAE_C8_2018.xls,FBKF_componentes,si,mapeado
2018,fbkf_maq_eq,C,21,20_21_22_quimicos_farma_caucho_plastico,570985910.7791159,Encuesta de Actividad Económica 2018/EAE_C8_2018.xls,FBKF_componentes,si,mapeado
2018,fbkf_maq_eq,C,22,20_21_22_quimicos_farma_caucho_plastico,672862636.9671761,Encuesta de Actividad Económica 2018/EAE_C8_2018.xls,FBKF_componentes,si,mapeado
2018,fbkf_maq_eq,C,23,23_24_minerales_metales,240659484.26814526,Encuesta de Actividad Económica 2018/EAE_C8_2018.xls,FBKF_componentes,si,mapeado
2018,fbkf_maq_eq,C,24,23_24_minerales_metales,12158228.588727344,Encuesta de Actividad Económica 2018/EAE_C8_2018.xls,FBKF_componentes,si,mapeado
2018,fbkf_maq_eq,C,25,25_26_27_28_33_metal_equipos_reparacion,386404345.3537828,Encuesta de Actividad Económica 2018/EAE_C8_2018.xls,FBKF_componentes,si,mapeado
2018,fbkf_maq_eq,C,26,25_26_27_28_33_metal_equipos_reparacion,12604255.437160002,Encuesta de Actividad Económica 2018/EAE_C8_2018.xls,FBKF_componentes,si,mapeado
2018,fbkf_maq_eq,C,27,25_26_27_28_33_metal_equipos_reparacion,51488817.34806156,Encuesta de Actividad Económica 2018/EAE_C8_2018.xls,FBKF_componentes,si,mapeado
2018,fbkf_maq_eq,C,28,25_26_27_28_33_metal_equipos_reparacion,33435171.927173734,Encuesta de Actividad Económica 2018/EAE_C8_2018.xls,FBKF_componentes,si,mapeado
2018,fbkf_maq_eq,C,29 y 30,29_30_vehiculos_transporte,128808612.48791824,Encuesta de Actividad Económica 2018/EAE_C8_2018.xls,FBKF_componentes,si,mapeado
2018,fbkf_maq_eq,C,31,31_32_muebles_otras_manufacturas,27621467.33251866,Encuesta de Actividad Económica 2018/EAE_C8_2018.xls,FBKF_componentes,si,mapeado
2018,fbkf_maq_eq,C,32,31_32_muebles_otras_manufacturas,54933465.07171038,Encuesta de Actividad Económica 2018/EAE_C8_2018.xls,FBKF_componentes,si,mapeado
2018,fbkf_maq_eq,C,33,25_26_27_28_33_metal_equipos_reparacion,82675226.36956488,Encuesta de Actividad Económica 2018/EAE_C8_2018.xls,FBKF_componentes,si,mapeado
2018,fbkf_maq_eq,D,35,,7419715948.771976,Encuesta de Actividad Económica 2018/EAE_C8_2018.xls,FBKF_componentes,si,no_mapeado_o_no_usado
2018,fbkf_maq_eq,E,"36, 37 y 38",,295582758.7408731,Encuesta de Actividad Económica 2018/EAE_C8_2018.xls,FBKF_componentes,si,no_mapeado_o_no_usado
2018,fbkf_maq_eq,G,45,,385393900.146318,Encuesta de Actividad Económica 2018/EAE_C8_2018.xls,FBKF_componentes,si,no_mapeado_o_no_usado
2018,fbkf_maq_eq,G,46,,3386115932.9318695,Encuesta de Actividad Económica 2018/EAE_C8_2018.xls,FBKF_componentes,si,no_mapeado_o_no_usado
2018,fbkf_maq_eq,G,47,,2269915002.4225135,Encuesta de Actividad Económica 2018/EAE_C8_2018.xls,FBKF_componentes,si,no_mapeado_o_no_usado
2018,fbkf_maq_eq,H,49,,3877160119.430025,Encuesta de Actividad Económica 2018/EAE_C8_2018.xls,FBKF_componentes,si,no_mapeado_o_no_usado
2018,fbkf_maq_eq,H,50,,83831327.32511716,Encuesta de Actividad Económica 2018/EAE_C8_2018.xls,FBKF_componentes,si,no_mapeado_o_no_usado
2018,fbkf_maq_eq,H,51,,24521441.53839349,Encuesta de Actividad Económica 2018/EAE_C8_2018.xls,FBKF_componentes,si,no_mapeado_o_no_usado
2018,fbkf_maq_eq,H,52,,713472208.6594018,Encuesta de Actividad Económica 2018/EAE_C8_2018.xls,FBKF_componentes,si,no_mapeado_o_no_usado
2018,fbkf_maq_eq,H,53,,77345201.1408153,Encuesta de Actividad Económica 2018/EAE_C8_2018.xls,FBKF_componentes,si,no_mapeado_o_no_usado
2018,fbkf_maq_eq,I,55,,170488834.67326966,Encuesta de Actividad Económica 2018/EAE_C8_2018.xls,FBKF_componentes,si,no_mapeado_o_no_usado
2018,fbkf_maq_eq,I,56,,1044614578.0378155,Encuesta de Actividad Económica 2018/EAE_C8_2018.xls,FBKF_componentes,si,no_mapeado_o_no_usado
2018,fbkf_maq_eq,J,58,,420702.9095087169,Encuesta de Actividad Económica 2018/EAE_C8_2018.xls,FBKF_componentes,si,no_mapeado_o_no_usado
2018,fbkf_maq_eq,J,59,,26288948.2090043,Encuesta de Actividad Económica 2018/EAE_C8_2018.xls,FBKF_componentes,si,no_mapeado_o_no_usado
2018,fbkf_maq_eq,J,60,,58918839.21713433,Encuesta de Actividad Económica 2018/EAE_C8_2018.xls,FBKF_componentes,si,no_mapeado_o_no_usado
2018,fbkf_maq_eq,J,61,,14109890503.77372,Encuesta de Actividad Económica 2018/EAE_C8_2018.xls,FBKF_componentes,si,no_mapeado_o_no_usado
2018,fbkf_maq_eq,J,62,,582160637.6714668,Encuesta de Actividad Económica 2018/EAE_C8_2018.xls,FBKF_componentes,si,no_mapeado_o_no_usado
2018,fbkf_maq_eq,J,63,,50667558.256997205,Encuesta de Actividad Económica 2018/EAE_C8_2018.xls,FBKF_componentes,si,no_mapeado_o_no_usado
2018,fbkf_maq_eq,K,64,,128802918.58068247,Encuesta de Actividad Económica 2018/EAE_C8_2018.xls,FBKF_componentes,si,no_mapeado_o_no_usado
2018,fbkf_maq_eq,K,66,,62333483.68465601,Encuesta de Actividad Económica 2018/EAE_C8_2018.xls,FBKF_componentes,si,no_mapeado_o_no_usado
2018,fbkf_maq_eq,J,68,,157243226.9226063,Encuesta de Actividad Económica 2018/EAE_C8_2018.xls,FBKF_componentes,si,no_mapeado_o_no_usado
2018,fbkf_maq_eq,M,69,,133829987.08869062,Encuesta de Actividad Económica 2018/EAE_C8_2018.xls,FBKF_componentes,si,no_mapeado_o_no_usado
2018,fbkf_maq_eq,M,70,,43888200.286771424,Encuesta de Actividad Económica 2018/EAE_C8_2018.xls,FBKF_componentes,si,no_mapeado_o_no_usado
2018,fbkf_maq_eq,M,71,,112352775.2274503,Encuesta de Actividad Económica 2018/EAE_C8_2018.xls,FBKF_componentes,si,no_mapeado_o_no_usado
2018,fbkf_maq_eq,M,72,,36872100.67128409,Encuesta de Actividad Económica 2018/EAE_C8_2018.xls,FBKF_componentes,si,no_mapeado_o_no_usado
2018,fbkf_maq_eq,M,73,,128864010.23903964,Encuesta de Actividad Económica 2018/EAE_C8_2018.xls,FBKF_componentes,si,no_mapeado_o_no_usado
2018,fbkf_maq_eq,M,74,,48853574.00115782,Encuesta de Actividad Económica 2018/EAE_C8_2018.xls,FBKF_componentes,si,no_mapeado_o_no_usado
2018,fbkf_maq_eq,M,75,,1144844.8932675284,Encuesta de Actividad Económica 2018/EAE_C8_2018.xls,FBKF_componentes,si,no_mapeado_o_no_usado
2018,fbkf_maq_eq,N,77,,1749785097.891574,Encuesta de Actividad Económica 2018/EAE_C8_2018.xls,FBKF_componentes,si,no_mapeado_o_no_usado
2018,fbkf_maq_eq,N,78,,21725033.92378164,Encuesta de Actividad Económica 2018/EAE_C8_2018.xls,FBKF_componentes,si,no_mapeado_o_no_usado
2018,fbkf_maq_eq,N,79,,22780452.477239713,Encuesta de Actividad Económica 2018/EAE_C8_2018.xls,FBKF_componentes,si,no_mapeado_o_no_usado
2018,fbkf_maq_eq,N,80,,362264648.8066084,Encuesta de Actividad Económica 2018/EAE_C8_2018.xls,FBKF_componentes,si,no_mapeado_o_no_usado
2018,fbkf_maq_eq,N,81,,62686890.61354006,Encuesta de Actividad Económica 2018/EAE_C8_2018.xls,FBKF_componentes,si,no_mapeado_o_no_usado
2018,fbkf_maq_eq,N,82,,182350081.25596145,Encuesta de Actividad Económica 2018/EAE_C8_2018.xls,FBKF_componentes,si,no_mapeado_o_no_usado
2018,fbkf_maq_eq,P,85,,289948735.2350211,Encuesta de Actividad Económica 2018/EAE_C8_2018.xls,FBKF_componentes,si,no_mapeado_o_no_usado
2018,fbkf_maq_eq,Q,86,,1146319398.1043053,Encuesta de Actividad Económica 2018/EAE_C8_2018.xls,FBKF_componentes,si,no_mapeado_o_no_usado
2018,fbkf_maq_eq,Q,87,,40603307.120303415,Encuesta de Actividad Económica 2018/EAE_C8_2018.xls,FBKF_componentes,si,no_mapeado_o_no_usado
2018,fbkf_maq_eq,Q,88,,4524958.58720415,Encuesta de Actividad Económica 2018/EAE_C8_2018.xls,FBKF_componentes,si,no_mapeado_o_no_usado
2018,fbkf_maq_eq,R,90,,45249433.5,Encuesta de Actividad Económica 2018/EAE_C8_2018.xls,FBKF_componentes,si,no_mapeado_o_no_usado
2018,fbkf_maq_eq,R,92,,251319501.0864948,Encuesta de Actividad Económica 2018/EAE_C8_2018.xls,FBKF_componentes,si,no_mapeado_o_no_usado
2018,fbkf_maq_eq,R,93,,142881989.19187793,Encuesta de Actividad Económica 2018/EAE_C8_2018.xls,FBKF_componentes,si,no_mapeado_o_no_usado
2018,fbkf_maq_eq,S,94,,125972722.74594755,Encuesta de Actividad Económica 2018/EAE_C8_2018.xls,FBKF_componentes,si,no_mapeado_o_no_usado
2018,fbkf_maq_eq,S,95,,6154822.861845318,Encuesta de Actividad Económica 2018/EAE_C8_2018.xls,FBKF_componentes,si,no_mapeado_o_no_usado
2018,fbkf_maq_eq,S,96,,58445887.763721704,Encuesta de Actividad Económica 2018/EAE_C8_2018.xls,FBKF_componentes,si,no_mapeado_o_no_usado
2019,fbcf,B,08 y 09,,224751516.0,Encuesta de Actividad Económica 2019/EAE_C6_2019.xls,FBCF,si,no_mapeado_o_no_usado
2019,adquisiciones_importadas,B,08 y 09,,0.0,Encuesta de Actividad Económica 2019/EAE_C6_2019.xls,FBCF,si,no_mapeado_o_no_usado
2019,adquisiciones_origen_importado,B,08 y 09,,51663270.0,Encuesta de Actividad Económica 2019/EAE_C6_2019.xls,FBCF,si,no_mapeado_o_no_usado
2019,fbcf,C,10,10_11_12_alimentos_bebidas_tabaco,16559540633.0,Encuesta de Actividad Económica 2019/EAE_C6_2019.xls,FBCF,si,mapeado
2019,adquisiciones_importadas,C,10,10_11_12_alimentos_bebidas_tabaco,9050825511.0,Encuesta de Actividad Económica 2019/EAE_C6_2019.xls,FBCF,si,mapeado
2019,adquisiciones_origen_importado,C,10,10_11_12_alimentos_bebidas_tabaco,1877333766.0,Encuesta de Actividad Económica 2019/EAE_C6_2019.xls,FBCF,si,mapeado
2019,fbcf,C,11 y 12,10_11_12_alimentos_bebidas_tabaco,2421953560.0,Encuesta de Actividad Económica 2019/EAE_C6_2019.xls,FBCF,si,mapeado
2019,adquisiciones_importadas,C,11 y 12,10_11_12_alimentos_bebidas_tabaco,52870598.0,Encuesta de Actividad Económica 2019/EAE_C6_2019.xls,FBCF,si,mapeado
2019,adquisiciones_origen_importado,C,11 y 12,10_11_12_alimentos_bebidas_tabaco,33427104.0,Encuesta de Actividad Económica 2019/EAE_C6_2019.xls,FBCF,si,mapeado
2019,fbcf,C,13,13_14_15_textiles_prendas_cuero,75842958.0,Encuesta de Actividad Económica 2019/EAE_C6_2019.xls,FBCF,si,mapeado
2019,adquisiciones_importadas,C,13,13_14_15_textiles_prendas_cuero,665209.0,Encuesta de Actividad Económica 2019/EAE_C6_2019.xls,FBCF,si,mapeado
2019,adquisiciones_origen_importado,C,13,13_14_15_textiles_prendas_cuero,11681124.0,Encuesta de Actividad Económica 2019/EAE_C6_2019.xls,FBCF,si,mapeado
2019,fbcf,C,14,13_14_15_textiles_prendas_cuero,87904526.0,Encuesta de Actividad Económica 2019/EAE_C6_2019.xls,FBCF,si,mapeado
2019,adquisiciones_importadas,C,14,13_14_15_textiles_prendas_cuero,0.0,Encuesta de Actividad Económica 2019/EAE_C6_2019.xls,FBCF,si,mapeado
2019,adquisiciones_origen_importado,C,14,13_14_15_textiles_prendas_cuero,5100126.0,Encuesta de Actividad Económica 2019/EAE_C6_2019.xls,FBCF,si,mapeado
2019,fbcf,C,15,13_14_15_textiles_prendas_cuero,440531158.0,Encuesta de Actividad Económica 2019/EAE_C6_2019.xls,FBCF,si,mapeado
2019,adquisiciones_importadas,C,15,13_14_15_textiles_prendas_cuero,106913454.0,Encuesta de Actividad Económica 2019/EAE_C6_2019.xls,FBCF,si,mapeado
2019,adquisiciones_origen_importado,C,15,13_14_15_textiles_prendas_cuero,50504286.0,Encuesta de Actividad Económica 2019/EAE_C6_2019.xls,FBCF,si,mapeado
2019,fbcf,C,16,16_madera,893602288.0,Encuesta de Actividad Económica 2019/EAE_C6_2019.xls,FBCF,si,mapeado
2019,adquisiciones_importadas,C,16,16_madera,268788667.0,Encuesta de Actividad Económica 2019/EAE_C6_2019.xls,FBCF,si,mapeado
2019,adquisiciones_origen_importado,C,16,16_madera,122765639.0,Encuesta de Actividad Económica 2019/EAE_C6_2019.xls,FBCF,si,mapeado
2019,fbcf,C,17,17_18_papel_impresion,1744353476.0,Encuesta de Actividad Económica 2019/EAE_C6_2019.xls,FBCF,si,mapeado
2019,adquisiciones_importadas,C,17,17_18_papel_impresion,62935989.0,Encuesta de Actividad Económica 2019/EAE_C6_2019.xls,FBCF,si,mapeado
2019,adquisiciones_origen_importado,C,17,17_18_papel_impresion,219998145.0,Encuesta de Actividad Económica 2019/EAE_C6_2019.xls,FBCF,si,mapeado
2019,fbcf,C,18,17_18_papel_impresion,116709311.0,Encuesta de Actividad Económica 2019/EAE_C6_2019.xls,FBCF,si,mapeado
2019,adquisiciones_importadas,C,18,17_18_papel_impresion,1630667.0,Encuesta de Actividad Económica 2019/EAE_C6_2019.xls,FBCF,si,mapeado
2019,adquisiciones_origen_importado,C,18,17_18_papel_impresion,81751950.0,Encuesta de Actividad Económica 2019/EAE_C6_2019.xls,FBCF,si,mapeado
2019,fbcf,C,19,19_refinacion,2314541325.0,Encuesta de Actividad Económica 2019/EAE_C6_2019.xls,FBCF,si,mapeado
2019,adquisiciones_importadas,C,19,19_refinacion,0.0,Encuesta de Actividad Económica 2019/EAE_C6_2019.xls,FBCF,si,mapeado
2019,adquisiciones_origen_importado,C,19,19_refinacion,9553644.0,Encuesta de Actividad Económica 2019/EAE_C6_2019.xls,FBCF,si,mapeado
2019,fbcf,C,20,20_21_22_quimicos_farma_caucho_plastico,772552970.0,Encuesta de Actividad Económica 2019/EAE_C6_2019.xls,FBCF,si,mapeado
2019,adquisiciones_importadas,C,20,20_21_22_quimicos_farma_caucho_plastico,65684940.0,Encuesta de Actividad Económica 2019/EAE_C6_2019.xls,FBCF,si,mapeado
2019,adquisiciones_origen_importado,C,20,20_21_22_quimicos_farma_caucho_plastico,49127977.0,Encuesta de Actividad Económica 2019/EAE_C6_2019.xls,FBCF,si,mapeado
2019,fbcf,C,21,20_21_22_quimicos_farma_caucho_plastico,1772457226.0,Encuesta de Actividad Económica 2019/EAE_C6_2019.xls,FBCF,si,mapeado
2019,adquisiciones_importadas,C,21,20_21_22_quimicos_farma_caucho_plastico,745125401.0,Encuesta de Actividad Económica 2019/EAE_C6_2019.xls,FBCF,si,mapeado
2019,adquisiciones_origen_importado,C,21,20_21_22_quimicos_farma_caucho_plastico,149782327.0,Encuesta de Actividad Económica 2019/EAE_C6_2019.xls,FBCF,si,mapeado
2019,fbcf,C,22,20_21_22_quimicos_farma_caucho_plastico,1025124374.0,Encuesta de Actividad Económica 2019/EAE_C6_2019.xls,FBCF,si,mapeado
2019,adquisiciones_importadas,C,22,20_21_22_quimicos_farma_caucho_plastico,55573381.0,Encuesta de Actividad Económica 2019/EAE_C6_2019.xls,FBCF,si,mapeado
2019,adquisiciones_origen_importado,C,22,20_21_22_quimicos_farma_caucho_plastico,259134662.0,Encuesta de Actividad Económica 2019/EAE_C6_2019.xls,FBCF,si,mapeado
2019,fbcf,C,23,23_24_minerales_metales,705681540.0,Encuesta de Actividad Económica 2019/EAE_C6_2019.xls,FBCF,si,mapeado
2019,adquisiciones_importadas,C,23,23_24_minerales_metales,58957710.0,Encuesta de Actividad Económica 2019/EAE_C6_2019.xls,FBCF,si,mapeado
2019,adquisiciones_origen_importado,C,23,23_24_minerales_metales,272404002.0,Encuesta de Actividad Económica 2019/EAE_C6_2019.xls,FBCF,si,mapeado
2019,fbcf,C,24,23_24_minerales_metales,189648390.0,Encuesta de Actividad Económica 2019/EAE_C6_2019.xls,FBCF,si,mapeado
2019,adquisiciones_importadas,C,24,23_24_minerales_metales,0.0,Encuesta de Actividad Económica 2019/EAE_C6_2019.xls,FBCF,si,mapeado
2019,adquisiciones_origen_importado,C,24,23_24_minerales_metales,15565729.0,Encuesta de Actividad Económica 2019/EAE_C6_2019.xls,FBCF,si,mapeado
2019,fbcf,C,25,25_26_27_28_33_metal_equipos_reparacion,784452436.0,Encuesta de Actividad Económica 2019/EAE_C6_2019.xls,FBCF,si,mapeado
2019,adquisiciones_importadas,C,25,25_26_27_28_33_metal_equipos_reparacion,2820783.0,Encuesta de Actividad Económica 2019/EAE_C6_2019.xls,FBCF,si,mapeado
2019,adquisiciones_origen_importado,C,25,25_26_27_28_33_metal_equipos_reparacion,661056135.0,Encuesta de Actividad Económica 2019/EAE_C6_2019.xls,FBCF,si,mapeado
2019,fbcf,C,26,25_26_27_28_33_metal_equipos_reparacion,30531131.0,Encuesta de Actividad Económica 2019/EAE_C6_2019.xls,FBCF,si,mapeado
2019,adquisiciones_importadas,C,26,25_26_27_28_33_metal_equipos_reparacion,0.0,Encuesta de Actividad Económica 2019/EAE_C6_2019.xls,FBCF,si,mapeado
2019,adquisiciones_origen_importado,C,26,25_26_27_28_33_metal_equipos_reparacion,31170777.0,Encuesta de Actividad Económica 2019/EAE_C6_2019.xls,FBCF,si,mapeado
2019,fbcf,C,27,25_26_27_28_33_metal_equipos_reparacion,120510725.0,Encuesta de Actividad Económica 2019/EAE_C6_2019.xls,FBCF,si,mapeado
2019,adquisiciones_importadas,C,27,25_26_27_28_33_metal_equipos_reparacion,3024759.0,Encuesta de Actividad Económica 2019/EAE_C6_2019.xls,FBCF,si,mapeado
2019,adquisiciones_origen_importado,C,27,25_26_27_28_33_metal_equipos_reparacion,11310079.0,Encuesta de Actividad Económica 2019/EAE_C6_2019.xls,FBCF,si,mapeado
2019,fbcf,C,28,25_26_27_28_33_metal_equipos_reparacion,8136708.0,Encuesta de Actividad Económica 2019/EAE_C6_2019.xls,FBCF,si,mapeado
2019,adquisiciones_importadas,C,28,25_26_27_28_33_metal_equipos_reparacion,0.0,Encuesta de Actividad Económica 2019/EAE_C6_2019.xls,FBCF,si,mapeado
2019,adquisiciones_origen_importado,C,28,25_26_27_28_33_metal_equipos_reparacion,1392276.0,Encuesta de Actividad Económica 2019/EAE_C6_2019.xls,FBCF,si,mapeado
2019,fbcf,C,29 y 30,29_30_vehiculos_transporte,357759296.0,Encuesta de Actividad Económica 2019/EAE_C6_2019.xls,FBCF,si,mapeado
2019,adquisiciones_importadas,C,29 y 30,29_30_vehiculos_transporte,74817595.0,Encuesta de Actividad Económica 2019/EAE_C6_2019.xls,FBCF,si,mapeado
2019,adquisiciones_origen_importado,C,29 y 30,29_30_vehiculos_transporte,14770829.0,Encuesta de Actividad Económica 2019/EAE_C6_2019.xls,FBCF,si,mapeado
2019,fbcf,C,31,31_32_muebles_otras_manufacturas,34097082.0,Encuesta de Actividad Económica 2019/EAE_C6_2019.xls,FBCF,si,mapeado
2019,adquisiciones_importadas,C,31,31_32_muebles_otras_manufacturas,0.0,Encuesta de Actividad Económica 2019/EAE_C6_2019.xls,FBCF,si,mapeado
2019,adquisiciones_origen_importado,C,31,31_32_muebles_otras_manufacturas,269844.0,Encuesta de Actividad Económica 2019/EAE_C6_2019.xls,FBCF,si,mapeado
2019,fbcf,C,32,31_32_muebles_otras_manufacturas,52419687.0,Encuesta de Actividad Económica 2019/EAE_C6_2019.xls,FBCF,si,mapeado
2019,adquisiciones_importadas,C,32,31_32_muebles_otras_manufacturas,2760402.0,Encuesta de Actividad Económica 2019/EAE_C6_2019.xls,FBCF,si,mapeado
2019,adquisiciones_origen_importado,C,32,31_32_muebles_otras_manufacturas,19961420.0,Encuesta de Actividad Económica 2019/EAE_C6_2019.xls,FBCF,si,mapeado
2019,fbcf,C,33,25_26_27_28_33_metal_equipos_reparacion,250697224.0,Encuesta de Actividad Económica 2019/EAE_C6_2019.xls,FBCF,si,mapeado
2019,adquisiciones_importadas,C,33,25_26_27_28_33_metal_equipos_reparacion,161692894.0,Encuesta de Actividad Económica 2019/EAE_C6_2019.xls,FBCF,si,mapeado
2019,adquisiciones_origen_importado,C,33,25_26_27_28_33_metal_equipos_reparacion,19156984.0,Encuesta de Actividad Económica 2019/EAE_C6_2019.xls,FBCF,si,mapeado
2019,fbcf,D,35,,12701588640.0,Encuesta de Actividad Económica 2019/EAE_C6_2019.xls,FBCF,si,no_mapeado_o_no_usado
2019,adquisiciones_importadas,D,35,,0.0,Encuesta de Actividad Económica 2019/EAE_C6_2019.xls,FBCF,si,no_mapeado_o_no_usado
2019,adquisiciones_origen_importado,D,35,,1261567.0,Encuesta de Actividad Económica 2019/EAE_C6_2019.xls,FBCF,si,no_mapeado_o_no_usado
2019,fbcf,E,"36, 37 y 38",,4556105716.0,Encuesta de Actividad Económica 2019/EAE_C6_2019.xls,FBCF,si,no_mapeado_o_no_usado
2019,adquisiciones_importadas,E,"36, 37 y 38",,9176791.0,Encuesta de Actividad Económica 2019/EAE_C6_2019.xls,FBCF,si,no_mapeado_o_no_usado
2019,adquisiciones_origen_importado,E,"36, 37 y 38",,134084077.0,Encuesta de Actividad Económica 2019/EAE_C6_2019.xls,FBCF,si,no_mapeado_o_no_usado
2019,fbcf,G,45,,1100738430.0,Encuesta de Actividad Económica 2019/EAE_C6_2019.xls,FBCF,si,no_mapeado_o_no_usado
2019,adquisiciones_importadas,G,45,,74590504.0,Encuesta de Actividad Económica 2019/EAE_C6_2019.xls,FBCF,si,no_mapeado_o_no_usado
2019,adquisiciones_origen_importado,G,45,,464087999.0,Encuesta de Actividad Económica 2019/EAE_C6_2019.xls,FBCF,si,no_mapeado_o_no_usado
2019,fbcf,G,46,,17344742379.0,Encuesta de Actividad Económica 2019/EAE_C6_2019.xls,FBCF,si,no_mapeado_o_no_usado
2019,adquisiciones_importadas,G,46,,1203484608.0,Encuesta de Actividad Económica 2019/EAE_C6_2019.xls,FBCF,si,no_mapeado_o_no_usado
2019,adquisiciones_origen_importado,G,46,,2750684857.0,Encuesta de Actividad Económica 2019/EAE_C6_2019.xls,FBCF,si,no_mapeado_o_no_usado
2019,fbcf,G,47,,5591015183.0,Encuesta de Actividad Económica 2019/EAE_C6_2019.xls,FBCF,si,no_mapeado_o_no_usado
2019,adquisiciones_importadas,G,47,,46757596.0,Encuesta de Actividad Económica 2019/EAE_C6_2019.xls,FBCF,si,no_mapeado_o_no_usado
2019,adquisiciones_origen_importado,G,47,,406479406.0,Encuesta de Actividad Económica 2019/EAE_C6_2019.xls,FBCF,si,no_mapeado_o_no_usado
2019,fbcf,H,49,,4399869662.0,Encuesta de Actividad Económica 2019/EAE_C6_2019.xls,FBCF,si,no_mapeado_o_no_usado
2019,adquisiciones_importadas,H,49,,110200133.0,Encuesta de Actividad Económica 2019/EAE_C6_2019.xls,FBCF,si,no_mapeado_o_no_usado
2019,adquisiciones_origen_importado,H,49,,1426693622.0,Encuesta de Actividad Económica 2019/EAE_C6_2019.xls,FBCF,si,no_mapeado_o_no_usado
2019,fbcf,H,50,,432855760.0,Encuesta de Actividad Económica 2019/EAE_C6_2019.xls,FBCF,si,no_mapeado_o_no_usado
2019,adquisiciones_importadas,H,50,,150103100.0,Encuesta de Actividad Económica 2019/EAE_C6_2019.xls,FBCF,si,no_mapeado_o_no_usado
2019,adquisiciones_origen_importado,H,50,,152455741.0,Encuesta de Actividad Económica 2019/EAE_C6_2019.xls,FBCF,si,no_mapeado_o_no_usado
2019,fbcf,H,51,,48947847.0,Encuesta de Actividad Económica 2019/EAE_C6_2019.xls,FBCF,si,no_mapeado_o_no_usado
2019,adquisiciones_importadas,H,51,,0.0,Encuesta de Actividad Económica 2019/EAE_C6_2019.xls,FBCF,si,no_mapeado_o_no_usado
2019,adquisiciones_origen_importado,H,51,,4117223.0,Encuesta de Actividad Económica 2019/EAE_C6_2019.xls,FBCF,si,no_mapeado_o_no_usado
2019,fbcf,H,52,,6898601533.0,Encuesta de Actividad Económica 2019/EAE_C6_2019.xls,FBCF,si,no_mapeado_o_no_usado
2019,adquisiciones_importadas,H,52,,350692868.0,Encuesta de Actividad Económica 2019/EAE_C6_2019.xls,FBCF,si,no_mapeado_o_no_usado
2019,adquisiciones_origen_importado,H,52,,223933148.0,Encuesta de Actividad Económica 2019/EAE_C6_2019.xls,FBCF,si,no_mapeado_o_no_usado
2019,fbcf,H,53,,245213520.0,Encuesta de Actividad Económica 2019/EAE_C6_2019.xls,FBCF,si,no_mapeado_o_no_usado
2019,adquisiciones_importadas,H,53,,0.0,Encuesta de Actividad Económica 2019/EAE_C6_2019.xls,FBCF,si,no_mapeado_o_no_usado
2019,adquisiciones_origen_importado,H,53,,59752093.0,Encuesta de Actividad Económica 2019/EAE_C6_2019.xls,FBCF,si,no_mapeado_o_no_usado
2019,fbcf,I,55,,397311528.0,Encuesta de Actividad Económica 2019/EAE_C6_2019.xls,FBCF,si,no_mapeado_o_no_usado
2019,adquisiciones_importadas,I,55,,1042892.0,Encuesta de Actividad Económica 2019/EAE_C6_2019.xls,FBCF,si,no_mapeado_o_no_usado
2019,adquisiciones_origen_importado,I,55,,6124472.0,Encuesta de Actividad Económica 2019/EAE_C6_2019.xls,FBCF,si,no_mapeado_o_no_usado
2019,fbcf,I,56,,705871466.0,Encuesta de Actividad Económica 2019/EAE_C6_2019.xls,FBCF,si,no_mapeado_o_no_usado
2019,adquisiciones_importadas,I,56,,0.0,Encuesta de Actividad Económica 2019/EAE_C6_2019.xls,FBCF,si,no_mapeado_o_no_usado
2019,adquisiciones_origen_importado,I,56,,18152499.0,Encuesta de Actividad Económica 2019/EAE_C6_2019.xls,FBCF,si,no_mapeado_o_no_usado
2019,fbcf,J,58,,42657414.0,Encuesta de Actividad Económica 2019/EAE_C6_2019.xls,FBCF,si,no_mapeado_o_no_usado
2019,adquisiciones_importadas,J,58,,0.0,Encuesta de Actividad Económica 2019/EAE_C6_2019.xls,FBCF,si,no_mapeado_o_no_usado
2019,adquisiciones_origen_importado,J,58,,10459395.0,Encuesta de Actividad Económica 2019/EAE_C6_2019.xls,FBCF,si,no_mapeado_o_no_usado
2019,fbcf,J,59,,411150413.0,Encuesta de Actividad Económica 2019/EAE_C6_2019.xls,FBCF,si,no_mapeado_o_no_usado
2019,adquisiciones_importadas,J,59,,0.0,Encuesta de Actividad Económica 2019/EAE_C6_2019.xls,FBCF,si,no_mapeado_o_no_usado
2019,adquisiciones_origen_importado,J,59,,12834382.0,Encuesta de Actividad Económica 2019/EAE_C6_2019.xls,FBCF,si,no_mapeado_o_no_usado
2019,fbcf,J,60,,240649761.0,Encuesta de Actividad Económica 2019/EAE_C6_2019.xls,FBCF,si,no_mapeado_o_no_usado
2019,adquisiciones_importadas,J,60,,137623654.0,Encuesta de Actividad Económica 2019/EAE_C6_2019.xls,FBCF,si,no_mapeado_o_no_usado
2019,adquisiciones_origen_importado,J,60,,41050029.0,Encuesta de Actividad Económica 2019/EAE_C6_2019.xls,FBCF,si,no_mapeado_o_no_usado
2019,fbcf,J,61,,10979963447.0,Encuesta de Actividad Económica 2019/EAE_C6_2019.xls,FBCF,si,no_mapeado_o_no_usado
2019,adquisiciones_importadas,J,61,,2849540184.0,Encuesta de Actividad Económica 2019/EAE_C6_2019.xls,FBCF,si,no_mapeado_o_no_usado
2019,adquisiciones_origen_importado,J,61,,2908104815.0,Encuesta de Actividad Económica 2019/EAE_C6_2019.xls,FBCF,si,no_mapeado_o_no_usado
2019,fbcf,J,62,,1364260857.0,Encuesta de Actividad Económica 2019/EAE_C6_2019.xls,FBCF,si,no_mapeado_o_no_usado
2019,adquisiciones_importadas,J,62,,361158.0,Encuesta de Actividad Económica 2019/EAE_C6_2019.xls,FBCF,si,no_mapeado_o_no_usado
2019,adquisiciones_origen_importado,J,62,,342102106.0,Encuesta de Actividad Económica 2019/EAE_C6_2019.xls,FBCF,si,no_mapeado_o_no_usado
2019,fbcf,J,63,,1149784843.0,Encuesta de Actividad Económica 2019/EAE_C6_2019.xls,FBCF,si,no_mapeado_o_no_usado
2019,adquisiciones_importadas,J,63,,727629.0,Encuesta de Actividad Económica 2019/EAE_C6_2019.xls,FBCF,si,no_mapeado_o_no_usado
2019,adquisiciones_origen_importado,J,63,,2194121.0,Encuesta de Actividad Económica 2019/EAE_C6_2019.xls,FBCF,si,no_mapeado_o_no_usado
2019,fbcf,K,64,,408665663.0,Encuesta de Actividad Económica 2019/EAE_C6_2019.xls,FBCF,si,no_mapeado_o_no_usado
2019,adquisiciones_importadas,K,64,,6620242.0,Encuesta de Actividad Económica 2019/EAE_C6_2019.xls,FBCF,si,no_mapeado_o_no_usado
2019,adquisiciones_origen_importado,K,64,,1856971.0,Encuesta de Actividad Económica 2019/EAE_C6_2019.xls,FBCF,si,no_mapeado_o_no_usado
2019,fbcf,K,66,,768877800.0,Encuesta de Actividad Económica 2019/EAE_C6_2019.xls,FBCF,si,no_mapeado_o_no_usado
2019,adquisiciones_importadas,K,66,,0.0,Encuesta de Actividad Económica 2019/EAE_C6_2019.xls,FBCF,si,no_mapeado_o_no_usado
2019,adquisiciones_origen_importado,K,66,,16473446.0,Encuesta de Actividad Económica 2019/EAE_C6_2019.xls,FBCF,si,no_mapeado_o_no_usado
2019,fbcf,J,68,,13165465132.0,Encuesta de Actividad Económica 2019/EAE_C6_2019.xls,FBCF,si,no_mapeado_o_no_usado
2019,adquisiciones_importadas,J,68,,0.0,Encuesta de Actividad Económica 2019/EAE_C6_2019.xls,FBCF,si,no_mapeado_o_no_usado
2019,adquisiciones_origen_importado,J,68,,4092724.0,Encuesta de Actividad Económica 2019/EAE_C6_2019.xls,FBCF,si,no_mapeado_o_no_usado
2019,fbcf,M,69,,119522597.0,Encuesta de Actividad Económica 2019/EAE_C6_2019.xls,FBCF,si,no_mapeado_o_no_usado
2019,adquisiciones_importadas,M,69,,0.0,Encuesta de Actividad Económica 2019/EAE_C6_2019.xls,FBCF,si,no_mapeado_o_no_usado
2019,adquisiciones_origen_importado,M,69,,16775697.0,Encuesta de Actividad Económica 2019/EAE_C6_2019.xls,FBCF,si,no_mapeado_o_no_usado
2019,fbcf,M,70,,73378190.0,Encuesta de Actividad Económica 2019/EAE_C6_2019.xls,FBCF,si,no_mapeado_o_no_usado
2019,adquisiciones_importadas,M,70,,9202570.0,Encuesta de Actividad Económica 2019/EAE_C6_2019.xls,FBCF,si,no_mapeado_o_no_usado
2019,adquisiciones_origen_importado,M,70,,12664694.0,Encuesta de Actividad Económica 2019/EAE_C6_2019.xls,FBCF,si,no_mapeado_o_no_usado
2019,fbcf,M,71,,479066180.0,Encuesta de Actividad Económica 2019/EAE_C6_2019.xls,FBCF,si,no_mapeado_o_no_usado
2019,adquisiciones_importadas,M,71,,0.0,Encuesta de Actividad Económica 2019/EAE_C6_2019.xls,FBCF,si,no_mapeado_o_no_usado
2019,adquisiciones_origen_importado,M,71,,150809831.0,Encuesta de Actividad Económica 2019/EAE_C6_2019.xls,FBCF,si,no_mapeado_o_no_usado
2019,fbcf,M,72,,25586592.0,Encuesta de Actividad Económica 2019/EAE_C6_2019.xls,FBCF,si,no_mapeado_o_no_usado
2019,adquisiciones_importadas,M,72,,0.0,Encuesta de Actividad Económica 2019/EAE_C6_2019.xls,FBCF,si,no_mapeado_o_no_usado
2019,adquisiciones_origen_importado,M,72,,696921.0,Encuesta de Actividad Económica 2019/EAE_C6_2019.xls,FBCF,si,no_mapeado_o_no_usado
2019,fbcf,M,73,,256340131.0,Encuesta de Actividad Económica 2019/EAE_C6_2019.xls,FBCF,si,no_mapeado_o_no_usado
2019,adquisiciones_importadas,M,73,,7295078.0,Encuesta de Actividad Económica 2019/EAE_C6_2019.xls,FBCF,si,no_mapeado_o_no_usado
2019,adquisiciones_origen_importado,M,73,,8479176.0,Encuesta de Actividad Económica 2019/EAE_C6_2019.xls,FBCF,si,no_mapeado_o_no_usado
2019,fbcf,M,74,,115746116.0,Encuesta de Actividad Económica 2019/EAE_C6_2019.xls,FBCF,si,no_mapeado_o_no_usado
2019,adquisiciones_importadas,M,74,,0.0,Encuesta de Actividad Económica 2019/EAE_C6_2019.xls,FBCF,si,no_mapeado_o_no_usado
2019,adquisiciones_origen_importado,M,74,,13786005.0,Encuesta de Actividad Económica 2019/EAE_C6_2019.xls,FBCF,si,no_mapeado_o_no_usado
2019,fbcf,M,75,,6383735.0,Encuesta de Actividad Económica 2019/EAE_C6_2019.xls,FBCF,si,no_mapeado_o_no_usado
2019,adquisiciones_importadas,M,75,,0.0,Encuesta de Actividad Económica 2019/EAE_C6_2019.xls,FBCF,si,no_mapeado_o_no_usado
2019,adquisiciones_origen_importado,M,75,,0.0,Encuesta de Actividad Económica 2019/EAE_C6_2019.xls,FBCF,si,no_mapeado_o_no_usado
2019,fbcf,N,77,,1800341140.0,Encuesta de Actividad Económica 2019/EAE_C6_2019.xls,FBCF,si,no_mapeado_o_no_usado
2019,adquisiciones_importadas,N,77,,460807029.0,Encuesta de Actividad Económica 2019/EAE_C6_2019.xls,FBCF,si,no_mapeado_o_no_usado
2019,adquisiciones_origen_importado,N,77,,912686345.0,Encuesta de Actividad Económica 2019/EAE_C6_2019.xls,FBCF,si,no_mapeado_o_no_usado
2019,fbcf,N,78,,22122485.0,Encuesta de Actividad Económica 2019/EAE_C6_2019.xls,FBCF,si,no_mapeado_o_no_usado
2019,adquisiciones_importadas,N,78,,0.0,Encuesta de Actividad Económica 2019/EAE_C6_2019.xls,FBCF,si,no_mapeado_o_no_usado
2019,adquisiciones_origen_importado,N,78,,4847091.0,Encuesta de Actividad Económica 2019/EAE_C6_2019.xls,FBCF,si,no_mapeado_o_no_usado
2019,fbcf,N,79,,161629868.0,Encuesta de Actividad Económica 2019/EAE_C6_2019.xls,FBCF,si,no_mapeado_o_no_usado
2019,adquisiciones_importadas,N,79,,6650463.0,Encuesta de Actividad Económica 2019/EAE_C6_2019.xls,FBCF,si,no_mapeado_o_no_usado
2019,adquisiciones_origen_importado,N,79,,124595166.0,Encuesta de Actividad Económica 2019/EAE_C6_2019.xls,FBCF,si,no_mapeado_o_no_usado
2019,fbcf,N,80,,792152853.0,Encuesta de Actividad Económica 2019/EAE_C6_2019.xls,FBCF,si,no_mapeado_o_no_usado
2019,adquisiciones_importadas,N,80,,0.0,Encuesta de Actividad Económica 2019/EAE_C6_2019.xls,FBCF,si,no_mapeado_o_no_usado
2019,adquisiciones_origen_importado,N,80,,120115161.0,Encuesta de Actividad Económica 2019/EAE_C6_2019.xls,FBCF,si,no_mapeado_o_no_usado
2019,fbcf,N,81,,157512235.0,Encuesta de Actividad Económica 2019/EAE_C6_2019.xls,FBCF,si,no_mapeado_o_no_usado
2019,adquisiciones_importadas,N,81,,0.0,Encuesta de Actividad Económica 2019/EAE_C6_2019.xls,FBCF,si,no_mapeado_o_no_usado
2019,adquisiciones_origen_importado,N,81,,13472805.0,Encuesta de Actividad Económica 2019/EAE_C6_2019.xls,FBCF,si,no_mapeado_o_no_usado
2019,fbcf,N,82,,372974582.0,Encuesta de Actividad Económica 2019/EAE_C6_2019.xls,FBCF,si,no_mapeado_o_no_usado
2019,adquisiciones_importadas,N,82,,119280026.0,Encuesta de Actividad Económica 2019/EAE_C6_2019.xls,FBCF,si,no_mapeado_o_no_usado
2019,adquisiciones_origen_importado,N,82,,62524906.0,Encuesta de Actividad Económica 2019/EAE_C6_2019.xls,FBCF,si,no_mapeado_o_no_usado
2019,fbcf,P,85,,1742923683.0,Encuesta de Actividad Económica 2019/EAE_C6_2019.xls,FBCF,si,no_mapeado_o_no_usado
2019,adquisiciones_importadas,P,85,,18176692.0,Encuesta de Actividad Económica 2019/EAE_C6_2019.xls,FBCF,si,no_mapeado_o_no_usado
2019,adquisiciones_origen_importado,P,85,,46476947.0,Encuesta de Actividad Económica 2019/EAE_C6_2019.xls,FBCF,si,no_mapeado_o_no_usado
2019,fbcf,Q,86,,6196805631.0,Encuesta de Actividad Económica 2019/EAE_C6_2019.xls,FBCF,si,no_mapeado_o_no_usado
2019,adquisiciones_importadas,Q,86,,15151499.0,Encuesta de Actividad Económica 2019/EAE_C6_2019.xls,FBCF,si,no_mapeado_o_no_usado
2019,adquisiciones_origen_importado,Q,86,,299249463.0,Encuesta de Actividad Económica 2019/EAE_C6_2019.xls,FBCF,si,no_mapeado_o_no_usado
2019,fbcf,Q,87,,123783881.0,Encuesta de Actividad Económica 2019/EAE_C6_2019.xls,FBCF,si,no_mapeado_o_no_usado
2019,adquisiciones_importadas,Q,87,,0.0,Encuesta de Actividad Económica 2019/EAE_C6_2019.xls,FBCF,si,no_mapeado_o_no_usado
2019,adquisiciones_origen_importado,Q,87,,10892497.0,Encuesta de Actividad Económica 2019/EAE_C6_2019.xls,FBCF,si,no_mapeado_o_no_usado
2019,fbcf,Q,88,,15371315.0,Encuesta de Actividad Económica 2019/EAE_C6_2019.xls,FBCF,si,no_mapeado_o_no_usado
2019,adquisiciones_importadas,Q,88,,0.0,Encuesta de Actividad Económica 2019/EAE_C6_2019.xls,FBCF,si,no_mapeado_o_no_usado
2019,adquisiciones_origen_importado,Q,88,,438090.0,Encuesta de Actividad Económica 2019/EAE_C6_2019.xls,FBCF,si,no_mapeado_o_no_usado
2019,fbcf,R,90,,40284860.0,Encuesta de Actividad Económica 2019/EAE_C6_2019.xls,FBCF,si,no_mapeado_o_no_usado
2019,adquisiciones_importadas,R,90,,0.0,Encuesta de Actividad Económica 2019/EAE_C6_2019.xls,FBCF,si,no_mapeado_o_no_usado
2019,adquisiciones_origen_importado,R,90,,0.0,Encuesta de Actividad Económica 2019/EAE_C6_2019.xls,FBCF,si,no_mapeado_o_no_usado
2019,fbcf,R,92,,990056511.0,Encuesta de Actividad Económica 2019/EAE_C6_2019.xls,FBCF,si,no_mapeado_o_no_usado
2019,adquisiciones_importadas,R,92,,170658286.0,Encuesta de Actividad Económica 2019/EAE_C6_2019.xls,FBCF,si,no_mapeado_o_no_usado
2019,adquisiciones_origen_importado,R,92,,1568331.0,Encuesta de Actividad Económica 2019/EAE_C6_2019.xls,FBCF,si,no_mapeado_o_no_usado
2019,fbcf,R,93,,878071841.0,Encuesta de Actividad Económica 2019/EAE_C6_2019.xls,FBCF,si,no_mapeado_o_no_usado
2019,adquisiciones_importadas,R,93,,12558157.0,Encuesta de Actividad Económica 2019/EAE_C6_2019.xls,FBCF,si,no_mapeado_o_no_usado
2019,adquisiciones_origen_importado,R,93,,60948454.0,Encuesta de Actividad Económica 2019/EAE_C6_2019.xls,FBCF,si,no_mapeado_o_no_usado
2019,fbcf,S,94,,219799544.0,Encuesta de Actividad Económica 2019/EAE_C6_2019.xls,FBCF,si,no_mapeado_o_no_usado
2019,adquisiciones_importadas,S,94,,0.0,Encuesta de Actividad Económica 2019/EAE_C6_2019.xls,FBCF,si,no_mapeado_o_no_usado
2019,adquisiciones_origen_importado,S,94,,10032661.0,Encuesta de Actividad Económica 2019/EAE_C6_2019.xls,FBCF,si,no_mapeado_o_no_usado
2019,fbcf,S,95,,13343550.0,Encuesta de Actividad Económica 2019/EAE_C6_2019.xls,FBCF,si,no_mapeado_o_no_usado
2019,adquisiciones_importadas,S,95,,0.0,Encuesta de Actividad Económica 2019/EAE_C6_2019.xls,FBCF,si,no_mapeado_o_no_usado
2019,adquisiciones_origen_importado,S,95,,3313799.0,Encuesta de Actividad Económica 2019/EAE_C6_2019.xls,FBCF,si,no_mapeado_o_no_usado
2019,fbcf,S,96,,345173570.0,Encuesta de Actividad Económica 2019/EAE_C6_2019.xls,FBCF,si,no_mapeado_o_no_usado
2019,adquisiciones_importadas,S,96,,22012562.0,Encuesta de Actividad Económica 2019/EAE_C6_2019.xls,FBCF,si,no_mapeado_o_no_usado
2019,adquisiciones_origen_importado,S,96,,7560192.0,Encuesta de Actividad Económica 2019/EAE_C6_2019.xls,FBCF,si,no_mapeado_o_no_usado
2019,fbkf_maq_eq,B,08 y 09,,150003248.0,Encuesta de Actividad Económica 2019/EAE_C8_2019.xls,FBKF_componentes,si,no_mapeado_o_no_usado
2019,fbkf_maq_eq,C,10,10_11_12_alimentos_bebidas_tabaco,3341839545.0,Encuesta de Actividad Económica 2019/EAE_C8_2019.xls,FBKF_componentes,si,mapeado
2019,fbkf_maq_eq,C,11 y 12,10_11_12_alimentos_bebidas_tabaco,1588348658.0,Encuesta de Actividad Económica 2019/EAE_C8_2019.xls,FBKF_componentes,si,mapeado
2019,fbkf_maq_eq,C,13,13_14_15_textiles_prendas_cuero,57997560.0,Encuesta de Actividad Económica 2019/EAE_C8_2019.xls,FBKF_componentes,si,mapeado
2019,fbkf_maq_eq,C,14,13_14_15_textiles_prendas_cuero,15791338.0,Encuesta de Actividad Económica 2019/EAE_C8_2019.xls,FBKF_componentes,si,mapeado
2019,fbkf_maq_eq,C,15,13_14_15_textiles_prendas_cuero,188978587.0,Encuesta de Actividad Económica 2019/EAE_C8_2019.xls,FBKF_componentes,si,mapeado
2019,fbkf_maq_eq,C,16,16_madera,597592419.0,Encuesta de Actividad Económica 2019/EAE_C8_2019.xls,FBKF_componentes,si,mapeado
2019,fbkf_maq_eq,C,17,17_18_papel_impresion,1476293672.0,Encuesta de Actividad Económica 2019/EAE_C8_2019.xls,FBKF_componentes,si,mapeado
2019,fbkf_maq_eq,C,18,17_18_papel_impresion,120030876.0,Encuesta de Actividad Económica 2019/EAE_C8_2019.xls,FBKF_componentes,si,mapeado
2019,fbkf_maq_eq,C,19,19_refinacion,207589628.0,Encuesta de Actividad Económica 2019/EAE_C8_2019.xls,FBKF_componentes,si,mapeado
2019,fbkf_maq_eq,C,20,20_21_22_quimicos_farma_caucho_plastico,285725036.0,Encuesta de Actividad Económica 2019/EAE_C8_2019.xls,FBKF_componentes,si,mapeado
2019,fbkf_maq_eq,C,21,20_21_22_quimicos_farma_caucho_plastico,500457799.0,Encuesta de Actividad Económica 2019/EAE_C8_2019.xls,FBKF_componentes,si,mapeado
2019,fbkf_maq_eq,C,22,20_21_22_quimicos_farma_caucho_plastico,485539791.0,Encuesta de Actividad Económica 2019/EAE_C8_2019.xls,FBKF_componentes,si,mapeado
2019,fbkf_maq_eq,C,23,23_24_minerales_metales,475597711.0,Encuesta de Actividad Económica 2019/EAE_C8_2019.xls,FBKF_componentes,si,mapeado
2019,fbkf_maq_eq,C,24,23_24_minerales_metales,65616530.0,Encuesta de Actividad Económica 2019/EAE_C8_2019.xls,FBKF_componentes,si,mapeado
2019,fbkf_maq_eq,C,25,25_26_27_28_33_metal_equipos_reparacion,729826250.0,Encuesta de Actividad Económica 2019/EAE_C8_2019.xls,FBKF_componentes,si,mapeado
2019,fbkf_maq_eq,C,26,25_26_27_28_33_metal_equipos_reparacion,23586451.0,Encuesta de Actividad Económica 2019/EAE_C8_2019.xls,FBKF_componentes,si,mapeado
2019,fbkf_maq_eq,C,27,25_26_27_28_33_metal_equipos_reparacion,84864234.0,Encuesta de Actividad Económica 2019/EAE_C8_2019.xls,FBKF_componentes,si,mapeado
2019,fbkf_maq_eq,C,28,25_26_27_28_33_metal_equipos_reparacion,7426101.0,Encuesta de Actividad Económica 2019/EAE_C8_2019.xls,FBKF_componentes,si,mapeado
2019,fbkf_maq_eq,C,29 y 30,29_30_vehiculos_transporte,85413332.0,Encuesta de Actividad Económica 2019/EAE_C8_2019.xls,FBKF_componentes,si,mapeado
2019,fbkf_maq_eq,C,31,31_32_muebles_otras_manufacturas,31230397.0,Encuesta de Actividad Económica 2019/EAE_C8_2019.xls,FBKF_componentes,si,mapeado
2019,fbkf_maq_eq,C,32,31_32_muebles_otras_manufacturas,19045960.0,Encuesta de Actividad Económica 2019/EAE_C8_2019.xls,FBKF_componentes,si,mapeado
2019,fbkf_maq_eq,C,33,25_26_27_28_33_metal_equipos_reparacion,194085679.0,Encuesta de Actividad Económica 2019/EAE_C8_2019.xls,FBKF_componentes,si,mapeado
2019,fbkf_maq_eq,D,35,,6057027518.0,Encuesta de Actividad Económica 2019/EAE_C8_2019.xls,FBKF_componentes,si,no_mapeado_o_no_usado
2019,fbkf_maq_eq,E,"36, 37 y 38",,263716648.0,Encuesta de Actividad Económica 2019/EAE_C8_2019.xls,FBKF_componentes,si,no_mapeado_o_no_usado
2019,fbkf_maq_eq,G,45,,719339143.0,Encuesta de Actividad Económica 2019/EAE_C8_2019.xls,FBKF_componentes,si,no_mapeado_o_no_usado
2019,fbkf_maq_eq,G,46,,3513004764.0,Encuesta de Actividad Económica 2019/EAE_C8_2019.xls,FBKF_componentes,si,no_mapeado_o_no_usado
2019,fbkf_maq_eq,G,47,,2584172945.0,Encuesta de Actividad Económica 2019/EAE_C8_2019.xls,FBKF_componentes,si,no_mapeado_o_no_usado
2019,fbkf_maq_eq,H,49,,3782780893.0,Encuesta de Actividad Económica 2019/EAE_C8_2019.xls,FBKF_componentes,si,no_mapeado_o_no_usado
2019,fbkf_maq_eq,H,50,,397160680.0,Encuesta de Actividad Económica 2019/EAE_C8_2019.xls,FBKF_componentes,si,no_mapeado_o_no_usado
2019,fbkf_maq_eq,H,51,,15641018.0,Encuesta de Actividad Económica 2019/EAE_C8_2019.xls,FBKF_componentes,si,no_mapeado_o_no_usado
2019,fbkf_maq_eq,H,52,,3008869180.0,Encuesta de Actividad Económica 2019/EAE_C8_2019.xls,FBKF_componentes,si,no_mapeado_o_no_usado
2019,fbkf_maq_eq,H,53,,139837088.0,Encuesta de Actividad Económica 2019/EAE_C8_2019.xls,FBKF_componentes,si,no_mapeado_o_no_usado
2019,fbkf_maq_eq,I,55,,146828966.0,Encuesta de Actividad Económica 2019/EAE_C8_2019.xls,FBKF_componentes,si,no_mapeado_o_no_usado
2019,fbkf_maq_eq,I,56,,337906357.0,Encuesta de Actividad Económica 2019/EAE_C8_2019.xls,FBKF_componentes,si,no_mapeado_o_no_usado
2019,fbkf_maq_eq,J,58,,19602229.0,Encuesta de Actividad Económica 2019/EAE_C8_2019.xls,FBKF_componentes,si,no_mapeado_o_no_usado
2019,fbkf_maq_eq,J,59,,18395714.0,Encuesta de Actividad Económica 2019/EAE_C8_2019.xls,FBKF_componentes,si,no_mapeado_o_no_usado
2019,fbkf_maq_eq,J,60,,106124112.0,Encuesta de Actividad Económica 2019/EAE_C8_2019.xls,FBKF_componentes,si,no_mapeado_o_no_usado
2019,fbkf_maq_eq,J,61,,5894062826.0,Encuesta de Actividad Económica 2019/EAE_C8_2019.xls,FBKF_componentes,si,no_mapeado_o_no_usado
2019,fbkf_maq_eq,J,62,,613716950.0,Encuesta de Actividad Económica 2019/EAE_C8_2019.xls,FBKF_componentes,si,no_mapeado_o_no_usado
2019,fbkf_maq_eq,J,63,,191079663.0,Encuesta de Actividad Económica 2019/EAE_C8_2019.xls,FBKF_componentes,si,no_mapeado_o_no_usado
2019,fbkf_maq_eq,K,64,,91400153.0,Encuesta de Actividad Económica 2019/EAE_C8_2019.xls,FBKF_componentes,si,no_mapeado_o_no_usado
2019,fbkf_maq_eq,K,66,,132404723.0,Encuesta de Actividad Económica 2019/EAE_C8_2019.xls,FBKF_componentes,si,no_mapeado_o_no_usado
2019,fbkf_maq_eq,J,68,,218063181.0,Encuesta de Actividad Económica 2019/EAE_C8_2019.xls,FBKF_componentes,si,no_mapeado_o_no_usado
2019,fbkf_maq_eq,M,69,,77821405.0,Encuesta de Actividad Económica 2019/EAE_C8_2019.xls,FBKF_componentes,si,no_mapeado_o_no_usado
2019,fbkf_maq_eq,M,70,,28041780.0,Encuesta de Actividad Económica 2019/EAE_C8_2019.xls,FBKF_componentes,si,no_mapeado_o_no_usado
2019,fbkf_maq_eq,M,71,,164005405.0,Encuesta de Actividad Económica 2019/EAE_C8_2019.xls,FBKF_componentes,si,no_mapeado_o_no_usado
2019,fbkf_maq_eq,M,72,,19002533.0,Encuesta de Actividad Económica 2019/EAE_C8_2019.xls,FBKF_componentes,si,no_mapeado_o_no_usado
2019,fbkf_maq_eq,M,73,,193258110.0,Encuesta de Actividad Económica 2019/EAE_C8_2019.xls,FBKF_componentes,si,no_mapeado_o_no_usado
2019,fbkf_maq_eq,M,74,,38737901.0,Encuesta de Actividad Económica 2019/EAE_C8_2019.xls,FBKF_componentes,si,no_mapeado_o_no_usado
2019,fbkf_maq_eq,M,75,,6383735.0,Encuesta de Actividad Económica 2019/EAE_C8_2019.xls,FBKF_componentes,si,no_mapeado_o_no_usado
2019,fbkf_maq_eq,N,77,,1677761806.0,Encuesta de Actividad Económica 2019/EAE_C8_2019.xls,FBKF_componentes,si,no_mapeado_o_no_usado
2019,fbkf_maq_eq,N,78,,19271963.0,Encuesta de Actividad Económica 2019/EAE_C8_2019.xls,FBKF_componentes,si,no_mapeado_o_no_usado
2019,fbkf_maq_eq,N,79,,20356091.0,Encuesta de Actividad Económica 2019/EAE_C8_2019.xls,FBKF_componentes,si,no_mapeado_o_no_usado
2019,fbkf_maq_eq,N,80,,370330196.0,Encuesta de Actividad Económica 2019/EAE_C8_2019.xls,FBKF_componentes,si,no_mapeado_o_no_usado
2019,fbkf_maq_eq,N,81,,90657614.0,Encuesta de Actividad Económica 2019/EAE_C8_2019.xls,FBKF_componentes,si,no_mapeado_o_no_usado
2019,fbkf_maq_eq,N,82,,120697054.0,Encuesta de Actividad Económica 2019/EAE_C8_2019.xls,FBKF_componentes,si,no_mapeado_o_no_usado
2019,fbkf_maq_eq,P,85,,346898609.0,Encuesta de Actividad Económica 2019/EAE_C8_2019.xls,FBKF_componentes,si,no_mapeado_o_no_usado
2019,fbkf_maq_eq,Q,86,,1575671280.0,Encuesta de Actividad Económica 2019/EAE_C8_2019.xls,FBKF_componentes,si,no_mapeado_o_no_usado
2019,fbkf_maq_eq,Q,87,,47854933.0,Encuesta de Actividad Económica 2019/EAE_C8_2019.xls,FBKF_componentes,si,no_mapeado_o_no_usado
2019,fbkf_maq_eq,Q,88,,3839503.0,Encuesta de Actividad Económica 2019/EAE_C8_2019.xls,FBKF_componentes,si,no_mapeado_o_no_usado
2019,fbkf_maq_eq,R,90,,35733088.0,Encuesta de Actividad Económica 2019/EAE_C8_2019.xls,FBKF_componentes,si,no_mapeado_o_no_usado
2019,fbkf_maq_eq,R,92,,640908349.0,Encuesta de Actividad Económica 2019/EAE_C8_2019.xls,FBKF_componentes,si,no_mapeado_o_no_usado
2019,fbkf_maq_eq,R,93,,244633218.0,Encuesta de Actividad Económica 2019/EAE_C8_2019.xls,FBKF_componentes,si,no_mapeado_o_no_usado
2019,fbkf_maq_eq,S,94,,115715116.0,Encuesta de Actividad Económica 2019/EAE_C8_2019.xls,FBKF_componentes,si,no_mapeado_o_no_usado
2019,fbkf_maq_eq,S,95,,8157625.0,Encuesta de Actividad Económica 2019/EAE_C8_2019.xls,FBKF_componentes,si,no_mapeado_o_no_usado
2019,fbkf_maq_eq,S,96,,78132766.0,Encuesta de Actividad Económica 2019/EAE_C8_2019.xls,FBKF_componentes,si,no_mapeado_o_no_usado
2020,fbcf,B,08 y 09,,387600431.252534,EAE_C6_2020.xls,FBCF,si,no_mapeado_o_no_usado
2020,adquisiciones_importadas,B,08 y 09,,0.0,EAE_C6_2020.xls,FBCF,si,no_mapeado_o_no_usado
2020,adquisiciones_origen_importado,B,08 y 09,,144884710.894851,EAE_C6_2020.xls,FBCF,si,no_mapeado_o_no_usado
2020,fbcf,C,10,10_11_12_alimentos_bebidas_tabaco,7000605688.90876,EAE_C6_2020.xls,FBCF,si,mapeado
2020,adquisiciones_importadas,C,10,10_11_12_alimentos_bebidas_tabaco,40498828.9900205,EAE_C6_2020.xls,FBCF,si,mapeado
2020,adquisiciones_origen_importado,C,10,10_11_12_alimentos_bebidas_tabaco,901364964.58769,EAE_C6_2020.xls,FBCF,si,mapeado
2020,fbcf,C,11 y 12,10_11_12_alimentos_bebidas_tabaco,2733951888.41785,EAE_C6_2020.xls,FBCF,si,mapeado
2020,adquisiciones_importadas,C,11 y 12,10_11_12_alimentos_bebidas_tabaco,54058077.9756245,EAE_C6_2020.xls,FBCF,si,mapeado
2020,adquisiciones_origen_importado,C,11 y 12,10_11_12_alimentos_bebidas_tabaco,711173898.935668,EAE_C6_2020.xls,FBCF,si,mapeado
2020,fbcf,C,13,13_14_15_textiles_prendas_cuero,32444950.587475,EAE_C6_2020.xls,FBCF,si,mapeado
2020,adquisiciones_importadas,C,13,13_14_15_textiles_prendas_cuero,697480.0,EAE_C6_2020.xls,FBCF,si,mapeado
2020,adquisiciones_origen_importado,C,13,13_14_15_textiles_prendas_cuero,609871.509121018,EAE_C6_2020.xls,FBCF,si,mapeado
2020,fbcf,C,14,13_14_15_textiles_prendas_cuero,24103619.2211476,EAE_C6_2020.xls,FBCF,si,mapeado
2020,adquisiciones_importadas,C,14,13_14_15_textiles_prendas_cuero,0.0,EAE_C6_2020.xls,FBCF,si,mapeado
2020,adquisiciones_origen_importado,C,14,13_14_15_textiles_prendas_cuero,830489.302733988,EAE_C6_2020.xls,FBCF,si,mapeado
2020,fbcf,C,15,13_14_15_textiles_prendas_cuero,345285003.827488,EAE_C6_2020.xls,FBCF,si,mapeado
2020,adquisiciones_importadas,C,15,13_14_15_textiles_prendas_cuero,166516064.192947,EAE_C6_2020.xls,FBCF,si,mapeado
2020,adquisiciones_origen_importado,C,15,13_14_15_textiles_prendas_cuero,11355109.7378658,EAE_C6_2020.xls,FBCF,si,mapeado
2020,fbcf,C,16,16_madera,1577016697.57625,EAE_C6_2020.xls,FBCF,si,mapeado
2020,adquisiciones_importadas,C,16,16_madera,740283841.593957,EAE_C6_2020.xls,FBCF,si,mapeado
2020,adquisiciones_origen_importado,C,16,16_madera,334068931.505488,EAE_C6_2020.xls,FBCF,si,mapeado
2020,fbcf,C,17,17_18_papel_impresion,21148174030.6998,EAE_C6_2020.xls,FBCF,si,mapeado
2020,adquisiciones_importadas,C,17,17_18_papel_impresion,40872001.168206,EAE_C6_2020.xls,FBCF,si,mapeado
2020,adquisiciones_origen_importado,C,17,17_18_papel_impresion,76192723.724293,EAE_C6_2020.xls,FBCF,si,mapeado
2020,fbcf,C,18,17_18_papel_impresion,93260289.8106656,EAE_C6_2020.xls,FBCF,si,mapeado
2020,adquisiciones_importadas,C,18,17_18_papel_impresion,12092887.2679442,EAE_C6_2020.xls,FBCF,si,mapeado
2020,adquisiciones_origen_importado,C,18,17_18_papel_impresion,16195685.4423738,EAE_C6_2020.xls,FBCF,si,mapeado
2020,fbcf,C,19,19_refinacion,929091316.0,EAE_C6_2020.xls,FBCF,si,mapeado
2020,adquisiciones_importadas,C,19,19_refinacion,0.0,EAE_C6_2020.xls,FBCF,si,mapeado
2020,adquisiciones_origen_importado,C,19,19_refinacion,10958164.0,EAE_C6_2020.xls,FBCF,si,mapeado
2020,fbcf,C,20,20_21_22_quimicos_farma_caucho_plastico,839706051.586504,EAE_C6_2020.xls,FBCF,si,mapeado
2020,adquisiciones_importadas,C,20,20_21_22_quimicos_farma_caucho_plastico,85425898.8140458,EAE_C6_2020.xls,FBCF,si,mapeado
2020,adquisiciones_origen_importado,C,20,20_21_22_quimicos_farma_caucho_plastico,67349142.1634596,EAE_C6_2020.xls,FBCF,si,mapeado
2020,fbcf,C,21,20_21_22_quimicos_farma_caucho_plastico,3557053896.31913,EAE_C6_2020.xls,FBCF,si,mapeado
2020,adquisiciones_importadas,C,21,20_21_22_quimicos_farma_caucho_plastico,1786458933.91425,EAE_C6_2020.xls,FBCF,si,mapeado
2020,adquisiciones_origen_importado,C,21,20_21_22_quimicos_farma_caucho_plastico,322018729.333991,EAE_C6_2020.xls,FBCF,si,mapeado
2020,fbcf,C,22,20_21_22_quimicos_farma_caucho_plastico,551525033.234949,EAE_C6_2020.xls,FBCF,si,mapeado
2020,adquisiciones_importadas,C,22,20_21_22_quimicos_farma_caucho_plastico,16474187.8919385,EAE_C6_2020.xls,FBCF,si,mapeado
2020,adquisiciones_origen_importado,C,22,20_21_22_quimicos_farma_caucho_plastico,47229030.9344252,EAE_C6_2020.xls,FBCF,si,mapeado
2020,fbcf,C,23,23_24_minerales_metales,361423279.120137,EAE_C6_2020.xls,FBCF,si,mapeado
2020,adquisiciones_importadas,C,23,23_24_minerales_metales,19897165.3768935,EAE_C6_2020.xls,FBCF,si,mapeado
2020,adquisiciones_origen_importado,C,23,23_24_minerales_metales,53628417.9784702,EAE_C6_2020.xls,FBCF,si,mapeado
2020,fbcf,C,24,23_24_minerales_metales,140221648.785663,EAE_C6_2020.xls,FBCF,si,mapeado
2020,adquisiciones_importadas,C,24,23_24_minerales_metales,43395736.0810044,EAE_C6_2020.xls,FBCF,si,mapeado
2020,adquisiciones_origen_importado,C,24,23_24_minerales_metales,22983512.6005149,EAE_C6_2020.xls,FBCF,si,mapeado
2020,fbcf,C,25,25_26_27_28_33_metal_equipos_reparacion,162258245.288245,EAE_C6_2020.xls,FBCF,si,mapeado
2020,adquisiciones_importadas,C,25,25_26_27_28_33_metal_equipos_reparacion,0.0,EAE_C6_2020.xls,FBCF,si,mapeado
2020,adquisiciones_origen_importado,C,25,25_26_27_28_33_metal_equipos_reparacion,16454312.4344352,EAE_C6_2020.xls,FBCF,si,mapeado
2020,fbcf,C,26 y 27,25_26_27_28_33_metal_equipos_reparacion,175256634.331439,EAE_C6_2020.xls,FBCF,si,mapeado
2020,adquisiciones_importadas,C,26 y 27,25_26_27_28_33_metal_equipos_reparacion,7267566.94073073,EAE_C6_2020.xls,FBCF,si,mapeado
2020,adquisiciones_origen_importado,C,26 y 27,25_26_27_28_33_metal_equipos_reparacion,43345954.5297635,EAE_C6_2020.xls,FBCF,si,mapeado
2020,fbcf,C,28,25_26_27_28_33_metal_equipos_reparacion,48578427.0352765,EAE_C6_2020.xls,FBCF,si,mapeado
2020,adquisiciones_importadas,C,28,25_26_27_28_33_metal_equipos_reparacion,0.0,EAE_C6_2020.xls,FBCF,si,mapeado
2020,adquisiciones_origen_importado,C,28,25_26_27_28_33_metal_equipos_reparacion,1487842.60576671,EAE_C6_2020.xls,FBCF,si,mapeado
2020,fbcf,C,29 y 30,29_30_vehiculos_transporte,841924056.789629,EAE_C6_2020.xls,FBCF,si,mapeado
2020,adquisiciones_importadas,C,29 y 30,29_30_vehiculos_transporte,131340219.04174,EAE_C6_2020.xls,FBCF,si,mapeado
2020,adquisiciones_origen_importado,C,29 y 30,29_30_vehiculos_transporte,10825855.9792281,EAE_C6_2020.xls,FBCF,si,mapeado
2020,fbcf,C,31,31_32_muebles_otras_manufacturas,71603271.684703,EAE_C6_2020.xls,FBCF,si,mapeado
2020,adquisiciones_importadas,C,31,31_32_muebles_otras_manufacturas,0.0,EAE_C6_2020.xls,FBCF,si,mapeado
2020,adquisiciones_origen_importado,C,31,31_32_muebles_otras_manufacturas,4623643.67464928,EAE_C6_2020.xls,FBCF,si,mapeado
2020,fbcf,C,32,31_32_muebles_otras_manufacturas,86578445.5959412,EAE_C6_2020.xls,FBCF,si,mapeado
2020,adquisiciones_importadas,C,32,31_32_muebles_otras_manufacturas,18338124.0523389,EAE_C6_2020.xls,FBCF,si,mapeado
2020,adquisiciones_origen_importado,C,32,31_32_muebles_otras_manufacturas,1326165.21102143,EAE_C6_2020.xls,FBCF,si,mapeado
2020,fbcf,C,33,25_26_27_28_33_metal_equipos_reparacion,221497509.085825,EAE_C6_2020.xls,FBCF,si,mapeado
2020,adquisiciones_importadas,C,33,25_26_27_28_33_metal_equipos_reparacion,111831924.450742,EAE_C6_2020.xls,FBCF,si,mapeado
2020,adquisiciones_origen_importado,C,33,25_26_27_28_33_metal_equipos_reparacion,55329156.9597045,EAE_C6_2020.xls,FBCF,si,mapeado
2020,fbcf,D,35,,9344092384.4101,EAE_C6_2020.xls,FBCF,si,no_mapeado_o_no_usado
2020,adquisiciones_importadas,D,35,,0.0,EAE_C6_2020.xls,FBCF,si,no_mapeado_o_no_usado
2020,adquisiciones_origen_importado,D,35,,0.0,EAE_C6_2020.xls,FBCF,si,no_mapeado_o_no_usado
2020,fbcf,E,"36, 37 y 38",,4736694043.24063,EAE_C6_2020.xls,FBCF,si,no_mapeado_o_no_usado
2020,adquisiciones_importadas,E,"36, 37 y 38",,39713971.0368511,EAE_C6_2020.xls,FBCF,si,no_mapeado_o_no_usado
2020,adquisiciones_origen_importado,E,"36, 37 y 38",,44137641.7914056,EAE_C6_2020.xls,FBCF,si,no_mapeado_o_no_usado
2020,fbcf,G,45,,843459715.860241,EAE_C6_2020.xls,FBCF,si,no_mapeado_o_no_usado
2020,adquisiciones_importadas,G,45,,46525761.9264287,EAE_C6_2020.xls,FBCF,si,no_mapeado_o_no_usado
2020,adquisiciones_origen_importado,G,45,,156987534.610627,EAE_C6_2020.xls,FBCF,si,no_mapeado_o_no_usado
2020,fbcf,G,46,,10925089720.0627,EAE_C6_2020.xls,FBCF,si,no_mapeado_o_no_usado
2020,adquisiciones_importadas,G,46,,1649308669.08873,EAE_C6_2020.xls,FBCF,si,no_mapeado_o_no_usado
2020,adquisiciones_origen_importado,G,46,,2114844090.54217,EAE_C6_2020.xls,FBCF,si,no_mapeado_o_no_usado
2020,fbcf,G,47,,6850633428.75946,EAE_C6_2020.xls,FBCF,si,no_mapeado_o_no_usado
2020,adquisiciones_importadas,G,47,,22021887.3363466,EAE_C6_2020.xls,FBCF,si,no_mapeado_o_no_usado
2020,adquisiciones_origen_importado,G,47,,579798354.685354,EAE_C6_2020.xls,FBCF,si,no_mapeado_o_no_usado
2020,fbcf,H,49,,4288851703.03495,EAE_C6_2020.xls,FBCF,si,no_mapeado_o_no_usado
2020,adquisiciones_importadas,H,49,,98776044.2115228,EAE_C6_2020.xls,FBCF,si,no_mapeado_o_no_usado
2020,adquisiciones_origen_importado,H,49,,1039011013.91243,EAE_C6_2020.xls,FBCF,si,no_mapeado_o_no_usado
2020,fbcf,H,50,,117729652.351507,EAE_C6_2020.xls,FBCF,si,no_mapeado_o_no_usado
2020,adquisiciones_importadas,H,50,,37581941.3547378,EAE_C6_2020.xls,FBCF,si,no_mapeado_o_no_usado
2020,adquisiciones_origen_importado,H,50,,0.0,EAE_C6_2020.xls,FBCF,si,no_mapeado_o_no_usado
2020,fbcf,H,51,,2347940.52829801,EAE_C6_2020.xls,FBCF,si,no_mapeado_o_no_usado
2020,adquisiciones_importadas,H,51,,0.0,EAE_C6_2020.xls,FBCF,si,no_mapeado_o_no_usado
2020,adquisiciones_origen_importado,H,51,,0.0,EAE_C6_2020.xls,FBCF,si,no_mapeado_o_no_usado
2020,fbcf,H,52,,5662832305.1013,EAE_C6_2020.xls,FBCF,si,no_mapeado_o_no_usado
2020,adquisiciones_importadas,H,52,,8221093.52158298,EAE_C6_2020.xls,FBCF,si,no_mapeado_o_no_usado
2020,adquisiciones_origen_importado,H,52,,477245723.817106,EAE_C6_2020.xls,FBCF,si,no_mapeado_o_no_usado
2020,fbcf,H,53,,670214207.266917,EAE_C6_2020.xls,FBCF,si,no_mapeado_o_no_usado
2020,adquisiciones_importadas,H,53,,0.0,EAE_C6_2020.xls,FBCF,si,no_mapeado_o_no_usado
2020,adquisiciones_origen_importado,H,53,,29190605.5095193,EAE_C6_2020.xls,FBCF,si,no_mapeado_o_no_usado
2020,fbcf,I,55,,288566543.188041,EAE_C6_2020.xls,FBCF,si,no_mapeado_o_no_usado
2020,adquisiciones_importadas,I,55,,2953026.1599671,EAE_C6_2020.xls,FBCF,si,no_mapeado_o_no_usado
2020,adquisiciones_origen_importado,I,55,,4193991.60425508,EAE_C6_2020.xls,FBCF,si,no_mapeado_o_no_usado
2020,fbcf,I,56,,947811547.107445,EAE_C6_2020.xls,FBCF,si,no_mapeado_o_no_usado
2020,adquisiciones_importadas,I,56,,0.0,EAE_C6_2020.xls,FBCF,si,no_mapeado_o_no_usado
2020,adquisiciones_origen_importado,I,56,,59487240.8269761,EAE_C6_2020.xls,FBCF,si,no_mapeado_o_no_usado
2020,fbcf,J,58,,53128634.473294,EAE_C6_2020.xls,FBCF,si,no_mapeado_o_no_usado
2020,adquisiciones_importadas,J,58,,0.0,EAE_C6_2020.xls,FBCF,si,no_mapeado_o_no_usado
2020,adquisiciones_origen_importado,J,58,,868850.713642487,EAE_C6_2020.xls,FBCF,si,no_mapeado_o_no_usado
2020,fbcf,J,59,,24075072.8362694,EAE_C6_2020.xls,FBCF,si,no_mapeado_o_no_usado
2020,adquisiciones_importadas,J,59,,0.0,EAE_C6_2020.xls,FBCF,si,no_mapeado_o_no_usado
2020,adquisiciones_origen_importado,J,59,,0.0,EAE_C6_2020.xls,FBCF,si,no_mapeado_o_no_usado
2020,fbcf,J,60,,230434616.752514,EAE_C6_2020.xls,FBCF,si,no_mapeado_o_no_usado
2020,adquisiciones_importadas,J,60,,41978202.3328747,EAE_C6_2020.xls,FBCF,si,no_mapeado_o_no_usado
2020,adquisiciones_origen_importado,J,60,,63359858.5426578,EAE_C6_2020.xls,FBCF,si,no_mapeado_o_no_usado
2020,fbcf,J,61,,9661409920.76283,EAE_C6_2020.xls,FBCF,si,no_mapeado_o_no_usado
2020,adquisiciones_importadas,J,61,,4319634884.03821,EAE_C6_2020.xls,FBCF,si,no_mapeado_o_no_usado
2020,adquisiciones_origen_importado,J,61,,2874519414.29734,EAE_C6_2020.xls,FBCF,si,no_mapeado_o_no_usado
2020,fbcf,J,62,,1541960232.60346,EAE_C6_2020.xls,FBCF,si,no_mapeado_o_no_usado
2020,adquisiciones_importadas,J,62,,13893100.078063,EAE_C6_2020.xls,FBCF,si,no_mapeado_o_no_usado
2020,adquisiciones_origen_importado,J,62,,375460546.486647,EAE_C6_2020.xls,FBCF,si,no_mapeado_o_no_usado
2020,fbcf,J,63,,484303891.727708,EAE_C6_2020.xls,FBCF,si,no_mapeado_o_no_usado
2020,adquisiciones_importadas,J,63,,0.0,EAE_C6_2020.xls,FBCF,si,no_mapeado_o_no_usado
2020,adquisiciones_origen_importado,J,63,,386538.50823779,EAE_C6_2020.xls,FBCF,si,no_mapeado_o_no_usado
2020,fbcf,K,64,,419823389.35586,EAE_C6_2020.xls,FBCF,si,no_mapeado_o_no_usado
2020,adquisiciones_importadas,K,64,,10590529.9782417,EAE_C6_2020.xls,FBCF,si,no_mapeado_o_no_usado
2020,adquisiciones_origen_importado,K,64,,123665.0,EAE_C6_2020.xls,FBCF,si,no_mapeado_o_no_usado
2020,fbcf,K,66,,340590549.566266,EAE_C6_2020.xls,FBCF,si,no_mapeado_o_no_usado
2020,adquisiciones_importadas,K,66,,0.0,EAE_C6_2020.xls,FBCF,si,no_mapeado_o_no_usado
2020,adquisiciones_origen_importado,K,66,,50169846.9376186,EAE_C6_2020.xls,FBCF,si,no_mapeado_o_no_usado
2020,fbcf,L,68,,5339402038.07356,EAE_C6_2020.xls,FBCF,si,no_mapeado_o_no_usado
2020,adquisiciones_importadas,L,68,,19697425.4520262,EAE_C6_2020.xls,FBCF,si,no_mapeado_o_no_usado
2020,adquisiciones_origen_importado,L,68,,8997903.0,EAE_C6_2020.xls,FBCF,si,no_mapeado_o_no_usado
2020,fbcf,M,69,,85404935.7021828,EAE_C6_2020.xls,FBCF,si,no_mapeado_o_no_usado
2020,adquisiciones_importadas,M,69,,0.0,EAE_C6_2020.xls,FBCF,si,no_mapeado_o_no_usado
2020,adquisiciones_origen_importado,M,69,,13467779.37342,EAE_C6_2020.xls,FBCF,si,no_mapeado_o_no_usado
2020,fbcf,M,70,,62083247.8432725,EAE_C6_2020.xls,FBCF,si,no_mapeado_o_no_usado
2020,adquisiciones_importadas,M,70,,0.0,EAE_C6_2020.xls,FBCF,si,no_mapeado_o_no_usado
2020,adquisiciones_origen_importado,M,70,,22794059.8154207,EAE_C6_2020.xls,FBCF,si,no_mapeado_o_no_usado
2020,fbcf,M,71,,260624672.087209,EAE_C6_2020.xls,FBCF,si,no_mapeado_o_no_usado
2020,adquisiciones_importadas,M,71,,0.0,EAE_C6_2020.xls,FBCF,si,no_mapeado_o_no_usado
2020,adquisiciones_origen_importado,M,71,,119808334.222555,EAE_C6_2020.xls,FBCF,si,no_mapeado_o_no_usado
2020,fbcf,M,72,,112197402.63282,EAE_C6_2020.xls,FBCF,si,no_mapeado_o_no_usado
2020,adquisiciones_importadas,M,72,,6300000.0,EAE_C6_2020.xls,FBCF,si,no_mapeado_o_no_usado
2020,adquisiciones_origen_importado,M,72,,0.0,EAE_C6_2020.xls,FBCF,si,no_mapeado_o_no_usado
2020,fbcf,M,73,,90787311.0713964,EAE_C6_2020.xls,FBCF,si,no_mapeado_o_no_usado
2020,adquisiciones_importadas,M,73,,11978648.9482064,EAE_C6_2020.xls,FBCF,si,no_mapeado_o_no_usado
2020,adquisiciones_origen_importado,M,73,,18486437.397194,EAE_C6_2020.xls,FBCF,si,no_mapeado_o_no_usado
2020,fbcf,M,74,,74217239.0076407,EAE_C6_2020.xls,FBCF,si,no_mapeado_o_no_usado
2020,adquisiciones_importadas,M,74,,0.0,EAE_C6_2020.xls,FBCF,si,no_mapeado_o_no_usado
2020,adquisiciones_origen_importado,M,74,,17098269.9753585,EAE_C6_2020.xls,FBCF,si,no_mapeado_o_no_usado
2020,fbcf,M,75,,7091380.61544623,EAE_C6_2020.xls,FBCF,si,no_mapeado_o_no_usado
2020,adquisiciones_importadas,M,75,,0.0,EAE_C6_2020.xls,FBCF,si,no_mapeado_o_no_usado
2020,adquisiciones_origen_importado,M,75,,0.0,EAE_C6_2020.xls,FBCF,si,no_mapeado_o_no_usado
2020,fbcf,N,77,,2114754160.71886,EAE_C6_2020.xls,FBCF,si,no_mapeado_o_no_usado
2020,adquisiciones_importadas,N,77,,762442089.121783,EAE_C6_2020.xls,FBCF,si,no_mapeado_o_no_usado
2020,adquisiciones_origen_importado,N,77,,1249500146.03867,EAE_C6_2020.xls,FBCF,si,no_mapeado_o_no_usado
2020,fbcf,N,78,,29952004.3239285,EAE_C6_2020.xls,FBCF,si,no_mapeado_o_no_usado
2020,adquisiciones_importadas,N,78,,0.0,EAE_C6_2020.xls,FBCF,si,no_mapeado_o_no_usado
2020,adquisiciones_origen_importado,N,78,,0.0,EAE_C6_2020.xls,FBCF,si,no_mapeado_o_no_usado
2020,fbcf,N,79,,697243204.22705,EAE_C6_2020.xls,FBCF,si,no_mapeado_o_no_usado
2020,adquisiciones_importadas,N,79,,541308077.0,EAE_C6_2020.xls,FBCF,si,no_mapeado_o_no_usado
2020,adquisiciones_origen_importado,N,79,,151673566.0,EAE_C6_2020.xls,FBCF,si,no_mapeado_o_no_usado
2020,fbcf,N,80,,718724749.42967,EAE_C6_2020.xls,FBCF,si,no_mapeado_o_no_usado
2020,adquisiciones_importadas,N,80,,13891772.8317146,EAE_C6_2020.xls,FBCF,si,no_mapeado_o_no_usado
2020,adquisiciones_origen_importado,N,80,,36004135.0940889,EAE_C6_2020.xls,FBCF,si,no_mapeado_o_no_usado
2020,fbcf,N,81,,205567991.93025,EAE_C6_2020.xls,FBCF,si,no_mapeado_o_no_usado
2020,adquisiciones_importadas,N,81,,0.0,EAE_C6_2020.xls,FBCF,si,no_mapeado_o_no_usado
2020,adquisiciones_origen_importado,N,81,,38543636.8824405,EAE_C6_2020.xls,FBCF,si,no_mapeado_o_no_usado
2020,fbcf,N,82,,383960681.490325,EAE_C6_2020.xls,FBCF,si,no_mapeado_o_no_usado
2020,adquisiciones_importadas,N,82,,77375350.0,EAE_C6_2020.xls,FBCF,si,no_mapeado_o_no_usado
2020,adquisiciones_origen_importado,N,82,,35596355.3921003,EAE_C6_2020.xls,FBCF,si,no_mapeado_o_no_usado
2020,fbcf,P,85,,1291629563.00379,EAE_C6_2020.xls,FBCF,si,no_mapeado_o_no_usado
2020,adquisiciones_importadas,P,85,,28158317.4122574,EAE_C6_2020.xls,FBCF,si,no_mapeado_o_no_usado
2020,adquisiciones_origen_importado,P,85,,30361081.5627423,EAE_C6_2020.xls,FBCF,si,no_mapeado_o_no_usado
2020,fbcf,Q,86,,4424358389.47502,EAE_C6_2020.xls,FBCF,si,no_mapeado_o_no_usado
2020,adquisiciones_importadas,Q,86,,0.0,EAE_C6_2020.xls,FBCF,si,no_mapeado_o_no_usado
2020,adquisiciones_origen_importado,Q,86,,375279158.296106,EAE_C6_2020.xls,FBCF,si,no_mapeado_o_no_usado
2020,fbcf,Q,87,,138167332.52296,EAE_C6_2020.xls,FBCF,si,no_mapeado_o_no_usado
2020,adquisiciones_importadas,Q,87,,0.0,EAE_C6_2020.xls,FBCF,si,no_mapeado_o_no_usado
2020,adquisiciones_origen_importado,Q,87,,2087513.48125652,EAE_C6_2020.xls,FBCF,si,no_mapeado_o_no_usado
2020,fbcf,Q,88,,20812186.5399062,EAE_C6_2020.xls,FBCF,si,no_mapeado_o_no_usado
2020,adquisiciones_importadas,Q,88,,0.0,EAE_C6_2020.xls,FBCF,si,no_mapeado_o_no_usado
2020,adquisiciones_origen_importado,Q,88,,404761.212236749,EAE_C6_2020.xls,FBCF,si,no_mapeado_o_no_usado
2020,fbcf,R,90,,517259.0,EAE_C6_2020.xls,FBCF,si,no_mapeado_o_no_usado
2020,adquisiciones_importadas,R,90,,0.0,EAE_C6_2020.xls,FBCF,si,no_mapeado_o_no_usado
2020,adquisiciones_origen_importado,R,90,,18203.0,EAE_C6_2020.xls,FBCF,si,no_mapeado_o_no_usado
2020,fbcf,R,92,,205493851.321399,EAE_C6_2020.xls,FBCF,si,no_mapeado_o_no_usado
2020,adquisiciones_importadas,R,92,,74729023.0,EAE_C6_2020.xls,FBCF,si,no_mapeado_o_no_usado
2020,adquisiciones_origen_importado,R,92,,27192221.0,EAE_C6_2020.xls,FBCF,si,no_mapeado_o_no_usado
2020,fbcf,R,93,,961765818.761199,EAE_C6_2020.xls,FBCF,si,no_mapeado_o_no_usado
2020,adquisiciones_importadas,R,93,,5192432.2222374,EAE_C6_2020.xls,FBCF,si,no_mapeado_o_no_usado
2020,adquisiciones_origen_importado,R,93,,30535433.4895992,EAE_C6_2020.xls,FBCF,si,no_mapeado_o_no_usado
2020,fbcf,S,94,,806128441.046913,EAE_C6_2020.xls,FBCF,si,no_mapeado_o_no_usado
2020,adquisiciones_importadas,S,94,,0.0,EAE_C6_2020.xls,FBCF,si,no_mapeado_o_no_usado
2020,adquisiciones_origen_importado,S,94,,102198575.279008,EAE_C6_2020.xls,FBCF,si,no_mapeado_o_no_usado
2020,fbcf,S,95,,14767800.0891712,EAE_C6_2020.xls,FBCF,si,no_mapeado_o_no_usado
2020,adquisiciones_importadas,S,95,,0.0,EAE_C6_2020.xls,FBCF,si,no_mapeado_o_no_usado
2020,adquisiciones_origen_importado,S,95,,3318115.0,EAE_C6_2020.xls,FBCF,si,no_mapeado_o_no_usado
2020,fbcf,S,96,,159733040.073211,EAE_C6_2020.xls,FBCF,si,no_mapeado_o_no_usado
2020,adquisiciones_importadas,S,96,,0.0,EAE_C6_2020.xls,FBCF,si,no_mapeado_o_no_usado
2020,adquisiciones_origen_importado,S,96,,48399940.0599389,EAE_C6_2020.xls,FBCF,si,no_mapeado_o_no_usado
2020,fbkf_maq_eq,B,08 y 09,,295889409.714605,EAE_C8_2020.xls,FBKF_componentes,si,no_mapeado_o_no_usado
2020,fbkf_maq_eq,C,10,10_11_12_alimentos_bebidas_tabaco,2650699419.66273,EAE_C8_2020.xls,FBKF_componentes,si,mapeado
2020,fbkf_maq_eq,C,11 y 12,10_11_12_alimentos_bebidas_tabaco,627976325.643998,EAE_C8_2020.xls,FBKF_componentes,si,mapeado
2020,fbkf_maq_eq,C,13,13_14_15_textiles_prendas_cuero,24872589.9474709,EAE_C8_2020.xls,FBKF_componentes,si,mapeado
2020,fbkf_maq_eq,C,14,13_14_15_textiles_prendas_cuero,10216239.7649686,EAE_C8_2020.xls,FBKF_componentes,si,mapeado
2020,fbkf_maq_eq,C,15,13_14_15_textiles_prendas_cuero,323832539.89558,EAE_C8_2020.xls,FBKF_componentes,si,mapeado
2020,fbkf_maq_eq,C,16,16_madera,1453302084.66485,EAE_C8_2020.xls,FBKF_componentes,si,mapeado
2020,fbkf_maq_eq,C,17,17_18_papel_impresion,1581653696.77832,EAE_C8_2020.xls,FBKF_componentes,si,mapeado
2020,fbkf_maq_eq,C,18,17_18_papel_impresion,54979762.3200436,EAE_C8_2020.xls,FBKF_componentes,si,mapeado
2020,fbkf_maq_eq,C,19,19_refinacion,332515182.0,EAE_C8_2020.xls,FBKF_componentes,si,mapeado
2020,fbkf_maq_eq,C,20,20_21_22_quimicos_farma_caucho_plastico,476924852.274765,EAE_C8_2020.xls,FBKF_componentes,si,mapeado
2020,fbkf_maq_eq,C,21,20_21_22_quimicos_farma_caucho_plastico,780358555.176507,EAE_C8_2020.xls,FBKF_componentes,si,mapeado
2020,fbkf_maq_eq,C,22,20_21_22_quimicos_farma_caucho_plastico,401234640.703143,EAE_C8_2020.xls,FBKF_componentes,si,mapeado
2020,fbkf_maq_eq,C,23,23_24_minerales_metales,241925335.544337,EAE_C8_2020.xls,FBKF_componentes,si,mapeado
2020,fbkf_maq_eq,C,24,23_24_minerales_metales,90840351.7856626,EAE_C8_2020.xls,FBKF_componentes,si,mapeado
2020,fbkf_maq_eq,C,25,25_26_27_28_33_metal_equipos_reparacion,115956532.404104,EAE_C8_2020.xls,FBKF_componentes,si,mapeado
2020,fbkf_maq_eq,C,26 y 27,25_26_27_28_33_metal_equipos_reparacion,142467504.116241,EAE_C8_2020.xls,FBKF_componentes,si,mapeado
2020,fbkf_maq_eq,C,28,25_26_27_28_33_metal_equipos_reparacion,47820023.1258625,EAE_C8_2020.xls,FBKF_componentes,si,mapeado
2020,fbkf_maq_eq,C,29 y 30,29_30_vehiculos_transporte,157554055.191381,EAE_C8_2020.xls,FBKF_componentes,si,mapeado
2020,fbkf_maq_eq,C,31,31_32_muebles_otras_manufacturas,27382529.2515829,EAE_C8_2020.xls,FBKF_componentes,si,mapeado
2020,fbkf_maq_eq,C,32,31_32_muebles_otras_manufacturas,66029695.9199879,EAE_C8_2020.xls,FBKF_componentes,si,mapeado
2020,fbkf_maq_eq,C,33,25_26_27_28_33_metal_equipos_reparacion,199963124.277336,EAE_C8_2020.xls,FBKF_componentes,si,mapeado
2020,fbkf_maq_eq,D,35,,7406683054.4101,EAE_C8_2020.xls,FBKF_componentes,si,no_mapeado_o_no_usado
2020,fbkf_maq_eq,E,"36, 37 y 38",,133265621.803082,EAE_C8_2020.xls,FBKF_componentes,si,no_mapeado_o_no_usado
2020,fbkf_maq_eq,G,45,,364946295.630517,EAE_C8_2020.xls,FBKF_componentes,si,no_mapeado_o_no_usado
2020,fbkf_maq_eq,G,46,,3668533434.8011,EAE_C8_2020.xls,FBKF_componentes,si,no_mapeado_o_no_usado
2020,fbkf_maq_eq,G,47,,2857070033.70315,EAE_C8_2020.xls,FBKF_componentes,si,no_mapeado_o_no_usado
2020,fbkf_maq_eq,H,49,,3575763263.30451,EAE_C8_2020.xls,FBKF_componentes,si,no_mapeado_o_no_usado
2020,fbkf_maq_eq,H,50,,115209026.855266,EAE_C8_2020.xls,FBKF_componentes,si,no_mapeado_o_no_usado
2020,fbkf_maq_eq,H,51,,603936.614321074,EAE_C8_2020.xls,FBKF_componentes,si,no_mapeado_o_no_usado
2020,fbkf_maq_eq,H,52,,929897489.526526,EAE_C8_2020.xls,FBKF_componentes,si,no_mapeado_o_no_usado
2020,fbkf_maq_eq,H,53,,52326520.177384,EAE_C8_2020.xls,FBKF_componentes,si,no_mapeado_o_no_usado
2020,fbkf_maq_eq,I,55,,86157380.3139235,EAE_C8_2020.xls,FBKF_componentes,si,no_mapeado_o_no_usado
2020,fbkf_maq_eq,I,56,,423255733.182786,EAE_C8_2020.xls,FBKF_componentes,si,no_mapeado_o_no_usado
2020,fbkf_maq_eq,J,58,,5620063.67030741,EAE_C8_2020.xls,FBKF_componentes,si,no_mapeado_o_no_usado
2020,fbkf_maq_eq,J,59,,14260831.1703818,EAE_C8_2020.xls,FBKF_componentes,si,no_mapeado_o_no_usado
2020,fbkf_maq_eq,J,60,,180817270.53092,EAE_C8_2020.xls,FBKF_componentes,si,no_mapeado_o_no_usado
2020,fbkf_maq_eq,J,61,,8366605795.99439,EAE_C8_2020.xls,FBKF_componentes,si,no_mapeado_o_no_usado
2020,fbkf_maq_eq,J,62,,588374276.681171,EAE_C8_2020.xls,FBKF_componentes,si,no_mapeado_o_no_usado
2020,fbkf_maq_eq,J,63,,222785084.369572,EAE_C8_2020.xls,FBKF_componentes,si,no_mapeado_o_no_usado
2020,fbkf_maq_eq,K,64,,219250472.737085,EAE_C8_2020.xls,FBKF_componentes,si,no_mapeado_o_no_usado
2020,fbkf_maq_eq,K,66,,126339126.000486,EAE_C8_2020.xls,FBKF_componentes,si,no_mapeado_o_no_usado
2020,fbkf_maq_eq,L,68,,272057914.410804,EAE_C8_2020.xls,FBKF_componentes,si,no_mapeado_o_no_usado
2020,fbkf_maq_eq,M,69,,69671852.2111632,EAE_C8_2020.xls,FBKF_componentes,si,no_mapeado_o_no_usado
2020,fbkf_maq_eq,M,70,,44870428.9622376,EAE_C8_2020.xls,FBKF_componentes,si,no_mapeado_o_no_usado
2020,fbkf_maq_eq,M,71,,142934077.274097,EAE_C8_2020.xls,FBKF_componentes,si,no_mapeado_o_no_usado
2020,fbkf_maq_eq,M,72,,72972624.3011919,EAE_C8_2020.xls,FBKF_componentes,si,no_mapeado_o_no_usado
2020,fbkf_maq_eq,M,73,,70635369.0980113,EAE_C8_2020.xls,FBKF_componentes,si,no_mapeado_o_no_usado
2020,fbkf_maq_eq,M,74,,53252115.7964738,EAE_C8_2020.xls,FBKF_componentes,si,no_mapeado_o_no_usado
2020,fbkf_maq_eq,M,75,,7091380.61544623,EAE_C8_2020.xls,FBKF_componentes,si,no_mapeado_o_no_usado
2020,fbkf_maq_eq,N,77,,1841974655.67447,EAE_C8_2020.xls,FBKF_componentes,si,no_mapeado_o_no_usado
2020,fbkf_maq_eq,N,78,,20361175.1405678,EAE_C8_2020.xls,FBKF_componentes,si,no_mapeado_o_no_usado
2020,fbkf_maq_eq,N,79,,2642214.42357838,EAE_C8_2020.xls,FBKF_componentes,si,no_mapeado_o_no_usado
2020,fbkf_maq_eq,N,80,,443908034.347706,EAE_C8_2020.xls,FBKF_componentes,si,no_mapeado_o_no_usado
2020,fbkf_maq_eq,N,81,,143073893.185371,EAE_C8_2020.xls,FBKF_componentes,si,no_mapeado_o_no_usado
2020,fbkf_maq_eq,N,82,,171134560.259651,EAE_C8_2020.xls,FBKF_componentes,si,no_mapeado_o_no_usado
2020,fbkf_maq_eq,P,85,,183741538.46448,EAE_C8_2020.xls,FBKF_componentes,si,no_mapeado_o_no_usado
2020,fbkf_maq_eq,Q,86,,1453057230.90495,EAE_C8_2020.xls,FBKF_componentes,si,no_mapeado_o_no_usado
2020,fbkf_maq_eq,Q,87,,37568071.9026432,EAE_C8_2020.xls,FBKF_componentes,si,no_mapeado_o_no_usado
2020,fbkf_maq_eq,Q,88,,6700213.29461148,EAE_C8_2020.xls,FBKF_componentes,si,no_mapeado_o_no_usado
2020,fbkf_maq_eq,R,90,,366446.0,EAE_C8_2020.xls,FBKF_componentes,si,no_mapeado_o_no_usado
2020,fbkf_maq_eq,R,92,,160053004.716627,EAE_C8_2020.xls,FBKF_componentes,si,no_mapeado_o_no_usado
2020,fbkf_maq_eq,R,93,,175388336.615961,EAE_C8_2020.xls,FBKF_componentes,si,no_mapeado_o_no_usado
2020,fbkf_maq_eq,S,94,,337796843.537814,EAE_C8_2020.xls,FBKF_componentes,si,no_mapeado_o_no_usado
2020,fbkf_maq_eq,S,95,,14767800.0891712,EAE_C8_2020.xls,FBKF_componentes,si,no_mapeado_o_no_usado
2020,fbkf_maq_eq,S,96,,93312998.2156619,EAE_C8_2020.xls,FBKF_componentes,si,no_mapeado_o_no_usado
2021,fbcf,B,08 y 09,,535413296.066923,EAE_C6_2021.xls,FBCF,si,no_mapeado_o_no_usado
2021,adquisiciones_importadas,B,08 y 09,,0.0,EAE_C6_2021.xls,FBCF,si,no_mapeado_o_no_usado
2021,adquisiciones_origen_importado,B,08 y 09,,259297293.796541,EAE_C6_2021.xls,FBCF,si,no_mapeado_o_no_usado
2021,fbcf,C,10,10_11_12_alimentos_bebidas_tabaco,12323664446.6476,EAE_C6_2021.xls,FBCF,si,mapeado
2021,adquisiciones_importadas,C,10,10_11_12_alimentos_bebidas_tabaco,195805817.657541,EAE_C6_2021.xls,FBCF,si,mapeado
2021,adquisiciones_origen_importado,C,10,10_11_12_alimentos_bebidas_tabaco,3534118491.21939,EAE_C6_2021.xls,FBCF,si,mapeado
2021,fbcf,C,11 y 12,10_11_12_alimentos_bebidas_tabaco,3730512392.31565,EAE_C6_2021.xls,FBCF,si,mapeado
2021,adquisiciones_importadas,C,11 y 12,10_11_12_alimentos_bebidas_tabaco,247305129.930594,EAE_C6_2021.xls,FBCF,si,mapeado
2021,adquisiciones_origen_importado,C,11 y 12,10_11_12_alimentos_bebidas_tabaco,267046713.362998,EAE_C6_2021.xls,FBCF,si,mapeado
2021,fbcf,C,13,13_14_15_textiles_prendas_cuero,68927065.2949773,EAE_C6_2021.xls,FBCF,si,mapeado
2021,adquisiciones_importadas,C,13,13_14_15_textiles_prendas_cuero,20284178.5226063,EAE_C6_2021.xls,FBCF,si,mapeado
2021,adquisiciones_origen_importado,C,13,13_14_15_textiles_prendas_cuero,2819166.68575694,EAE_C6_2021.xls,FBCF,si,mapeado
2021,fbcf,C,14,13_14_15_textiles_prendas_cuero,25977150.6744938,EAE_C6_2021.xls,FBCF,si,mapeado
2021,adquisiciones_importadas,C,14,13_14_15_textiles_prendas_cuero,0.0,EAE_C6_2021.xls,FBCF,si,mapeado
2021,adquisiciones_origen_importado,C,14,13_14_15_textiles_prendas_cuero,1127863.69463098,EAE_C6_2021.xls,FBCF,si,mapeado
2021,fbcf,C,15,13_14_15_textiles_prendas_cuero,443467595.335784,EAE_C6_2021.xls,FBCF,si,mapeado
2021,adquisiciones_importadas,C,15,13_14_15_textiles_prendas_cuero,195968029.0,EAE_C6_2021.xls,FBCF,si,mapeado
2021,adquisiciones_origen_importado,C,15,13_14_15_textiles_prendas_cuero,54340206.0,EAE_C6_2021.xls,FBCF,si,mapeado
2021,fbcf,C,16,16_madera,3145373007.03766,EAE_C6_2021.xls,FBCF,si,mapeado
2021,adquisiciones_importadas,C,16,16_madera,1299988363.28659,EAE_C6_2021.xls,FBCF,si,mapeado
2021,adquisiciones_origen_importado,C,16,16_madera,617911039.521773,EAE_C6_2021.xls,FBCF,si,mapeado
2021,fbcf,C,17,17_18_papel_impresion,51361700050.4475,EAE_C6_2021.xls,FBCF,si,mapeado
2021,adquisiciones_importadas,C,17,17_18_papel_impresion,55370974.5606508,EAE_C6_2021.xls,FBCF,si,mapeado
2021,adquisiciones_origen_importado,C,17,17_18_papel_impresion,163020235.505521,EAE_C6_2021.xls,FBCF,si,mapeado
2021,fbcf,C,18,17_18_papel_impresion,793549578.844552,EAE_C6_2021.xls,FBCF,si,mapeado
2021,adquisiciones_importadas,C,18,17_18_papel_impresion,296840245.735674,EAE_C6_2021.xls,FBCF,si,mapeado
2021,adquisiciones_origen_importado,C,18,17_18_papel_impresion,71688617.3686477,EAE_C6_2021.xls,FBCF,si,mapeado
2021,fbcf,C,19,19_refinacion,2146885928.0,EAE_C6_2021.xls,FBCF,si,mapeado
2021,adquisiciones_importadas,C,19,19_refinacion,0.0,EAE_C6_2021.xls,FBCF,si,mapeado
2021,adquisiciones_origen_importado,C,19,19_refinacion,39353595.0,EAE_C6_2021.xls,FBCF,si,mapeado
2021,fbcf,C,20,20_21_22_quimicos_farma_caucho_plastico,1543129798.48295,EAE_C6_2021.xls,FBCF,si,mapeado
2021,adquisiciones_importadas,C,20,20_21_22_quimicos_farma_caucho_plastico,156968974.930769,EAE_C6_2021.xls,FBCF,si,mapeado
2021,adquisiciones_origen_importado,C,20,20_21_22_quimicos_farma_caucho_plastico,131197759.501742,EAE_C6_2021.xls,FBCF,si,mapeado
2021,fbcf,C,21,20_21_22_quimicos_farma_caucho_plastico,1789213229.48706,EAE_C6_2021.xls,FBCF,si,mapeado
2021,adquisiciones_importadas,C,21,20_21_22_quimicos_farma_caucho_plastico,81993464.2351371,EAE_C6_2021.xls,FBCF,si,mapeado
2021,adquisiciones_origen_importado,C,21,20_21_22_quimicos_farma_caucho_plastico,235281547.820163,EAE_C6_2021.xls,FBCF,si,mapeado
2021,fbcf,C,22,20_21_22_quimicos_farma_caucho_plastico,1089939301.79397,EAE_C6_2021.xls,FBCF,si,mapeado
2021,adquisiciones_importadas,C,22,20_21_22_quimicos_farma_caucho_plastico,306767543.517852,EAE_C6_2021.xls,FBCF,si,mapeado
2021,adquisiciones_origen_importado,C,22,20_21_22_quimicos_farma_caucho_plastico,270199765.318885,EAE_C6_2021.xls,FBCF,si,mapeado
2021,fbcf,C,23,23_24_minerales_metales,2015301787.34441,EAE_C6_2021.xls,FBCF,si,mapeado
2021,adquisiciones_importadas,C,23,23_24_minerales_metales,67708427.8379274,EAE_C6_2021.xls,FBCF,si,mapeado
2021,adquisiciones_origen_importado,C,23,23_24_minerales_metales,119559184.399783,EAE_C6_2021.xls,FBCF,si,mapeado
2021,fbcf,C,24,23_24_minerales_metales,271409668.019505,EAE_C6_2021.xls,FBCF,si,mapeado
2021,adquisiciones_importadas,C,24,23_24_minerales_metales,7997003.0,EAE_C6_2021.xls,FBCF,si,mapeado
2021,adquisiciones_origen_importado,C,24,23_24_minerales_metales,178138933.76334,EAE_C6_2021.xls,FBCF,si,mapeado
2021,fbcf,C,25,25_26_27_28_33_metal_equipos_reparacion,868976929.03421,EAE_C6_2021.xls,FBCF,si,mapeado
2021,adquisiciones_importadas,C,25,25_26_27_28_33_metal_equipos_reparacion,10508534.8394186,EAE_C6_2021.xls,FBCF,si,mapeado
2021,adquisiciones_origen_importado,C,25,25_26_27_28_33_metal_equipos_reparacion,139276496.718107,EAE_C6_2021.xls,FBCF,si,mapeado
2021,fbcf,C,26 y 27,25_26_27_28_33_metal_equipos_reparacion,205605606.516836,EAE_C6_2021.xls,FBCF,si,mapeado
2021,adquisiciones_importadas,C,26 y 27,25_26_27_28_33_metal_equipos_reparacion,32225161.7002483,EAE_C6_2021.xls,FBCF,si,mapeado
2021,adquisiciones_origen_importado,C,26 y 27,25_26_27_28_33_metal_equipos_reparacion,26099758.6633782,EAE_C6_2021.xls,FBCF,si,mapeado
2021,fbcf,C,28,25_26_27_28_33_metal_equipos_reparacion,129824888.420589,EAE_C6_2021.xls,FBCF,si,mapeado
2021,adquisiciones_importadas,C,28,25_26_27_28_33_metal_equipos_reparacion,28861338.0,EAE_C6_2021.xls,FBCF,si,mapeado
2021,adquisiciones_origen_importado,C,28,25_26_27_28_33_metal_equipos_reparacion,17583194.8677924,EAE_C6_2021.xls,FBCF,si,mapeado
2021,fbcf,C,29 y 30,29_30_vehiculos_transporte,1328791618.17288,EAE_C6_2021.xls,FBCF,si,mapeado
2021,adquisiciones_importadas,C,29 y 30,29_30_vehiculos_transporte,80731591.611715,EAE_C6_2021.xls,FBCF,si,mapeado
2021,adquisiciones_origen_importado,C,29 y 30,29_30_vehiculos_transporte,26425898.1809801,EAE_C6_2021.xls,FBCF,si,mapeado
2021,fbcf,C,31,31_32_muebles_otras_manufacturas,41998177.8231121,EAE_C6_2021.xls,FBCF,si,mapeado
2021,adquisiciones_importadas,C,31,31_32_muebles_otras_manufacturas,0.0,EAE_C6_2021.xls,FBCF,si,mapeado
2021,adquisiciones_origen_importado,C,31,31_32_muebles_otras_manufacturas,15294607.3254655,EAE_C6_2021.xls,FBCF,si,mapeado
2021,fbcf,C,32,31_32_muebles_otras_manufacturas,55536011.6264574,EAE_C6_2021.xls,FBCF,si,mapeado
2021,adquisiciones_importadas,C,32,31_32_muebles_otras_manufacturas,0.0,EAE_C6_2021.xls,FBCF,si,mapeado
2021,adquisiciones_origen_importado,C,32,31_32_muebles_otras_manufacturas,17892567.1265747,EAE_C6_2021.xls,FBCF,si,mapeado
2021,fbcf,C,33,25_26_27_28_33_metal_equipos_reparacion,563199354.2445,EAE_C6_2021.xls,FBCF,si,mapeado
2021,adquisiciones_importadas,C,33,25_26_27_28_33_metal_equipos_reparacion,227040534.324552,EAE_C6_2021.xls,FBCF,si,mapeado
2021,adquisiciones_origen_importado,C,33,25_26_27_28_33_metal_equipos_reparacion,75412752.3426186,EAE_C6_2021.xls,FBCF,si,mapeado
2021,fbcf,D,35,,10883921230.825,EAE_C6_2021.xls,FBCF,si,no_mapeado_o_no_usado
2021,adquisiciones_importadas,D,35,,190502501.533616,EAE_C6_2021.xls,FBCF,si,no_mapeado_o_no_usado
2021,adquisiciones_origen_importado,D,35,,1650048.19890388,EAE_C6_2021.xls,FBCF,si,no_mapeado_o_no_usado
2021,fbcf,E,"36, 37 y 38",,4213672155.31303,EAE_C6_2021.xls,FBCF,si,no_mapeado_o_no_usado
2021,adquisiciones_importadas,E,"36, 37 y 38",,0.0,EAE_C6_2021.xls,FBCF,si,no_mapeado_o_no_usado
2021,adquisiciones_origen_importado,E,"36, 37 y 38",,74443143.7170699,EAE_C6_2021.xls,FBCF,si,no_mapeado_o_no_usado
2021,fbcf,G,45,,1450736196.08899,EAE_C6_2021.xls,FBCF,si,no_mapeado_o_no_usado
2021,adquisiciones_importadas,G,45,,0.0,EAE_C6_2021.xls,FBCF,si,no_mapeado_o_no_usado
2021,adquisiciones_origen_importado,G,45,,358400574.623313,EAE_C6_2021.xls,FBCF,si,no_mapeado_o_no_usado
2021,fbcf,G,46,,23555064555.4089,EAE_C6_2021.xls,FBCF,si,no_mapeado_o_no_usado
2021,adquisiciones_importadas,G,46,,9224363318.99285,EAE_C6_2021.xls,FBCF,si,no_mapeado_o_no_usado
2021,adquisiciones_origen_importado,G,46,,2902113163.80606,EAE_C6_2021.xls,FBCF,si,no_mapeado_o_no_usado
2021,fbcf,G,47,,7627472342.09411,EAE_C6_2021.xls,FBCF,si,no_mapeado_o_no_usado
2021,adquisiciones_importadas,G,47,,8650951.21557235,EAE_C6_2021.xls,FBCF,si,no_mapeado_o_no_usado
2021,adquisiciones_origen_importado,G,47,,762526764.738421,EAE_C6_2021.xls,FBCF,si,no_mapeado_o_no_usado
2021,fbcf,H,49,,4652469478.37158,EAE_C6_2021.xls,FBCF,si,no_mapeado_o_no_usado
2021,adquisiciones_importadas,H,49,,369888751.519441,EAE_C6_2021.xls,FBCF,si,no_mapeado_o_no_usado
2021,adquisiciones_origen_importado,H,49,,1911943685.49323,EAE_C6_2021.xls,FBCF,si,no_mapeado_o_no_usado
2021,fbcf,H,50,,-609956405.206108,EAE_C6_2021.xls,FBCF,si,no_mapeado_o_no_usado
2021,adquisiciones_importadas,H,50,,138928942.257407,EAE_C6_2021.xls,FBCF,si,no_mapeado_o_no_usado
2021,adquisiciones_origen_importado,H,50,,32706833.0776991,EAE_C6_2021.xls,FBCF,si,no_mapeado_o_no_usado
2021,fbcf,H,51,,44874170.6323409,EAE_C6_2021.xls,FBCF,si,no_mapeado_o_no_usado
2021,adquisiciones_importadas,H,51,,0.0,EAE_C6_2021.xls,FBCF,si,no_mapeado_o_no_usado
2021,adquisiciones_origen_importado,H,51,,0.0,EAE_C6_2021.xls,FBCF,si,no_mapeado_o_no_usado
2021,fbcf,H,52,,13835071210.5088,EAE_C6_2021.xls,FBCF,si,no_mapeado_o_no_usado
2021,adquisiciones_importadas,H,52,,235878781.947077,EAE_C6_2021.xls,FBCF,si,no_mapeado_o_no_usado
2021,adquisiciones_origen_importado,H,52,,550967708.573979,EAE_C6_2021.xls,FBCF,si,no_mapeado_o_no_usado
2021,fbcf,H,53,,267643100.664139,EAE_C6_2021.xls,FBCF,si,no_mapeado_o_no_usado
2021,adquisiciones_importadas,H,53,,0.0,EAE_C6_2021.xls,FBCF,si,no_mapeado_o_no_usado
2021,adquisiciones_origen_importado,H,53,,94477585.4941061,EAE_C6_2021.xls,FBCF,si,no_mapeado_o_no_usado
2021,fbcf,I,55,,2476750472.89827,EAE_C6_2021.xls,FBCF,si,no_mapeado_o_no_usado
2021,adquisiciones_importadas,I,55,,93009618.664889,EAE_C6_2021.xls,FBCF,si,no_mapeado_o_no_usado
2021,adquisiciones_origen_importado,I,55,,3960016.38450318,EAE_C6_2021.xls,FBCF,si,no_mapeado_o_no_usado
2021,fbcf,I,56,,700400112.474703,EAE_C6_2021.xls,FBCF,si,no_mapeado_o_no_usado
2021,adquisiciones_importadas,I,56,,0.0,EAE_C6_2021.xls,FBCF,si,no_mapeado_o_no_usado
2021,adquisiciones_origen_importado,I,56,,20518567.9958636,EAE_C6_2021.xls,FBCF,si,no_mapeado_o_no_usado
2021,fbcf,J,58,,18742046.0909283,EAE_C6_2021.xls,FBCF,si,no_mapeado_o_no_usado
2021,adquisiciones_importadas,J,58,,7172730.8840757,EAE_C6_2021.xls,FBCF,si,no_mapeado_o_no_usado
2021,adquisiciones_origen_importado,J,58,,4279663.89598916,EAE_C6_2021.xls,FBCF,si,no_mapeado_o_no_usado
2021,fbcf,J,59,,126966239.596512,EAE_C6_2021.xls,FBCF,si,no_mapeado_o_no_usado
2021,adquisiciones_importadas,J,59,,320087.515259669,EAE_C6_2021.xls,FBCF,si,no_mapeado_o_no_usado
2021,adquisiciones_origen_importado,J,59,,14356947.7347847,EAE_C6_2021.xls,FBCF,si,no_mapeado_o_no_usado
2021,fbcf,J,60,,600439682.032925,EAE_C6_2021.xls,FBCF,si,no_mapeado_o_no_usado
2021,adquisiciones_importadas,J,60,,554901.689229733,EAE_C6_2021.xls,FBCF,si,no_mapeado_o_no_usado
2021,adquisiciones_origen_importado,J,60,,419841688.872215,EAE_C6_2021.xls,FBCF,si,no_mapeado_o_no_usado
2021,fbcf,J,61,,10360651628.9133,EAE_C6_2021.xls,FBCF,si,no_mapeado_o_no_usado
2021,adquisiciones_importadas,J,61,,3726476295.90353,EAE_C6_2021.xls,FBCF,si,no_mapeado_o_no_usado
2021,adquisiciones_origen_importado,J,61,,2819357000.12189,EAE_C6_2021.xls,FBCF,si,no_mapeado_o_no_usado
2021,fbcf,J,62,,1743161062.65249,EAE_C6_2021.xls,FBCF,si,no_mapeado_o_no_usado
2021,adquisiciones_importadas,J,62,,20367106.7564934,EAE_C6_2021.xls,FBCF,si,no_mapeado_o_no_usado
2021,adquisiciones_origen_importado,J,62,,413096006.929402,EAE_C6_2021.xls,FBCF,si,no_mapeado_o_no_usado
2021,fbcf,J,63,,776551426.264518,EAE_C6_2021.xls,FBCF,si,no_mapeado_o_no_usado
2021,adquisiciones_importadas,J,63,,2328703.0,EAE_C6_2021.xls,FBCF,si,no_mapeado_o_no_usado
2021,adquisiciones_origen_importado,J,63,,13950313.7131977,EAE_C6_2021.xls,FBCF,si,no_mapeado_o_no_usado
2021,fbcf,K,64,,648501069.014302,EAE_C6_2021.xls,FBCF,si,no_mapeado_o_no_usado
2021,adquisiciones_importadas,K,64,,17261797.3440939,EAE_C6_2021.xls,FBCF,si,no_mapeado_o_no_usado
2021,adquisiciones_origen_importado,K,64,,31028662.243295,EAE_C6_2021.xls,FBCF,si,no_mapeado_o_no_usado
2021,fbcf,K,66,,449787069.048366,EAE_C6_2021.xls,FBCF,si,no_mapeado_o_no_usado
2021,adquisiciones_importadas,K,66,,1174480.0,EAE_C6_2021.xls,FBCF,si,no_mapeado_o_no_usado
2021,adquisiciones_origen_importado,K,66,,18781986.3896334,EAE_C6_2021.xls,FBCF,si,no_mapeado_o_no_usado
2021,fbcf,L,68,,1863178812.60171,EAE_C6_2021.xls,FBCF,si,no_mapeado_o_no_usado
2021,adquisiciones_importadas,L,68,,0.0,EAE_C6_2021.xls,FBCF,si,no_mapeado_o_no_usado
2021,adquisiciones_origen_importado,L,68,,5561030.91892155,EAE_C6_2021.xls,FBCF,si,no_mapeado_o_no_usado
2021,fbcf,M,69,,312655648.322625,EAE_C6_2021.xls,FBCF,si,no_mapeado_o_no_usado
2021,adquisiciones_importadas,M,69,,15877720.3062071,EAE_C6_2021.xls,FBCF,si,no_mapeado_o_no_usado
2021,adquisiciones_origen_importado,M,69,,57266198.4642315,EAE_C6_2021.xls,FBCF,si,no_mapeado_o_no_usado
2021,fbcf,M,70,,129857796.670761,EAE_C6_2021.xls,FBCF,si,no_mapeado_o_no_usado
2021,adquisiciones_importadas,M,70,,0.0,EAE_C6_2021.xls,FBCF,si,no_mapeado_o_no_usado
2021,adquisiciones_origen_importado,M,70,,24272483.2176869,EAE_C6_2021.xls,FBCF,si,no_mapeado_o_no_usado
2021,fbcf,M,71,,263285370.867052,EAE_C6_2021.xls,FBCF,si,no_mapeado_o_no_usado
2021,adquisiciones_importadas,M,71,,0.0,EAE_C6_2021.xls,FBCF,si,no_mapeado_o_no_usado
2021,adquisiciones_origen_importado,M,71,,55948635.9526147,EAE_C6_2021.xls,FBCF,si,no_mapeado_o_no_usado
2021,fbcf,M,72,,104940994.190573,EAE_C6_2021.xls,FBCF,si,no_mapeado_o_no_usado
2021,adquisiciones_importadas,M,72,,0.0,EAE_C6_2021.xls,FBCF,si,no_mapeado_o_no_usado
2021,adquisiciones_origen_importado,M,72,,0.0,EAE_C6_2021.xls,FBCF,si,no_mapeado_o_no_usado
2021,fbcf,M,73,,175359793.314681,EAE_C6_2021.xls,FBCF,si,no_mapeado_o_no_usado
2021,adquisiciones_importadas,M,73,,0.0,EAE_C6_2021.xls,FBCF,si,no_mapeado_o_no_usado
2021,adquisiciones_origen_importado,M,73,,20272443.8477408,EAE_C6_2021.xls,FBCF,si,no_mapeado_o_no_usado
2021,fbcf,M,74,,84068539.4654137,EAE_C6_2021.xls,FBCF,si,no_mapeado_o_no_usado
2021,adquisiciones_importadas,M,74,,0.0,EAE_C6_2021.xls,FBCF,si,no_mapeado_o_no_usado
2021,adquisiciones_origen_importado,M,74,,21166041.933443,EAE_C6_2021.xls,FBCF,si,no_mapeado_o_no_usado
2021,fbcf,M,75,,0.0,EAE_C6_2021.xls,FBCF,si,no_mapeado_o_no_usado
2021,adquisiciones_importadas,M,75,,0.0,EAE_C6_2021.xls,FBCF,si,no_mapeado_o_no_usado
2021,adquisiciones_origen_importado,M,75,,0.0,EAE_C6_2021.xls,FBCF,si,no_mapeado_o_no_usado
2021,fbcf,N,77,,5037958845.58614,EAE_C6_2021.xls,FBCF,si,no_mapeado_o_no_usado
2021,adquisiciones_importadas,N,77,,2062427374.23437,EAE_C6_2021.xls,FBCF,si,no_mapeado_o_no_usado
2021,adquisiciones_origen_importado,N,77,,3875598866.26602,EAE_C6_2021.xls,FBCF,si,no_mapeado_o_no_usado
2021,fbcf,N,78,,200458857.453353,EAE_C6_2021.xls,FBCF,si,no_mapeado_o_no_usado
2021,adquisiciones_importadas,N,78,,0.0,EAE_C6_2021.xls,FBCF,si,no_mapeado_o_no_usado
2021,adquisiciones_origen_importado,N,78,,8352198.68680905,EAE_C6_2021.xls,FBCF,si,no_mapeado_o_no_usado
2021,fbcf,N,79,,129862029.902186,EAE_C6_2021.xls,FBCF,si,no_mapeado_o_no_usado
2021,adquisiciones_importadas,N,79,,12679343.0,EAE_C6_2021.xls,FBCF,si,no_mapeado_o_no_usado
2021,adquisiciones_origen_importado,N,79,,108422326.0,EAE_C6_2021.xls,FBCF,si,no_mapeado_o_no_usado
2021,fbcf,N,80,,760665607.041581,EAE_C6_2021.xls,FBCF,si,no_mapeado_o_no_usado
2021,adquisiciones_importadas,N,80,,2838923.944625,EAE_C6_2021.xls,FBCF,si,no_mapeado_o_no_usado
2021,adquisiciones_origen_importado,N,80,,106676239.413161,EAE_C6_2021.xls,FBCF,si,no_mapeado_o_no_usado
2021,fbcf,N,81,,300358524.308992,EAE_C6_2021.xls,FBCF,si,no_mapeado_o_no_usado
2021,adquisiciones_importadas,N,81,,0.0,EAE_C6_2021.xls,FBCF,si,no_mapeado_o_no_usado
2021,adquisiciones_origen_importado,N,81,,87387032.6772921,EAE_C6_2021.xls,FBCF,si,no_mapeado_o_no_usado
2021,fbcf,N,82,,758460462.947091,EAE_C6_2021.xls,FBCF,si,no_mapeado_o_no_usado
2021,adquisiciones_importadas,N,82,,70463506.6277772,EAE_C6_2021.xls,FBCF,si,no_mapeado_o_no_usado
2021,adquisiciones_origen_importado,N,82,,102427669.854512,EAE_C6_2021.xls,FBCF,si,no_mapeado_o_no_usado
2021,fbcf,P,85,,1462932383.7338,EAE_C6_2021.xls,FBCF,si,no_mapeado_o_no_usado
2021,adquisiciones_importadas,P,85,,14317319.141118,EAE_C6_2021.xls,FBCF,si,no_mapeado_o_no_usado
2021,adquisiciones_origen_importado,P,85,,39798785.8801132,EAE_C6_2021.xls,FBCF,si,no_mapeado_o_no_usado
2021,fbcf,Q,86,,5158499048.65663,EAE_C6_2021.xls,FBCF,si,no_mapeado_o_no_usado
2021,adquisiciones_importadas,Q,86,,0.0,EAE_C6_2021.xls,FBCF,si,no_mapeado_o_no_usado
2021,adquisiciones_origen_importado,Q,86,,502375929.338039,EAE_C6_2021.xls,FBCF,si,no_mapeado_o_no_usado
2021,fbcf,Q,87,,188220295.841204,EAE_C6_2021.xls,FBCF,si,no_mapeado_o_no_usado
2021,adquisiciones_importadas,Q,87,,0.0,EAE_C6_2021.xls,FBCF,si,no_mapeado_o_no_usado
2021,adquisiciones_origen_importado,Q,87,,4688172.24668011,EAE_C6_2021.xls,FBCF,si,no_mapeado_o_no_usado
2021,fbcf,Q,88,,32385533.356442,EAE_C6_2021.xls,FBCF,si,no_mapeado_o_no_usado
2021,adquisiciones_importadas,Q,88,,0.0,EAE_C6_2021.xls,FBCF,si,no_mapeado_o_no_usado
2021,adquisiciones_origen_importado,Q,88,,1782889.80669562,EAE_C6_2021.xls,FBCF,si,no_mapeado_o_no_usado
2021,fbcf,R,90,,2864302.84293005,EAE_C6_2021.xls,FBCF,si,no_mapeado_o_no_usado
2021,adquisiciones_importadas,R,90,,0.0,EAE_C6_2021.xls,FBCF,si,no_mapeado_o_no_usado
2021,adquisiciones_origen_importado,R,90,,142965.842930048,EAE_C6_2021.xls,FBCF,si,no_mapeado_o_no_usado
2021,fbcf,R,92,,91990017.4619699,EAE_C6_2021.xls,FBCF,si,no_mapeado_o_no_usado
2021,adquisiciones_importadas,R,92,,0.0,EAE_C6_2021.xls,FBCF,si,no_mapeado_o_no_usado
2021,adquisiciones_origen_importado,R,92,,9663329.0,EAE_C6_2021.xls,FBCF,si,no_mapeado_o_no_usado
2021,fbcf,R,93,,1398377708.08632,EAE_C6_2021.xls,FBCF,si,no_mapeado_o_no_usado
2021,adquisiciones_importadas,R,93,,13713.1028102458,EAE_C6_2021.xls,FBCF,si,no_mapeado_o_no_usado
2021,adquisiciones_origen_importado,R,93,,22880890.3935413,EAE_C6_2021.xls,FBCF,si,no_mapeado_o_no_usado
2021,fbcf,S,94,,321979941.073513,EAE_C6_2021.xls,FBCF,si,no_mapeado_o_no_usado
2021,adquisiciones_importadas,S,94,,0.0,EAE_C6_2021.xls,FBCF,si,no_mapeado_o_no_usado
2021,adquisiciones_origen_importado,S,94,,25377393.710957,EAE_C6_2021.xls,FBCF,si,no_mapeado_o_no_usado
2021,fbcf,S,95,,44472553.8816306,EAE_C6_2021.xls,FBCF,si,no_mapeado_o_no_usado
2021,adquisiciones_importadas,S,95,,0.0,EAE_C6_2021.xls,FBCF,si,no_mapeado_o_no_usado
2021,adquisiciones_origen_importado,S,95,,15276101.4083309,EAE_C6_2021.xls,FBCF,si,no_mapeado_o_no_usado
2021,fbcf,S,96,,197385133.035314,EAE_C6_2021.xls,FBCF,si,no_mapeado_o_no_usado
2021,adquisiciones_importadas,S,96,,9141591.0,EAE_C6_2021.xls,FBCF,si,no_mapeado_o_no_usado
2021,adquisiciones_origen_importado,S,96,,79310862.2372662,EAE_C6_2021.xls,FBCF,si,no_mapeado_o_no_usado
2021,fbkf_maq_eq,B,08 y 09,,429873670.222708,EAE_C8_2021.xls,FBKF_componentes,si,no_mapeado_o_no_usado
2021,fbkf_maq_eq,C,10,10_11_12_alimentos_bebidas_tabaco,5618155043.63219,EAE_C8_2021.xls,FBKF_componentes,si,mapeado
2021,fbkf_maq_eq,C,11 y 12,10_11_12_alimentos_bebidas_tabaco,2580075427.188,EAE_C8_2021.xls,FBKF_componentes,si,mapeado
2021,fbkf_maq_eq,C,13,13_14_15_textiles_prendas_cuero,52259136.7244693,EAE_C8_2021.xls,FBKF_componentes,si,mapeado
2021,fbkf_maq_eq,C,14,13_14_15_textiles_prendas_cuero,17327834.1170834,EAE_C8_2021.xls,FBKF_componentes,si,mapeado
2021,fbkf_maq_eq,C,15,13_14_15_textiles_prendas_cuero,268235103.301818,EAE_C8_2021.xls,FBKF_componentes,si,mapeado
2021,fbkf_maq_eq,C,16,16_madera,2614127034.5569,EAE_C8_2021.xls,FBKF_componentes,si,mapeado
2021,fbkf_maq_eq,C,17,17_18_papel_impresion,391415417.660049,EAE_C8_2021.xls,FBKF_componentes,si,mapeado
2021,fbkf_maq_eq,C,18,17_18_papel_impresion,431015738.36904,EAE_C8_2021.xls,FBKF_componentes,si,mapeado
2021,fbkf_maq_eq,C,19,19_refinacion,1526756103.0,EAE_C8_2021.xls,FBKF_componentes,si,mapeado
2021,fbkf_maq_eq,C,20,20_21_22_quimicos_farma_caucho_plastico,774155495.176285,EAE_C8_2021.xls,FBKF_componentes,si,mapeado
2021,fbkf_maq_eq,C,21,20_21_22_quimicos_farma_caucho_plastico,605141666.918309,EAE_C8_2021.xls,FBKF_componentes,si,mapeado
2021,fbkf_maq_eq,C,22,20_21_22_quimicos_farma_caucho_plastico,931993431.270292,EAE_C8_2021.xls,FBKF_componentes,si,mapeado
2021,fbkf_maq_eq,C,23,23_24_minerales_metales,507730866.750154,EAE_C8_2021.xls,FBKF_componentes,si,mapeado
2021,fbkf_maq_eq,C,24,23_24_minerales_metales,198412043.019505,EAE_C8_2021.xls,FBKF_componentes,si,mapeado
2021,fbkf_maq_eq,C,25,25_26_27_28_33_metal_equipos_reparacion,849843806.353991,EAE_C8_2021.xls,FBKF_componentes,si,mapeado
2021,fbkf_maq_eq,C,26 y 27,25_26_27_28_33_metal_equipos_reparacion,173358523.814476,EAE_C8_2021.xls,FBKF_componentes,si,mapeado
2021,fbkf_maq_eq,C,28,25_26_27_28_33_metal_equipos_reparacion,91663541.3000722,EAE_C8_2021.xls,FBKF_componentes,si,mapeado
2021,fbkf_maq_eq,C,29 y 30,29_30_vehiculos_transporte,443100423.947627,EAE_C8_2021.xls,FBKF_componentes,si,mapeado
2021,fbkf_maq_eq,C,31,31_32_muebles_otras_manufacturas,38497644.2638683,EAE_C8_2021.xls,FBKF_componentes,si,mapeado
2021,fbkf_maq_eq,C,32,31_32_muebles_otras_manufacturas,41816760.0740979,EAE_C8_2021.xls,FBKF_componentes,si,mapeado
2021,fbkf_maq_eq,C,33,25_26_27_28_33_metal_equipos_reparacion,471823255.339245,EAE_C8_2021.xls,FBKF_componentes,si,mapeado
2021,fbkf_maq_eq,D,35,,9393927761.54891,EAE_C8_2021.xls,FBKF_componentes,si,no_mapeado_o_no_usado
2021,fbkf_maq_eq,E,"36, 37 y 38",,400337725.06873,EAE_C8_2021.xls,FBKF_componentes,si,no_mapeado_o_no_usado
2021,fbkf_maq_eq,G,45,,688022542.559244,EAE_C8_2021.xls,FBKF_componentes,si,no_mapeado_o_no_usado
2021,fbkf_maq_eq,G,46,,7011087935.44925,EAE_C8_2021.xls,FBKF_componentes,si,no_mapeado_o_no_usado
2021,fbkf_maq_eq,G,47,,3327018725.25974,EAE_C8_2021.xls,FBKF_componentes,si,no_mapeado_o_no_usado
2021,fbkf_maq_eq,H,49,,4439135514.70091,EAE_C8_2021.xls,FBKF_componentes,si,no_mapeado_o_no_usado
2021,fbkf_maq_eq,H,50,,-530102707.566266,EAE_C8_2021.xls,FBKF_componentes,si,no_mapeado_o_no_usado
2021,fbkf_maq_eq,H,51,,44874170.6323409,EAE_C8_2021.xls,FBKF_componentes,si,no_mapeado_o_no_usado
2021,fbkf_maq_eq,H,52,,1385449427.65082,EAE_C8_2021.xls,FBKF_componentes,si,no_mapeado_o_no_usado
2021,fbkf_maq_eq,H,53,,99400119.8193733,EAE_C8_2021.xls,FBKF_componentes,si,no_mapeado_o_no_usado
2021,fbkf_maq_eq,I,55,,324629556.956636,EAE_C8_2021.xls,FBKF_componentes,si,no_mapeado_o_no_usado
2021,fbkf_maq_eq,I,56,,356868586.32432,EAE_C8_2021.xls,FBKF_componentes,si,no_mapeado_o_no_usado
2021,fbkf_maq_eq,J,58,,5721466.79496682,EAE_C8_2021.xls,FBKF_componentes,si,no_mapeado_o_no_usado
2021,fbkf_maq_eq,J,59,,13992745.6512251,EAE_C8_2021.xls,FBKF_componentes,si,no_mapeado_o_no_usado
2021,fbkf_maq_eq,J,60,,496212660.542002,EAE_C8_2021.xls,FBKF_componentes,si,no_mapeado_o_no_usado
2021,fbkf_maq_eq,J,61,,8584771442.17903,EAE_C8_2021.xls,FBKF_componentes,si,no_mapeado_o_no_usado
2021,fbkf_maq_eq,J,62,,710128053.013721,EAE_C8_2021.xls,FBKF_componentes,si,no_mapeado_o_no_usado
2021,fbkf_maq_eq,J,63,,531062190.706897,EAE_C8_2021.xls,FBKF_componentes,si,no_mapeado_o_no_usado
2021,fbkf_maq_eq,K,64,,238202335.153228,EAE_C8_2021.xls,FBKF_componentes,si,no_mapeado_o_no_usado
2021,fbkf_maq_eq,K,66,,205280341.84386,EAE_C8_2021.xls,FBKF_componentes,si,no_mapeado_o_no_usado
2021,fbkf_maq_eq,M,69,,174349602.646734,EAE_C8_2021.xls,FBKF_componentes,si,no_mapeado_o_no_usado
2021,fbkf_maq_eq,M,70,,52614569.8855382,EAE_C8_2021.xls,FBKF_componentes,si,no_mapeado_o_no_usado
2021,fbkf_maq_eq,M,71,,93766400.3925058,EAE_C8_2021.xls,FBKF_componentes,si,no_mapeado_o_no_usado
2021,fbkf_maq_eq,M,72,,43169203.2457365,EAE_C8_2021.xls,FBKF_componentes,si,no_mapeado_o_no_usado
2021,fbkf_maq_eq,M,73,,118099884.263331,EAE_C8_2021.xls,FBKF_componentes,si,no_mapeado_o_no_usado
2021,fbkf_maq_eq,M,74,,59247066.8228877,EAE_C8_2021.xls,FBKF_componentes,si,no_mapeado_o_no_usado
2021,fbkf_maq_eq,M,75,,0.0,EAE_C8_2021.xls,FBKF_componentes,si,no_mapeado_o_no_usado
2021,fbkf_maq_eq,N,77,,4799176610.69283,EAE_C8_2021.xls,FBKF_componentes,si,no_mapeado_o_no_usado
2021,fbkf_maq_eq,N,78,,112535127.029369,EAE_C8_2021.xls,FBKF_componentes,si,no_mapeado_o_no_usado
2021,fbkf_maq_eq,N,79,,20297222.9039444,EAE_C8_2021.xls,FBKF_componentes,si,no_mapeado_o_no_usado
2021,fbkf_maq_eq,N,80,,529181853.986967,EAE_C8_2021.xls,FBKF_componentes,si,no_mapeado_o_no_usado
2021,fbkf_maq_eq,N,81,,182586484.477595,EAE_C8_2021.xls,FBKF_componentes,si,no_mapeado_o_no_usado
2021,fbkf_maq_eq,N,82,,375756616.335836,EAE_C8_2021.xls,FBKF_componentes,si,no_mapeado_o_no_usado
2021,fbkf_maq_eq,P,85,,288400176.469851,EAE_C8_2021.xls,FBKF_componentes,si,no_mapeado_o_no_usado
2021,fbkf_maq_eq,Q,86,,1790820644.28032,EAE_C8_2021.xls,FBKF_componentes,si,no_mapeado_o_no_usado
2021,fbkf_maq_eq,Q,87,,59102720.8391999,EAE_C8_2021.xls,FBKF_componentes,si,no_mapeado_o_no_usado
2021,fbkf_maq_eq,Q,88,,20745892.770199,EAE_C8_2021.xls,FBKF_componentes,si,no_mapeado_o_no_usado
2021,fbkf_maq_eq,R,90,,2828124.84293005,EAE_C8_2021.xls,FBKF_componentes,si,no_mapeado_o_no_usado
2021,fbkf_maq_eq,R,92,,76028099.9093086,EAE_C8_2021.xls,FBKF_componentes,si,no_mapeado_o_no_usado
2021,fbkf_maq_eq,R,93,,62706704.029498,EAE_C8_2021.xls,FBKF_componentes,si,no_mapeado_o_no_usado
2021,fbkf_maq_eq,S,94,,179745106.496073,EAE_C8_2021.xls,FBKF_componentes,si,no_mapeado_o_no_usado
2021,fbkf_maq_eq,S,95,,29427127.0208182,EAE_C8_2021.xls,FBKF_componentes,si,no_mapeado_o_no_usado
2021,fbkf_maq_eq,S,96,,122749968.874733,EAE_C8_2021.xls,FBKF_componentes,si,no_mapeado_o_no_usado
2022,fbcf,B,08 y 09,,347532015.953246,EAE_C6_2022.xls,FBCF,si,no_mapeado_o_no_usado
2022,adquisiciones_importadas,B,08 y 09,,0.0,EAE_C6_2022.xls,FBCF,si,no_mapeado_o_no_usado
2022,adquisiciones_origen_importado,B,08 y 09,,84485169.8442921,EAE_C6_2022.xls,FBCF,si,no_mapeado_o_no_usado
2022,fbcf,C,10,10_11_12_alimentos_bebidas_tabaco,12167697266.6767,EAE_C6_2022.xls,FBCF,si,mapeado
2022,adquisiciones_importadas,C,10,10_11_12_alimentos_bebidas_tabaco,280819299.360126,EAE_C6_2022.xls,FBCF,si,mapeado
2022,adquisiciones_origen_importado,C,10,10_11_12_alimentos_bebidas_tabaco,3221428231.98612,EAE_C6_2022.xls,FBCF,si,mapeado
2022,fbcf,C,11 y 12,10_11_12_alimentos_bebidas_tabaco,3595562764.69793,EAE_C6_2022.xls,FBCF,si,mapeado
2022,adquisiciones_importadas,C,11 y 12,10_11_12_alimentos_bebidas_tabaco,382138597.132256,EAE_C6_2022.xls,FBCF,si,mapeado
2022,adquisiciones_origen_importado,C,11 y 12,10_11_12_alimentos_bebidas_tabaco,824007633.568072,EAE_C6_2022.xls,FBCF,si,mapeado
2022,fbcf,C,13,13_14_15_textiles_prendas_cuero,107590641.447492,EAE_C6_2022.xls,FBCF,si,mapeado
2022,adquisiciones_importadas,C,13,13_14_15_textiles_prendas_cuero,27968198.3246375,EAE_C6_2022.xls,FBCF,si,mapeado
2022,adquisiciones_origen_importado,C,13,13_14_15_textiles_prendas_cuero,18190143.9729932,EAE_C6_2022.xls,FBCF,si,mapeado
2022,fbcf,C,14,13_14_15_textiles_prendas_cuero,43307557.056419,EAE_C6_2022.xls,FBCF,si,mapeado
2022,adquisiciones_importadas,C,14,13_14_15_textiles_prendas_cuero,0.0,EAE_C6_2022.xls,FBCF,si,mapeado
2022,adquisiciones_origen_importado,C,14,13_14_15_textiles_prendas_cuero,1557033.79352822,EAE_C6_2022.xls,FBCF,si,mapeado
2022,fbcf,C,15,13_14_15_textiles_prendas_cuero,450386125.911891,EAE_C6_2022.xls,FBCF,si,mapeado
2022,adquisiciones_importadas,C,15,13_14_15_textiles_prendas_cuero,256039812.918964,EAE_C6_2022.xls,FBCF,si,mapeado
2022,adquisiciones_origen_importado,C,15,13_14_15_textiles_prendas_cuero,69092572.2773353,EAE_C6_2022.xls,FBCF,si,mapeado
2022,fbcf,C,16,16_madera,2377865391.6437,EAE_C6_2022.xls,FBCF,si,mapeado
2022,adquisiciones_importadas,C,16,16_madera,1891553004.10309,EAE_C6_2022.xls,FBCF,si,mapeado
2022,adquisiciones_origen_importado,C,16,16_madera,138549041.127125,EAE_C6_2022.xls,FBCF,si,mapeado
2022,fbcf,C,17,17_18_papel_impresion,38341675646.7571,EAE_C6_2022.xls,FBCF,si,mapeado
2022,adquisiciones_importadas,C,17,17_18_papel_impresion,117750790.294809,EAE_C6_2022.xls,FBCF,si,mapeado
2022,adquisiciones_origen_importado,C,17,17_18_papel_impresion,40510663.134806,EAE_C6_2022.xls,FBCF,si,mapeado
2022,fbcf,C,18,17_18_papel_impresion,257163602.745304,EAE_C6_2022.xls,FBCF,si,mapeado
2022,adquisiciones_importadas,C,18,17_18_papel_impresion,19948723.719266,EAE_C6_2022.xls,FBCF,si,mapeado
2022,adquisiciones_origen_importado,C,18,17_18_papel_impresion,51790179.7806327,EAE_C6_2022.xls,FBCF,si,mapeado
2022,fbcf,C,19,19_refinacion,2031684271.0,EAE_C6_2022.xls,FBCF,si,mapeado
2022,adquisiciones_importadas,C,19,19_refinacion,0.0,EAE_C6_2022.xls,FBCF,si,mapeado
2022,adquisiciones_origen_importado,C,19,19_refinacion,34661910.0,EAE_C6_2022.xls,FBCF,si,mapeado
2022,fbcf,C,20,20_21_22_quimicos_farma_caucho_plastico,2793951485.38419,EAE_C6_2022.xls,FBCF,si,mapeado
2022,adquisiciones_importadas,C,20,20_21_22_quimicos_farma_caucho_plastico,586840394.691762,EAE_C6_2022.xls,FBCF,si,mapeado
2022,adquisiciones_origen_importado,C,20,20_21_22_quimicos_farma_caucho_plastico,187304027.144777,EAE_C6_2022.xls,FBCF,si,mapeado
2022,fbcf,C,21,20_21_22_quimicos_farma_caucho_plastico,2458190735.02997,EAE_C6_2022.xls,FBCF,si,mapeado
2022,adquisiciones_importadas,C,21,20_21_22_quimicos_farma_caucho_plastico,67930157.6206267,EAE_C6_2022.xls,FBCF,si,mapeado
2022,adquisiciones_origen_importado,C,21,20_21_22_quimicos_farma_caucho_plastico,178895983.920927,EAE_C6_2022.xls,FBCF,si,mapeado
2022,fbcf,C,22,20_21_22_quimicos_farma_caucho_plastico,481014073.927872,EAE_C6_2022.xls,FBCF,si,mapeado
2022,adquisiciones_importadas,C,22,20_21_22_quimicos_farma_caucho_plastico,153050758.889585,EAE_C6_2022.xls,FBCF,si,mapeado
2022,adquisiciones_origen_importado,C,22,20_21_22_quimicos_farma_caucho_plastico,38496157.2119856,EAE_C6_2022.xls,FBCF,si,mapeado
2022,fbcf,C,23,23_24_minerales_metales,1910137120.49046,EAE_C6_2022.xls,FBCF,si,mapeado
2022,adquisiciones_importadas,C,23,23_24_minerales_metales,99059.0760906437,EAE_C6_2022.xls,FBCF,si,mapeado
2022,adquisiciones_origen_importado,C,23,23_24_minerales_metales,38278638.073845,EAE_C6_2022.xls,FBCF,si,mapeado
2022,fbcf,C,24,23_24_minerales_metales,301803444.6178,EAE_C6_2022.xls,FBCF,si,mapeado
2022,adquisiciones_importadas,C,24,23_24_minerales_metales,10784170.8040551,EAE_C6_2022.xls,FBCF,si,mapeado
2022,adquisiciones_origen_importado,C,24,23_24_minerales_metales,74146320.8688162,EAE_C6_2022.xls,FBCF,si,mapeado
2022,fbcf,C,25,25_26_27_28_33_metal_equipos_reparacion,239502104.396366,EAE_C6_2022.xls,FBCF,si,mapeado
2022,adquisiciones_importadas,C,25,25_26_27_28_33_metal_equipos_reparacion,23662548.9247555,EAE_C6_2022.xls,FBCF,si,mapeado
2022,adquisiciones_origen_importado,C,25,25_26_27_28_33_metal_equipos_reparacion,93482442.8726244,EAE_C6_2022.xls,FBCF,si,mapeado
2022,fbcf,C,26 y 27,25_26_27_28_33_metal_equipos_reparacion,139661170.2732,EAE_C6_2022.xls,FBCF,si,mapeado
2022,adquisiciones_importadas,C,26 y 27,25_26_27_28_33_metal_equipos_reparacion,22276570.3842479,EAE_C6_2022.xls,FBCF,si,mapeado
2022,adquisiciones_origen_importado,C,26 y 27,25_26_27_28_33_metal_equipos_reparacion,24917074.8693463,EAE_C6_2022.xls,FBCF,si,mapeado
2022,fbcf,C,28,25_26_27_28_33_metal_equipos_reparacion,42664980.5089755,EAE_C6_2022.xls,FBCF,si,mapeado
2022,adquisiciones_importadas,C,28,25_26_27_28_33_metal_equipos_reparacion,28696271.0,EAE_C6_2022.xls,FBCF,si,mapeado
2022,adquisiciones_origen_importado,C,28,25_26_27_28_33_metal_equipos_reparacion,5988026.06713348,EAE_C6_2022.xls,FBCF,si,mapeado
2022,fbcf,C,29 y 30,29_30_vehiculos_transporte,1407110451.91576,EAE_C6_2022.xls,FBCF,si,mapeado
2022,adquisiciones_importadas,C,29 y 30,29_30_vehiculos_transporte,74293411.1173097,EAE_C6_2022.xls,FBCF,si,mapeado
2022,adquisiciones_origen_importado,C,29 y 30,29_30_vehiculos_transporte,34563550.1263514,EAE_C6_2022.xls,FBCF,si,mapeado
2022,fbcf,C,31,31_32_muebles_otras_manufacturas,40126581.6049757,EAE_C6_2022.xls,FBCF,si,mapeado
2022,adquisiciones_importadas,C,31,31_32_muebles_otras_manufacturas,0.0,EAE_C6_2022.xls,FBCF,si,mapeado
2022,adquisiciones_origen_importado,C,31,31_32_muebles_otras_manufacturas,10081518.2973236,EAE_C6_2022.xls,FBCF,si,mapeado
2022,fbcf,C,32,31_32_muebles_otras_manufacturas,58911397.6870323,EAE_C6_2022.xls,FBCF,si,mapeado
2022,adquisiciones_importadas,C,32,31_32_muebles_otras_manufacturas,0.0,EAE_C6_2022.xls,FBCF,si,mapeado
2022,adquisiciones_origen_importado,C,32,31_32_muebles_otras_manufacturas,10407019.7640566,EAE_C6_2022.xls,FBCF,si,mapeado
2022,fbcf,C,33,25_26_27_28_33_metal_equipos_reparacion,441006938.47616,EAE_C6_2022.xls,FBCF,si,mapeado
2022,adquisiciones_importadas,C,33,25_26_27_28_33_metal_equipos_reparacion,196725164.319634,EAE_C6_2022.xls,FBCF,si,mapeado
2022,adquisiciones_origen_importado,C,33,25_26_27_28_33_metal_equipos_reparacion,84031879.6832344,EAE_C6_2022.xls,FBCF,si,mapeado
2022,fbcf,D,35,,12007299029.0308,EAE_C6_2022.xls,FBCF,si,no_mapeado_o_no_usado
2022,adquisiciones_importadas,D,35,,82484597.0,EAE_C6_2022.xls,FBCF,si,no_mapeado_o_no_usado
2022,adquisiciones_origen_importado,D,35,,3971302.0,EAE_C6_2022.xls,FBCF,si,no_mapeado_o_no_usado
2022,fbcf,E,"36, 37 y 38",,5794688386.96479,EAE_C6_2022.xls,FBCF,si,no_mapeado_o_no_usado
2022,adquisiciones_importadas,E,"36, 37 y 38",,227258936.505188,EAE_C6_2022.xls,FBCF,si,no_mapeado_o_no_usado
2022,adquisiciones_origen_importado,E,"36, 37 y 38",,95877761.6054788,EAE_C6_2022.xls,FBCF,si,no_mapeado_o_no_usado
2022,fbcf,G,45,,2141042371.03343,EAE_C6_2022.xls,FBCF,si,no_mapeado_o_no_usado
2022,adquisiciones_importadas,G,45,,0.0,EAE_C6_2022.xls,FBCF,si,no_mapeado_o_no_usado
2022,adquisiciones_origen_importado,G,45,,191176316.75559,EAE_C6_2022.xls,FBCF,si,no_mapeado_o_no_usado
2022,fbcf,G,46,,15481229277.5429,EAE_C6_2022.xls,FBCF,si,no_mapeado_o_no_usado
2022,adquisiciones_importadas,G,46,,3183181988.5954,EAE_C6_2022.xls,FBCF,si,no_mapeado_o_no_usado
2022,adquisiciones_origen_importado,G,46,,3605744139.88808,EAE_C6_2022.xls,FBCF,si,no_mapeado_o_no_usado
2022,fbcf,G,47,,7960090526.61802,EAE_C6_2022.xls,FBCF,si,no_mapeado_o_no_usado
2022,adquisiciones_importadas,G,47,,1408681.84779816,EAE_C6_2022.xls,FBCF,si,no_mapeado_o_no_usado
2022,adquisiciones_origen_importado,G,47,,769180693.315015,EAE_C6_2022.xls,FBCF,si,no_mapeado_o_no_usado
2022,fbcf,H,49,,7738660509.53398,EAE_C6_2022.xls,FBCF,si,no_mapeado_o_no_usado
2022,adquisiciones_importadas,H,49,,323050507.444774,EAE_C6_2022.xls,FBCF,si,no_mapeado_o_no_usado
2022,adquisiciones_origen_importado,H,49,,1997063693.52786,EAE_C6_2022.xls,FBCF,si,no_mapeado_o_no_usado
2022,fbcf,H,50,,1981499808.3962,EAE_C6_2022.xls,FBCF,si,no_mapeado_o_no_usado
2022,adquisiciones_importadas,H,50,,1790972905.52571,EAE_C6_2022.xls,FBCF,si,no_mapeado_o_no_usado
2022,adquisiciones_origen_importado,H,50,,216408990.901835,EAE_C6_2022.xls,FBCF,si,no_mapeado_o_no_usado
2022,fbcf,H,51,,73038160.522143,EAE_C6_2022.xls,FBCF,si,no_mapeado_o_no_usado
2022,adquisiciones_importadas,H,51,,0.0,EAE_C6_2022.xls,FBCF,si,no_mapeado_o_no_usado
2022,adquisiciones_origen_importado,H,51,,253759.630297572,EAE_C6_2022.xls,FBCF,si,no_mapeado_o_no_usado
2022,fbcf,H,52,,14107836604.6297,EAE_C6_2022.xls,FBCF,si,no_mapeado_o_no_usado
2022,adquisiciones_importadas,H,52,,257331145.815558,EAE_C6_2022.xls,FBCF,si,no_mapeado_o_no_usado
2022,adquisiciones_origen_importado,H,52,,518177227.553192,EAE_C6_2022.xls,FBCF,si,no_mapeado_o_no_usado
2022,fbcf,H,53,,148612819.355678,EAE_C6_2022.xls,FBCF,si,no_mapeado_o_no_usado
2022,adquisiciones_importadas,H,53,,0.0,EAE_C6_2022.xls,FBCF,si,no_mapeado_o_no_usado
2022,adquisiciones_origen_importado,H,53,,68693581.8644227,EAE_C6_2022.xls,FBCF,si,no_mapeado_o_no_usado
2022,fbcf,I,55,,1585905888.97424,EAE_C6_2022.xls,FBCF,si,no_mapeado_o_no_usado
2022,adquisiciones_importadas,I,55,,32438466.5883357,EAE_C6_2022.xls,FBCF,si,no_mapeado_o_no_usado
2022,adquisiciones_origen_importado,I,55,,2268117.30864977,EAE_C6_2022.xls,FBCF,si,no_mapeado_o_no_usado
2022,fbcf,I,56,,856749267.035502,EAE_C6_2022.xls,FBCF,si,no_mapeado_o_no_usado
2022,adquisiciones_importadas,I,56,,0.0,EAE_C6_2022.xls,FBCF,si,no_mapeado_o_no_usado
2022,adquisiciones_origen_importado,I,56,,18737734.7405555,EAE_C6_2022.xls,FBCF,si,no_mapeado_o_no_usado
2022,fbcf,J,58,,21571793.1420978,EAE_C6_2022.xls,FBCF,si,no_mapeado_o_no_usado
2022,adquisiciones_importadas,J,58,,1779269.0,EAE_C6_2022.xls,FBCF,si,no_mapeado_o_no_usado
2022,adquisiciones_origen_importado,J,58,,11315259.3981317,EAE_C6_2022.xls,FBCF,si,no_mapeado_o_no_usado
2022,fbcf,J,59,,1126641100.84301,EAE_C6_2022.xls,FBCF,si,no_mapeado_o_no_usado
2022,adquisiciones_importadas,J,59,,1046168113.0,EAE_C6_2022.xls,FBCF,si,no_mapeado_o_no_usado
2022,adquisiciones_origen_importado,J,59,,29205103.0324714,EAE_C6_2022.xls,FBCF,si,no_mapeado_o_no_usado
2022,fbcf,J,60,,497310283.040675,EAE_C6_2022.xls,FBCF,si,no_mapeado_o_no_usado
2022,adquisiciones_importadas,J,60,,0.0,EAE_C6_2022.xls,FBCF,si,no_mapeado_o_no_usado
2022,adquisiciones_origen_importado,J,60,,44756003.9407973,EAE_C6_2022.xls,FBCF,si,no_mapeado_o_no_usado
2022,fbcf,J,61,,13845880852.3571,EAE_C6_2022.xls,FBCF,si,no_mapeado_o_no_usado
2022,adquisiciones_importadas,J,61,,5396717541.2923,EAE_C6_2022.xls,FBCF,si,no_mapeado_o_no_usado
2022,adquisiciones_origen_importado,J,61,,4198205036.07053,EAE_C6_2022.xls,FBCF,si,no_mapeado_o_no_usado
2022,fbcf,J,62,,1599144087.55435,EAE_C6_2022.xls,FBCF,si,no_mapeado_o_no_usado
2022,adquisiciones_importadas,J,62,,16588032.9017589,EAE_C6_2022.xls,FBCF,si,no_mapeado_o_no_usado
2022,adquisiciones_origen_importado,J,62,,440833335.0862,EAE_C6_2022.xls,FBCF,si,no_mapeado_o_no_usado
2022,fbcf,J,63,,526305489.219049,EAE_C6_2022.xls,FBCF,si,no_mapeado_o_no_usado
2022,adquisiciones_importadas,J,63,,0.0,EAE_C6_2022.xls,FBCF,si,no_mapeado_o_no_usado
2022,adquisiciones_origen_importado,J,63,,230058961.167905,EAE_C6_2022.xls,FBCF,si,no_mapeado_o_no_usado
2022,fbcf,K,64,,736149160.481207,EAE_C6_2022.xls,FBCF,si,no_mapeado_o_no_usado
2022,adquisiciones_importadas,K,64,,9209997.0,EAE_C6_2022.xls,FBCF,si,no_mapeado_o_no_usado
2022,adquisiciones_origen_importado,K,64,,3714881.93325384,EAE_C6_2022.xls,FBCF,si,no_mapeado_o_no_usado
2022,fbcf,K,66,,475339332.625949,EAE_C6_2022.xls,FBCF,si,no_mapeado_o_no_usado
2022,adquisiciones_importadas,K,66,,22279116.0,EAE_C6_2022.xls,FBCF,si,no_mapeado_o_no_usado
2022,adquisiciones_origen_importado,K,66,,62233886.1460718,EAE_C6_2022.xls,FBCF,si,no_mapeado_o_no_usado
2022,fbcf,L,68,,3152823355.06045,EAE_C6_2022.xls,FBCF,si,no_mapeado_o_no_usado
2022,adquisiciones_importadas,L,68,,0.0,EAE_C6_2022.xls,FBCF,si,no_mapeado_o_no_usado
2022,adquisiciones_origen_importado,L,68,,40912261.521414,EAE_C6_2022.xls,FBCF,si,no_mapeado_o_no_usado
2022,fbcf,M,69,,368579297.335155,EAE_C6_2022.xls,FBCF,si,no_mapeado_o_no_usado
2022,adquisiciones_importadas,M,69,,0.0,EAE_C6_2022.xls,FBCF,si,no_mapeado_o_no_usado
2022,adquisiciones_origen_importado,M,69,,58441899.0978444,EAE_C6_2022.xls,FBCF,si,no_mapeado_o_no_usado
2022,fbcf,M,70,,192657006.871695,EAE_C6_2022.xls,FBCF,si,no_mapeado_o_no_usado
2022,adquisiciones_importadas,M,70,,964946.0,EAE_C6_2022.xls,FBCF,si,no_mapeado_o_no_usado
2022,adquisiciones_origen_importado,M,70,,12371430.0930962,EAE_C6_2022.xls,FBCF,si,no_mapeado_o_no_usado
2022,fbcf,M,71,,307085731.869084,EAE_C6_2022.xls,FBCF,si,no_mapeado_o_no_usado
2022,adquisiciones_importadas,M,71,,14964433.1519438,EAE_C6_2022.xls,FBCF,si,no_mapeado_o_no_usado
2022,adquisiciones_origen_importado,M,71,,104099179.812096,EAE_C6_2022.xls,FBCF,si,no_mapeado_o_no_usado
2022,fbcf,M,72,,75342941.2098248,EAE_C6_2022.xls,FBCF,si,no_mapeado_o_no_usado
2022,adquisiciones_importadas,M,72,,0.0,EAE_C6_2022.xls,FBCF,si,no_mapeado_o_no_usado
2022,adquisiciones_origen_importado,M,72,,543312.377817589,EAE_C6_2022.xls,FBCF,si,no_mapeado_o_no_usado
2022,fbcf,M,73,,257141774.645293,EAE_C6_2022.xls,FBCF,si,no_mapeado_o_no_usado
2022,adquisiciones_importadas,M,73,,8762690.74311323,EAE_C6_2022.xls,FBCF,si,no_mapeado_o_no_usado
2022,adquisiciones_origen_importado,M,73,,10260531.5309806,EAE_C6_2022.xls,FBCF,si,no_mapeado_o_no_usado
2022,fbcf,M,74,,70526529.5005043,EAE_C6_2022.xls,FBCF,si,no_mapeado_o_no_usado
2022,adquisiciones_importadas,M,74,,0.0,EAE_C6_2022.xls,FBCF,si,no_mapeado_o_no_usado
2022,adquisiciones_origen_importado,M,74,,15763085.1083797,EAE_C6_2022.xls,FBCF,si,no_mapeado_o_no_usado
2022,fbcf,M,75,,14400606.6098672,EAE_C6_2022.xls,FBCF,si,no_mapeado_o_no_usado
2022,adquisiciones_importadas,M,75,,0.0,EAE_C6_2022.xls,FBCF,si,no_mapeado_o_no_usado
2022,adquisiciones_origen_importado,M,75,,0.0,EAE_C6_2022.xls,FBCF,si,no_mapeado_o_no_usado
2022,fbcf,N,77,,3364286181.47863,EAE_C6_2022.xls,FBCF,si,no_mapeado_o_no_usado
2022,adquisiciones_importadas,N,77,,1101894596.16446,EAE_C6_2022.xls,FBCF,si,no_mapeado_o_no_usado
2022,adquisiciones_origen_importado,N,77,,1171059115.98574,EAE_C6_2022.xls,FBCF,si,no_mapeado_o_no_usado
2022,fbcf,N,78,,109777628.160417,EAE_C6_2022.xls,FBCF,si,no_mapeado_o_no_usado
2022,adquisiciones_importadas,N,78,,0.0,EAE_C6_2022.xls,FBCF,si,no_mapeado_o_no_usado
2022,adquisiciones_origen_importado,N,78,,11468237.9569144,EAE_C6_2022.xls,FBCF,si,no_mapeado_o_no_usado
2022,fbcf,N,79,,48487353.38418,EAE_C6_2022.xls,FBCF,si,no_mapeado_o_no_usado
2022,adquisiciones_importadas,N,79,,0.0,EAE_C6_2022.xls,FBCF,si,no_mapeado_o_no_usado
2022,adquisiciones_origen_importado,N,79,,22460483.6069951,EAE_C6_2022.xls,FBCF,si,no_mapeado_o_no_usado
2022,fbcf,N,80,,604600544.952766,EAE_C6_2022.xls,FBCF,si,no_mapeado_o_no_usado
2022,adquisiciones_importadas,N,80,,1363674.45315986,EAE_C6_2022.xls,FBCF,si,no_mapeado_o_no_usado
2022,adquisiciones_origen_importado,N,80,,73631032.0555497,EAE_C6_2022.xls,FBCF,si,no_mapeado_o_no_usado
2022,fbcf,N,81,,242432780.104363,EAE_C6_2022.xls,FBCF,si,no_mapeado_o_no_usado
2022,adquisiciones_importadas,N,81,,0.0,EAE_C6_2022.xls,FBCF,si,no_mapeado_o_no_usado
2022,adquisiciones_origen_importado,N,81,,42462567.980495,EAE_C6_2022.xls,FBCF,si,no_mapeado_o_no_usado
2022,fbcf,N,82,,519742692.532767,EAE_C6_2022.xls,FBCF,si,no_mapeado_o_no_usado
2022,adquisiciones_importadas,N,82,,53876412.0,EAE_C6_2022.xls,FBCF,si,no_mapeado_o_no_usado
2022,adquisiciones_origen_importado,N,82,,162559267.253594,EAE_C6_2022.xls,FBCF,si,no_mapeado_o_no_usado
2022,fbcf,P,85,,2031278865.74084,EAE_C6_2022.xls,FBCF,si,no_mapeado_o_no_usado
2022,adquisiciones_importadas,P,85,,54885983.0,EAE_C6_2022.xls,FBCF,si,no_mapeado_o_no_usado
2022,adquisiciones_origen_importado,P,85,,48973405.1647374,EAE_C6_2022.xls,FBCF,si,no_mapeado_o_no_usado
2022,fbcf,Q,86,,4815165408.19767,EAE_C6_2022.xls,FBCF,si,no_mapeado_o_no_usado
2022,adquisiciones_importadas,Q,86,,2687078.39885215,EAE_C6_2022.xls,FBCF,si,no_mapeado_o_no_usado
2022,adquisiciones_origen_importado,Q,86,,463397693.991522,EAE_C6_2022.xls,FBCF,si,no_mapeado_o_no_usado
2022,fbcf,Q,87,,159746268.46329,EAE_C6_2022.xls,FBCF,si,no_mapeado_o_no_usado
2022,adquisiciones_importadas,Q,87,,0.0,EAE_C6_2022.xls,FBCF,si,no_mapeado_o_no_usado
2022,adquisiciones_origen_importado,Q,87,,1239832.34753018,EAE_C6_2022.xls,FBCF,si,no_mapeado_o_no_usado
2022,fbcf,Q,88,,26184524.9917122,EAE_C6_2022.xls,FBCF,si,no_mapeado_o_no_usado
2022,adquisiciones_importadas,Q,88,,0.0,EAE_C6_2022.xls,FBCF,si,no_mapeado_o_no_usado
2022,adquisiciones_origen_importado,Q,88,,1359547.7430492,EAE_C6_2022.xls,FBCF,si,no_mapeado_o_no_usado
2022,fbcf,R,90,,1062311.98148495,EAE_C6_2022.xls,FBCF,si,no_mapeado_o_no_usado
2022,adquisiciones_importadas,R,90,,0.0,EAE_C6_2022.xls,FBCF,si,no_mapeado_o_no_usado
2022,adquisiciones_origen_importado,R,90,,114389.981484955,EAE_C6_2022.xls,FBCF,si,no_mapeado_o_no_usado
2022,fbcf,R,92,,588846041.472548,EAE_C6_2022.xls,FBCF,si,no_mapeado_o_no_usado
2022,adquisiciones_importadas,R,92,,19374403.6375847,EAE_C6_2022.xls,FBCF,si,no_mapeado_o_no_usado
2022,adquisiciones_origen_importado,R,92,,95159440.1975974,EAE_C6_2022.xls,FBCF,si,no_mapeado_o_no_usado
2022,fbcf,R,93,,4779827437.71859,EAE_C6_2022.xls,FBCF,si,no_mapeado_o_no_usado
2022,adquisiciones_importadas,R,93,,759307.663576905,EAE_C6_2022.xls,FBCF,si,no_mapeado_o_no_usado
2022,adquisiciones_origen_importado,R,93,,7969820.97119695,EAE_C6_2022.xls,FBCF,si,no_mapeado_o_no_usado
2022,fbcf,S,94,,2351261166.30136,EAE_C6_2022.xls,FBCF,si,no_mapeado_o_no_usado
2022,adquisiciones_importadas,S,94,,0.0,EAE_C6_2022.xls,FBCF,si,no_mapeado_o_no_usado
2022,adquisiciones_origen_importado,S,94,,47596507.4041273,EAE_C6_2022.xls,FBCF,si,no_mapeado_o_no_usado
2022,fbcf,S,95,,63004619.9770829,EAE_C6_2022.xls,FBCF,si,no_mapeado_o_no_usado
2022,adquisiciones_importadas,S,95,,0.0,EAE_C6_2022.xls,FBCF,si,no_mapeado_o_no_usado
2022,adquisiciones_origen_importado,S,95,,43267936.0273011,EAE_C6_2022.xls,FBCF,si,no_mapeado_o_no_usado
2022,fbcf,S,96,,149530046.521937,EAE_C6_2022.xls,FBCF,si,no_mapeado_o_no_usado
2022,adquisiciones_importadas,S,96,,6211796.0,EAE_C6_2022.xls,FBCF,si,no_mapeado_o_no_usado
2022,adquisiciones_origen_importado,S,96,,49578407.4085698,EAE_C6_2022.xls,FBCF,si,no_mapeado_o_no_usado
2022,fbkf_maq_eq,B,08 y 09,,279496144.277066,EAE_C8_2022.xls,FBKF_componentes,si,no_mapeado_o_no_usado
2022,fbkf_maq_eq,C,10,10_11_12_alimentos_bebidas_tabaco,5871667267.63217,EAE_C8_2022.xls,FBKF_componentes,si,mapeado
2022,fbkf_maq_eq,C,11 y 12,10_11_12_alimentos_bebidas_tabaco,1754725013.98234,EAE_C8_2022.xls,FBKF_componentes,si,mapeado
2022,fbkf_maq_eq,C,13,13_14_15_textiles_prendas_cuero,79212389.4895769,EAE_C8_2022.xls,FBKF_componentes,si,mapeado
2022,fbkf_maq_eq,C,14,13_14_15_textiles_prendas_cuero,16191644.5575934,EAE_C8_2022.xls,FBKF_componentes,si,mapeado
2022,fbkf_maq_eq,C,15,13_14_15_textiles_prendas_cuero,320899988.676534,EAE_C8_2022.xls,FBKF_componentes,si,mapeado
2022,fbkf_maq_eq,C,16,16_madera,1357677032.64716,EAE_C8_2022.xls,FBKF_componentes,si,mapeado
2022,fbkf_maq_eq,C,17,17_18_papel_impresion,1040586091.8507,EAE_C8_2022.xls,FBKF_componentes,si,mapeado
2022,fbkf_maq_eq,C,18,17_18_papel_impresion,98529953.0291376,EAE_C8_2022.xls,FBKF_componentes,si,mapeado
2022,fbkf_maq_eq,C,19,19_refinacion,777036211.0,EAE_C8_2022.xls,FBKF_componentes,si,mapeado
2022,fbkf_maq_eq,C,20,20_21_22_quimicos_farma_caucho_plastico,2529493939.30231,EAE_C8_2022.xls,FBKF_componentes,si,mapeado
2022,fbkf_maq_eq,C,21,20_21_22_quimicos_farma_caucho_plastico,455152517.426344,EAE_C8_2022.xls,FBKF_componentes,si,mapeado
2022,fbkf_maq_eq,C,22,20_21_22_quimicos_farma_caucho_plastico,275912134.963797,EAE_C8_2022.xls,FBKF_componentes,si,mapeado
2022,fbkf_maq_eq,C,23,23_24_minerales_metales,758013924.739341,EAE_C8_2022.xls,FBKF_componentes,si,mapeado
2022,fbkf_maq_eq,C,24,23_24_minerales_metales,95504151.0447613,EAE_C8_2022.xls,FBKF_componentes,si,mapeado
2022,fbkf_maq_eq,C,25,25_26_27_28_33_metal_equipos_reparacion,201035810.203963,EAE_C8_2022.xls,FBKF_componentes,si,mapeado
2022,fbkf_maq_eq,C,26 y 27,25_26_27_28_33_metal_equipos_reparacion,98216569.0804789,EAE_C8_2022.xls,FBKF_componentes,si,mapeado
2022,fbkf_maq_eq,C,28,25_26_27_28_33_metal_equipos_reparacion,25489446.2922812,EAE_C8_2022.xls,FBKF_componentes,si,mapeado
2022,fbkf_maq_eq,C,29 y 30,29_30_vehiculos_transporte,1065812990.35792,EAE_C8_2022.xls,FBKF_componentes,si,mapeado
2022,fbkf_maq_eq,C,31,31_32_muebles_otras_manufacturas,37265397.0743323,EAE_C8_2022.xls,FBKF_componentes,si,mapeado
2022,fbkf_maq_eq,C,32,31_32_muebles_otras_manufacturas,43851927.7965833,EAE_C8_2022.xls,FBKF_componentes,si,mapeado
2022,fbkf_maq_eq,C,33,25_26_27_28_33_metal_equipos_reparacion,340675324.421491,EAE_C8_2022.xls,FBKF_componentes,si,mapeado
2022,fbkf_maq_eq,D,35,,9612714326.9537,EAE_C8_2022.xls,FBKF_componentes,si,no_mapeado_o_no_usado
2022,fbkf_maq_eq,E,"36, 37 y 38",,786918698.458186,EAE_C8_2022.xls,FBKF_componentes,si,no_mapeado_o_no_usado
2022,fbkf_maq_eq,G,45,,659819614.640218,EAE_C8_2022.xls,FBKF_componentes,si,no_mapeado_o_no_usado
2022,fbkf_maq_eq,G,46,,5046620036.64553,EAE_C8_2022.xls,FBKF_componentes,si,no_mapeado_o_no_usado
2022,fbkf_maq_eq,G,47,,3291443214.53023,EAE_C8_2022.xls,FBKF_componentes,si,no_mapeado_o_no_usado
2022,fbkf_maq_eq,H,49,,7483953477.51074,EAE_C8_2022.xls,FBKF_componentes,si,no_mapeado_o_no_usado
2022,fbkf_maq_eq,H,50,,1959496228.29401,EAE_C8_2022.xls,FBKF_componentes,si,no_mapeado_o_no_usado
2022,fbkf_maq_eq,H,51,,73032150.9202462,EAE_C8_2022.xls,FBKF_componentes,si,no_mapeado_o_no_usado
2022,fbkf_maq_eq,H,52,,7038343386.93914,EAE_C8_2022.xls,FBKF_componentes,si,no_mapeado_o_no_usado
2022,fbkf_maq_eq,H,53,,119778596.358902,EAE_C8_2022.xls,FBKF_componentes,si,no_mapeado_o_no_usado
2022,fbkf_maq_eq,I,55,,321587475.328077,EAE_C8_2022.xls,FBKF_componentes,si,no_mapeado_o_no_usado
2022,fbkf_maq_eq,I,56,,468988803.987442,EAE_C8_2022.xls,FBKF_componentes,si,no_mapeado_o_no_usado
2022,fbkf_maq_eq,J,58,,10186083.9480236,EAE_C8_2022.xls,FBKF_componentes,si,no_mapeado_o_no_usado
2022,fbkf_maq_eq,J,59,,55890656.2771534,EAE_C8_2022.xls,FBKF_componentes,si,no_mapeado_o_no_usado
2022,fbkf_maq_eq,J,60,,203246097.360534,EAE_C8_2022.xls,FBKF_componentes,si,no_mapeado_o_no_usado
2022,fbkf_maq_eq,J,61,,12917984236.7184,EAE_C8_2022.xls,FBKF_componentes,si,no_mapeado_o_no_usado
2022,fbkf_maq_eq,J,62,,853241046.584359,EAE_C8_2022.xls,FBKF_componentes,si,no_mapeado_o_no_usado
2022,fbkf_maq_eq,J,63,,327487517.684398,EAE_C8_2022.xls,FBKF_componentes,si,no_mapeado_o_no_usado
2022,fbkf_maq_eq,K,64,,275001341.169872,EAE_C8_2022.xls,FBKF_componentes,si,no_mapeado_o_no_usado
2022,fbkf_maq_eq,K,66,,350516851.114522,EAE_C8_2022.xls,FBKF_componentes,si,no_mapeado_o_no_usado
2022,fbkf_maq_eq,M,69,,172359462.87525,EAE_C8_2022.xls,FBKF_componentes,si,no_mapeado_o_no_usado
2022,fbkf_maq_eq,M,70,,44348860.0239612,EAE_C8_2022.xls,FBKF_componentes,si,no_mapeado_o_no_usado
2022,fbkf_maq_eq,M,71,,185995158.418502,EAE_C8_2022.xls,FBKF_componentes,si,no_mapeado_o_no_usado
2022,fbkf_maq_eq,M,72,,58366300.4107112,EAE_C8_2022.xls,FBKF_componentes,si,no_mapeado_o_no_usado
2022,fbkf_maq_eq,M,73,,133596779.554021,EAE_C8_2022.xls,FBKF_componentes,si,no_mapeado_o_no_usado
2022,fbkf_maq_eq,M,74,,50293732.5734598,EAE_C8_2022.xls,FBKF_componentes,si,no_mapeado_o_no_usado
2022,fbkf_maq_eq,M,75,,11264697.3211205,EAE_C8_2022.xls,FBKF_componentes,si,no_mapeado_o_no_usado
2022,fbkf_maq_eq,N,77,,3257571225.59178,EAE_C8_2022.xls,FBKF_componentes,si,no_mapeado_o_no_usado
2022,fbkf_maq_eq,N,78,,70251550.628142,EAE_C8_2022.xls,FBKF_componentes,si,no_mapeado_o_no_usado
2022,fbkf_maq_eq,N,79,,31202090.9048887,EAE_C8_2022.xls,FBKF_componentes,si,no_mapeado_o_no_usado
2022,fbkf_maq_eq,N,80,,380396907.058092,EAE_C8_2022.xls,FBKF_componentes,si,no_mapeado_o_no_usado
2022,fbkf_maq_eq,N,81,,161833613.861078,EAE_C8_2022.xls,FBKF_componentes,si,no_mapeado_o_no_usado
2022,fbkf_maq_eq,N,82,,338734171.292192,EAE_C8_2022.xls,FBKF_componentes,si,no_mapeado_o_no_usado
2022,fbkf_maq_eq,P,85,,323539863.525907,EAE_C8_2022.xls,FBKF_componentes,si,no_mapeado_o_no_usado
2022,fbkf_maq_eq,Q,86,,1680704914.39044,EAE_C8_2022.xls,FBKF_componentes,si,no_mapeado_o_no_usado
2022,fbkf_maq_eq,Q,87,,57650760.2558976,EAE_C8_2022.xls,FBKF_componentes,si,no_mapeado_o_no_usado
2022,fbkf_maq_eq,Q,88,,15440821.9513023,EAE_C8_2022.xls,FBKF_componentes,si,no_mapeado_o_no_usado
2022,fbkf_maq_eq,R,90,,978709.981484955,EAE_C8_2022.xls,FBKF_componentes,si,no_mapeado_o_no_usado
2022,fbkf_maq_eq,R,92,,197987303.14655,EAE_C8_2022.xls,FBKF_componentes,si,no_mapeado_o_no_usado
2022,fbkf_maq_eq,R,93,,229350053.767217,EAE_C8_2022.xls,FBKF_componentes,si,no_mapeado_o_no_usado
2022,fbkf_maq_eq,S,94,,110597083.80932,EAE_C8_2022.xls,FBKF_componentes,si,no_mapeado_o_no_usado
2022,fbkf_maq_eq,S,95,,63004619.9770829,EAE_C8_2022.xls,FBKF_componentes,si,no_mapeado_o_no_usado
2022,fbkf_maq_eq,S,96,,100190754.943164,EAE_C8_2022.xls,FBKF_componentes,si,no_mapeado_o_no_usado
2023,fbcf,B,08 y 09,,624591390.590582,EAE_C6_2023.xls,FBCF,si,no_mapeado_o_no_usado
2023,adquisiciones_importadas,B,08 y 09,,41419081.1638493,EAE_C6_2023.xls,FBCF,si,no_mapeado_o_no_usado
2023,adquisiciones_origen_importado,B,08 y 09,,163293935.771566,EAE_C6_2023.xls,FBCF,si,no_mapeado_o_no_usado
2023,fbcf,C,10,10_11_12_alimentos_bebidas_tabaco,11476807279.2499,EAE_C6_2023.xls,FBCF,si,mapeado
2023,adquisiciones_importadas,C,10,10_11_12_alimentos_bebidas_tabaco,139413673.897625,EAE_C6_2023.xls,FBCF,si,mapeado
2023,adquisiciones_origen_importado,C,10,10_11_12_alimentos_bebidas_tabaco,1890479026.77099,EAE_C6_2023.xls,FBCF,si,mapeado
2023,fbcf,C,11 y 12,10_11_12_alimentos_bebidas_tabaco,2114716433.00883,EAE_C6_2023.xls,FBCF,si,mapeado
2023,adquisiciones_importadas,C,11 y 12,10_11_12_alimentos_bebidas_tabaco,157732667.889323,EAE_C6_2023.xls,FBCF,si,mapeado
2023,adquisiciones_origen_importado,C,11 y 12,10_11_12_alimentos_bebidas_tabaco,399066052.174523,EAE_C6_2023.xls,FBCF,si,mapeado
2023,fbcf,C,13,13_14_15_textiles_prendas_cuero,79808928.9345288,EAE_C6_2023.xls,FBCF,si,mapeado
2023,adquisiciones_importadas,C,13,13_14_15_textiles_prendas_cuero,6783349.39038817,EAE_C6_2023.xls,FBCF,si,mapeado
2023,adquisiciones_origen_importado,C,13,13_14_15_textiles_prendas_cuero,35564063.8526153,EAE_C6_2023.xls,FBCF,si,mapeado
2023,fbcf,C,14,13_14_15_textiles_prendas_cuero,73449930.5774281,EAE_C6_2023.xls,FBCF,si,mapeado
2023,adquisiciones_importadas,C,14,13_14_15_textiles_prendas_cuero,0.0,EAE_C6_2023.xls,FBCF,si,mapeado
2023,adquisiciones_origen_importado,C,14,13_14_15_textiles_prendas_cuero,18365760.0263277,EAE_C6_2023.xls,FBCF,si,mapeado
2023,fbcf,C,15,13_14_15_textiles_prendas_cuero,303282616.212859,EAE_C6_2023.xls,FBCF,si,mapeado
2023,adquisiciones_importadas,C,15,13_14_15_textiles_prendas_cuero,236017190.962439,EAE_C6_2023.xls,FBCF,si,mapeado
2023,adquisiciones_origen_importado,C,15,13_14_15_textiles_prendas_cuero,61186129.5444532,EAE_C6_2023.xls,FBCF,si,mapeado
2023,fbcf,C,16,16_madera,3548861134.2942,EAE_C6_2023.xls,FBCF,si,mapeado
2023,adquisiciones_importadas,C,16,16_madera,1720800159.57873,EAE_C6_2023.xls,FBCF,si,mapeado
2023,adquisiciones_origen_importado,C,16,16_madera,160357699.805818,EAE_C6_2023.xls,FBCF,si,mapeado
2023,fbcf,C,17,17_18_papel_impresion,24325172697.3434,EAE_C6_2023.xls,FBCF,si,mapeado
2023,adquisiciones_importadas,C,17,17_18_papel_impresion,227481684.820533,EAE_C6_2023.xls,FBCF,si,mapeado
2023,adquisiciones_origen_importado,C,17,17_18_papel_impresion,196396423.535475,EAE_C6_2023.xls,FBCF,si,mapeado
2023,fbcf,C,18,17_18_papel_impresion,361452240.995246,EAE_C6_2023.xls,FBCF,si,mapeado
2023,adquisiciones_importadas,C,18,17_18_papel_impresion,7074084.8221791,EAE_C6_2023.xls,FBCF,si,mapeado
2023,adquisiciones_origen_importado,C,18,17_18_papel_impresion,22621466.182731,EAE_C6_2023.xls,FBCF,si,mapeado
2023,fbcf,C,19,19_refinacion,3042731814.0,EAE_C6_2023.xls,FBCF,si,mapeado
2023,adquisiciones_importadas,C,19,19_refinacion,9925984.0,EAE_C6_2023.xls,FBCF,si,mapeado
2023,adquisiciones_origen_importado,C,19,19_refinacion,53397567.0,EAE_C6_2023.xls,FBCF,si,mapeado
2023,fbcf,C,20,20_21_22_quimicos_farma_caucho_plastico,3419137157.48382,EAE_C6_2023.xls,FBCF,si,mapeado
2023,adquisiciones_importadas,C,20,20_21_22_quimicos_farma_caucho_plastico,187393081.362514,EAE_C6_2023.xls,FBCF,si,mapeado
2023,adquisiciones_origen_importado,C,20,20_21_22_quimicos_farma_caucho_plastico,66306396.9738096,EAE_C6_2023.xls,FBCF,si,mapeado
2023,fbcf,C,21,20_21_22_quimicos_farma_caucho_plastico,2009181580.91843,EAE_C6_2023.xls,FBCF,si,mapeado
2023,adquisiciones_importadas,C,21,20_21_22_quimicos_farma_caucho_plastico,35207408.9468244,EAE_C6_2023.xls,FBCF,si,mapeado
2023,adquisiciones_origen_importado,C,21,20_21_22_quimicos_farma_caucho_plastico,219106690.355521,EAE_C6_2023.xls,FBCF,si,mapeado
2023,fbcf,C,22,20_21_22_quimicos_farma_caucho_plastico,598936298.794402,EAE_C6_2023.xls,FBCF,si,mapeado
2023,adquisiciones_importadas,C,22,20_21_22_quimicos_farma_caucho_plastico,75034725.6405574,EAE_C6_2023.xls,FBCF,si,mapeado
2023,adquisiciones_origen_importado,C,22,20_21_22_quimicos_farma_caucho_plastico,311131249.997825,EAE_C6_2023.xls,FBCF,si,mapeado
2023,fbcf,C,23,23_24_minerales_metales,2512660205.15142,EAE_C6_2023.xls,FBCF,si,mapeado
2023,adquisiciones_importadas,C,23,23_24_minerales_metales,1362298.7427342,EAE_C6_2023.xls,FBCF,si,mapeado
2023,adquisiciones_origen_importado,C,23,23_24_minerales_metales,130123827.453206,EAE_C6_2023.xls,FBCF,si,mapeado
2023,fbcf,C,24,23_24_minerales_metales,380537602.643424,EAE_C6_2023.xls,FBCF,si,mapeado
2023,adquisiciones_importadas,C,24,23_24_minerales_metales,6144618.772517,EAE_C6_2023.xls,FBCF,si,mapeado
2023,adquisiciones_origen_importado,C,24,23_24_minerales_metales,402485178.80643,EAE_C6_2023.xls,FBCF,si,mapeado
2023,fbcf,C,25,25_26_27_28_33_metal_equipos_reparacion,899627289.859568,EAE_C6_2023.xls,FBCF,si,mapeado
2023,adquisiciones_importadas,C,25,25_26_27_28_33_metal_equipos_reparacion,19183372.6954565,EAE_C6_2023.xls,FBCF,si,mapeado
2023,adquisiciones_origen_importado,C,25,25_26_27_28_33_metal_equipos_reparacion,607633105.119722,EAE_C6_2023.xls,FBCF,si,mapeado
2023,fbcf,C,26 y 27,25_26_27_28_33_metal_equipos_reparacion,223558733.879819,EAE_C6_2023.xls,FBCF,si,mapeado
2023,adquisiciones_importadas,C,26 y 27,25_26_27_28_33_metal_equipos_reparacion,37300797.3850106,EAE_C6_2023.xls,FBCF,si,mapeado
2023,adquisiciones_origen_importado,C,26 y 27,25_26_27_28_33_metal_equipos_reparacion,55679852.1852018,EAE_C6_2023.xls,FBCF,si,mapeado
2023,fbcf,C,28,25_26_27_28_33_metal_equipos_reparacion,57804614.873918,EAE_C6_2023.xls,FBCF,si,mapeado
2023,adquisiciones_importadas,C,28,25_26_27_28_33_metal_equipos_reparacion,2327148.0,EAE_C6_2023.xls,FBCF,si,mapeado
2023,adquisiciones_origen_importado,C,28,25_26_27_28_33_metal_equipos_reparacion,2102619.01443696,EAE_C6_2023.xls,FBCF,si,mapeado
2023,fbcf,C,29 y 30,29_30_vehiculos_transporte,428428935.023167,EAE_C6_2023.xls,FBCF,si,mapeado
2023,adquisiciones_importadas,C,29 y 30,29_30_vehiculos_transporte,54805643.1031801,EAE_C6_2023.xls,FBCF,si,mapeado
2023,adquisiciones_origen_importado,C,29 y 30,29_30_vehiculos_transporte,67674318.082888,EAE_C6_2023.xls,FBCF,si,mapeado
2023,fbcf,C,31,31_32_muebles_otras_manufacturas,91749920.6802311,EAE_C6_2023.xls,FBCF,si,mapeado
2023,adquisiciones_importadas,C,31,31_32_muebles_otras_manufacturas,0.0,EAE_C6_2023.xls,FBCF,si,mapeado
2023,adquisiciones_origen_importado,C,31,31_32_muebles_otras_manufacturas,5604328.17301856,EAE_C6_2023.xls,FBCF,si,mapeado
2023,fbcf,C,32,31_32_muebles_otras_manufacturas,48333821.5549485,EAE_C6_2023.xls,FBCF,si,mapeado
2023,adquisiciones_importadas,C,32,31_32_muebles_otras_manufacturas,25109973.2989884,EAE_C6_2023.xls,FBCF,si,mapeado
2023,adquisiciones_origen_importado,C,32,31_32_muebles_otras_manufacturas,9713073.67482811,EAE_C6_2023.xls,FBCF,si,mapeado
2023,fbcf,C,33,25_26_27_28_33_metal_equipos_reparacion,461549389.89621,EAE_C6_2023.xls,FBCF,si,mapeado
2023,adquisiciones_importadas,C,33,25_26_27_28_33_metal_equipos_reparacion,99353996.0,EAE_C6_2023.xls,FBCF,si,mapeado
2023,adquisiciones_origen_importado,C,33,25_26_27_28_33_metal_equipos_reparacion,275650416.255158,EAE_C6_2023.xls,FBCF,si,mapeado
2023,fbcf,D,35,,15912246566.0352,EAE_C6_2023.xls,FBCF,si,no_mapeado_o_no_usado
2023,adquisiciones_importadas,D,35,,0.0,EAE_C6_2023.xls,FBCF,si,no_mapeado_o_no_usado
2023,adquisiciones_origen_importado,D,35,,12825309.0,EAE_C6_2023.xls,FBCF,si,no_mapeado_o_no_usado
2023,fbcf,E,"36, 37 y 38",,5410605276.68935,EAE_C6_2023.xls,FBCF,si,no_mapeado_o_no_usado
2023,adquisiciones_importadas,E,"36, 37 y 38",,106880229.119939,EAE_C6_2023.xls,FBCF,si,no_mapeado_o_no_usado
2023,adquisiciones_origen_importado,E,"36, 37 y 38",,80111472.7462532,EAE_C6_2023.xls,FBCF,si,no_mapeado_o_no_usado
2023,fbcf,G,45,,2988175165.95191,EAE_C6_2023.xls,FBCF,si,no_mapeado_o_no_usado
2023,adquisiciones_importadas,G,45,,0.0,EAE_C6_2023.xls,FBCF,si,no_mapeado_o_no_usado
2023,adquisiciones_origen_importado,G,45,,364177353.996111,EAE_C6_2023.xls,FBCF,si,no_mapeado_o_no_usado
2023,fbcf,G,46,,13457578438.7427,EAE_C6_2023.xls,FBCF,si,no_mapeado_o_no_usado
2023,adquisiciones_importadas,G,46,,726997559.842093,EAE_C6_2023.xls,FBCF,si,no_mapeado_o_no_usado
2023,adquisiciones_origen_importado,G,46,,4190818568.78843,EAE_C6_2023.xls,FBCF,si,no_mapeado_o_no_usado
2023,fbcf,G,47,,10470801044.1329,EAE_C6_2023.xls,FBCF,si,no_mapeado_o_no_usado
2023,adquisiciones_importadas,G,47,,17256494.4596058,EAE_C6_2023.xls,FBCF,si,no_mapeado_o_no_usado
2023,adquisiciones_origen_importado,G,47,,942703208.521757,EAE_C6_2023.xls,FBCF,si,no_mapeado_o_no_usado
2023,fbcf,H,49,,7830273675.43378,EAE_C6_2023.xls,FBCF,si,no_mapeado_o_no_usado
2023,adquisiciones_importadas,H,49,,140386291.464206,EAE_C6_2023.xls,FBCF,si,no_mapeado_o_no_usado
2023,adquisiciones_origen_importado,H,49,,2667790892.68842,EAE_C6_2023.xls,FBCF,si,no_mapeado_o_no_usado
2023,fbcf,H,50,,2399281410.53505,EAE_C6_2023.xls,FBCF,si,no_mapeado_o_no_usado
2023,adquisiciones_importadas,H,50,,2111916798.55595,EAE_C6_2023.xls,FBCF,si,no_mapeado_o_no_usado
2023,adquisiciones_origen_importado,H,50,,185937576.261881,EAE_C6_2023.xls,FBCF,si,no_mapeado_o_no_usado
2023,fbcf,H,51,,41843872.6201124,EAE_C6_2023.xls,FBCF,si,no_mapeado_o_no_usado
2023,adquisiciones_importadas,H,51,,37274312.8974256,EAE_C6_2023.xls,FBCF,si,no_mapeado_o_no_usado
2023,adquisiciones_origen_importado,H,51,,3134468.20055154,EAE_C6_2023.xls,FBCF,si,no_mapeado_o_no_usado
2023,fbcf,H,52,,9550038414.31212,EAE_C6_2023.xls,FBCF,si,no_mapeado_o_no_usado
2023,adquisiciones_importadas,H,52,,87486577.2888477,EAE_C6_2023.xls,FBCF,si,no_mapeado_o_no_usado
2023,adquisiciones_origen_importado,H,52,,803950379.47842,EAE_C6_2023.xls,FBCF,si,no_mapeado_o_no_usado
2023,fbcf,H,53,,151780075.760642,EAE_C6_2023.xls,FBCF,si,no_mapeado_o_no_usado
2023,adquisiciones_importadas,H,53,,0.0,EAE_C6_2023.xls,FBCF,si,no_mapeado_o_no_usado
2023,adquisiciones_origen_importado,H,53,,79334174.4986608,EAE_C6_2023.xls,FBCF,si,no_mapeado_o_no_usado
2023,fbcf,I,55,,432806913.717456,EAE_C6_2023.xls,FBCF,si,no_mapeado_o_no_usado
2023,adquisiciones_importadas,I,55,,598690.0,EAE_C6_2023.xls,FBCF,si,no_mapeado_o_no_usado
2023,adquisiciones_origen_importado,I,55,,0.0,EAE_C6_2023.xls,FBCF,si,no_mapeado_o_no_usado
2023,fbcf,I,56,,1535332034.91922,EAE_C6_2023.xls,FBCF,si,no_mapeado_o_no_usado
2023,adquisiciones_importadas,I,56,,17092850.3753778,EAE_C6_2023.xls,FBCF,si,no_mapeado_o_no_usado
2023,adquisiciones_origen_importado,I,56,,93040618.5783415,EAE_C6_2023.xls,FBCF,si,no_mapeado_o_no_usado
2023,fbcf,J,58,,28733296.6047771,EAE_C6_2023.xls,FBCF,si,no_mapeado_o_no_usado
2023,adquisiciones_importadas,J,58,,2398430.2090447,EAE_C6_2023.xls,FBCF,si,no_mapeado_o_no_usado
2023,adquisiciones_origen_importado,J,58,,10349794.1596954,EAE_C6_2023.xls,FBCF,si,no_mapeado_o_no_usado
2023,fbcf,J,59,,633518090.351145,EAE_C6_2023.xls,FBCF,si,no_mapeado_o_no_usado
2023,adquisiciones_importadas,J,59,,508136527.0,EAE_C6_2023.xls,FBCF,si,no_mapeado_o_no_usado
2023,adquisiciones_origen_importado,J,59,,16827985.1478875,EAE_C6_2023.xls,FBCF,si,no_mapeado_o_no_usado
2023,fbcf,J,60,,435842161.035367,EAE_C6_2023.xls,FBCF,si,no_mapeado_o_no_usado
2023,adquisiciones_importadas,J,60,,0.0,EAE_C6_2023.xls,FBCF,si,no_mapeado_o_no_usado
2023,adquisiciones_origen_importado,J,60,,47468911.7735189,EAE_C6_2023.xls,FBCF,si,no_mapeado_o_no_usado
2023,fbcf,J,61,,16957999203.8453,EAE_C6_2023.xls,FBCF,si,no_mapeado_o_no_usado
2023,adquisiciones_importadas,J,61,,5991960891.81496,EAE_C6_2023.xls,FBCF,si,no_mapeado_o_no_usado
2023,adquisiciones_origen_importado,J,61,,3316364591.79453,EAE_C6_2023.xls,FBCF,si,no_mapeado_o_no_usado
2023,fbcf,J,62,,4088877563.84892,EAE_C6_2023.xls,FBCF,si,no_mapeado_o_no_usado
2023,adquisiciones_importadas,J,62,,74074173.2030222,EAE_C6_2023.xls,FBCF,si,no_mapeado_o_no_usado
2023,adquisiciones_origen_importado,J,62,,325512882.57656,EAE_C6_2023.xls,FBCF,si,no_mapeado_o_no_usado
2023,fbcf,J,63,,896303898.363729,EAE_C6_2023.xls,FBCF,si,no_mapeado_o_no_usado
2023,adquisiciones_importadas,J,63,,0.0,EAE_C6_2023.xls,FBCF,si,no_mapeado_o_no_usado
2023,adquisiciones_origen_importado,J,63,,249343278.959585,EAE_C6_2023.xls,FBCF,si,no_mapeado_o_no_usado
2023,fbcf,K,64,,1077488760.6096,EAE_C6_2023.xls,FBCF,si,no_mapeado_o_no_usado
2023,adquisiciones_importadas,K,64,,19386450.0,EAE_C6_2023.xls,FBCF,si,no_mapeado_o_no_usado
2023,adquisiciones_origen_importado,K,64,,22694565.2034019,EAE_C6_2023.xls,FBCF,si,no_mapeado_o_no_usado
2023,fbcf,K,66,,593049256.96714,EAE_C6_2023.xls,FBCF,si,no_mapeado_o_no_usado
2023,adquisiciones_importadas,K,66,,15393939.5666004,EAE_C6_2023.xls,FBCF,si,no_mapeado_o_no_usado
2023,adquisiciones_origen_importado,K,66,,9438044.78767785,EAE_C6_2023.xls,FBCF,si,no_mapeado_o_no_usado
2023,fbcf,L,68,,16694555828.5038,EAE_C6_2023.xls,FBCF,si,no_mapeado_o_no_usado
2023,adquisiciones_importadas,L,68,,0.0,EAE_C6_2023.xls,FBCF,si,no_mapeado_o_no_usado
2023,adquisiciones_origen_importado,L,68,,3746148091.32069,EAE_C6_2023.xls,FBCF,si,no_mapeado_o_no_usado
2023,fbcf,M,69,,1207535698.29906,EAE_C6_2023.xls,FBCF,si,no_mapeado_o_no_usado
2023,adquisiciones_importadas,M,69,,0.0,EAE_C6_2023.xls,FBCF,si,no_mapeado_o_no_usado
2023,adquisiciones_origen_importado,M,69,,19408370.6190712,EAE_C6_2023.xls,FBCF,si,no_mapeado_o_no_usado
2023,fbcf,M,70,,234412734.134992,EAE_C6_2023.xls,FBCF,si,no_mapeado_o_no_usado
2023,adquisiciones_importadas,M,70,,0.0,EAE_C6_2023.xls,FBCF,si,no_mapeado_o_no_usado
2023,adquisiciones_origen_importado,M,70,,43695422.9592033,EAE_C6_2023.xls,FBCF,si,no_mapeado_o_no_usado
2023,fbcf,M,71,,574302668.406982,EAE_C6_2023.xls,FBCF,si,no_mapeado_o_no_usado
2023,adquisiciones_importadas,M,71,,12943658.6442338,EAE_C6_2023.xls,FBCF,si,no_mapeado_o_no_usado
2023,adquisiciones_origen_importado,M,71,,113832593.383549,EAE_C6_2023.xls,FBCF,si,no_mapeado_o_no_usado
2023,fbcf,M,72,,76665213.5380446,EAE_C6_2023.xls,FBCF,si,no_mapeado_o_no_usado
2023,adquisiciones_importadas,M,72,,0.0,EAE_C6_2023.xls,FBCF,si,no_mapeado_o_no_usado
2023,adquisiciones_origen_importado,M,72,,14227743.825845,EAE_C6_2023.xls,FBCF,si,no_mapeado_o_no_usado
2023,fbcf,M,73,,151153308.537902,EAE_C6_2023.xls,FBCF,si,no_mapeado_o_no_usado
2023,adquisiciones_importadas,M,73,,0.0,EAE_C6_2023.xls,FBCF,si,no_mapeado_o_no_usado
2023,adquisiciones_origen_importado,M,73,,23168055.8041239,EAE_C6_2023.xls,FBCF,si,no_mapeado_o_no_usado
2023,fbcf,M,74,,162049524.324668,EAE_C6_2023.xls,FBCF,si,no_mapeado_o_no_usado
2023,adquisiciones_importadas,M,74,,0.0,EAE_C6_2023.xls,FBCF,si,no_mapeado_o_no_usado
2023,adquisiciones_origen_importado,M,74,,4402930.93547961,EAE_C6_2023.xls,FBCF,si,no_mapeado_o_no_usado
2023,fbcf,M,75,,16453708.9088061,EAE_C6_2023.xls,FBCF,si,no_mapeado_o_no_usado
2023,adquisiciones_importadas,M,75,,0.0,EAE_C6_2023.xls,FBCF,si,no_mapeado_o_no_usado
2023,adquisiciones_origen_importado,M,75,,0.0,EAE_C6_2023.xls,FBCF,si,no_mapeado_o_no_usado
2023,fbcf,N,77,,6254123758.84451,EAE_C6_2023.xls,FBCF,si,no_mapeado_o_no_usado
2023,adquisiciones_importadas,N,77,,2194603364.95104,EAE_C6_2023.xls,FBCF,si,no_mapeado_o_no_usado
2023,adquisiciones_origen_importado,N,77,,2994001131.04297,EAE_C6_2023.xls,FBCF,si,no_mapeado_o_no_usado
2023,fbcf,N,78,,126621543.305427,EAE_C6_2023.xls,FBCF,si,no_mapeado_o_no_usado
2023,adquisiciones_importadas,N,78,,0.0,EAE_C6_2023.xls,FBCF,si,no_mapeado_o_no_usado
2023,adquisiciones_origen_importado,N,78,,25355140.5629651,EAE_C6_2023.xls,FBCF,si,no_mapeado_o_no_usado
2023,fbcf,N,79,,96125940.1978082,EAE_C6_2023.xls,FBCF,si,no_mapeado_o_no_usado
2023,adquisiciones_importadas,N,79,,0.0,EAE_C6_2023.xls,FBCF,si,no_mapeado_o_no_usado
2023,adquisiciones_origen_importado,N,79,,14615461.7213015,EAE_C6_2023.xls,FBCF,si,no_mapeado_o_no_usado
2023,fbcf,N,80,,781619763.77781,EAE_C6_2023.xls,FBCF,si,no_mapeado_o_no_usado
2023,adquisiciones_importadas,N,80,,10161750.0429545,EAE_C6_2023.xls,FBCF,si,no_mapeado_o_no_usado
2023,adquisiciones_origen_importado,N,80,,45819075.5395856,EAE_C6_2023.xls,FBCF,si,no_mapeado_o_no_usado
2023,fbcf,N,81,,304290962.84595,EAE_C6_2023.xls,FBCF,si,no_mapeado_o_no_usado
2023,adquisiciones_importadas,N,81,,0.0,EAE_C6_2023.xls,FBCF,si,no_mapeado_o_no_usado
2023,adquisiciones_origen_importado,N,81,,32695220.9375626,EAE_C6_2023.xls,FBCF,si,no_mapeado_o_no_usado
2023,fbcf,N,82,,683673127.284266,EAE_C6_2023.xls,FBCF,si,no_mapeado_o_no_usado
2023,adquisiciones_importadas,N,82,,47178722.0,EAE_C6_2023.xls,FBCF,si,no_mapeado_o_no_usado
2023,adquisiciones_origen_importado,N,82,,106472715.853947,EAE_C6_2023.xls,FBCF,si,no_mapeado_o_no_usado
2023,fbcf,P,85,,2244788851.72259,EAE_C6_2023.xls,FBCF,si,no_mapeado_o_no_usado
2023,adquisiciones_importadas,P,85,,37852022.0,EAE_C6_2023.xls,FBCF,si,no_mapeado_o_no_usado
2023,adquisiciones_origen_importado,P,85,,42273798.8814678,EAE_C6_2023.xls,FBCF,si,no_mapeado_o_no_usado
2023,fbcf,Q,86,,5252756321.54967,EAE_C6_2023.xls,FBCF,si,no_mapeado_o_no_usado
2023,adquisiciones_importadas,Q,86,,124299.610920381,EAE_C6_2023.xls,FBCF,si,no_mapeado_o_no_usado
2023,adquisiciones_origen_importado,Q,86,,471445629.248564,EAE_C6_2023.xls,FBCF,si,no_mapeado_o_no_usado
2023,fbcf,Q,87,,271740743.89551,EAE_C6_2023.xls,FBCF,si,no_mapeado_o_no_usado
2023,adquisiciones_importadas,Q,87,,0.0,EAE_C6_2023.xls,FBCF,si,no_mapeado_o_no_usado
2023,adquisiciones_origen_importado,Q,87,,6084622.72947599,EAE_C6_2023.xls,FBCF,si,no_mapeado_o_no_usado
2023,fbcf,Q,88,,50621976.1847727,EAE_C6_2023.xls,FBCF,si,no_mapeado_o_no_usado
2023,adquisiciones_importadas,Q,88,,0.0,EAE_C6_2023.xls,FBCF,si,no_mapeado_o_no_usado
2023,adquisiciones_origen_importado,Q,88,,2481053.86704896,EAE_C6_2023.xls,FBCF,si,no_mapeado_o_no_usado
2023,fbcf,R,90,,18471669.0909433,EAE_C6_2023.xls,FBCF,si,no_mapeado_o_no_usado
2023,adquisiciones_importadas,R,90,,0.0,EAE_C6_2023.xls,FBCF,si,no_mapeado_o_no_usado
2023,adquisiciones_origen_importado,R,90,,15681806.1084295,EAE_C6_2023.xls,FBCF,si,no_mapeado_o_no_usado
2023,fbcf,R,92,,405832166.535262,EAE_C6_2023.xls,FBCF,si,no_mapeado_o_no_usado
2023,adquisiciones_importadas,R,92,,0.0,EAE_C6_2023.xls,FBCF,si,no_mapeado_o_no_usado
2023,adquisiciones_origen_importado,R,92,,143312030.532126,EAE_C6_2023.xls,FBCF,si,no_mapeado_o_no_usado
2023,fbcf,R,93,,1536745551.88295,EAE_C6_2023.xls,FBCF,si,no_mapeado_o_no_usado
2023,adquisiciones_importadas,R,93,,7062101.83920888,EAE_C6_2023.xls,FBCF,si,no_mapeado_o_no_usado
2023,adquisiciones_origen_importado,R,93,,36369841.9997939,EAE_C6_2023.xls,FBCF,si,no_mapeado_o_no_usado
2023,fbcf,S,94,,465724191.354762,EAE_C6_2023.xls,FBCF,si,no_mapeado_o_no_usado
2023,adquisiciones_importadas,S,94,,0.0,EAE_C6_2023.xls,FBCF,si,no_mapeado_o_no_usado
2023,adquisiciones_origen_importado,S,94,,50955868.2104404,EAE_C6_2023.xls,FBCF,si,no_mapeado_o_no_usado
2023,fbcf,S,95,,40257014.0800326,EAE_C6_2023.xls,FBCF,si,no_mapeado_o_no_usado
2023,adquisiciones_importadas,S,95,,21774426.2875853,EAE_C6_2023.xls,FBCF,si,no_mapeado_o_no_usado
2023,adquisiciones_origen_importado,S,95,,3327780.05640582,EAE_C6_2023.xls,FBCF,si,no_mapeado_o_no_usado
2023,fbcf,S,96,,216385322.30933,EAE_C6_2023.xls,FBCF,si,no_mapeado_o_no_usado
2023,adquisiciones_importadas,S,96,,0.0,EAE_C6_2023.xls,FBCF,si,no_mapeado_o_no_usado
2023,adquisiciones_origen_importado,S,96,,20003986.8865744,EAE_C6_2023.xls,FBCF,si,no_mapeado_o_no_usado
2023,fbkf_maq_eq,B,08 y 09,,595806015.572906,EAE_C8_2023.xls,FBKF_componentes,si,no_mapeado_o_no_usado
2023,fbkf_maq_eq,C,10,10_11_12_alimentos_bebidas_tabaco,4277190975.78212,EAE_C8_2023.xls,FBKF_componentes,si,mapeado
2023,fbkf_maq_eq,C,11 y 12,10_11_12_alimentos_bebidas_tabaco,1216279256.63129,EAE_C8_2023.xls,FBKF_componentes,si,mapeado
2023,fbkf_maq_eq,C,13,13_14_15_textiles_prendas_cuero,54634830.7761582,EAE_C8_2023.xls,FBKF_componentes,si,mapeado
2023,fbkf_maq_eq,C,14,13_14_15_textiles_prendas_cuero,38689560.3055617,EAE_C8_2023.xls,FBKF_componentes,si,mapeado
2023,fbkf_maq_eq,C,15,13_14_15_textiles_prendas_cuero,257463168.392912,EAE_C8_2023.xls,FBKF_componentes,si,mapeado
2023,fbkf_maq_eq,C,16,16_madera,2130556597.3047,EAE_C8_2023.xls,FBKF_componentes,si,mapeado
2023,fbkf_maq_eq,C,17,17_18_papel_impresion,23070314808.8737,EAE_C8_2023.xls,FBKF_componentes,si,mapeado
2023,fbkf_maq_eq,C,18,17_18_papel_impresion,307885624.695242,EAE_C8_2023.xls,FBKF_componentes,si,mapeado
2023,fbkf_maq_eq,C,19,19_refinacion,331958720.0,EAE_C8_2023.xls,FBKF_componentes,si,mapeado
2023,fbkf_maq_eq,C,20,20_21_22_quimicos_farma_caucho_plastico,1938422839.44714,EAE_C8_2023.xls,FBKF_componentes,si,mapeado
2023,fbkf_maq_eq,C,21,20_21_22_quimicos_farma_caucho_plastico,576450013.128933,EAE_C8_2023.xls,FBKF_componentes,si,mapeado
2023,fbkf_maq_eq,C,22,20_21_22_quimicos_farma_caucho_plastico,461069794.371667,EAE_C8_2023.xls,FBKF_componentes,si,mapeado
2023,fbkf_maq_eq,C,23,23_24_minerales_metales,1715656168.79681,EAE_C8_2023.xls,FBKF_componentes,si,mapeado
2023,fbkf_maq_eq,C,24,23_24_minerales_metales,479251984.525773,EAE_C8_2023.xls,FBKF_componentes,si,mapeado
2023,fbkf_maq_eq,C,25,25_26_27_28_33_metal_equipos_reparacion,803379598.456809,EAE_C8_2023.xls,FBKF_componentes,si,mapeado
2023,fbkf_maq_eq,C,26 y 27,25_26_27_28_33_metal_equipos_reparacion,129846999.209649,EAE_C8_2023.xls,FBKF_componentes,si,mapeado
2023,fbkf_maq_eq,C,28,25_26_27_28_33_metal_equipos_reparacion,44146432.2115416,EAE_C8_2023.xls,FBKF_componentes,si,mapeado
2023,fbkf_maq_eq,C,29 y 30,29_30_vehiculos_transporte,288326389.291764,EAE_C8_2023.xls,FBKF_componentes,si,mapeado
2023,fbkf_maq_eq,C,31,31_32_muebles_otras_manufacturas,90623803.3221541,EAE_C8_2023.xls,FBKF_componentes,si,mapeado
2023,fbkf_maq_eq,C,32,31_32_muebles_otras_manufacturas,38992893.046336,EAE_C8_2023.xls,FBKF_componentes,si,mapeado
2023,fbkf_maq_eq,C,33,25_26_27_28_33_metal_equipos_reparacion,437015235.674387,EAE_C8_2023.xls,FBKF_componentes,si,mapeado
2023,fbkf_maq_eq,D,35,,11760822363.9981,EAE_C8_2023.xls,FBKF_componentes,si,no_mapeado_o_no_usado
2023,fbkf_maq_eq,E,"36, 37 y 38",,381268656.560054,EAE_C8_2023.xls,FBKF_componentes,si,no_mapeado_o_no_usado
2023,fbkf_maq_eq,G,45,,1807175142.95196,EAE_C8_2023.xls,FBKF_componentes,si,no_mapeado_o_no_usado
2023,fbkf_maq_eq,G,46,,5611037823.09038,EAE_C8_2023.xls,FBKF_componentes,si,no_mapeado_o_no_usado
2023,fbkf_maq_eq,G,47,,4213226566.40192,EAE_C8_2023.xls,FBKF_componentes,si,no_mapeado_o_no_usado
2023,fbkf_maq_eq,H,49,,6405672305.69846,EAE_C8_2023.xls,FBKF_componentes,si,no_mapeado_o_no_usado
2023,fbkf_maq_eq,H,50,,2211028409.23283,EAE_C8_2023.xls,FBKF_componentes,si,no_mapeado_o_no_usado
2023,fbkf_maq_eq,H,51,,41843872.6201124,EAE_C8_2023.xls,FBKF_componentes,si,no_mapeado_o_no_usado
2023,fbkf_maq_eq,H,52,,1680959689.75415,EAE_C8_2023.xls,FBKF_componentes,si,no_mapeado_o_no_usado
2023,fbkf_maq_eq,H,53,,90832843.1855187,EAE_C8_2023.xls,FBKF_componentes,si,no_mapeado_o_no_usado
2023,fbkf_maq_eq,I,55,,237188049.637778,EAE_C8_2023.xls,FBKF_componentes,si,no_mapeado_o_no_usado
2023,fbkf_maq_eq,I,56,,948652249.074126,EAE_C8_2023.xls,FBKF_componentes,si,no_mapeado_o_no_usado
2023,fbkf_maq_eq,J,58,,17757164.0891977,EAE_C8_2023.xls,FBKF_componentes,si,no_mapeado_o_no_usado
2023,fbkf_maq_eq,J,59,,48435270.9043918,EAE_C8_2023.xls,FBKF_componentes,si,no_mapeado_o_no_usado
2023,fbkf_maq_eq,J,60,,134212360.7489,EAE_C8_2023.xls,FBKF_componentes,si,no_mapeado_o_no_usado
2023,fbkf_maq_eq,J,61,,12470638591.2077,EAE_C8_2023.xls,FBKF_componentes,si,no_mapeado_o_no_usado
2023,fbkf_maq_eq,J,62,,961054480.118676,EAE_C8_2023.xls,FBKF_componentes,si,no_mapeado_o_no_usado
2023,fbkf_maq_eq,J,63,,63454172.6088151,EAE_C8_2023.xls,FBKF_componentes,si,no_mapeado_o_no_usado
2023,fbkf_maq_eq,K,64,,315189402.42725,EAE_C8_2023.xls,FBKF_componentes,si,no_mapeado_o_no_usado
2023,fbkf_maq_eq,K,66,,4092607595.2045,EAE_C8_2023.xls,FBKF_componentes,si,no_mapeado_o_no_usado
2023,fbkf_maq_eq,M,69,,505468868.116419,EAE_C8_2023.xls,FBKF_componentes,si,no_mapeado_o_no_usado
2023,fbkf_maq_eq,M,70,,83609983.1658525,EAE_C8_2023.xls,FBKF_componentes,si,no_mapeado_o_no_usado
2023,fbkf_maq_eq,M,71,,219344595.8175,EAE_C8_2023.xls,FBKF_componentes,si,no_mapeado_o_no_usado
2023,fbkf_maq_eq,M,72,,62345827.1375727,EAE_C8_2023.xls,FBKF_componentes,si,no_mapeado_o_no_usado
2023,fbkf_maq_eq,M,73,,80490940.3709746,EAE_C8_2023.xls,FBKF_componentes,si,no_mapeado_o_no_usado
2023,fbkf_maq_eq,M,74,,111698468.338471,EAE_C8_2023.xls,FBKF_componentes,si,no_mapeado_o_no_usado
2023,fbkf_maq_eq,M,75,,11571477.0258028,EAE_C8_2023.xls,FBKF_componentes,si,no_mapeado_o_no_usado
2023,fbkf_maq_eq,N,77,,5792272776.87545,EAE_C8_2023.xls,FBKF_componentes,si,no_mapeado_o_no_usado
2023,fbkf_maq_eq,N,78,,112121270.624347,EAE_C8_2023.xls,FBKF_componentes,si,no_mapeado_o_no_usado
2023,fbkf_maq_eq,N,79,,56684600.7132411,EAE_C8_2023.xls,FBKF_componentes,si,no_mapeado_o_no_usado
2023,fbkf_maq_eq,N,80,,539302979.301024,EAE_C8_2023.xls,FBKF_componentes,si,no_mapeado_o_no_usado
2023,fbkf_maq_eq,N,81,,228103217.31121,EAE_C8_2023.xls,FBKF_componentes,si,no_mapeado_o_no_usado
2023,fbkf_maq_eq,N,82,,284527202.428381,EAE_C8_2023.xls,FBKF_componentes,si,no_mapeado_o_no_usado
2023,fbkf_maq_eq,P,85,,307206761.308463,EAE_C8_2023.xls,FBKF_componentes,si,no_mapeado_o_no_usado
2023,fbkf_maq_eq,Q,86,,1946919638.21553,EAE_C8_2023.xls,FBKF_componentes,si,no_mapeado_o_no_usado
2023,fbkf_maq_eq,Q,87,,69863275.9485254,EAE_C8_2023.xls,FBKF_componentes,si,no_mapeado_o_no_usado
2023,fbkf_maq_eq,Q,88,,36855859.3574679,EAE_C8_2023.xls,FBKF_componentes,si,no_mapeado_o_no_usado
2023,fbkf_maq_eq,R,90,,18471669.0909433,EAE_C8_2023.xls,FBKF_componentes,si,no_mapeado_o_no_usado
2023,fbkf_maq_eq,R,92,,243429295.406819,EAE_C8_2023.xls,FBKF_componentes,si,no_mapeado_o_no_usado
2023,fbkf_maq_eq,R,93,,241453142.664253,EAE_C8_2023.xls,FBKF_componentes,si,no_mapeado_o_no_usado
2023,fbkf_maq_eq,S,94,,111346273.245115,EAE_C8_2023.xls,FBKF_componentes,si,no_mapeado_o_no_usado
2023,fbkf_maq_eq,S,95,,37980224.4697298,EAE_C8_2023.xls,FBKF_componentes,si,no_mapeado_o_no_usado
2023,fbkf_maq_eq,S,96,,132315659.342023,EAE_C8_2023.xls,FBKF_componentes,si,no_mapeado_o_no_usado
2024,fbcf,B,08 y 09,,945749518.701748,EAE_C6_2024.xls,FBCF,si,no_mapeado_o_no_usado
2024,adquisiciones_importadas,B,08 y 09,,300597914.66534,EAE_C6_2024.xls,FBCF,si,no_mapeado_o_no_usado
2024,adquisiciones_origen_importado,B,08 y 09,,375062537.70035,EAE_C6_2024.xls,FBCF,si,no_mapeado_o_no_usado
2024,fbcf,C,10,10_11_12_alimentos_bebidas_tabaco,12523317298.0171,EAE_C6_2024.xls,FBCF,si,mapeado
2024,adquisiciones_importadas,C,10,10_11_12_alimentos_bebidas_tabaco,170800327.497283,EAE_C6_2024.xls,FBCF,si,mapeado
2024,adquisiciones_origen_importado,C,10,10_11_12_alimentos_bebidas_tabaco,2894512458.6443,EAE_C6_2024.xls,FBCF,si,mapeado
2024,fbcf,C,11 y 12,10_11_12_alimentos_bebidas_tabaco,2262467457.58309,EAE_C6_2024.xls,FBCF,si,mapeado
2024,adquisiciones_importadas,C,11 y 12,10_11_12_alimentos_bebidas_tabaco,96464804.2544173,EAE_C6_2024.xls,FBCF,si,mapeado
2024,adquisiciones_origen_importado,C,11 y 12,10_11_12_alimentos_bebidas_tabaco,913748299.102497,EAE_C6_2024.xls,FBCF,si,mapeado
2024,fbcf,C,13,13_14_15_textiles_prendas_cuero,107955087.538252,EAE_C6_2024.xls,FBCF,si,mapeado
2024,adquisiciones_importadas,C,13,13_14_15_textiles_prendas_cuero,2481079.87973825,EAE_C6_2024.xls,FBCF,si,mapeado
2024,adquisiciones_origen_importado,C,13,13_14_15_textiles_prendas_cuero,23415506.5908752,EAE_C6_2024.xls,FBCF,si,mapeado
2024,fbcf,C,14,13_14_15_textiles_prendas_cuero,57352987.2579904,EAE_C6_2024.xls,FBCF,si,mapeado
2024,adquisiciones_importadas,C,14,13_14_15_textiles_prendas_cuero,0.0,EAE_C6_2024.xls,FBCF,si,mapeado
2024,adquisiciones_origen_importado,C,14,13_14_15_textiles_prendas_cuero,31487550.7982222,EAE_C6_2024.xls,FBCF,si,mapeado
2024,fbcf,C,15,13_14_15_textiles_prendas_cuero,332322391.909775,EAE_C6_2024.xls,FBCF,si,mapeado
2024,adquisiciones_importadas,C,15,13_14_15_textiles_prendas_cuero,257054414.114603,EAE_C6_2024.xls,FBCF,si,mapeado
2024,adquisiciones_origen_importado,C,15,13_14_15_textiles_prendas_cuero,4643415.02198554,EAE_C6_2024.xls,FBCF,si,mapeado
2024,fbcf,C,16,16_madera,2832822064.07191,EAE_C6_2024.xls,FBCF,si,mapeado
2024,adquisiciones_importadas,C,16,16_madera,892045487.511086,EAE_C6_2024.xls,FBCF,si,mapeado
2024,adquisiciones_origen_importado,C,16,16_madera,223354903.56012,EAE_C6_2024.xls,FBCF,si,mapeado
2024,fbcf,C,17,17_18_papel_impresion,9178899853.71891,EAE_C6_2024.xls,FBCF,si,mapeado
2024,adquisiciones_importadas,C,17,17_18_papel_impresion,82322983.5741161,EAE_C6_2024.xls,FBCF,si,mapeado
2024,adquisiciones_origen_importado,C,17,17_18_papel_impresion,69845270.9699935,EAE_C6_2024.xls,FBCF,si,mapeado
2024,fbcf,C,18,17_18_papel_impresion,145796686.979565,EAE_C6_2024.xls,FBCF,si,mapeado
2024,adquisiciones_importadas,C,18,17_18_papel_impresion,2098787.57835622,EAE_C6_2024.xls,FBCF,si,mapeado
2024,adquisiciones_origen_importado,C,18,17_18_papel_impresion,32080334.3370118,EAE_C6_2024.xls,FBCF,si,mapeado
2024,fbcf,C,19,19_refinacion,5650176566.0,EAE_C6_2024.xls,FBCF,si,mapeado
2024,adquisiciones_importadas,C,19,19_refinacion,0.0,EAE_C6_2024.xls,FBCF,si,mapeado
2024,adquisiciones_origen_importado,C,19,19_refinacion,78953143.0,EAE_C6_2024.xls,FBCF,si,mapeado
2024,fbcf,C,20,20_21_22_quimicos_farma_caucho_plastico,2177260820.55415,EAE_C6_2024.xls,FBCF,si,mapeado
2024,adquisiciones_importadas,C,20,20_21_22_quimicos_farma_caucho_plastico,133012047.596089,EAE_C6_2024.xls,FBCF,si,mapeado
2024,adquisiciones_origen_importado,C,20,20_21_22_quimicos_farma_caucho_plastico,220938985.064293,EAE_C6_2024.xls,FBCF,si,mapeado
2024,fbcf,C,21,20_21_22_quimicos_farma_caucho_plastico,3292552273.58329,EAE_C6_2024.xls,FBCF,si,mapeado
2024,adquisiciones_importadas,C,21,20_21_22_quimicos_farma_caucho_plastico,98152418.0434249,EAE_C6_2024.xls,FBCF,si,mapeado
2024,adquisiciones_origen_importado,C,21,20_21_22_quimicos_farma_caucho_plastico,538695219.688133,EAE_C6_2024.xls,FBCF,si,mapeado
2024,fbcf,C,22,20_21_22_quimicos_farma_caucho_plastico,1034510677.77276,EAE_C6_2024.xls,FBCF,si,mapeado
2024,adquisiciones_importadas,C,22,20_21_22_quimicos_farma_caucho_plastico,142535700.223879,EAE_C6_2024.xls,FBCF,si,mapeado
2024,adquisiciones_origen_importado,C,22,20_21_22_quimicos_farma_caucho_plastico,340520880.789366,EAE_C6_2024.xls,FBCF,si,mapeado
2024,fbcf,C,23,23_24_minerales_metales,1735102946.92819,EAE_C6_2024.xls,FBCF,si,mapeado
2024,adquisiciones_importadas,C,23,23_24_minerales_metales,1326528.61141804,EAE_C6_2024.xls,FBCF,si,mapeado
2024,adquisiciones_origen_importado,C,23,23_24_minerales_metales,171276366.493595,EAE_C6_2024.xls,FBCF,si,mapeado
2024,fbcf,C,24,23_24_minerales_metales,419508650.008512,EAE_C6_2024.xls,FBCF,si,mapeado
2024,adquisiciones_importadas,C,24,23_24_minerales_metales,0.0,EAE_C6_2024.xls,FBCF,si,mapeado
2024,adquisiciones_origen_importado,C,24,23_24_minerales_metales,115864933.747286,EAE_C6_2024.xls,FBCF,si,mapeado
2024,fbcf,C,25,25_26_27_28_33_metal_equipos_reparacion,550081777.503068,EAE_C6_2024.xls,FBCF,si,mapeado
2024,adquisiciones_importadas,C,25,25_26_27_28_33_metal_equipos_reparacion,9983288.15899993,EAE_C6_2024.xls,FBCF,si,mapeado
2024,adquisiciones_origen_importado,C,25,25_26_27_28_33_metal_equipos_reparacion,299107982.359221,EAE_C6_2024.xls,FBCF,si,mapeado
2024,fbcf,C,26 y 27,25_26_27_28_33_metal_equipos_reparacion,320907762.412663,EAE_C6_2024.xls,FBCF,si,mapeado
2024,adquisiciones_importadas,C,26 y 27,25_26_27_28_33_metal_equipos_reparacion,51272082.3962723,EAE_C6_2024.xls,FBCF,si,mapeado
2024,adquisiciones_origen_importado,C,26 y 27,25_26_27_28_33_metal_equipos_reparacion,48799661.7393745,EAE_C6_2024.xls,FBCF,si,mapeado
2024,fbcf,C,28,25_26_27_28_33_metal_equipos_reparacion,95430524.2009154,EAE_C6_2024.xls,FBCF,si,mapeado
2024,adquisiciones_importadas,C,28,25_26_27_28_33_metal_equipos_reparacion,8501181.10732281,EAE_C6_2024.xls,FBCF,si,mapeado
2024,adquisiciones_origen_importado,C,28,25_26_27_28_33_metal_equipos_reparacion,938057.424139286,EAE_C6_2024.xls,FBCF,si,mapeado
2024,fbcf,C,29 y 30,29_30_vehiculos_transporte,517090923.357951,EAE_C6_2024.xls,FBCF,si,mapeado
2024,adquisiciones_importadas,C,29 y 30,29_30_vehiculos_transporte,50068929.0,EAE_C6_2024.xls,FBCF,si,mapeado
2024,adquisiciones_origen_importado,C,29 y 30,29_30_vehiculos_transporte,63166133.2384481,EAE_C6_2024.xls,FBCF,si,mapeado
2024,fbcf,C,31,31_32_muebles_otras_manufacturas,128669835.424095,EAE_C6_2024.xls,FBCF,si,mapeado
2024,adquisiciones_importadas,C,31,31_32_muebles_otras_manufacturas,22775230.1236776,EAE_C6_2024.xls,FBCF,si,mapeado
2024,adquisiciones_origen_importado,C,31,31_32_muebles_otras_manufacturas,2550813.4473956,EAE_C6_2024.xls,FBCF,si,mapeado
2024,fbcf,C,32,31_32_muebles_otras_manufacturas,36350317.160136,EAE_C6_2024.xls,FBCF,si,mapeado
2024,adquisiciones_importadas,C,32,31_32_muebles_otras_manufacturas,15085563.0895847,EAE_C6_2024.xls,FBCF,si,mapeado
2024,adquisiciones_origen_importado,C,32,31_32_muebles_otras_manufacturas,6394763.5382206,EAE_C6_2024.xls,FBCF,si,mapeado
2024,fbcf,C,33,25_26_27_28_33_metal_equipos_reparacion,402480622.506713,EAE_C6_2024.xls,FBCF,si,mapeado
2024,adquisiciones_importadas,C,33,25_26_27_28_33_metal_equipos_reparacion,177320580.234314,EAE_C6_2024.xls,FBCF,si,mapeado
2024,adquisiciones_origen_importado,C,33,25_26_27_28_33_metal_equipos_reparacion,110468706.49624,EAE_C6_2024.xls,FBCF,si,mapeado
2024,fbcf,D,35,,13596049120.8766,EAE_C6_2024.xls,FBCF,si,no_mapeado_o_no_usado
2024,adquisiciones_importadas,D,35,,0.0,EAE_C6_2024.xls,FBCF,si,no_mapeado_o_no_usado
2024,adquisiciones_origen_importado,D,35,,31100440.0,EAE_C6_2024.xls,FBCF,si,no_mapeado_o_no_usado
2024,fbcf,E,"36, 37 y 38",,6738540786.53679,EAE_C6_2024.xls,FBCF,si,no_mapeado_o_no_usado
2024,adquisiciones_importadas,E,"36, 37 y 38",,658742523.933583,EAE_C6_2024.xls,FBCF,si,no_mapeado_o_no_usado
2024,adquisiciones_origen_importado,E,"36, 37 y 38",,48347488.3135411,EAE_C6_2024.xls,FBCF,si,no_mapeado_o_no_usado
2024,fbcf,G,45,,1845311732.60258,EAE_C6_2024.xls,FBCF,si,no_mapeado_o_no_usado
2024,adquisiciones_importadas,G,45,,0.0,EAE_C6_2024.xls,FBCF,si,no_mapeado_o_no_usado
2024,adquisiciones_origen_importado,G,45,,379764938.129985,EAE_C6_2024.xls,FBCF,si,no_mapeado_o_no_usado
2024,fbcf,G,46,,14827374486.7745,EAE_C6_2024.xls,FBCF,si,no_mapeado_o_no_usado
2024,adquisiciones_importadas,G,46,,513867762.007432,EAE_C6_2024.xls,FBCF,si,no_mapeado_o_no_usado
2024,adquisiciones_origen_importado,G,46,,3616507304.644,EAE_C6_2024.xls,FBCF,si,no_mapeado_o_no_usado
2024,fbcf,G,47,,11642925771.1992,EAE_C6_2024.xls,FBCF,si,no_mapeado_o_no_usado
2024,adquisiciones_importadas,G,47,,1372053139.1471,EAE_C6_2024.xls,FBCF,si,no_mapeado_o_no_usado
2024,adquisiciones_origen_importado,G,47,,519890957.913266,EAE_C6_2024.xls,FBCF,si,no_mapeado_o_no_usado
2024,fbcf,H,49,,7524228874.21088,EAE_C6_2024.xls,FBCF,si,no_mapeado_o_no_usado
2024,adquisiciones_importadas,H,49,,179128004.468364,EAE_C6_2024.xls,FBCF,si,no_mapeado_o_no_usado
2024,adquisiciones_origen_importado,H,49,,3257274820.88549,EAE_C6_2024.xls,FBCF,si,no_mapeado_o_no_usado
2024,fbcf,H,50,,2732507187.1654,EAE_C6_2024.xls,FBCF,si,no_mapeado_o_no_usado
2024,adquisiciones_importadas,H,50,,2360581149.77404,EAE_C6_2024.xls,FBCF,si,no_mapeado_o_no_usado
2024,adquisiciones_origen_importado,H,50,,46627092.0,EAE_C6_2024.xls,FBCF,si,no_mapeado_o_no_usado
2024,fbcf,H,51,,23725707.5614844,EAE_C6_2024.xls,FBCF,si,no_mapeado_o_no_usado
2024,adquisiciones_importadas,H,51,,17263200.0,EAE_C6_2024.xls,FBCF,si,no_mapeado_o_no_usado
2024,adquisiciones_origen_importado,H,51,,2955343.63795493,EAE_C6_2024.xls,FBCF,si,no_mapeado_o_no_usado
2024,fbcf,H,52,,13497119864.5441,EAE_C6_2024.xls,FBCF,si,no_mapeado_o_no_usado
2024,adquisiciones_importadas,H,52,,271042509.716501,EAE_C6_2024.xls,FBCF,si,no_mapeado_o_no_usado
2024,adquisiciones_origen_importado,H,52,,2205709828.03801,EAE_C6_2024.xls,FBCF,si,no_mapeado_o_no_usado
2024,fbcf,H,53,,299355964.065656,EAE_C6_2024.xls,FBCF,si,no_mapeado_o_no_usado
2024,adquisiciones_importadas,H,53,,0.0,EAE_C6_2024.xls,FBCF,si,no_mapeado_o_no_usado
2024,adquisiciones_origen_importado,H,53,,132474747.751562,EAE_C6_2024.xls,FBCF,si,no_mapeado_o_no_usado
2024,fbcf,I,55,,413775336.35822,EAE_C6_2024.xls,FBCF,si,no_mapeado_o_no_usado
2024,adquisiciones_importadas,I,55,,0.0,EAE_C6_2024.xls,FBCF,si,no_mapeado_o_no_usado
2024,adquisiciones_origen_importado,I,55,,54173497.3668908,EAE_C6_2024.xls,FBCF,si,no_mapeado_o_no_usado
2024,fbcf,I,56,,1402836254.30259,EAE_C6_2024.xls,FBCF,si,no_mapeado_o_no_usado
2024,adquisiciones_importadas,I,56,,0.0,EAE_C6_2024.xls,FBCF,si,no_mapeado_o_no_usado
2024,adquisiciones_origen_importado,I,56,,92639597.3856434,EAE_C6_2024.xls,FBCF,si,no_mapeado_o_no_usado
2024,fbcf,J,58,,86108971.7814857,EAE_C6_2024.xls,FBCF,si,no_mapeado_o_no_usado
2024,adquisiciones_importadas,J,58,,13438576.6363413,EAE_C6_2024.xls,FBCF,si,no_mapeado_o_no_usado
2024,adquisiciones_origen_importado,J,58,,6315542.56425846,EAE_C6_2024.xls,FBCF,si,no_mapeado_o_no_usado
2024,fbcf,J,59,,259448922.831834,EAE_C6_2024.xls,FBCF,si,no_mapeado_o_no_usado
2024,adquisiciones_importadas,J,59,,1383304.11069972,EAE_C6_2024.xls,FBCF,si,no_mapeado_o_no_usado
2024,adquisiciones_origen_importado,J,59,,23480814.075261,EAE_C6_2024.xls,FBCF,si,no_mapeado_o_no_usado
2024,fbcf,J,60,,134748818.404541,EAE_C6_2024.xls,FBCF,si,no_mapeado_o_no_usado
2024,adquisiciones_importadas,J,60,,0.0,EAE_C6_2024.xls,FBCF,si,no_mapeado_o_no_usado
2024,adquisiciones_origen_importado,J,60,,31018352.1322273,EAE_C6_2024.xls,FBCF,si,no_mapeado_o_no_usado
2024,fbcf,J,61,,9447083428.77548,EAE_C6_2024.xls,FBCF,si,no_mapeado_o_no_usado
2024,adquisiciones_importadas,J,61,,2692891710.07413,EAE_C6_2024.xls,FBCF,si,no_mapeado_o_no_usado
2024,adquisiciones_origen_importado,J,61,,1796069227.49654,EAE_C6_2024.xls,FBCF,si,no_mapeado_o_no_usado
2024,fbcf,J,62,,4917983888.92513,EAE_C6_2024.xls,FBCF,si,no_mapeado_o_no_usado
2024,adquisiciones_importadas,J,62,,529854587.435863,EAE_C6_2024.xls,FBCF,si,no_mapeado_o_no_usado
2024,adquisiciones_origen_importado,J,62,,1776262897.42336,EAE_C6_2024.xls,FBCF,si,no_mapeado_o_no_usado
2024,fbcf,J,63,,2096721693.4178,EAE_C6_2024.xls,FBCF,si,no_mapeado_o_no_usado
2024,adquisiciones_importadas,J,63,,984529554.640846,EAE_C6_2024.xls,FBCF,si,no_mapeado_o_no_usado
2024,adquisiciones_origen_importado,J,63,,119455184.873157,EAE_C6_2024.xls,FBCF,si,no_mapeado_o_no_usado
2024,fbcf,K,64,,1238589291.10157,EAE_C6_2024.xls,FBCF,si,no_mapeado_o_no_usado
2024,adquisiciones_importadas,K,64,,0.0,EAE_C6_2024.xls,FBCF,si,no_mapeado_o_no_usado
2024,adquisiciones_origen_importado,K,64,,60842453.2651652,EAE_C6_2024.xls,FBCF,si,no_mapeado_o_no_usado
2024,fbcf,K,66,,1057723077.66722,EAE_C6_2024.xls,FBCF,si,no_mapeado_o_no_usado
2024,adquisiciones_importadas,K,66,,7653310.57674828,EAE_C6_2024.xls,FBCF,si,no_mapeado_o_no_usado
2024,adquisiciones_origen_importado,K,66,,90043149.1071006,EAE_C6_2024.xls,FBCF,si,no_mapeado_o_no_usado
2024,fbcf,L,68,,6893420229.0482,EAE_C6_2024.xls,FBCF,si,no_mapeado_o_no_usado
2024,adquisiciones_importadas,L,68,,0.0,EAE_C6_2024.xls,FBCF,si,no_mapeado_o_no_usado
2024,adquisiciones_origen_importado,L,68,,42525753.5123444,EAE_C6_2024.xls,FBCF,si,no_mapeado_o_no_usado
2024,fbcf,M,69,,135481479.788291,EAE_C6_2024.xls,FBCF,si,no_mapeado_o_no_usado
2024,adquisiciones_importadas,M,69,,0.0,EAE_C6_2024.xls,FBCF,si,no_mapeado_o_no_usado
2024,adquisiciones_origen_importado,M,69,,25584665.9135245,EAE_C6_2024.xls,FBCF,si,no_mapeado_o_no_usado
2024,fbcf,M,70,,142775082.019947,EAE_C6_2024.xls,FBCF,si,no_mapeado_o_no_usado
2024,adquisiciones_importadas,M,70,,0.0,EAE_C6_2024.xls,FBCF,si,no_mapeado_o_no_usado
2024,adquisiciones_origen_importado,M,70,,4016127.75552112,EAE_C6_2024.xls,FBCF,si,no_mapeado_o_no_usado
2024,fbcf,M,71,,696928394.371237,EAE_C6_2024.xls,FBCF,si,no_mapeado_o_no_usado
2024,adquisiciones_importadas,M,71,,10765538.7326131,EAE_C6_2024.xls,FBCF,si,no_mapeado_o_no_usado
2024,adquisiciones_origen_importado,M,71,,137530521.06237,EAE_C6_2024.xls,FBCF,si,no_mapeado_o_no_usado
2024,fbcf,M,72,,49085209.9527849,EAE_C6_2024.xls,FBCF,si,no_mapeado_o_no_usado
2024,adquisiciones_importadas,M,72,,0.0,EAE_C6_2024.xls,FBCF,si,no_mapeado_o_no_usado
2024,adquisiciones_origen_importado,M,72,,4739870.32404268,EAE_C6_2024.xls,FBCF,si,no_mapeado_o_no_usado
2024,fbcf,M,73,,131971355.156448,EAE_C6_2024.xls,FBCF,si,no_mapeado_o_no_usado
2024,adquisiciones_importadas,M,73,,0.0,EAE_C6_2024.xls,FBCF,si,no_mapeado_o_no_usado
2024,adquisiciones_origen_importado,M,73,,16233375.9840337,EAE_C6_2024.xls,FBCF,si,no_mapeado_o_no_usado
2024,fbcf,M,74,,175499721.764201,EAE_C6_2024.xls,FBCF,si,no_mapeado_o_no_usado
2024,adquisiciones_importadas,M,74,,1032895.0,EAE_C6_2024.xls,FBCF,si,no_mapeado_o_no_usado
2024,adquisiciones_origen_importado,M,74,,14553469.5840936,EAE_C6_2024.xls,FBCF,si,no_mapeado_o_no_usado
2024,fbcf,M,75,,10002367.2538503,EAE_C6_2024.xls,FBCF,si,no_mapeado_o_no_usado
2024,adquisiciones_importadas,M,75,,0.0,EAE_C6_2024.xls,FBCF,si,no_mapeado_o_no_usado
2024,adquisiciones_origen_importado,M,75,,0.0,EAE_C6_2024.xls,FBCF,si,no_mapeado_o_no_usado
2024,fbcf,N,77,,5597030001.18822,EAE_C6_2024.xls,FBCF,si,no_mapeado_o_no_usado
2024,adquisiciones_importadas,N,77,,2285532174.62651,EAE_C6_2024.xls,FBCF,si,no_mapeado_o_no_usado
2024,adquisiciones_origen_importado,N,77,,1450805893.13989,EAE_C6_2024.xls,FBCF,si,no_mapeado_o_no_usado
2024,fbcf,N,78,,65687129.4988276,EAE_C6_2024.xls,FBCF,si,no_mapeado_o_no_usado
2024,adquisiciones_importadas,N,78,,0.0,EAE_C6_2024.xls,FBCF,si,no_mapeado_o_no_usado
2024,adquisiciones_origen_importado,N,78,,3869289.78468744,EAE_C6_2024.xls,FBCF,si,no_mapeado_o_no_usado
2024,fbcf,N,79,,88550476.4953874,EAE_C6_2024.xls,FBCF,si,no_mapeado_o_no_usado
2024,adquisiciones_importadas,N,79,,0.0,EAE_C6_2024.xls,FBCF,si,no_mapeado_o_no_usado
2024,adquisiciones_origen_importado,N,79,,13795506.7502417,EAE_C6_2024.xls,FBCF,si,no_mapeado_o_no_usado
2024,fbcf,N,80,,2118276785.5934,EAE_C6_2024.xls,FBCF,si,no_mapeado_o_no_usado
2024,adquisiciones_importadas,N,80,,771458979.658322,EAE_C6_2024.xls,FBCF,si,no_mapeado_o_no_usado
2024,adquisiciones_origen_importado,N,80,,220423588.363327,EAE_C6_2024.xls,FBCF,si,no_mapeado_o_no_usado
2024,fbcf,N,81,,329835129.027501,EAE_C6_2024.xls,FBCF,si,no_mapeado_o_no_usado
2024,adquisiciones_importadas,N,81,,0.0,EAE_C6_2024.xls,FBCF,si,no_mapeado_o_no_usado
2024,adquisiciones_origen_importado,N,81,,17381384.1663339,EAE_C6_2024.xls,FBCF,si,no_mapeado_o_no_usado
2024,fbcf,N,82,,728974441.26151,EAE_C6_2024.xls,FBCF,si,no_mapeado_o_no_usado
2024,adquisiciones_importadas,N,82,,46006145.0,EAE_C6_2024.xls,FBCF,si,no_mapeado_o_no_usado
2024,adquisiciones_origen_importado,N,82,,138014010.571525,EAE_C6_2024.xls,FBCF,si,no_mapeado_o_no_usado
2024,fbcf,P,85,,2524298179.94954,EAE_C6_2024.xls,FBCF,si,no_mapeado_o_no_usado
2024,adquisiciones_importadas,P,85,,83081392.5628683,EAE_C6_2024.xls,FBCF,si,no_mapeado_o_no_usado
2024,adquisiciones_origen_importado,P,85,,43151264.5804929,EAE_C6_2024.xls,FBCF,si,no_mapeado_o_no_usado
2024,fbcf,Q,86,,6135682053.21833,EAE_C6_2024.xls,FBCF,si,no_mapeado_o_no_usado
2024,adquisiciones_importadas,Q,86,,0.0,EAE_C6_2024.xls,FBCF,si,no_mapeado_o_no_usado
2024,adquisiciones_origen_importado,Q,86,,777591878.413142,EAE_C6_2024.xls,FBCF,si,no_mapeado_o_no_usado
2024,fbcf,Q,87,,174934547.969886,EAE_C6_2024.xls,FBCF,si,no_mapeado_o_no_usado
2024,adquisiciones_importadas,Q,87,,0.0,EAE_C6_2024.xls,FBCF,si,no_mapeado_o_no_usado
2024,adquisiciones_origen_importado,Q,87,,3002266.99960431,EAE_C6_2024.xls,FBCF,si,no_mapeado_o_no_usado
2024,fbcf,Q,88,,30920416.486014,EAE_C6_2024.xls,FBCF,si,no_mapeado_o_no_usado
2024,adquisiciones_importadas,Q,88,,0.0,EAE_C6_2024.xls,FBCF,si,no_mapeado_o_no_usado
2024,adquisiciones_origen_importado,Q,88,,3447518.24699129,EAE_C6_2024.xls,FBCF,si,no_mapeado_o_no_usado
2024,fbcf,R,90,,17608376.0280589,EAE_C6_2024.xls,FBCF,si,no_mapeado_o_no_usado
2024,adquisiciones_importadas,R,90,,0.0,EAE_C6_2024.xls,FBCF,si,no_mapeado_o_no_usado
2024,adquisiciones_origen_importado,R,90,,10248751.3342129,EAE_C6_2024.xls,FBCF,si,no_mapeado_o_no_usado
2024,fbcf,R,92,,331814506.951474,EAE_C6_2024.xls,FBCF,si,no_mapeado_o_no_usado
2024,adquisiciones_importadas,R,92,,0.0,EAE_C6_2024.xls,FBCF,si,no_mapeado_o_no_usado
2024,adquisiciones_origen_importado,R,92,,201126140.0,EAE_C6_2024.xls,FBCF,si,no_mapeado_o_no_usado
2024,fbcf,R,93,,1489852158.06409,EAE_C6_2024.xls,FBCF,si,no_mapeado_o_no_usado
2024,adquisiciones_importadas,R,93,,261178264.121099,EAE_C6_2024.xls,FBCF,si,no_mapeado_o_no_usado
2024,adquisiciones_origen_importado,R,93,,50021350.9559905,EAE_C6_2024.xls,FBCF,si,no_mapeado_o_no_usado
2024,fbcf,S,94,,634721981.186256,EAE_C6_2024.xls,FBCF,si,no_mapeado_o_no_usado
2024,adquisiciones_importadas,S,94,,0.0,EAE_C6_2024.xls,FBCF,si,no_mapeado_o_no_usado
2024,adquisiciones_origen_importado,S,94,,8810603.32481528,EAE_C6_2024.xls,FBCF,si,no_mapeado_o_no_usado
2024,fbcf,S,95,,25605996.8490205,EAE_C6_2024.xls,FBCF,si,no_mapeado_o_no_usado
2024,adquisiciones_importadas,S,95,,0.0,EAE_C6_2024.xls,FBCF,si,no_mapeado_o_no_usado
2024,adquisiciones_origen_importado,S,95,,3790698.19046326,EAE_C6_2024.xls,FBCF,si,no_mapeado_o_no_usado
2024,fbcf,S,96,,379740235.0891,EAE_C6_2024.xls,FBCF,si,no_mapeado_o_no_usado
2024,adquisiciones_importadas,S,96,,0.0,EAE_C6_2024.xls,FBCF,si,no_mapeado_o_no_usado
2024,adquisiciones_origen_importado,S,96,,36333869.7898068,EAE_C6_2024.xls,FBCF,si,no_mapeado_o_no_usado
2024,fbkf_maq_eq,B,08 y 09,,919803550.933899,EAE_C8_2024.xls,FBKF_componentes,si,no_mapeado_o_no_usado
2024,fbkf_maq_eq,C,10,10_11_12_alimentos_bebidas_tabaco,6279662818.25927,EAE_C8_2024.xls,FBKF_componentes,si,mapeado
2024,fbkf_maq_eq,C,11 y 12,10_11_12_alimentos_bebidas_tabaco,948703846.483438,EAE_C8_2024.xls,FBKF_componentes,si,mapeado
2024,fbkf_maq_eq,C,13,13_14_15_textiles_prendas_cuero,85334949.3962695,EAE_C8_2024.xls,FBKF_componentes,si,mapeado
2024,fbkf_maq_eq,C,14,13_14_15_textiles_prendas_cuero,38582802.525294,EAE_C8_2024.xls,FBKF_componentes,si,mapeado
2024,fbkf_maq_eq,C,15,13_14_15_textiles_prendas_cuero,295773999.870971,EAE_C8_2024.xls,FBKF_componentes,si,mapeado
2024,fbkf_maq_eq,C,16,16_madera,1383845559.95758,EAE_C8_2024.xls,FBKF_componentes,si,mapeado
2024,fbkf_maq_eq,C,17,17_18_papel_impresion,4756474693.44101,EAE_C8_2024.xls,FBKF_componentes,si,mapeado
2024,fbkf_maq_eq,C,18,17_18_papel_impresion,124808561.324958,EAE_C8_2024.xls,FBKF_componentes,si,mapeado
2024,fbkf_maq_eq,C,19,19_refinacion,3553518351.0,EAE_C8_2024.xls,FBKF_componentes,si,mapeado
2024,fbkf_maq_eq,C,20,20_21_22_quimicos_farma_caucho_plastico,1078615384.39202,EAE_C8_2024.xls,FBKF_componentes,si,mapeado
2024,fbkf_maq_eq,C,21,20_21_22_quimicos_farma_caucho_plastico,943710479.298985,EAE_C8_2024.xls,FBKF_componentes,si,mapeado
2024,fbkf_maq_eq,C,22,20_21_22_quimicos_farma_caucho_plastico,762334023.096629,EAE_C8_2024.xls,FBKF_componentes,si,mapeado
2024,fbkf_maq_eq,C,23,23_24_minerales_metales,466156750.846454,EAE_C8_2024.xls,FBKF_componentes,si,mapeado
2024,fbkf_maq_eq,C,24,23_24_minerales_metales,186501276.138063,EAE_C8_2024.xls,FBKF_componentes,si,mapeado
2024,fbkf_maq_eq,C,25,25_26_27_28_33_metal_equipos_reparacion,489804158.345809,EAE_C8_2024.xls,FBKF_componentes,si,mapeado
2024,fbkf_maq_eq,C,26 y 27,25_26_27_28_33_metal_equipos_reparacion,248531159.91202,EAE_C8_2024.xls,FBKF_componentes,si,mapeado
2024,fbkf_maq_eq,C,28,25_26_27_28_33_metal_equipos_reparacion,46363669.2674765,EAE_C8_2024.xls,FBKF_componentes,si,mapeado
2024,fbkf_maq_eq,C,29 y 30,29_30_vehiculos_transporte,309771223.296276,EAE_C8_2024.xls,FBKF_componentes,si,mapeado
2024,fbkf_maq_eq,C,31,31_32_muebles_otras_manufacturas,83191078.2060964,EAE_C8_2024.xls,FBKF_componentes,si,mapeado
2024,fbkf_maq_eq,C,32,31_32_muebles_otras_manufacturas,28177920.5742685,EAE_C8_2024.xls,FBKF_componentes,si,mapeado
2024,fbkf_maq_eq,C,33,25_26_27_28_33_metal_equipos_reparacion,320951672.097823,EAE_C8_2024.xls,FBKF_componentes,si,mapeado
2024,fbkf_maq_eq,D,35,,11863697482.6201,EAE_C8_2024.xls,FBKF_componentes,si,no_mapeado_o_no_usado
2024,fbkf_maq_eq,E,"36, 37 y 38",,1249599939.74975,EAE_C8_2024.xls,FBKF_componentes,si,no_mapeado_o_no_usado
2024,fbkf_maq_eq,G,45,,1085224086.02043,EAE_C8_2024.xls,FBKF_componentes,si,no_mapeado_o_no_usado
2024,fbkf_maq_eq,G,46,,6736348116.75981,EAE_C8_2024.xls,FBKF_componentes,si,no_mapeado_o_no_usado
2024,fbkf_maq_eq,G,47,,5457240812.48825,EAE_C8_2024.xls,FBKF_componentes,si,no_mapeado_o_no_usado
2024,fbkf_maq_eq,H,49,,6944703538.61597,EAE_C8_2024.xls,FBKF_componentes,si,no_mapeado_o_no_usado
2024,fbkf_maq_eq,H,50,,2522454629.99163,EAE_C8_2024.xls,FBKF_componentes,si,no_mapeado_o_no_usado
2024,fbkf_maq_eq,H,51,,23725707.5614844,EAE_C8_2024.xls,FBKF_componentes,si,no_mapeado_o_no_usado
2024,fbkf_maq_eq,H,52,,6837961994.4606,EAE_C8_2024.xls,FBKF_componentes,si,no_mapeado_o_no_usado
2024,fbkf_maq_eq,H,53,,167035952.377549,EAE_C8_2024.xls,FBKF_componentes,si,no_mapeado_o_no_usado
2024,fbkf_maq_eq,I,55,,235103437.113879,EAE_C8_2024.xls,FBKF_componentes,si,no_mapeado_o_no_usado
2024,fbkf_maq_eq,I,56,,937719843.68136,EAE_C8_2024.xls,FBKF_componentes,si,no_mapeado_o_no_usado
2024,fbkf_maq_eq,J,58,,24721052.0457372,EAE_C8_2024.xls,FBKF_componentes,si,no_mapeado_o_no_usado
2024,fbkf_maq_eq,J,59,,45474142.3243949,EAE_C8_2024.xls,FBKF_componentes,si,no_mapeado_o_no_usado
2024,fbkf_maq_eq,J,60,,99605956.3050072,EAE_C8_2024.xls,FBKF_componentes,si,no_mapeado_o_no_usado
2024,fbkf_maq_eq,J,61,,7023417632.61553,EAE_C8_2024.xls,FBKF_componentes,si,no_mapeado_o_no_usado
2024,fbkf_maq_eq,J,62,,894248297.86124,EAE_C8_2024.xls,FBKF_componentes,si,no_mapeado_o_no_usado
2024,fbkf_maq_eq,J,63,,683894778.767906,EAE_C8_2024.xls,FBKF_componentes,si,no_mapeado_o_no_usado
2024,fbkf_maq_eq,K,64,,230442836.054407,EAE_C8_2024.xls,FBKF_componentes,si,no_mapeado_o_no_usado
2024,fbkf_maq_eq,K,66,,629433303.48668,EAE_C8_2024.xls,FBKF_componentes,si,no_mapeado_o_no_usado
2024,fbkf_maq_eq,M,69,,98703504.130886,EAE_C8_2024.xls,FBKF_componentes,si,no_mapeado_o_no_usado
2024,fbkf_maq_eq,M,70,,32063627.6784025,EAE_C8_2024.xls,FBKF_componentes,si,no_mapeado_o_no_usado
2024,fbkf_maq_eq,M,71,,258979637.597089,EAE_C8_2024.xls,FBKF_componentes,si,no_mapeado_o_no_usado
2024,fbkf_maq_eq,M,72,,19132990.6800574,EAE_C8_2024.xls,FBKF_componentes,si,no_mapeado_o_no_usado
2024,fbkf_maq_eq,M,73,,107104124.060198,EAE_C8_2024.xls,FBKF_componentes,si,no_mapeado_o_no_usado
2024,fbkf_maq_eq,M,74,,99948317.6203617,EAE_C8_2024.xls,FBKF_componentes,si,no_mapeado_o_no_usado
2024,fbkf_maq_eq,M,75,,9951968.2538503,EAE_C8_2024.xls,FBKF_componentes,si,no_mapeado_o_no_usado
2024,fbkf_maq_eq,N,77,,5410647170.25891,EAE_C8_2024.xls,FBKF_componentes,si,no_mapeado_o_no_usado
2024,fbkf_maq_eq,N,78,,55021231.3880181,EAE_C8_2024.xls,FBKF_componentes,si,no_mapeado_o_no_usado
2024,fbkf_maq_eq,N,79,,43976345.5170492,EAE_C8_2024.xls,FBKF_componentes,si,no_mapeado_o_no_usado
2024,fbkf_maq_eq,N,80,,1476756509.54511,EAE_C8_2024.xls,FBKF_componentes,si,no_mapeado_o_no_usado
2024,fbkf_maq_eq,N,81,,179970645.913112,EAE_C8_2024.xls,FBKF_componentes,si,no_mapeado_o_no_usado
2024,fbkf_maq_eq,N,82,,357644769.650421,EAE_C8_2024.xls,FBKF_componentes,si,no_mapeado_o_no_usado
2024,fbkf_maq_eq,P,85,,401370672.942852,EAE_C8_2024.xls,FBKF_componentes,si,no_mapeado_o_no_usado
2024,fbkf_maq_eq,Q,86,,2211694178.89106,EAE_C8_2024.xls,FBKF_componentes,si,no_mapeado_o_no_usado
2024,fbkf_maq_eq,Q,87,,76581965.5508412,EAE_C8_2024.xls,FBKF_componentes,si,no_mapeado_o_no_usado
2024,fbkf_maq_eq,Q,88,,19036181.8328505,EAE_C8_2024.xls,FBKF_componentes,si,no_mapeado_o_no_usado
2024,fbkf_maq_eq,R,90,,16670384.6616039,EAE_C8_2024.xls,FBKF_componentes,si,no_mapeado_o_no_usado
2024,fbkf_maq_eq,R,92,,296911506.951474,EAE_C8_2024.xls,FBKF_componentes,si,no_mapeado_o_no_usado
2024,fbkf_maq_eq,R,93,,264957319.889897,EAE_C8_2024.xls,FBKF_componentes,si,no_mapeado_o_no_usado
2024,fbkf_maq_eq,S,94,,35102209.2570903,EAE_C8_2024.xls,FBKF_componentes,si,no_mapeado_o_no_usado
2024,fbkf_maq_eq,S,95,,21333734.8658781,EAE_C8_2024.xls,FBKF_componentes,si,no_mapeado_o_no_usado
2024,fbkf_maq_eq,S,96,,111931080.450151,EAE_C8_2024.xls,FBKF_componentes,si,no_mapeado_o_no_usado
