anno,nivel_panel,seccion,grupo_rev4_homologado,descripcion_nivel,epoca,ciiu_version,rotacion,vbp_pp,vbp_pb,vab_pp,vab_pb,vab_pb_estimado,consumo_intermedio_estimado,consumo_intermedio,remuneraciones,costo_laboral,puestos_trabajo,n_empresas,fbcf,fbkf_maq_eq,adquisiciones_importadas,adquisiciones_origen_importado,importaciones_maquinaria,consumo_capital_fijo,impuestos_netos,stock_capital,stock_capital_imputado,capital_variable_adelantado,capital_circulante_constante_adelantado,capital_circulante_adelantado,capital_total_adelantado,ganancia_pb,ganancia_pp,tasa_ganancia_pb,tasa_ganancia_pp,part_salarial,productividad,vbp_pp_constante_2005,vbp_pb_constante_2005,vab_pp_constante_2005,vab_pb_constante_2005,vab_pb_estimado_constante_2005,consumo_intermedio_estimado_constante_2005,consumo_intermedio_constante_2005,remuneraciones_constante_2005,costo_laboral_constante_2005,consumo_capital_fijo_constante_2005,stock_capital_imputado_constante_2005,capital_total_adelantado_constante_2005,ganancia_pb_constante_2005,ganancia_pp_constante_2005,tasa_ganancia_pb_constante_2005,tasa_ganancia_pp_constante_2005,productividad_constante_2005,deflactor_vab_bcu_2005,deflactor_2005,fuente_deflactor,fuente_base_bcu,metodo_empalme_bcu,calidad_deflactor_bcu,codigos_bcu_deflactor,dato_preliminar_bcu,nota_deflactor_bcu,vab_bcu_corriente,vab_bcu_constante_fuente,metodo_capital_eaae,metodo_stock_capital,metodo_consumo_capital_fijo,calidad_capital_eaae,codigos_capital_fuente,archivos_capital_fuente,participacion_vab_pp_rama_c,codigos_fuente_incluidos,divisiones_publicadas_incluidas,tipo_homologacion,calidad_homologacion,notas_homologacion
2001,economia_total,economia_total,,Economia total EAAE,1,Rev.3,4.2,224795374000,,105965497000,,98274379612.0094,126520994387.9906,118829877000,48921033000,48921033000,538624,93366,15584526000,5236788000,3176411000,,,9474344000,8228656000,123851491000,123851491000,11647865000,30124046282.854904,39940692857.14285,163792183857.14285,39879002612.0094,47570120000,0.2434731723632874,0.2904297316255943,0.4616694526521213,196733.70848681085,318374746974.5686,,150077546949.02844,,139184718022.9616,179190028951.607,168297200025.54016,69286218955.331,69286218955.331,13418389444.927021,175409246230.96585,231976726940.69708,56480109622.70359,67372938548.77043,0.34482786841626534,0.4113318289200669,278631.3772669403,0.7060716219994558,0.7060716219994558,bcu_indice_implicito_vab,1997,normalizacion_2005_desde_base_1997,directo_total_economia,__TOTAL_VAB_SECTORES__,FALSE,VAB de sectores de actividad BCU; en base 1997 figura como Subtotal.,260070656861.73767,205304641055.57956,agregacion_secciones_eaae,stock_original_e_imputado_agregado_desde_panel_eaae,suma_consumo_capital_fijo_original_eaae,directo_agregado,,,,,,,,
2001,industria_total,C,,Industria manufacturera EAAE,1,Rev.3,6.6,89240215000,,32030854000,,26506272680.61665,62733942319.38335,57209361000,11462459000,11462459000,113817,12367,3539644000,2057120000,1075519000,,,3127411000,6829485000,28622363000,28622363000,1736736212.1212122,9505142775.664145,10404821212.121212,39027184212.121216,11916402680.61665,17440984000,0.3053359580298803,0.4468932194852815,0.35785680269405246,281424.1633499389,131670168708.18987,,47260172446.328125,,39108886007.07739,92561282701.11246,84409996261.86174,16912374206.412539,16912374206.412539,4614362863.086432,42231087912.96672,57582962226.34161,17582148937.578426,25733435376.82916,0.45051031204341135,0.6593720735004184,415229.46876414004,0.6777557580090597,0.6777557580090597,bcu_indice_implicito_vab,1997,normalizacion_2005_desde_base_1997,directo,D,FALSE,Total industria manufacturera BCU Rev.3.,35279563624.60293,29013903226.25903,rama_c_panel_eaae,stock_original_rama_c,consumo_capital_fijo_original_rama_c,directo,,,,,,,,
2001,subrama_industrial,C,10_11_12_alimentos_bebidas_tabaco,Alimentos bebidas y tabaco,1,Rev.3,6.6,36886440000,,11830027000,,10089520121.590927,26796919878.409073,25056413000,4509215000,4509215000,41475,,1361084265.566854,791015611.8476567,413564750.6410807,,,1164063000,2314187000,11819675000,11819675000,683214393.939394,4060139375.516526,4479640606.060606,16299315606.060606,4416242121.590927,6156749000,0.2709464758108511,0.37773052248345473,0.38116692379484846,285232.7185051236,55857177364.63132,,17914223122.843445,,15278571609.396866,40578605755.23445,37942954241.78787,6828309319.908779,6828309319.908779,1762741903.3825119,17898547077.66048,24682071859.73573,6687520386.105575,9323171899.552153,0.4102945514852747,0.5719977528434077,431928.224782241,0.6603706406288342,0.6603706406288342,bcu_indice_implicito_vab,1997,normalizacion_2005_desde_base_1997,directo,D.15-D.16,FALSE,Agregado BCU compatible con el grupo EAAE.,12606966544.676271,10640915953.831781,extraccion_directa_subrama_eaae,stock_capital_directo_subrama,consumo_capital_fijo_directo_subrama,directo,15|16,2 Digitos/EAE_cu15afe2_01.xls|2 Digitos/EAE_cu2afe2_01.xls,0.38452575048983856,15|16,15-16,grupo_compatible_rev4,media,Rev3 15 se abre en Rev4 10 y 11; se agrega con tabaco por restricciones publicadas en 2001 y en varios anos Rev4. | Rev3 16 corresponde a Rev4 12; se agrega con alimentos y bebidas por compatibilidad larga.
2001,subrama_industrial,C,13_14_15_textiles_prendas_cuero,Textiles prendas y cuero,1,Rev.3,6.6,9732813000,,2687161000,,2672078004.326489,7060734995.6735115,7045652000,1332167000,1332167000,15813,,309166881.541766,179677214.81516153,93940197.16924036,,,300848000,-263150000,2427658000,2427658000,201843484.84848487,1069808332.6778048,1269366515.1515152,3697024515.151515,1039063004.326489,1054146000,0.28105385833069196,0.2851336245350264,0.495752580511551,169933.66217669006,14532641100.111235,,4012359673.530767,,3989838356.945555,10542802743.16568,10520281426.580467,1989137662.093362,1989137662.093362,449214015.4841426,3624880332.9329185,5520246861.519862,1551486679.3680503,1574007995.953262,0.4196582070282717,0.4257499482360762,253738.04297291892,0.6697208671812245,0.6697208671812245,bcu_indice_implicito_vab,1997,normalizacion_2005_desde_base_1997,directo,D.17 a D.19,FALSE,Agregado BCU compatible con el grupo EAAE.,5272445358.330834,4388078882.109588,extraccion_directa_subrama_eaae,stock_capital_directo_subrama,consumo_capital_fijo_directo_subrama,directo,17|18|19,2 Digitos/EAE_cu15afe2_01.xls|2 Digitos/EAE_cu2afe2_01.xls,0.08734406102471491,17|18|19,17-18-19,grupo_compatible_rev4,media,Rev3 17-19 se agregan por la publicacion agrupada de 2001.
2001,subrama_industrial,C,16_madera,Madera y productos de madera,1,Rev.3,6.6,738710000,,220869000,,220503440.49395844,518206559.5060415,517841000,127850000,127850000,2090,,25411718.89561076,14768421.675891362,7721337.652851075,,,32442000,-2633000,236262000,236262000,19371212.12121212,78516145.37970327,97831969.6969697,334093969.6969697,60211440.49395844,60577000,0.1802230688227372,0.181317250517705,0.5788499065056663,105678.94736842105,1101167612.582161,,329241230.5551696,,328696304.55102116,772471308.0311399,771926382.0269915,190581255.52467042,190581255.52467042,48360086.75581821,352187005.0275298,498021495.56566036,89754962.27053252,90299888.27468096,0.2686518477180003,0.27028290380872444,157531.6892608467,0.6708424689932323,0.6708424689932323,bcu_indice_implicito_vab,1997,normalizacion_2005_desde_base_1997,proxy_grupo_amplio,D.20 a D.22,FALSE,"BCU 1997 agrega madera, papel e impresion; se usa proxy amplio.",3269620636.1323214,2716645601.544606,extraccion_directa_subrama_eaae,stock_capital_directo_subrama,consumo_capital_fijo_directo_subrama,directo,20,2 Digitos/EAE_cu15afe2_01.xls|2 Digitos/EAE_cu2afe2_01.xls,0.007179173638820955,20,20,uno_a_uno_aproximado,baja,Correspondencia principal Rev3 20 a Rev4 16.
2001,subrama_industrial,C,17_18_papel_impresion,Papel impresion y reproduccion,1,Rev.3,6.6,5172759000,,2193158000,,2192825897.8847027,2979933102.1152973,2979601000,1086568000,1086568000,7860,,252330180.28632313,146645668.45439854,76670394.86777934,,,301783000,15931000,2663100000,2663100000,164631515.15151516,451505015.4720148,616086212.1212121,3279186212.121212,804474897.8847027,804807000,0.24532760442546225,0.2454288801975028,0.4954353493911519,279027.73536895675,7710840084.055836,,3269259328.932148,,3268764276.6200967,4442075807.4357395,4441580755.123688,1619706637.8797817,1619706637.8797817,449856730.8251984,3969784447.303479,4888161325.031278,1199200907.9151168,1199695960.227168,0.3657007654772334,0.3658517335162613,415936.30139085854,0.6708424689932323,0.6708424689932323,bcu_indice_implicito_vab,1997,normalizacion_2005_desde_base_1997,proxy_grupo_amplio,D.20 a D.22,FALSE,"BCU 1997 agrega madera, papel e impresion; se usa proxy amplio.",3269620636.1323214,2716645601.544606,extraccion_directa_subrama_eaae,stock_capital_directo_subrama,consumo_capital_fijo_directo_subrama,directo,21|22,2 Digitos/EAE_cu15afe2_01.xls|2 Digitos/EAE_cu2afe2_01.xls,0.07128688090845382,21|22,21-22,grupo_compatible_rev4|parcial_con_cambio_de_seccion,alta,Rev3 22 incluye edicion/publicacion que en Rev4 pasa fuera de manufactura; se mantiene grupo con advertencia.
2001,subrama_industrial,C,19_refinacion,Coque y refinacion de petroleo,1,Rev.3,6.6,13822409000,,6963494000,,2681496359.031827,11140912640.968174,6858915000,260236000,260236000,956,,801173329.2552243,465614530.4662015,243436102.0224773,,,190018000,4689308000,1444745000,1444745000,39429696.96969697,1688017066.8133597,1078659242.4242425,2523404242.4242425,2231242359.031827,6513240000,0.8842191518582315,2.581132222296143,0.03737146897807336,7283989.539748954,18329505239.07898,,9234092245.08514,,3555856404.0063553,14773648835.072626,9095412993.99384,345091591.8778671,345091591.8778671,251977490.06843233,1915835441.320913,3346214924.0287476,2958787322.0600557,8637023163.13884,1.1725379835366923,3.422766363759944,9659092.306574414,0.7541070432457864,0.7541070432457864,bcu_indice_implicito_vab,1997,normalizacion_2005_desde_base_1997,directo,D.23,FALSE,Fila BCU compatible.,2655373137.5480413,1962676533.1613495,extraccion_directa_subrama_eaae,stock_capital_directo_subrama,consumo_capital_fijo_directo_subrama,directo,23,2 Digitos/EAE_cu15afe2_01.xls|2 Digitos/EAE_cu2afe2_01.xls,0.22634291167564433,23,23,uno_a_uno_aproximado,media,Correspondencia principal Rev3 23 a Rev4 19.
2001,subrama_industrial,C,20_21_22_quimicos_farma_caucho_plastico,Quimicos farmaceuticos caucho y plastico,1,Rev.3,6.6,9384685000,,3338759000,,3318644720.072189,6066040279.927811,6045926000,1696349000,1696349000,9542,,384135415.8718085,223246362.26078522,116719347.57931353,,,323605000,34378000,2953422000,2953422000,257022575.75757578,919097012.1102744,1173071969.6969697,4126493969.69697,1298690720.0721889,1318805000,0.3147201303598557,0.3195945540414413,0.5080777019245774,349901.38335778663,13037217286.382198,,4638208586.634942,,4610265801.344014,8426951485.038183,8399008699.747256,2356570359.7443237,2356570359.7443237,449552510.2824135,4102897897.1996913,5732531088.03175,1804142931.3172777,1832085716.6082053,0.4372096371801472,0.44398119325077917,486083.4821457705,0.7198380447185314,0.7198380447185314,bcu_indice_implicito_vab,1997,normalizacion_2005_desde_base_1997,directo,D.24 - D.25,FALSE,Agregado BCU compatible con el grupo EAAE.,3685558954.2783,2853807899.699901,extraccion_directa_subrama_eaae,stock_capital_directo_subrama,consumo_capital_fijo_directo_subrama,directo,24|25,2 Digitos/EAE_cu15afe2_01.xls|2 Digitos/EAE_cu2afe2_01.xls,0.10852374302947092,24|25,24-25,grupo_compatible_rev4,alta,Rev3 24 se abre en Rev4 20 y 21; se agrega con caucho y plastico por restricciones publicadas en 2001. | Rev3 25 corresponde a Rev4 22; se agrega con quimicos/farmaceuticos por compatibilidad larga.
2001,subrama_industrial,C,23_24_minerales_metales,Minerales no metalicos y metales comunes,1,Rev.3,6.6,2543878000,,963448000,,963448000,1580430000,1580430000,592571000,592571000,4463,,110847922.28216,64421020.273529485,33681083.89572128,,,277412000,12994000,3054240000,3054240000,89783484.84848486,239459090.90909094,329242575.75757575,3383482575.757576,93465000,93465000,0.0276239046329573,0.0276239046329573,0.6150523951474288,215874.5238628725,3885364129.926201,,1471511723.537504,,1471511723.537504,2413852406.3886967,2413852406.3886967,905056810.0492629,905056810.0492629,423702172.04248285,4664859926.531775,5167724959.325406,142752741.44575816,142752741.44575816,0.04219106741337222,0.04219106741337222,329713.5835844732,0.6547334856999153,0.6547334856999153,bcu_indice_implicito_vab,1997,normalizacion_2005_desde_base_1997,directo,D.26 - D.27,FALSE,Agregado BCU compatible con el grupo EAAE Rev.3.,1943366871.047765,1654422437.0196502,extraccion_directa_subrama_eaae,stock_capital_directo_subrama,consumo_capital_fijo_directo_subrama,directo,26|27,2 Digitos/EAE_cu15afe2_01.xls|2 Digitos/EAE_cu2afe2_01.xls,0.03131612170098462,26|27,26-27,grupo_compatible_rev4,media,Rev3 26-27 se agregan por la publicacion agrupada de 2001.
2001,subrama_industrial,C,25_26_27_28_33_metal_equipos_reparacion,Productos de metal equipos y reparacion,1,Rev.3,6.6,4479666000,,1548339000,,1548339000,2931327000,2931327000,925341000,925341000,9515,,178141592.6323344,103529799.33457369,54128230.85212402,,,171821000,8876000,1282065000,1282065000,140203181.8181818,444140454.54545456,584343636.3636364,1866408636.3636365,451177000,451177000,0.24173537949279839,0.24173537949279839,0.5976346265255864,162726.11665790857,6501306093.861445,,2247092925.245618,,2247092925.245618,4254213168.6158276,4254213168.6158276,1342940541.1474526,1342940541.1474526,249362544.96504146,1860651440.805291,2708705033.193667,654789839.1331241,654789839.1331241,0.35082876620677506,0.35082876620677506,236163.2081182993,0.6890409304416101,0.6890409304416101,bcu_indice_implicito_vab,1997,normalizacion_2005_desde_base_1997,directo,D.RR a D.33,FALSE,Agregado BCU compatible con maquinaria y equipo Rev.3.,2830352896.2212343,2289558458.360728,extraccion_directa_subrama_eaae,stock_capital_directo_subrama,consumo_capital_fijo_directo_subrama,directo,28|29|30|31|32|33,2 Digitos/EAE_cu15afe2_01.xls|2 Digitos/EAE_cu2afe2_01.xls,0.05032754498258424,28|29|30|31|32|33,28-29-30|31-32-33,grupo_compatible_rev4,alta,Rev3 30 y Rev3 32-33 convergen parcialmente en Rev4 26; se usa grupo amplio. | Rev4 33 reparacion e instalacion puede provenir de varias divisiones Rev3; se agrega con metal/equipos.
2001,subrama_industrial,C,29_30_vehiculos_transporte,Vehiculos y otros equipos de transporte,1,Rev.3,6.6,2591127000,,630961000,,608894051.6355256,1982232948.3644743,1960166000,305833000,305833000,2509,,72594178.29615502,42189252.94650716,22057703.556318756,,,85961000,1677000,752063000,752063000,46338333.333333336,300338325.50976884,343333181.8181818,1095396181.8181818,217100051.63552558,239167000,0.19819317908811254,0.21833835462437087,0.48470983151098085,251479.07532881625,4076165897.9556165,,992580337.1042691,,957866275.4642113,3118299622.4914045,3083585560.851347,481113447.95892286,481113447.95892286,135227372.78186777,1183088885.1508222,1723194795.5766206,341525454.7234207,376239516.3634785,0.3117825864214199,0.34347345974766985,395607.9462352607,0.6356775128557866,0.6356775128557866,bcu_indice_implicito_vab,1997,normalizacion_2005_desde_base_1997,directo,D.34 - D.35,FALSE,Agregado BCU compatible con material de transporte.,1218567581.9441473,1068486258.2976063,extraccion_directa_subrama_eaae,stock_capital_directo_subrama,consumo_capital_fijo_directo_subrama,directo,34|35,2 Digitos/EAE_cu15afe2_01.xls|2 Digitos/EAE_cu2afe2_01.xls,0.020508892503357686,34|35,34-35,grupo_compatible_rev4,media,Rev3 34-35 se agregan por la publicacion agrupada de 2001.
2001,subrama_industrial,C,31_32_muebles_otras_manufacturas,Muebles y otras manufacturas,1,Rev.3,6.6,1078655000,,389024000,,389024000,689631000,689631000,227199000,227199000,2735,,44758515.37176371,26012117.92529491,13599851.763093673,,,62141000,3537000,227575000,227575000,34424090.909090914,104489545.45454545,138913636.36363637,366488636.3636364,99684000,99684000,0.27199751945676104,0.27199751945676104,0.5840230936908777,142239.12248628883,1549735954.890279,,558922435.9180979,,558922435.9180979,990813518.9721811,990813518.9721811,326423610.15812886,326423610.15812886,89279836.43782009,326963820.6230493,526545203.8246114,143218989.32214895,143218989.32214895,0.39078698522058564,0.39078698522058564,204359.20874519116,0.6960250206470615,0.6960250206470615,bcu_indice_implicito_vab,1997,normalizacion_2005_desde_base_1997,directo,D.UU,FALSE,Fila BCU de otras industrias manufactureras.,1797311644.4240153,1439311202.2338223,extraccion_directa_subrama_eaae,stock_capital_directo_subrama,consumo_capital_fijo_directo_subrama,directo,36,2 Digitos/EAE_cu15afe2_01.xls|2 Digitos/EAE_cu2afe2_01.xls,0.012644920046129982,36,36,grupo_compatible_rev4,media,Rev3 36 se abre en Rev4 31 y 32; se mantiene agregado.
2002,economia_total,economia_total,,Economia total EAAE,2,Rev.3,4.2,228293239248,,106353797467,,97981985581.22955,130311253666.77045,121939441781,42622839206,42622839206,339997,12298,,,,,,11163880916,7193975850,,138607798179.6866,10148295049.047619,31026488968.278675,39181495473.09524,177789293652.78186,44195265459.22955,52567077345,0.24858226584521914,0.29567065746749754,0.4007646197986041,312808.0467386477,288719969348.5808,,134504487500.04506,,123916748331.71179,164803221016.86905,154215481848.53577,53904639794.16166,53904639794.16166,14118838413.68274,175295770359.80487,224848180274.73282,55893270123.86739,66481009292.20067,0.31437927996398696,0.37393145518670234,395604.9244553483,0.790708172223357,0.790708172223357,bcu_indice_implicito_vab,1997,normalizacion_2005_desde_base_1997,directo_total_economia,__TOTAL_VAB_SECTORES__,FALSE,VAB de sectores de actividad BCU; en base 1997 figura como Subtotal.,269888850282.87894,190250096284.211,agregacion_secciones_eaae,stock_original_e_imputado_agregado_desde_panel_eaae,suma_consumo_capital_fijo_original_eaae,directo_agregado,,,,,,,,
2002,industria_total,C,,Industria manufacturera EAAE,2,Rev.3,6.6,104934883446,,39381506784,,32589107907.964565,72345775538.03543,65553376662,9421078355,9421078355,76575,2884,,,,,,3758469943,5924169665,,38087990148.781006,1427436114.3939395,10961481142.126581,11359765911.666668,49447756060.44768,19409559609.964565,26201958486,0.3925266009288115,0.5298917599813685,0.2392259495471518,514286.73567091086,136170303282.05879,,51103994652.46799,,42289737804.90185,93880565477.15694,85066308629.5908,12225401646.389223,12225401646.389223,4877234101.834047,49425443662.23603,64166611885.86937,25187102056.678577,34001358904.24472,0.5093679483835114,0.6876218783857365,667371.7878219783,0.7706150380574629,0.7706150380574629,bcu_indice_implicito_vab,1997,normalizacion_2005_desde_base_1997,directo,D,FALSE,Total industria manufacturera BCU Rev.3.,37832085628.164955,27363961683.431435,rama_c_panel_eaae,stock_imputado_ratio_stock_consumo_capital_fijo_rama_c,consumo_capital_fijo_original_rama_c,imputado,,,,,,,,
2002,subrama_industrial,C,10_11_12_alimentos_bebidas_tabaco,Alimentos bebidas y tabaco,2,Rev.3,6.6,46446431795,,15075498763,,12857497967.866652,33588933827.133347,31370933032,3999322788,3999322788,34768,,,,,,,1618929900,2133912425,,18869813422.63023,605957998.1818182,5089232398.050508,5359129669.69697,24228943092.3272,7239245279.866652,9457246075,0.29878502138044843,0.39032846125239823,0.265286266867375,433602.70257132995,63717376984.730705,,20681270891.907757,,17638514164.33589,46078862820.39481,43036106092.82295,5486457148.987116,5486457148.987116,2220923389.883677,25886488348.2975,33238391869.783875,9931133625.4651,12973890353.036964,0.409887199273256,0.5354707509773929,594836.3694175034,0.7289445045129599,0.7289445045129599,bcu_indice_implicito_vab,1997,normalizacion_2005_desde_base_1997,directo,D.15-D.16,FALSE,Agregado BCU compatible con el grupo EAAE.,12922489999.346445,9881159461.169785,extraccion_directa_subrama_eaae,stock_imputado_ratio_stock_consumo_capital_fijo_subrama_2003_2005,consumo_capital_fijo_directo_subrama,directo_con_stock_imputado,15|16,EAE_C2_2002.xls,0.3828220907181984,15|16,15|16,grupo_compatible_rev4,media,Rev3 15 se abre en Rev4 10 y 11; se agrega con tabaco por restricciones publicadas en 2001 y en varios anos Rev4.|Rev3 16 corresponde a Rev4 12; se agrega con alimentos y bebidas por compatibilidad larga.
2002,subrama_industrial,C,13_14_15_textiles_prendas_cuero,Textiles prendas y cuero,2,Rev.3,6.6,14781830140,,3884150476,,3862348795.7788396,10919481344.22116,10897679664,1160592876,1160592876,12244,,,,,,,379781963,-452850123,,3284479216.295936,175847405.45454547,1654466870.3365395,1827010990.909091,5111490207.205027,2321973956.7788396,2343775637,0.45426555909387134,0.45853078886784787,0.29880224341751277,317228.8856582816,19664661151.067184,,5167188517.72006,,5138185163.60135,14526475987.465836,14497472633.347124,1543967521.2559664,1543967521.2559664,505234030.0862187,4369429917.301315,6799951152.847238,3088983612.2591653,3117986966.3778753,0.60432153580281,0.6099956842297849,422018.0102678913,0.7516951360841426,0.7516951360841426,bcu_indice_implicito_vab,1997,normalizacion_2005_desde_base_1997,directo,D.17 a D.19,FALSE,Agregado BCU compatible con el grupo EAAE.,5790923369.509413,4294002048.5368137,extraccion_directa_subrama_eaae,stock_imputado_ratio_stock_consumo_capital_fijo_subrama_2003_2005,consumo_capital_fijo_directo_subrama,directo_con_stock_imputado,17|18|19,EAE_C2_2002.xls,0.09863279678253956,17|18|19,17|18|19,grupo_compatible_rev4,media,Rev3 17-19 se agregan por la publicacion agrupada de 2001.
2002,subrama_industrial,C,16_madera,Madera y productos de madera,2,Rev.3,6.6,880283267,,398336839,,397677553.0970304,482605713.9029696,481946428,108061813,108061813,1502,,,,,,,47452126,-7563465,,407448295.3941302,16373001.96969697,73122077.8640863,89395188.03030303,496843483.42443323,242163614.0970304,242822900,0.4874042272386208,0.48873117611681793,0.2712824986794656,265204.28695073235,1118011771.3727918,,505911326.1247855,,505073994.06605834,612937777.3067335,612100445.2480063,137244888.6613738,137244888.6613738,60267004.308131315,517483414.20695895,631020586.0114105,307562101.0965532,308399433.15528035,0.6190321728217483,0.6207174763160317,336825.11726017675,0.7873649361662014,0.7873649361662014,bcu_indice_implicito_vab,1997,normalizacion_2005_desde_base_1997,proxy_grupo_amplio,D.20 a D.22,FALSE,"BCU 1997 agrega madera, papel e impresion; se usa proxy amplio.",3743501670.180557,2650074787.1028104,extraccion_directa_subrama_eaae,stock_imputado_ratio_stock_consumo_capital_fijo_subrama_2003_2005,consumo_capital_fijo_directo_subrama,directo_con_stock_imputado,20,EAE_C2_2002.xls,0.010115230276183095,20,20,uno_a_uno_aproximado,baja,Correspondencia principal Rev3 20 a Rev4 16.
2002,subrama_industrial,C,17_18_papel_impresion,Papel impresion y reproduccion,2,Rev.3,6.6,5317568213,,2206102064,,2205768001.8111305,3111800211.1888695,3111466149,897454109,897454109,5466,,,,,,,412360089,4306668,,2772423757.6492295,135977895.3030303,471484880.48316205,607412160.3030304,3379835917.95226,895953803.8111305,896287866,0.26508795857580025,0.26518679834109626,0.40680534397976975,403604.4756677644,6753625883.941494,,2801879995.7511997,,2801455717.029193,3952170166.912301,3951745888.1902943,1139819755.4616027,1139819755.4616027,523721682.359699,3521142014.7163,4292591354.6635575,1137914279.2078915,1138338557.929898,0.33667737334933084,0.3368029056924109,512601.5359954628,0.7873649361662014,0.7873649361662014,bcu_indice_implicito_vab,1997,normalizacion_2005_desde_base_1997,proxy_grupo_amplio,D.20 a D.22,FALSE,"BCU 1997 agrega madera, papel e impresion; se usa proxy amplio.",3743501670.180557,2650074787.1028104,extraccion_directa_subrama_eaae,stock_imputado_ratio_stock_consumo_capital_fijo_subrama_2003_2005,consumo_capital_fijo_directo_subrama,directo_con_stock_imputado,21|22,EAE_C2_2002.xls,0.05602100585560658,21|22,21|22,grupo_compatible_rev4|parcial_con_cambio_de_seccion,alta,Rev3 22 incluye edicion/publicacion que en Rev4 pasa fuera de manufactura; se mantiene grupo con advertencia.
2002,subrama_industrial,C,19_refinacion,Coque y refinacion de petroleo,2,Rev.3,6.6,16661607730,,10240536350,,3943417045.675357,12718190684.324642,6421071380,210195676,210195676,890,,,,,,,192695780,4227698937,,3114417090.3490243,31847829.6969697,1926998588.5340369,1004737432.7272727,4119154523.076297,3540525589.675357,9837644894,0.8595272573147356,2.3882679901634227,0.020525846383036374,11506220.617977528,21854693776.50082,,13432304352.803019,,5172500359.079601,16682193417.421217,8422389423.697801,275709415.71582556,275709415.71582556,252755156.17507404,4085117889.273379,5403011652.820897,4644035787.188703,12903839780.912119,1.1274245142229842,3.132642805367539,15092476.800902268,0.7623812028844501,0.7623812028844501,bcu_indice_implicito_vab,1997,normalizacion_2005_desde_base_1997,directo,D.23,FALSE,Fila BCU compatible.,1648234444.3107424,1205044195.5605369,extraccion_directa_subrama_eaae,stock_imputado_ratio_stock_consumo_capital_fijo_subrama_2003_2005,consumo_capital_fijo_directo_subrama,directo_con_stock_imputado,23,EAE_C2_2002.xls,0.2600446988330736,23,23,uno_a_uno_aproximado,media,Correspondencia principal Rev3 23 a Rev4 19.
2002,subrama_industrial,C,20_21_22_quimicos_farma_caucho_plastico,Quimicos farmaceuticos caucho y plastico,2,Rev.3,6.6,11539961981,,4271371028,,4245638247.4870205,7294323733.5129795,7268590953,1554242318,1554242318,8322,,,,,,,497162027,43021693,,4367175252.075062,235491260.3030303,1105200565.6837847,1336792919.848485,5703968171.923547,2194233902.4870205,2219966683,0.38468550951732605,0.3891968917230759,0.3638743410046841,513262.5604422014,14101596600.011402,,5219527695.585396,,5188082766.149049,8913513833.862354,8882068904.426006,1899252200.5868332,1899252200.5868332,607521789.1654141,5336598490.333937,6970131991.093458,2681308776.3968015,2712753705.8331485,0.47007779419158024,0.4755906106184193,627196.3104524629,0.8183443554888437,0.8183443554888437,bcu_indice_implicito_vab,1997,normalizacion_2005_desde_base_1997,directo,D.24 - D.25,FALSE,Agregado BCU compatible con el grupo EAAE.,4167634565.9617167,2838636021.430755,extraccion_directa_subrama_eaae,stock_imputado_ratio_stock_consumo_capital_fijo_subrama_2003_2005,consumo_capital_fijo_directo_subrama,directo_con_stock_imputado,24|25,EAE_C2_2002.xls,0.10846574384559221,24|25,24|25,grupo_compatible_rev4,alta,Rev3 24 se abre en Rev4 20 y 21; se agrega con caucho y plastico por restricciones publicadas en 2001.|Rev3 25 corresponde a Rev4 22; se agrega con quimicos/farmaceuticos por compatibilidad larga.
2002,subrama_industrial,C,23_24_minerales_metales,Minerales no metalicos y metales comunes,2,Rev.3,6.6,2397195835,,861792106,,861792106,1535403729,1535403729,412971915,412971915,2998,,,,,,,248889222,4740425,,2233966119.2580338,62571502.27272727,232636928.63636366,295208430.90909094,2529174550.1671247,199930969,199930969,0.0790498896119245,0.0790498896119245,0.47920132027758444,287455.6724482989,2710873298.242387,,974559180.6401051,,974559180.6401051,1736314117.6022816,1736314117.6022816,467010046.05137926,467010046.05137926,281456832.30762064,2526284675.392309,2860121669.8852882,226092302.2811052,226092302.2811052,0.08939371237393058,0.08939371237393058,325069.77339563216,0.8842891464364042,0.8842891464364042,bcu_indice_implicito_vab,1997,normalizacion_2005_desde_base_1997,directo,D.26 - D.27,FALSE,Agregado BCU compatible con el grupo EAAE Rev.3.,2997130524.4517984,1889154736.8760684,extraccion_directa_subrama_eaae,stock_imputado_ratio_stock_consumo_capital_fijo_subrama_2003_2005,consumo_capital_fijo_directo_subrama,directo_con_stock_imputado,26|27,EAE_C2_2002.xls,0.021884055776188932,26|27,26|27,grupo_compatible_rev4,media,Rev3 26-27 se agregan por la publicacion agrupada de 2001.
2002,subrama_industrial,C,25_26_27_28_33_metal_equipos_reparacion,Productos de metal equipos y reparacion,2,Rev.3,6.6,3511601124,,1458342586,,1458342586,2053258538,2053258538,662671499,662671499,6706,,,,,,,148771992,12459006,,982644674.7619168,100404772.57575758,311099778.4848485,411504551.06060606,1394149225.8225229,646899095,646899095,0.46400993739988,0.46400993739988,0.45440043057207957,217468.32478377572,4427326293.178654,,1838636635.3891027,,1838636635.3891027,2588689657.7895503,2588689657.7895503,835477278.786408,835477278.786408,187567473.81373838,1238890310.0901902,1757703482.2986689,815591882.7889564,815591882.7889564,0.5850104620671234,0.5850104620671234,274177.8460168659,0.7931651953031912,0.7931651953031912,bcu_indice_implicito_vab,1997,normalizacion_2005_desde_base_1997,directo,D.RR a D.33,FALSE,Agregado BCU compatible con maquinaria y equipo Rev.3.,3313459657.3608513,2328489092.447872,extraccion_directa_subrama_eaae,stock_imputado_ratio_stock_consumo_capital_fijo_subrama_2003_2005,consumo_capital_fijo_directo_subrama,directo_con_stock_imputado,28|29|30|31|32|33,EAE_C2_2002.xls,0.037032655869808584,28|29|30|31|32|33,28|29|30|31|32|33,grupo_compatible_rev4,alta,Rev3 30 y Rev3 32-33 convergen parcialmente en Rev4 26; se usa grupo amplio.|Rev4 33 reparacion e instalacion puede provenir de varias divisiones Rev3; se agrega con metal/equipos.
2002,subrama_industrial,C,29_30_vehiculos_transporte,Vehiculos y otros equipos de transporte,2,Rev.3,6.6,2469058195,,707263257,,682527747.5591487,1786530447.4408512,1761794938,272352509,272352509,1867,,,,,,,150330617,-44448662,,1388403326.011871,41265531.66666667,270686431.430432,308204158.6363636,1696607484.6482348,259844621.55914867,284580131,0.15315541391297316,0.16773480818340447,0.385079397670449,378823.3835029459,3017130191.86512,,864258821.6887127,,834032619.4484057,2183097572.416714,2152871370.1764073,332808266.4872615,332808266.4872615,183700426.43422258,1696595731.068367,2073213857.8355896,317523926.52692163,347750128.7672286,0.187152260849984,0.20496793272094352,462913.1342735472,0.8183465869842644,0.8183465869842644,bcu_indice_implicito_vab,1997,normalizacion_2005_desde_base_1997,directo,D.34 - D.35,FALSE,Agregado BCU compatible con material de transporte.,1317941442.2433255,897666479.9575384,extraccion_directa_subrama_eaae,stock_imputado_ratio_stock_consumo_capital_fijo_subrama_2003_2005,consumo_capital_fijo_directo_subrama,directo_con_stock_imputado,34|35,EAE_C2_2002.xls,0.017960002716289728,34|35,34|35,grupo_compatible_rev4,media,Rev3 34-35 se agregan por la publicacion agrupada de 2001.
2002,subrama_industrial,C,31_32_muebles_otras_manufacturas,Muebles y otras manufacturas,2,Rev.3,6.6,924595825,,276514662,,276514662,648081163,648081163,142651665,142651665,1783,,,,,,,62011616,2888301,,494818203.62182313,21613888.636363637,98194115.60606061,119808004.24242425,614626207.8642473,71851381,71851381,0.11690256627629819,0.11690256627629819,0.5158918661607897,155083.93830622546,1185388921.1813924,,354508865.4050729,,354508865.4050729,830880055.7763195,830880055.7763195,182888240.1443673,182888240.1443673,79502719.57041854,634387481.2242285,787988738.1819082,92117905.69028711,92117905.69028711,0.1498763061379791,0.1498763061379791,198827.18194339483,0.7799936446837392,0.7799936446837392,bcu_indice_implicito_vab,1997,normalizacion_2005_desde_base_1997,directo,D.UU,FALSE,Fila BCU de otras industrias manufactureras.,1930769954.800102,1379734860.3492548,extraccion_directa_subrama_eaae,stock_imputado_ratio_stock_consumo_capital_fijo_subrama_2003_2005,consumo_capital_fijo_directo_subrama,directo_con_stock_imputado,36,EAE_C2_2002.xls,0.007021719326519371,36,36,grupo_compatible_rev4,media,Rev3 36 se abre en Rev4 31 y 32; se mantiene agregado.
2003,economia_total,economia_total,,Economia total EAAE,2,Rev.3,4.2,282760554719,,117480701268,,108449361771.53458,174311192947.46542,165279853451,44485282167,44485282167,345219,12298,14939026955,9558775510,5765671714,,,15388019830,7667299026,128858476811,128858476811,10591733849.285713,41502664987.49177,49944079909.047615,178802556720.0476,48576059774.53458,57607399271,0.27167430189821307,0.32218442693297894,0.3786603389906486,340307.750349778,308876437893.03143,,128331268004.81866,,118465790212.68785,190410647680.3436,180545169888.21277,48593961445.80441,48593961445.80441,16809263781.65135,140759899658.76608,195316835690.67493,53062564985.232094,62928042777.36291,0.296766254121928,0.3519415154442661,371738.71659676515,0.9154487686008741,0.9154487686008741,bcu_indice_implicito_vab,1997,normalizacion_2005_desde_base_1997,directo_total_economia,__TOTAL_VAB_SECTORES__,FALSE,VAB de sectores de actividad BCU; en base 1997 figura como Subtotal.,311731260114.91516,189802740886.24347,agregacion_secciones_eaae,stock_original_e_imputado_agregado_desde_panel_eaae,suma_consumo_capital_fijo_original_eaae,directo_agregado,,,,,,,,
2003,industria_total,C,,Industria manufacturera EAAE,2,Rev.3,6.6,139349946300,,41497361974,,34340027025.476635,105009919274.52336,97852584326,10878789626,10878789626,83356,2884,6899547696,5558448986,5256351292,,,4714590576,6090823735,48103564060,48103564060,1648301458.4848485,15910593829.473238,16474450598.78788,64578014658.78788,18746646823.476635,25903981772,0.2902945673156516,0.4011269455846448,0.2621561735132961,497832.9331301886,141995273587.7336,,42285120469.16622,,34991915404.080215,107003358183.6534,99710153118.5674,11085305378.745369,11085305378.745369,4804089247.742111,49016730329.696365,65803921011.10739,19102520777.592735,26395725842.678738,0.29580532753329597,0.40874167442505555,507283.4645276431,0.9813703145119181,0.9813703145119181,bcu_indice_implicito_vab,1997,normalizacion_2005_desde_base_1997,directo,D,FALSE,Total industria manufacturera BCU Rev.3.,50530100226.98527,28699439311.374676,rama_c_panel_eaae,stock_original_rama_c,consumo_capital_fijo_original_rama_c,directo,,,,,,,,
2003,subrama_industrial,C,10_11_12_alimentos_bebidas_tabaco,Alimentos bebidas y tabaco,2,Rev.3,6.6,63158444847,,16188607774,,13806839483.65598,49351605363.344025,46969837073,4622224490,4622224490,37385,,2691688279.763531,2168491711.123854,2050635750.3983686,,,1954529895,2188531665,21749310876,21749310876,700337043.939394,7477515964.143034,7816979024.69697,29566289900.696968,7230085098.655979,9611853389,0.24453812510596887,0.32509501264050783,0.28552328616075345,433024.14802728366,69153503432.97523,,17725245546.915558,,15117397585.461512,54036105847.51373,51428257886.05968,5060970356.561592,5060970356.561592,2140055698.5081527,23813775782.032307,32372749758.187042,7916371530.391767,10524219491.845814,0.26774991238265416,0.3559533349362757,474127.20467876305,0.9133079556585915,0.9133079556585915,bcu_indice_implicito_vab,1997,normalizacion_2005_desde_base_1997,directo,D.15-D.16,FALSE,Agregado BCU compatible con el grupo EAAE.,18110347550.625626,11052632080.312202,extraccion_directa_subrama_eaae,stock_capital_directo_subrama,consumo_capital_fijo_directo_subrama,directo,15|16,EAE_C11_2003.xls|EAE_C2_2003.xls,0.39012532391420857,15|16,15|16,grupo_compatible_rev4,media,Rev3 15 se abre en Rev4 10 y 11; se agrega con tabaco por restricciones publicadas en 2001 y en varios anos Rev4.|Rev3 16 corresponde a Rev4 12; se agrega con alimentos y bebidas por compatibilidad larga.
2003,subrama_industrial,C,13_14_15_textiles_prendas_cuero,Textiles prendas y cuero,2,Rev.3,6.6,19385164811,,4923021598,,4895388749.256202,14489776061.743797,14462143213,1476100719,1476100719,14528,,818553375.395364,659447166.6731179,623606688.7145094,,,451886299,-696300520,3905241921,3905241921,223651624.0909091,2195420615.415727,2414885444.2424245,6320127365.242424,2967401731.2562017,2995034580,0.46951612835770434,0.4738883264396236,0.2998363280794203,338864.37210903084,17689814590.07025,,4492473504.383835,,4467257315.83764,13222557274.232613,13197341085.686419,1347006759.5485346,1347006759.5485346,412366101.7608177,3563704832.2983065,5767393899.758147,2707884454.5282874,2733100643.074483,0.42845409562793196,0.43244391847309677,309228.6277797243,1.0958376478338778,1.0958376478338778,bcu_indice_implicito_vab,1997,normalizacion_2005_desde_base_1997,directo,D.17 a D.19,FALSE,Agregado BCU compatible con el grupo EAAE.,7812993001.647688,3973995655.708128,extraccion_directa_subrama_eaae,stock_capital_directo_subrama,consumo_capital_fijo_directo_subrama,directo,17|18|19,EAE_C11_2003.xls|EAE_C2_2003.xls,0.11863870089193221,17|18|19,17|18|19,grupo_compatible_rev4,media,Rev3 17-19 se agregan por la publicacion agrupada de 2001.
2003,subrama_industrial,C,16_madera,Madera y productos de madera,2,Rev.3,6.6,2619292753,,949273708,,947702568.4204541,1671590184.579546,1670019045,145081236,145081236,1810,,157836235.81362018,127156837.45775121,120245955.03909957,,,103739743,-23167863,961743066,961743066,21982005.454545457,253271240.08781,275015194.0909091,1236758260.090909,698881589.4204541,700452729,0.5650915073484791,0.566361876530756,0.1528339348043968,524460.6121546961,2869067934.644314,,1039796240.3035401,,1038075277.198762,1830992657.4455516,1829271694.3407733,158916150.80040815,158916150.80040815,113632342.10786285,1053454673.5437441,1354695256.1408927,765526784.2904911,767247747.3952692,0.6189785093767802,0.6203700206852647,574473.0609411824,0.912942046917659,0.912942046917659,bcu_indice_implicito_vab,1997,normalizacion_2005_desde_base_1997,proxy_grupo_amplio,D.20 a D.22,FALSE,"BCU 1997 agrega madera, papel e impresion; se usa proxy amplio.",4337371654.691374,2648131801.110749,extraccion_directa_subrama_eaae,stock_capital_directo_subrama,consumo_capital_fijo_directo_subrama,directo,20,EAE_C11_2003.xls|EAE_C2_2003.xls,0.022876316356958505,20,20,uno_a_uno_aproximado,baja,Correspondencia principal Rev3 20 a Rev4 16.
2003,subrama_industrial,C,17_18_papel_impresion,Papel impresion y reproduccion,2,Rev.3,6.6,6370072324,,2492058992,,2491681628.370618,3878390695.629382,3878013332,924424967,924424967,6047,,414355951.7217394,333815566.05892146,315672930.7695266,,,531191464,-10720954,2916671502,2916671502,140064388.93939394,587634953.8832397,727642166.5151515,3644313668.5151515,1036065197.3706179,1036442561,0.284296383794196,0.28439993240820316,0.3709482680657184,412114.9317016702,6977521021.74185,,2729701190.1400204,,2729287841.1978216,4248233180.5440283,4247819831.6018295,1012577928.8193707,1012577928.8193707,581845765.3401407,3194804655.834921,3991834619.535103,1134864147.03831,1135277495.9805088,0.31140682451209034,0.3115202474991866,451414.1210749165,0.912942046917659,0.912942046917659,bcu_indice_implicito_vab,1997,normalizacion_2005_desde_base_1997,proxy_grupo_amplio,D.20 a D.22,FALSE,"BCU 1997 agrega madera, papel e impresion; se usa proxy amplio.",4337371654.691374,2648131801.110749,extraccion_directa_subrama_eaae,stock_capital_directo_subrama,consumo_capital_fijo_directo_subrama,directo,21|22,EAE_C11_2003.xls|EAE_C2_2003.xls,0.0600555239239757,21|22,21|22,grupo_compatible_rev4|parcial_con_cambio_de_seccion,alta,Rev3 22 incluye edicion/publicacion que en Rev4 pasa fuera de manufactura; se mantiene grupo con advertencia.
2003,subrama_industrial,C,19_refinacion,Coque y refinacion de petroleo,2,Rev.3,6.6,20621189349,,7353007136,,2831489746.830979,17789699602.16902,13268182213,275503878,275503878,840,,1222588341.4617102,984947887.3568853,931416679.9589,,,284843413,4633842360,7047590760,7047590760,41743011.81818182,2695409030.63167,2052073650.1515152,9099664410.151516,2271142455.830979,6792659845,0.24958529825531914,0.7464736652729919,0.03746819129973982,8753579.923809525,17268009301.796307,,6157345896.577977,,2371065531.6100516,14896943770.186256,11110663405.218332,230704613.95165163,230704613.95165163,238525461.45588508,5901592810.156477,7619981903.970111,1901835456.202515,5688115821.170441,0.2090006148007878,0.6250907247551702,7330173.686402354,1.1941845170800827,1.1941845170800827,bcu_indice_implicito_vab,1997,normalizacion_2005_desde_base_1997,directo,D.23,FALSE,Fila BCU compatible.,3587243032.3566666,1674347253.0335207,extraccion_directa_subrama_eaae,stock_capital_directo_subrama,consumo_capital_fijo_directo_subrama,directo,23,EAE_C11_2003.xls|EAE_C2_2003.xls,0.1771983317356446,23,23,uno_a_uno_aproximado,media,Correspondencia principal Rev3 23 a Rev4 19.
2003,subrama_industrial,C,20_21_22_quimicos_farma_caucho_plastico,Quimicos farmaceuticos caucho y plastico,2,Rev.3,6.6,15401769005,,5338389312,,5306228303.378173,10095540701.621826,10063379693,1762307462,1762307462,8737,,887616782.4019641,715086382.6855093,676221953.4599833,,,555401739,33258388,4586972814,4586972814,267016282.12121212,1529627379.03361,1791770781.0606062,6378743595.060606,2988519102.378173,3020680111,0.46851218548623574,0.4735540888238665,0.3301196969727486,611009.4210827515,15465519293.427938,,5360485725.617822,,5328191597.639698,10137327695.78824,10105033567.810118,1769601923.3676999,1769601923.3676999,557700632.13644,4605958999.275775,6405146194.908777,3000889042.135558,3033183170.113682,0.47045142940990814,0.47551420196015304,613538.4829595766,0.995877908318602,0.995877908318602,bcu_indice_implicito_vab,1997,normalizacion_2005_desde_base_1997,directo,D.24 - D.25,FALSE,Agregado BCU compatible con el grupo EAAE.,5388544119.30795,3015931782.3440733,extraccion_directa_subrama_eaae,stock_capital_directo_subrama,consumo_capital_fijo_directo_subrama,directo,24|25,EAE_C11_2003.xls|EAE_C2_2003.xls,0.12864854647161267,24|25,24|25,grupo_compatible_rev4,alta,Rev3 24 se abre en Rev4 20 y 21; se agrega con caucho y plastico por restricciones publicadas en 2001.|Rev3 25 corresponde a Rev4 22; se agrega con quimicos/farmaceuticos por compatibilidad larga.
2003,subrama_industrial,C,23_24_minerales_metales,Minerales no metalicos y metales comunes,2,Rev.3,6.6,3637285170,,1302480782,,1302480782,2334804388,2334804388,538997433,538997433,3346,,216564160.70301652,174469529.3811073,164987236.27523375,,,344396419,1914969,3469343344,3469343344,81666277.72727273,353758240.6060606,435424518.3333334,3904767862.3333335,419086930,419086930,0.10732697685889331,0.10732697685889331,0.413823712755556,389265.02749551705,3250911109.870622,,1164123528.0424206,,1164123528.0424206,2086787581.8282013,2086787581.8282013,481741920.48061115,481741920.48061115,307812583.3963021,3100809063.306217,3489980200.019674,374569024.1655074,374569024.1655074,0.09592606714952828,0.09592606714952828,347914.98148309044,1.118851007324145,1.118851007324145,bcu_indice_implicito_vab,1997,normalizacion_2005_desde_base_1997,directo,D.26 - D.27,FALSE,Agregado BCU compatible con el grupo EAAE Rev.3.,3439793260.8411646,1713626830.9883165,extraccion_directa_subrama_eaae,stock_capital_directo_subrama,consumo_capital_fijo_directo_subrama,directo,26|27,EAE_C11_2003.xls|EAE_C2_2003.xls,0.0313881677821532,26|27,26|27,grupo_compatible_rev4,media,Rev3 26-27 se agregan por la publicacion agrupada de 2001.
2003,subrama_industrial,C,25_26_27_28_33_metal_equipos_reparacion,Productos de metal equipos y reparacion,2,Rev.3,6.6,4759036717,,1849494931,,1849494931,2909541786,2909541786,730378023,730378023,7101,,307516489.2962686,247743010.61765194,234278356.64660436,,,219640906,-5490525,1423337303,1423337303,110663336.81818183,440839664.54545456,551503001.3636364,1974840304.3636365,899476002,899476002,0.4554677155476848,0.4554677155476848,0.3949067449485213,260455.55992113787,4824080179.756621,,1874772641.9773786,,1874772641.9773786,2949307537.779243,2949307537.779243,740360361.5618261,740360361.5618261,222642817.08805886,1442790564.7340574,2001831155.5433104,911769463.3274937,911769463.3274937,0.46169275627646156,0.46169275627646156,264015.29953209107,0.9865169192192194,0.9865169192192194,bcu_indice_implicito_vab,1997,normalizacion_2005_desde_base_1997,directo,D.RR a D.33,FALSE,Agregado BCU compatible con maquinaria y equipo Rev.3.,4525837567.736862,2557116970.4711747,extraccion_directa_subrama_eaae,stock_capital_directo_subrama,consumo_capital_fijo_directo_subrama,directo,28|29|30|31|32|33,EAE_C11_2003.xls|EAE_C2_2003.xls,0.04457052880068511,28|29|30|31|32|33,28|29|30|31|32|33,grupo_compatible_rev4,alta,Rev3 30 y Rev3 32-33 convergen parcialmente en Rev4 26; se usa grupo amplio.|Rev4 33 reparacion e instalacion puede provenir de varias divisiones Rev3; se agrega con metal/equipos.
2003,subrama_industrial,C,29_30_vehiculos_transporte,Vehiculos y otros equipos de transporte,2,Rev.3,6.6,2179364425,,694662070,,670367268.8483458,1508997156.1516542,1484702355,255765434,255765434,1787,,115501825.6244568,93051172.89001645,87993908.74585123,,,161460473,-34270140,1510261434,1510261434,38752338.484848484,228635932.75025067,263707240.75757578,1773968674.7575758,253141361.84834576,277436163,0.142697763185102,0.15639293238248045,0.36818684227281906,388730.8729714606,2377665894.031522,,757869722.3693267,,731364324.9984552,1646301569.0330665,1619796171.6621947,279037659.9333405,279037659.9333405,176151842.93296766,1647680884.160958,1935382979.8572512,276174822.1321471,302680219.5030186,0.15568190468182203,0.1706232042368966,424101.69130908046,0.9165982615432626,0.9165982615432626,bcu_indice_implicito_vab,1997,normalizacion_2005_desde_base_1997,directo,D.34 - D.35,FALSE,Agregado BCU compatible con material de transporte.,1371099316.5782814,833769596.6175915,extraccion_directa_subrama_eaae,stock_capital_directo_subrama,consumo_capital_fijo_directo_subrama,directo,34|35,EAE_C11_2003.xls|EAE_C2_2003.xls,0.016740492379148094,34|35,34|35,grupo_compatible_rev4,media,Rev3 34-35 se agregan por la publicacion agrupada de 2001.
2003,subrama_industrial,C,31_32_muebles_otras_manufacturas,Muebles y otras manufacturas,2,Rev.3,6.6,1213990202,,404919962,,404919962,809070240,809070240,147404525,147404525,1746,,67326253.81832878,54239721.75518507,51291831.99192314,,,107361998,3221472,532205380,532205380,22334018.93939394,122586400,144920418.93939394,677125798.939394,150153439,150153439,0.22175117125235905,0.22175117125235905,0.36403373217742224,231912.92210767468,1368870006.6710956,,456579295.426801,,456579295.426801,912290711.2442948,912290711.2442948,166210264.94915622,166210264.94915622,121059147.49259415,600103675.3598058,763512914.1769954,169309882.98505062,169309882.98505062,0.25004199108976005,0.25004199108976005,261500.16920206242,0.8868557248560496,0.8868557248560496,bcu_indice_implicito_vab,1997,normalizacion_2005_desde_base_1997,directo,D.UU,FALSE,Fila BCU de otras industrias manufactureras.,1956870723.1996608,1229887340.7889335,extraccion_directa_subrama_eaae,stock_capital_directo_subrama,consumo_capital_fijo_directo_subrama,directo,36,EAE_C11_2003.xls|EAE_C2_2003.xls,0.009758067743681379,36,36,grupo_compatible_rev4,media,Rev3 36 se abre en Rev4 31 y 32; se mantiene agregado.
2004,economia_total,economia_total,,Economia total EAAE,2,Rev.3,4.2,342486970874,,137248675768,,125954200122.86232,216532770751.1377,205238295106,48007488282,48007488282,348339,13993,20956681133,11081662212,2372629177,3789547557,6162176734,17341745740,8870370869,187339221901,187339221901,11430354352.857141,51555421607.413734,60296615092.38095,247635836993.38095,60604966100.86232,71899441746,0.24473423086369453,0.2903434439011418,0.34978471022299734,394008.92741840566,345133303629.168,,138309170610.65466,,126927424665.05591,218205878964.11212,206824133018.51334,48378433163.23094,48378433163.23094,17475742165.225883,188786757023.22424,249549272780.7824,61073249336.59908,72454995282.19783,0.24662524648333312,0.2925868733778402,397053.3606936193,0.9923324329256519,0.9923324329256519,bcu_indice_implicito_vab,1997,normalizacion_2005_desde_base_1997,directo_total_economia,__TOTAL_VAB_SECTORES__,FALSE,VAB de sectores de actividad BCU; en base 1997 figura como Subtotal.,352406257338.645,197944115110.51068,agregacion_secciones_eaae,stock_original_e_imputado_agregado_desde_panel_eaae,suma_consumo_capital_fijo_original_eaae,directo_agregado,,,,,,,,
2004,industria_total,C,,Industria manufacturera EAAE,2,Rev.3,6.6,179010449525,,52621053735,,43545139291.05016,135465310233.94984,126389395790,12139435357,12139435357,88653,3252,6396127195,3154522472,1599697016,1743085329,3342782345,5136920717,7039185004,50525577181,50525577181,1839308387.4242425,20525047005.143917,20989216840.454548,71514794021.45454,26268783217.050163,35344697661,0.3673195676012084,0.49422917516054843,0.23069540602767635,593562.0197286048,169213271713.24924,,49741122303.89386,,41161929408.02994,128051342305.21931,119472149409.35538,11475048406.169102,11475048406.169102,4855778885.32002,47760330431.45501,67600814948.95872,24831102116.540817,33410295012.40474,0.3472162991770829,0.4671801893518927,561076.5829006786,1.0578984007138232,1.0578984007138232,bcu_indice_implicito_vab,1997,normalizacion_2005_desde_base_1997,directo,D,FALSE,Total industria manufacturera BCU Rev.3.,58544848868.37405,30846145160.505566,rama_c_panel_eaae,stock_original_rama_c,consumo_capital_fijo_original_rama_c,directo,,,,,,,,
2004,subrama_industrial,C,10_11_12_alimentos_bebidas_tabaco,Alimentos bebidas y tabaco,2,Rev.3,6.6,79535592449,,20302619269,,17315572114.550133,62220020334.44987,59232973180,4976726147,4976726147,38569,,2467855736.004624,1217128137.002392,617220598.7227995,672544962.9708555,1289765561.693655,1911140461,2489878177,22348527559,22348527559,754049416.2121212,9427275808.24998,9728742322.272728,32077269881.272728,10427705506.550133,13414752661,0.3250808296699218,0.41820119700497854,0.24512729520564602,526397.3468070212,82431061925.57806,,21041730056.73531,,17945940343.205936,64485121582.37212,61389331868.84274,5157902375.254871,5157902375.254871,1980714958.4028718,23162119026.68211,33245033306.09084,10807323009.548195,13903112723.077568,0.33691530013461957,0.4334256866166297,545560.6849214475,0.9648740485814413,0.9648740485814413,bcu_indice_implicito_vab,1997,normalizacion_2005_desde_base_1997,directo,D.15-D.16,FALSE,Agregado BCU compatible con el grupo EAAE.,21742291395.9411,12560035174.897026,extraccion_directa_subrama_eaae,stock_capital_directo_subrama,consumo_capital_fijo_directo_subrama,directo,15|16,EAE_C11_2004.xls|EAE_C2_2004.xls,0.38583593802415367,15|16,15|16,grupo_compatible_rev4,media,Rev3 15 se abre en Rev4 10 y 11; se agrega con tabaco por restricciones publicadas en 2001 y en varios anos Rev4.|Rev3 16 corresponde a Rev4 12; se agrega con alimentos y bebidas por compatibilidad larga.
2004,subrama_industrial,C,13_14_15_textiles_prendas_cuero,Textiles prendas y cuero,2,Rev.3,6.6,20005845197,,5240342595,,5210928628.107767,14794916568.892233,14765502602,1636739633,1636739633,15655,,636982320.3770835,314154953.8706779,159311828.2495282,173591691.2893212,332903519.5388494,488639066,-628483002,3739408170,3739408170,247990853.4848485,2241654025.589732,2485188217.4242425,6224596387.424242,3085549929.107767,3114963896,0.4957028114050263,0.5004282530339259,0.31233447113966795,334739.22676461196,18185803183.419384,,4763599743.371503,,4736861727.182815,13448941456.23657,13422203440.047884,1487836406.566996,1487836406.566996,444184876.6948587,3399213596.448707,5658310542.905506,2804840443.9209604,2831578460.1096478,0.4506059942436866,0.4549015364000755,304286.1541597894,1.1000803756217932,1.1000803756217932,bcu_indice_implicito_vab,1997,normalizacion_2005_desde_base_1997,directo,D.17 a D.19,FALSE,Agregado BCU compatible con el grupo EAAE.,7125972943.403326,3610571261.8058305,extraccion_directa_subrama_eaae,stock_capital_directo_subrama,consumo_capital_fijo_directo_subrama,directo,17|18|19,EAE_C11_2004.xls|EAE_C2_2004.xls,0.09958875127984122,17|18|19,17|18|19,grupo_compatible_rev4,media,Rev3 17-19 se agregan por la publicacion agrupada de 2001.
2004,subrama_industrial,C,16_madera,Madera y productos de madera,2,Rev.3,6.6,3421375010,,834966476,,833584525.9186041,2587790484.081396,2586408534,180506962,180506962,2151,,101493151.19721794,50055669.070495665,25383843.404731784,27659115.81372943,53042959.218461215,93661134,-41956839,913303535,913303535,27349539.6969697,392089467.28506005,419229620.6060606,1332533155.6060605,559416429.9186041,560798380,0.41981426695846175,0.42085135190871753,0.21618468188655757,388175.95350999536,3444389327.6684895,,840582985.0541195,,839191739.1083176,2605197588.560172,2603806342.61437,181721165.2231778,181721165.2231778,94291157.62639779,919446988.3252888,1341496610.7249172,563179416.258742,564570662.204544,0.4226382014506781,0.42368226248581925,390787.06883036706,0.9933183169847795,0.9933183169847795,bcu_indice_implicito_vab,1997,normalizacion_2005_desde_base_1997,proxy_grupo_amplio,D.20 a D.22,FALSE,"BCU 1997 agrega madera, papel e impresion; se usa proxy amplio.",4877242024.526178,2736793518.143204,extraccion_directa_subrama_eaae,stock_capital_directo_subrama,consumo_capital_fijo_directo_subrama,directo,20,EAE_C11_2004.xls|EAE_C2_2004.xls,0.01586790695415774,20,20,uno_a_uno_aproximado,baja,Correspondencia principal Rev3 20 a Rev4 16.
2004,subrama_industrial,C,17_18_papel_impresion,Papel impresion y reproduccion,2,Rev.3,6.6,7373903876,,2562378181,,2561990169.1859393,4811913706.81406,4811525695,989966309,989966309,6547,,311466200.8881483,153612819.13502192,77898943.68190834,84881389.73719989,162780333.41910824,593071913,-20670846,3863934996,3863934996,149994895.3030303,729077834.3657668,879013940,4742948936,978951947.1859393,979339959,0.20640153634281913,0.2064833444793385,0.38634668228936186,391382.034672369,7423505385.850033,,2579614346.3639193,,2579223724.538643,4844281661.311389,4843891039.486114,996625444.303741,996625444.303741,597061287.2621452,3889926250.156129,4774852990.124289,985536992.9727569,985927614.7980329,0.20778992274032718,0.20787228116976567,394014.7161087397,0.9933183169847795,0.9933183169847795,bcu_indice_implicito_vab,1997,normalizacion_2005_desde_base_1997,proxy_grupo_amplio,D.20 a D.22,FALSE,"BCU 1997 agrega madera, papel e impresion; se usa proxy amplio.",4877242024.526178,2736793518.143204,extraccion_directa_subrama_eaae,stock_capital_directo_subrama,consumo_capital_fijo_directo_subrama,directo,21|22,EAE_C11_2004.xls|EAE_C2_2004.xls,0.04869606113080875,21|22,21|22,grupo_compatible_rev4|parcial_con_cambio_de_seccion,alta,Rev3 22 incluye edicion/publicacion que en Rev4 pasa fuera de manufactura; se mantiene grupo con advertencia.
2004,subrama_industrial,C,19_refinacion,Coque y refinacion de petroleo,2,Rev.3,6.6,33235018744,,11804301261,,4545590310.307771,28689428433.69223,21430717483,361068168,361068168,940,,1434854891.8988974,707659785.7673159,358862952.3749908,391029514.43304574,749892466.8080366,608214282,5240910551,7573875377,7573875377,54707298.18181819,4346883096.013974,3301785704.69697,10875661081.69697,3576307860.3077707,10835018811,0.32883590555487835,0.9962630068745552,0.030587847600342603,12557767.29893617,21542829705.839256,,7651509205.423741,,2946436670.361498,18596393035.47776,13891320500.415514,234043197.4881199,234043197.4881199,394242494.7225507,4909361078.348008,7049567699.242498,2318150978.150827,7023223513.213071,0.21315035111310376,0.6457744003288866,8139903.410025257,1.542741561708188,1.542741561708188,bcu_indice_implicito_vab,1997,normalizacion_2005_desde_base_1997,directo,D.23,FALSE,Fila BCU compatible.,7068909663.668144,2553967823.365373,extraccion_directa_subrama_eaae,stock_capital_directo_subrama,consumo_capital_fijo_directo_subrama,directo,23,EAE_C11_2004.xls|EAE_C2_2004.xls,0.22433182583056768,23,23,uno_a_uno_aproximado,media,Correspondencia principal Rev3 23 a Rev4 19.
2004,subrama_industrial,C,20_21_22_quimicos_farma_caucho_plastico,Quimicos farmaceuticos caucho y plastico,2,Rev.3,6.6,19058080481,,5961813794,,5925896978.341846,13132183502.658154,13096266687,2026419107,2026419107,9720,,724679716.12803,357406658.7224038,181245297.990941,197491160.33747882,378736458.3284198,627601378,38859233,5563128169,5563128169,307033198.03030306,1989724773.1300235,2291316029.3939395,7854444198.39394,3271876493.3418465,3307793309,0.41656371993970914,0.4211365216238178,0.3398997649070151,613355.3286008231,17950384918.174587,,5615300686.733562,,5581471431.644534,12368913486.53005,12335084231.441023,1908639383.3029387,1908639383.3029387,591123871.1321499,5239787505.475473,7397927447.103347,3081708177.209446,3115537432.298474,0.3923521638666154,0.3966591847371622,577705.8319684735,1.061708735933784,1.061708735933784,bcu_indice_implicito_vab,1997,normalizacion_2005_desde_base_1997,directo,D.24 - D.25,FALSE,Agregado BCU compatible con el grupo EAAE.,6327186676.595461,3321707802.1691747,extraccion_directa_subrama_eaae,stock_capital_directo_subrama,consumo_capital_fijo_directo_subrama,directo,24|25,EAE_C11_2004.xls|EAE_C2_2004.xls,0.11329976625457491,24|25,24|25,grupo_compatible_rev4,alta,Rev3 24 se abre en Rev4 20 y 21; se agrega con caucho y plastico por restricciones publicadas en 2001.|Rev3 25 corresponde a Rev4 22; se agrega con quimicos/farmaceuticos por compatibilidad larga.
2004,subrama_industrial,C,23_24_minerales_metales,Minerales no metalicos y metales comunes,2,Rev.3,6.6,5108493625,,2178654312,,2178654312,2929839313,2929839313,616285016,616285016,3689,,264823196.9187309,130608835.67794931,66233341.67113514,72170145.34807384,138403487.019209,363784769,-16108547,3102848430,3102848430,93376517.57575758,443915047.42424244,537291565,3640139995,1198584527,1198584527,0.3292687997292258,0.3292687997292258,0.28287416347123545,590581.2718894009,4415671386.082806,,1883181660.163924,,1883181660.163924,2532489725.918882,2532489725.918882,532703436.7832424,532703436.7832424,314447685.1854823,2682035064.241263,3146458270.711282,1036030538.1951993,1036030538.1951993,0.2846128279731723,0.2846128279731723,510485.676379486,1.1569007696317286,1.1569007696317286,bcu_indice_implicito_vab,1997,normalizacion_2005_desde_base_1997,directo,D.26 - D.27,FALSE,Agregado BCU compatible con el grupo EAAE Rev.3.,3385292676.0600476,1631008712.8440537,extraccion_directa_subrama_eaae,stock_capital_directo_subrama,consumo_capital_fijo_directo_subrama,directo,26|27,EAE_C11_2004.xls|EAE_C2_2004.xls,0.04140367895212423,26|27,26|27,grupo_compatible_rev4,media,Rev3 26-27 se agregan por la publicacion agrupada de 2001.
2004,subrama_industrial,C,25_26_27_28_33_metal_equipos_reparacion,Productos de metal equipos y reparacion,2,Rev.3,6.6,6345727939,,2300573588,,2300573588,4045154351,4045154351,834292348,834292348,6800,,279642919.46879333,137917812.87426305,69939813.60618596,76208845.66927099,146148659.27545694,214340575,-13651194,1278470025,1278470025,126407931.51515152,612902174.3939394,739310105.909091,2017780130.909091,1251940665,1251940665,0.6204544518118287,0.6204544518118287,0.36264536476978804,338319.6452941176,5925015245.73771,,2148048847.0152655,,2148048847.0152655,3776966398.722445,3776966398.722445,778979957.6691735,778979957.6691735,200130101.20558637,1193709289.487343,1884004191.9709215,1168938788.1405056,1168938788.1405056,0.5793192083886025,0.5793192083886025,315889.5363257743,1.0710061790245922,1.0710061790245922,bcu_indice_implicito_vab,1997,normalizacion_2005_desde_base_1997,directo,D.RR a D.33,FALSE,Agregado BCU compatible con maquinaria y equipo Rev.3.,4700894291.040612,2446496947.736214,extraccion_directa_subrama_eaae,stock_capital_directo_subrama,consumo_capital_fijo_directo_subrama,directo,28|29|31|32|33,EAE_C11_2004.xls|EAE_C2_2004.xls,0.04372066266715219,28|29|31|32|33,28|29|31|32|33,grupo_compatible_rev4,alta,Rev3 30 y Rev3 32-33 convergen parcialmente en Rev4 26; se usa grupo amplio.|Rev4 33 reparacion e instalacion puede provenir de varias divisiones Rev3; se agrega con metal/equipos.
2004,subrama_industrial,C,29_30_vehiculos_transporte,Vehiculos y otros equipos de transporte,2,Rev.3,6.6,3136680584,,840197992,,810813282.4769088,2325867301.5230913,2296482592,320467014,320467014,2220,,102129060.61351247,50369294.87603399,25542886.895375293,27832415.115060158,53375302.01043545,148939110,-10707687,1349070342,1349070342,48555608.18181819,352404136.5944078,396507516.06060606,1745577858.060606,341407158.4769088,370791868,0.19558403361980273,0.2124178341789703,0.3814184478555621,378467.56396396394,3303897317.361211,,884989025.0160953,,854037813.8982024,2449859503.463009,2418908292.3451157,337551140.2908463,337551140.2908463,156879067.79199368,1420989407.273792,1838634775.8549984,359607605.81536245,390558816.9332553,0.20601063662373573,0.22374184865473654,398643.704962205,0.9493880356140229,0.9493880356140229,bcu_indice_implicito_vab,1997,normalizacion_2005_desde_base_1997,directo,D.34 - D.35,FALSE,Agregado BCU compatible con material de transporte.,1423465569.5204468,835717279.8595878,extraccion_directa_subrama_eaae,stock_capital_directo_subrama,consumo_capital_fijo_directo_subrama,directo,34|35,EAE_C11_2004.xls|EAE_C2_2004.xls,0.015967327962669208,34|35,34|35,grupo_compatible_rev4,media,Rev3 34-35 se agregan por la publicacion agrupada de 2001.
2004,subrama_industrial,C,31_32_muebles_otras_manufacturas,Muebles y otras manufacturas,2,Rev.3,6.6,1785363327,,593976836,,593976836,1191386491,1191386491,196519307,196519307,2344,,72200001.50496237,35608505.00344648,18057509.402403902,19676088.285964396,37733597.6883683,87407748,1112016,792433340,792433340,29775652.575757578,180513104.69696972,210288757.27272728,1002722097.2727273,310049781,310049781,0.3092080865110032,0.3092080865110032,0.3308534863470669,253403.08703071674,1945017787.1044135,,647092663.816098,,647092663.816098,1297925123.2883155,1297925123.2883155,214092863.8131665,214092863.8131665,95224104.8192765,863295956.6747947,1092389591.08411,337775695.1836549,337775695.1836549,0.33685873294540986,0.33685873294540986,276063.42312973464,0.9179161953361392,0.9179161953361392,bcu_indice_implicito_vab,1997,normalizacion_2005_desde_base_1997,directo,D.UU,FALSE,Fila BCU de otras industrias manufactureras.,1893593627.6187174,1149846639.6851027,extraccion_directa_subrama_eaae,stock_capital_directo_subrama,consumo_capital_fijo_directo_subrama,directo,36,EAE_C11_2004.xls|EAE_C2_2004.xls,0.01128808094395039,36,36,grupo_compatible_rev4,media,Rev3 36 se abre en Rev4 31 y 32; se mantiene agregado.
2005,economia_total,economia_total,,Economia total EAAE,2,Rev.3,4.2,370267989847,,152188634950,,140218243181.70193,230049746665.29807,218079354897,56739334938,56739334938,391484,14338,22308747111,6242564037,3786737908,3985038215,7771776123,17296133580,9812890558,239076254150,239076254150,13509365461.428572,54773749206.023346,65433021389.28571,304509275539.2857,66182774663.701935,78153166432,0.2173423930896433,0.25665282705622283,0.3728224184193591,388748.03299751715,370267989847,,152188634950,,140218243181.70193,230049746665.29807,218079354897,56739334938,56739334938,17296133580,239076254150,304509275539.2857,66182774663.701935,78153166432,0.2173423930896433,0.25665282705622283,388748.03299751715,1,1,bcu_indice_implicito_vab,2005,base_2005_directa,directo_total_economia,__TOTAL_VAB_SECTORES__,FALSE,VAB de sectores de actividad BCU.,379260409627.9609,379260409627.9609,agregacion_secciones_eaae,stock_original_e_imputado_agregado_desde_panel_eaae,suma_consumo_capital_fijo_original_eaae,directo_agregado,,,,,,,,
2005,industria_total,C,,Industria manufacturera EAAE,2,Rev.3,6.6,184862461743,,53991760706,,44679431019.22413,140183030723.77588,130870701037,14615233399,14615233399,102414,3445,6464007473,2747259075,2116008436,2111494326,4227502762,5058292667,7651885206,52418214093,52418214093,2214429302.878788,21239853139.96604,22043323399.39394,74461537492.39394,25005904953.22413,34318234640,0.3358231080815169,0.46088538856057765,0.27069377267735295,527191.2112211221,184862461743,,53991760706,,44679431019.22413,140183030723.77588,130870701037,14615233399,14615233399,5058292667,52418214093,74461537492.39394,25005904953.22413,34318234640,0.3358231080815169,0.46088538856057765,527191.2112211221,1,1,bcu_indice_implicito_vab,2005,base_2005_directa,directo,D,FALSE,Total industria manufacturera BCU Rev.3.,63125725210.16266,63125725210.16266,rama_c_panel_eaae,stock_original_rama_c,consumo_capital_fijo_original_rama_c,directo,,,,,,,,
2005,subrama_industrial,C,10_11_12_alimentos_bebidas_tabaco,Alimentos bebidas y tabaco,2,Rev.3,6.6,81023848046,,21338275858,,18198856488.607243,62824991557.39276,59685572188,5938940238,5938940238,43924,,2555349515.2923245,1086045641.9654405,836499826.7518355,834715310.1267142,1671215136.8785496,1998275967,2639779646,24270533011,24270533011,899839430,9518938114.75648,9943107943.333334,34213640954.333336,10261640283.607243,13401059653,0.29992833259997,0.3916876216386051,0.278323341469663,485799.92391403334,81023848046,,21338275858,,18198856488.607243,62824991557.39276,59685572188,5938940238,5938940238,1998275967,24270533011,34213640954.333336,10261640283.607243,13401059653,0.29992833259997,0.3916876216386051,485799.92391403334,1,1,bcu_indice_implicito_vab,2005,base_2005_directa,directo,D.15-D.16,FALSE,Agregado BCU compatible con el grupo EAAE.,24831515044.018497,24831515044.018497,extraccion_directa_subrama_eaae,stock_capital_directo_subrama,consumo_capital_fijo_directo_subrama,directo,15|16,EAE_C11_2005.xls|EAE_C2_2005.xls,0.3953197031355481,15|16,15|16,grupo_compatible_rev4,media,Rev3 15 se abre en Rev4 10 y 11; se agrega con tabaco por restricciones publicadas en 2001 y en varios anos Rev4.|Rev3 16 corresponde a Rev4 12; se agrega con alimentos y bebidas por compatibilidad larga.
2005,subrama_industrial,C,13_14_15_textiles_prendas_cuero,Textiles prendas y cuero,2,Rev.3,6.6,18048715158,,4633708027,,4607699091.129186,13441016066.870815,13415007131,1968221778,1968221778,19339,,554906293.2543049,235839973.31147584,181649913.40436205,181262397.13710752,362912310.5414696,388434995,-510415852,3748473902,3748473902,298215420.90909094,2036517585.8895175,2330792258.939394,6079266160.939394,2251042318.1291857,2277051254,0.3702819153720595,0.37456021725624533,0.42476171708088506,239604.3242670252,18048715158,,4633708027,,4607699091.129186,13441016066.870815,13415007131,1968221778,1968221778,388434995,3748473902,6079266160.939394,2251042318.1291857,2277051254,0.3702819153720595,0.37456021725624533,239604.3242670252,1,1,bcu_indice_implicito_vab,2005,base_2005_directa,directo,D.17 a D.19,FALSE,Agregado BCU compatible con el grupo EAAE.,6980817135.90003,6980817135.90003,extraccion_directa_subrama_eaae,stock_capital_directo_subrama,consumo_capital_fijo_directo_subrama,directo,17|18|19,EAE_C11_2005.xls|EAE_C2_2005.xls,0.085845552557316,17|18|19,17|18|19,grupo_compatible_rev4,media,Rev3 17-19 se agregan por la publicacion agrupada de 2001.
2005,subrama_industrial,C,16_madera,Madera y productos de madera,2,Rev.3,6.6,3477371580,,788719262,,787413855.5200405,2689957724.4799595,2688652318,254903103,254903103,2637,,94452494.53450102,40143126.976594664,30919251.883768365,30853291.41700157,61772543.30076993,96028691,-23254291,647008879,647008879,38621682.27272727,407569352.19393325,445993245.6060606,1093002124.6060605,436482061.5200405,437787468,0.39934237243807486,0.4005367035839818,0.3231861009120378,299097.1793704968,3477371580,,788719262,,787413855.5200405,2689957724.4799595,2688652318,254903103,254903103,96028691,647008879,1093002124.6060605,436482061.5200405,437787468,0.39934237243807486,0.4005367035839818,299097.1793704968,1,1,bcu_indice_implicito_vab,2005,base_2005_directa,directo,D.20TT.0,FALSE,Fila BCU especifica de madera.,2441136507.3111653,2441136507.3111653,extraccion_directa_subrama_eaae,stock_capital_directo_subrama,consumo_capital_fijo_directo_subrama,directo,20,EAE_C11_2005.xls|EAE_C2_2005.xls,0.01461206456351215,20,20,uno_a_uno_aproximado,baja,Correspondencia principal Rev3 20 a Rev4 16.
2005,subrama_industrial,C,17_18_papel_impresion,Papel impresion y reproduccion,2,Rev.3,6.6,7655893734,,2821648979,,2821221706.7311745,4834672027.268826,4834244755,1189170828,1189170828,7148,,337904496.07059026,143612332.93599427,110613851.73737374,110377877.68085718,220991729.41823092,580468134,-21204075,4738937408,4738937408,180177398.1818182,732526064.7377008,912638724.6969697,5651576132.69697,1051582744.7311745,1052010017,0.1860689336992709,0.1861445360195429,0.42144534520429444,394746.6394795747,7655893734,,2821648979,,2821221706.7311745,4834672027.268826,4834244755,1189170828,1189170828,580468134,4738937408,5651576132.69697,1051582744.7311745,1052010017,0.1860689336992709,0.1861445360195429,394746.6394795747,1,1,bcu_indice_implicito_vab,2005,base_2005_directa,reconstruido_por_suma,D.210T.0|D.22TT.0,FALSE,Suma de papel e impresion.,3160415519.7538414,3160415519.7538414,extraccion_directa_subrama_eaae,stock_capital_directo_subrama,consumo_capital_fijo_directo_subrama,directo,21|22,EAE_C11_2005.xls|EAE_C2_2005.xls,0.052274768784226974,21|22,21|22,grupo_compatible_rev4|parcial_con_cambio_de_seccion,alta,Rev3 22 incluye edicion/publicacion que en Rev4 pasa fuera de manufactura; se mantiene grupo con advertencia.
2005,subrama_industrial,C,19_refinacion,Coque y refinacion de petroleo,2,Rev.3,6.6,35220904774,,11095635900,,4272698054.596274,30948206719.403725,24125268874,447888275,447888275,865,,1328749708.158596,564730116.6327573,434969421.6073081,434041495.337088,869010916.9443961,611055285,5631459107,6900299857,6900299857,67861859.84848486,4689122230.212686,3723205628.636364,10623505485.636364,3213754494.596274,10036692340,0.3025135628669339,0.9447627577893407,0.04036616549394884,12827324.739884393,35220904774,,11095635900,,4272698054.596274,30948206719.403725,24125268874,447888275,447888275,611055285,6900299857,10623505485.636364,3213754494.596274,10036692340,0.3025135628669339,0.9447627577893407,12827324.739884393,1,1,bcu_indice_implicito_vab,2005,base_2005_directa,directo,D.23,FALSE,Fila BCU compatible.,5840657467.526301,5840657467.526301,extraccion_directa_subrama_eaae,stock_capital_directo_subrama,consumo_capital_fijo_directo_subrama,directo,23,EAE_C11_2005.xls|EAE_C2_2005.xls,0.20556128898500672,23,23,uno_a_uno_aproximado,media,Correspondencia principal Rev3 23 a Rev4 19.
2005,subrama_industrial,C,20_21_22_quimicos_farma_caucho_plastico,Quimicos farmaceuticos caucho y plastico,2,Rev.3,6.6,20030028297,,6113057297,,6076229318.195119,13953798978.804882,13916971000,2310824188,2310824188,10744,,732064675.9277245,311133817.9650918,239643137.23816624,239131903.22613028,478775040.4642965,607929590,5162367,5610995025,5610995025,350124876.969697,2114211966.4855883,2458756846.666667,8069751871.666667,3157475540.195119,3194303519,0.3912729400368784,0.39583664650401107,0.3780144820716867,568974.0596612062,20030028297,,6113057297,,6076229318.195119,13953798978.804882,13916971000,2310824188,2310824188,607929590,5610995025,8069751871.666667,3157475540.195119,3194303519,0.3912729400368784,0.39583664650401107,568974.0596612062,1,1,bcu_indice_implicito_vab,2005,base_2005_directa,directo,D.24 - D.25,FALSE,Agregado BCU compatible con el grupo EAAE.,7584405698.348354,7584405698.348354,extraccion_directa_subrama_eaae,stock_capital_directo_subrama,consumo_capital_fijo_directo_subrama,directo,24|25,EAE_C11_2005.xls|EAE_C2_2005.xls,0.1132524488849279,24|25,24|25,grupo_compatible_rev4,alta,Rev3 24 se abre en Rev4 20 y 21; se agrega con caucho y plastico por restricciones publicadas en 2001.|Rev3 25 corresponde a Rev4 22; se agrega con quimicos/farmaceuticos por compatibilidad larga.
2005,subrama_industrial,C,23_24_minerales_metales,Minerales no metalicos y metales comunes,2,Rev.3,6.6,6220101783,,2741841553,,2741841553,3478260230,3478260230,733607736,733607736,4179,,328347216.52734315,139550406.48136538,107485253.22891079,107255953.45477077,214741206.68368155,348386331,-31635422,2900034093,2900034093,111152687.27272728,527009125.7575758,638161813.0303031,3538195906.030303,1659847486,1659847486,0.46912255004621106,0.46912255004621106,0.2675602225071392,656099.9169657812,6220101783,,2741841553,,2741841553,3478260230,3478260230,733607736,733607736,348386331,2900034093,3538195906.030303,1659847486,1659847486,0.46912255004621106,0.46912255004621106,656099.9169657812,1,1,bcu_indice_implicito_vab,2005,base_2005_directa,proxy_grupo_amplio,D.26,FALSE,BCU 2005 no separa completamente metales comunes del grupo metal/equipos; se usa minerales no metalicos como proxy parcial.,1919084307.4705768,1919084307.4705768,extraccion_directa_subrama_eaae,stock_capital_directo_subrama,consumo_capital_fijo_directo_subrama,directo,26|27,EAE_C11_2005.xls|EAE_C2_2005.xls,0.050796230960258225,26|27,26|27,grupo_compatible_rev4,media,Rev3 26-27 se agregan por la publicacion agrupada de 2001.
2005,subrama_industrial,C,25_26_27_28_33_metal_equipos_reparacion,Productos de metal equipos y reparacion,2,Rev.3,6.6,7657664806,,2847084932,,2847084932,4810579874,4810579874,1155796497,1155796497,8603,,340950559.8951509,144906936.40296233,111610988.07675567,111372886.81552461,222983874.89228028,219461645,-25891804,1617466439,1617466439,175120681.36363637,728875738.4848485,903996419.8484849,2521462858.848485,1471826790,1471826790,0.5837194011543607,0.5837194011543607,0.405957856757046,330940.94292688597,7657664806,,2847084932,,2847084932,4810579874,4810579874,1155796497,1155796497,219461645,1617466439,2521462858.848485,1471826790,1471826790,0.5837194011543607,0.5837194011543607,330940.94292688597,1,1,bcu_indice_implicito_vab,2005,base_2005_directa,proxy_grupo_amplio,D.RR,FALSE,"BCU 2005 agrupa metales basicos, productos de metal y equipos; proxy compatible amplio.",6584785123.594669,6584785123.594669,extraccion_directa_subrama_eaae,stock_capital_directo_subrama,consumo_capital_fijo_directo_subrama,directo,28|29|30|31|32|33,EAE_C11_2005.xls|EAE_C2_2005.xls,0.05274600336080875,28|29|30|31|32|33,28|29|30|31|32|33,grupo_compatible_rev4,alta,Rev3 30 y Rev3 32-33 convergen parcialmente en Rev4 26; se usa grupo amplio.|Rev4 33 reparacion e instalacion puede provenir de varias divisiones Rev3; se agrega con metal/equipos.
2005,subrama_industrial,C,29_30_vehiculos_transporte,Vehiculos y otros equipos de transporte,2,Rev.3,6.6,3688965329,,1103103255,,1064523814.1648792,2624441514.8351207,2585862074,362144814,362144814,2344,,132101318.1542887,56144202.591770716,43243685.0960916,43151432.74586084,86395117.84195244,130417926,-14604558,1212284039,1212284039,54870426.36363637,397642653.7628971,446667710.3030303,1658951749.3030303,571961074.1648792,610540515,0.34477257967579544,0.3680278918639462,0.3282963878118554,470607.1906996587,3688965329,,1103103255,,1064523814.1648792,2624441514.8351207,2585862074,362144814,362144814,130417926,1212284039,1658951749.3030303,571961074.1648792,610540515,0.34477257967579544,0.3680278918639462,470607.1906996587,1,1,bcu_indice_implicito_vab,2005,base_2005_directa,directo,D.SS,FALSE,Fila BCU de material de transporte.,1635040846.0322573,1635040846.0322573,extraccion_directa_subrama_eaae,stock_capital_directo_subrama,consumo_capital_fijo_directo_subrama,directo,34|35,EAE_C11_2005.xls|EAE_C2_2005.xls,0.020436442672146133,34|35,34|35,grupo_compatible_rev4,media,Rev3 34-35 se agregan por la publicacion agrupada de 2001.
2005,subrama_industrial,C,31_32_muebles_otras_manufacturas,Muebles y otras manufacturas,2,Rev.3,6.6,1781756856,,494188627,,494188627,1287568229,1287568229,244067303,244067303,2508,,59181195.18517612,25152519.736547247,19373106.975428034,19331778.058944996,38704885.03437303,77702159,2042610,770438714,770438714,36979894.3939394,195086095.3030303,232065989.69696972,1002504703.6969697,172419165,172419165,0.1719883850561141,0.1719883850561141,0.49387478720751704,197044.90709728867,1781756856,,494188627,,494188627,1287568229,1287568229,244067303,244067303,77702159,770438714,1002504703.6969697,172419165,172419165,0.1719883850561141,0.1719883850561141,197044.90709728867,1,1,bcu_indice_implicito_vab,2005,base_2005_directa,directo,D.UU,FALSE,Fila BCU de otras industrias manufactureras.,2147867560.2069645,2147867560.2069645,extraccion_directa_subrama_eaae,stock_capital_directo_subrama,consumo_capital_fijo_directo_subrama,directo,36,EAE_C11_2005.xls|EAE_C2_2005.xls,0.009155496096249039,36,36,grupo_compatible_rev4,media,Rev3 36 se abre en Rev4 31 y 32; se mantiene agregado.
2006,economia_total,economia_total,,Economia total EAAE,3,Rev.3,4.2,336442815360.9388,,131310154037.69519,,120422814556.66261,216020000804.27615,205132661323.2436,47362257399.204636,47362257399.204636,205952.96133654288,,19150720336.40552,10062940014.636898,3231971966.12888,2931613565.347449,6163585531.476329,17116477319.560093,10046136284.170397,231687199104.8724,231687199104.8724,11276727952.19158,51433333524.82765,60117837791.059105,291805036895.9315,55944079837.89789,66831419318.930466,0.19171732069124503,0.22902764129724404,0.3606899843069894,637573.5176884608,314466047906.09064,,122732848807.82771,,112556680786.11119,201909367119.97943,191733199098.2629,44268509310.44748,44268509310.44748,15998412600.910648,216553168997.76364,272744051952.2185,52289758874.75307,62465926896.46959,0.17919416138591718,0.21406733605748982,595926.6038776343,1.069885978474252,1.069885978474252,bcu_indice_implicito_vab,2005,base_2005_directa,directo_total_economia,__TOTAL_VAB_SECTORES__,FALSE,VAB de sectores de actividad BCU.,417627329681.1357,390347511869.16907,agregacion_secciones_eaae,stock_original_e_imputado_agregado_desde_panel_eaae,suma_consumo_capital_fijo_original_eaae,directo_agregado,,,,,,,,
2006,industria_total,C,,Industria manufacturera EAAE,3,Rev.3,6.6,185039597745.12485,,54017527699.07242,,44700753802.080215,140338843943.04462,131022070046.05243,13982311018.792448,13982311018.792448,63928.85276538016,,6516136919.592743,4227827579.787665,2182756205.9103303,1425871108.6055138,3608627314.515844,4256913615.716676,8466464545.551817,57185676835.095085,57185676835.095085,2118531972.5443103,21263461203.49161,21970360767.40074,79156037602.49582,26461529167.57109,35778303064.56329,0.3342957779222737,0.451997145741858,0.2588476669403837,844963.1952151175,178572667214.12604,,52129674486.33807,,43138511595.30937,135434155618.81667,126442992727.78798,13493644619.150255,13493644619.150255,4108139164.384256,55187100292.737404,76389621102.87956,25536727811.77486,34527890702.80356,0.32261250796830787,0.43620034236927097,815432.6603928708,1.0362145597749532,1.0362145597749532,bcu_indice_implicito_vab,2005,base_2005_directa,directo,D,FALSE,Total industria manufacturera BCU Rev.3.,68549417731.64204,66153690936.8748,rama_c_panel_eaae,stock_original_rama_c,consumo_capital_fijo_original_rama_c,directo,,,,,,,,
2006,subrama_industrial,C,10_11_12_alimentos_bebidas_tabaco,Alimentos bebidas y tabaco,3,Rev.3,6.6,85597285813.39565,,23669718734.06146,,20187283041.679516,65410002771.716125,61927567079.33418,6313874432.229193,6313874432.229193,31563.17157490397,,2856115861.154465,1853117200.8602512,956733214.4278319,624979668.0921549,1581712882.5199866,1903145196.1549296,2856154664.7682457,22172668729.67162,22172668729.67162,956647641.2468474,9910606480.56305,10339612350.236876,32512281079.908493,11970263413.295393,15452699105.677336,0.3681766709593507,0.4752880632305615,0.2667490266009512,749915.7262409385,76494337504.16232,,21152533474.239426,,18040441675.320293,58453895828.842026,55341804029.92289,5642417714.397403,5642417714.397403,1700752886.8551776,19814689088.074524,29054722685.69881,10697271074.067713,13809362872.986845,0.32902247147088887,0.4247429714035221,670165.0188746529,1.1190015968010443,1.1190015968010443,bcu_indice_implicito_vab,2005,base_2005_directa,directo,D.15-D.16,FALSE,Agregado BCU compatible con el grupo EAAE.,30032998723.213005,26839102651.032944,extraccion_directa_subrama_eaae,stock_capital_directo_subrama,consumo_capital_fijo_directo_subrama,directo,15|16,EAE_C2-F_2006.xls|EAE_C7-F_2006.xls,0.4383142798253189,15|16,1511|1512|1513|1514|1520|1531|1533|1534|1541|1542|1543|1544|1549|1551|1552|1553|1554|1600,grupo_compatible_rev4,media,Rev3 15 se abre en Rev4 10 y 11; se agrega con tabaco por restricciones publicadas en 2001 y en varios anos Rev4.|Rev3 16 corresponde a Rev4 12; se agrega con alimentos y bebidas por compatibilidad larga.
2006,subrama_industrial,C,13_14_15_textiles_prendas_cuero,Textiles prendas y cuero,3,Rev.3,6.6,16492639446.23,,3309592898.74,,3291016201.857015,13201623244.372984,13183046547.49,1569497909.0849998,1569497909.0849998,10154.405,,399353320.51297003,259110114.3789413,133774190.05416833,87387108.17032842,221161298.22449675,353059047.03,-571904497.235,3933627642.3035,3933627642.3035,237802713.49772725,2000245946.1171188,2235234008.5719695,6168861650.875469,1368459245.7420151,1387035942.6250002,0.22183335000677262,0.2248447154635338,0.47422687838208916,325926.81685829937,16702312339.780691,,3351668148.23636,,3332855283.588915,13369457056.191776,13350644191.544333,1589451123.3108063,1589451123.3108063,357547528.82979774,3983636319.9685717,6247287125.249653,1385856631.4483106,1404669496.0957563,0.22465354385952768,0.22770319316472418,330070.3633778995,0.9874464751176216,0.9874464751176216,bcu_indice_implicito_vab,2005,base_2005_directa,directo,D.17 a D.19,FALSE,Agregado BCU compatible con el grupo EAAE.,7813379925.65926,7912712357.121488,extraccion_directa_subrama_eaae,stock_capital_directo_subrama,consumo_capital_fijo_directo_subrama,directo,17|18|19,EAE_C2-F_2006.xls|EAE_C7-F_2006.xls,0.06128682153872383,17|18|19,1711|1712|1713|1720|1730|1810|1911|1912|1920,grupo_compatible_rev4,media,Rev3 17-19 se agregan por la publicacion agrupada de 2001.
2006,subrama_industrial,C,16_madera,Madera y productos de madera,3,Rev.3,6.6,4401708971,,1449551024.0000002,,1447151877.1920938,2954557093.807906,2952157947,295392114,295392114,1552,,174910640.7944504,113486263.45244583,58591047.33141501,38274215.59338125,96865262.92479625,149939427,-69789697,5961361706.34,5961361706.34,44756380.909090914,447660165.7284706,492053039.54545456,6453414745.885455,1001820336.1920938,1004219483.0000002,0.1552387961475482,0.15561056007445778,0.203781798025207,933989.0618556703,4078063132.263635,,1342969430.3406959,,1340746686.3540602,2737316445.909575,2735093701.9229393,273672725.207715,273672725.207715,138914783.63289425,5523038790.815456,5978912491.89586,928159177.5134509,930381921.5000867,0.14382450439981767,0.1441689335236475,865315.3546009639,1.0793626357021886,1.0793626357021886,bcu_indice_implicito_vab,2005,base_2005_directa,directo,D.20TT.0,FALSE,Fila BCU especifica de madera.,2995732575.0651894,2775464404.6171656,extraccion_directa_subrama_eaae,stock_capital_directo_subrama,consumo_capital_fijo_directo_subrama,directo,20,EAE_C2-F_2006.xls|EAE_C7-F_2006.xls,0.026842689610853402,20,2010|2021,uno_a_uno_aproximado,baja,Correspondencia principal Rev3 20 a Rev4 16.
2006,subrama_industrial,C,17_18_papel_impresion,Papel impresion y reproduccion,3,Rev.3,6.6,6555170526,,2701979064,,2701569912.92076,3853600613.07924,3853191462,953522487,953522487,3746,,326035359.6890214,211539644.22303563,109214357.13967417,71343559.15182911,180557916.29150328,397273447,12726498,4810029568.38,4810029568.38,144473104.0909091,583878880.7695818,728289992.2727274,5538319560.652727,1350773978.9207602,1351183130,0.24389599843920212,0.2439698748334331,0.3528978072792351,721297.1340096103,6595484170.37082,,2718595965.520938,,2718184298.203404,3877299872.167416,3876888204.849882,959386555.1105139,959386555.1105139,399716639.04158074,4839610770.068604,5572379673.092906,1359081104.051309,1359492771.3688433,0.24539593448290162,0.24547026520958248,725733.0393809231,0.9938876899209428,0.9938876899209428,bcu_indice_implicito_vab,2005,base_2005_directa,reconstruido_por_suma,D.210T.0|D.22TT.0,FALSE,Suma de papel e impresion.,3197511758.938542,3217176137.0672402,extraccion_directa_subrama_eaae,stock_capital_directo_subrama,consumo_capital_fijo_directo_subrama,directo,21|22,EAE_C2-F_2006.xls|EAE_C7-F_2006.xls,0.05003506889315004,21|22,2101|2102|2109|2211|2212,grupo_compatible_rev4|parcial_con_cambio_de_seccion,alta,Rev3 22 incluye edicion/publicacion que en Rev4 pasa fuera de manufactura; se mantiene grupo con advertencia.
2006,subrama_industrial,C,19_refinacion,Coque y refinacion de petroleo,3,Rev.3,6.6,33627383326,,10965325129,,4222518093.5050273,29404865232.494972,22662058197,490441095,490441095,882,,1323135241.931904,858482216.7884022,443219916.37432235,289530489.84832907,732750406.2226514,83423737,6299230543,7935691458,7935691458,74309256.81818183,4455282610.984087,3507954438.1818185,11443645896.181818,3648653261.5050273,10391460297,0.31883660981876444,0.9080550369412531,0.04472654383069137,12432341.416099774,59504233423.32476,,19403331496.63114,,7471818423.524738,52032414999.800026,40100901926.69362,867843956.6455072,867843956.6455072,147619738.0976694,14042342584.747458,20249728324.647327,6456354728.781562,18387867801.887966,0.5641868673108568,1.606819012813311,21999242.059672497,0.5651258976276228,0.5651258976276228,bcu_indice_implicito_vab,2005,base_2005_directa,directo,D.23,FALSE,Fila BCU compatible.,2816521350.2648883,4983882993.30917,extraccion_directa_subrama_eaae,stock_capital_directo_subrama,consumo_capital_fijo_directo_subrama,directo,23,EAE_C2-F_2006.xls|EAE_C7-F_2006.xls,0.203055162630714,23,2320,uno_a_uno_aproximado,media,Correspondencia principal Rev3 23 a Rev4 19.
2006,subrama_industrial,C,20_21_22_quimicos_farma_caucho_plastico,Quimicos farmaceuticos caucho y plastico,3,Rev.3,6.6,18859063772.316666,,5138176452.723333,,5107221622.054644,13751842150.262022,13720887319.593332,2209499012.9266663,2209499012.9266663,6743.55,,620000069.6634977,402271073.54236454,207685783.22129825,135669369.37872684,343355152.60002506,528561450.0416667,-9259011.660000004,5102154851.493116,5102154851.493116,334772577.71616155,2083612447.0093975,2413694898.866667,7515849750.359783,2369161159.0863104,2400115989.755,0.31522199588581434,0.31934060278947257,0.43001618049835344,761939.401757729,18463873179.078304,,5030506261.6136465,,5000200087.635619,13463673091.442686,13433366917.464659,2163199088.5921507,2163199088.5921507,517485475.3524292,4995239490.958872,7358355552.482632,2319515523.691039,2349821697.669066,0.3086165371493761,0.31264883888299927,745973.0055554784,1.021403450370649,1.021403450370649,bcu_indice_implicito_vab,2005,base_2005_directa,directo,D.24 - D.25,FALSE,Agregado BCU compatible con el grupo EAAE.,7316969359.566188,7163642688.803323,extraccion_directa_subrama_eaae,stock_capital_directo_subrama,consumo_capital_fijo_directo_subrama,directo,24|25,EAE_C2-F_2006.xls|EAE_C7-F_2006.xls,0.09514841037168499,24|25,2411|2412|2413|2421|2422|2423|2424|2429|2511|2519|2520,grupo_compatible_rev4,alta,Rev3 24 se abre en Rev4 20 y 21; se agrega con caucho y plastico por restricciones publicadas en 2001.|Rev3 25 corresponde a Rev4 22; se agrega con quimicos/farmaceuticos por compatibilidad larga.
2006,subrama_industrial,C,23_24_minerales_metales,Minerales no metalicos y metales comunes,3,Rev.3,6.6,8121570114.61111,,3431273775.8333335,,3431273775.8333335,4690296338.777777,4690296338.777777,928176308.4444444,928176308.4444444,3154.8333333333335,,414035991.10023576,268636586.9530717,138692547.4704048,90599992.74379478,229292540.21419957,538960565.7222222,3188738.499999999,4847544014.82111,4847544014.82111,140632774.006734,710650960.4208753,851283734.4276093,5698827749.248719,1964136901.6666667,1964136901.6666667,0.3446563026800732,0.3446563026800732,0.2705048821757231,1087624.4204659518,7926472759.6630745,,3348847295.6920986,,3348847295.6920986,4577625463.970977,4577625463.970977,905879543.1456801,905879543.1456801,526013588.8064492,4731095717.02407,5561929809.011442,1916954163.7399693,1916954163.7399693,0.33637692663946245,0.33637692663946245,1061497.3730335776,1.0246133886866884,1.0246133886866884,bcu_indice_implicito_vab,2005,base_2005_directa,proxy_grupo_amplio,D.26,FALSE,BCU 2005 no separa completamente metales comunes del grupo metal/equipos; se usa minerales no metalicos como proxy parcial.,2068431378.3113086,2018743265.655105,extraccion_directa_subrama_eaae,stock_capital_directo_subrama,consumo_capital_fijo_directo_subrama,directo,26|27,EAE_C2-F_2006.xls|EAE_C7-F_2006.xls,0.0635400999410112,26|27,2610|2691|2694|2695|2699|2700,grupo_compatible_rev4,media,Rev3 26-27 se agregan por la publicacion agrupada de 2001.
2006,subrama_industrial,C,25_26_27_28_33_metal_equipos_reparacion,Productos de metal equipos y reparacion,3,Rev.3,6.6,5188763973.196428,,1648431350.9642856,,1648431350.9642856,3540332622.2321424,3540332622.2321424,707705757.1071428,707705757.1071428,3525.892857142857,,198908613.16988367,129056729.62278843,66629816.893521674,43525488.839705564,110155305.73322722,156111599.14285713,-58189455.19642857,1130140340.9682145,1130140340.9682145,107228145.01623376,536414033.67153674,643642178.6877706,1773782519.655985,784613994.7142857,784613994.7142857,0.44233945594776586,0.44233945594776586,0.42932073373462293,467521.67968599644,4568667314.444208,,1451431298.8910623,,1451431298.8910623,3117236015.5531454,3117236015.5531454,623129550.2053076,623129550.2053076,137455078.72276998,995079996.5440733,1561802051.9620209,690846669.9629847,690846669.9629847,0.38947653520509967,0.38947653520509967,411649.29216459603,1.1357281272794224,1.1357281272794224,bcu_indice_implicito_vab,2005,base_2005_directa,proxy_grupo_amplio,D.RR,FALSE,"BCU 2005 agrupa metales basicos, productos de metal y equipos; proxy compatible amplio.",8247077191.123097,7261488901.290612,extraccion_directa_subrama_eaae,stock_capital_directo_subrama,consumo_capital_fijo_directo_subrama,directo,28|29|30|31|32|33,EAE_C2-F_2006.xls|EAE_C7-F_2006.xls,0.030525542299733536,28|29|30|31|32|33,2811|2812|2890|2910|2920|2930|3000|3100|3200|3300,grupo_compatible_rev4,alta,Rev3 30 y Rev3 32-33 convergen parcialmente en Rev4 26; se usa grupo amplio.|Rev4 33 reparacion e instalacion puede provenir de varias divisiones Rev3; se agrega con metal/equipos.
2006,subrama_industrial,C,29_30_vehiculos_transporte,Vehiculos y otros equipos de transporte,3,Rev.3,6.6,4978143265.375,,1477828259.75,,1426143353.869186,3551999911.505814,3500315005.625,378510303,378510303,1649,,178322724.4969474,115700106.06501979,59734017.00326412,39020853.00011,98754870.00337411,116792150.625,11977692.375000006,1009562250.3075,1009562250.3075,57350045.909090914,538181804.7736082,587700804.3371212,1597263054.6446214,930840900.2441859,982525806.125,0.5827724478678878,0.6151308660573787,0.2561260420504014,896196.6402365069,5028220012.00704,,1492694210.2428076,,1440489389.2453482,3587730622.761691,3535525801.7642317,382317860.06104004,382317860.06104004,117967000.48842967,1019717762.1766652,1613330438.2107973,940204528.6958786,992409349.6933379,0.588634743639686,0.6213186655808185,905211.7709174091,0.9900408600831985,0.9900408600831985,bcu_indice_implicito_vab,2005,base_2005_directa,directo,D.SS,FALSE,Fila BCU de material de transporte.,1984776295.6583982,2004741799.73906,extraccion_directa_subrama_eaae,stock_capital_directo_subrama,consumo_capital_fijo_directo_subrama,directo,34|35,EAE_C2-F_2006.xls|EAE_C7-F_2006.xls,0.02736632558483632,34|35,3400|3510|3590,grupo_compatible_rev4,media,Rev3 34-35 se agregan por la publicacion agrupada de 2001.
2006,subrama_industrial,C,31_32_muebles_otras_manufacturas,Muebles y otras manufacturas,3,Rev.3,6.6,1167954007,,209828990,,209828990,958125017,958125017,125191509,125191509,862,,25319097.079367332,16427643.90134405,8481315.994429601,5540363.7871538885,14021679.78158349,27588134,-7847404,251818606.41,251818606.41,18968410.454545457,145170457.12121212,164138867.5757576,415957473.9857576,57049347,57049347,0.13715187385226157,0.13715187385226157,0.5966359033611133,243421.10208816704,1112097833.8476117,,199794139.0319081,,199794139.0319081,912303694.8157035,912303694.8157035,119204356.62755834,119204356.62755834,26268760.479793143,239775646.15785873,396064744.86138326,54321021.924556606,54321021.924556606,0.13059272959816215,0.13059272959816215,231779.7436565059,1.0502259526566458,1.0502259526566458,bcu_indice_implicito_vab,2005,base_2005_directa,directo,D.UU,FALSE,Fila BCU de otras industrias manufactureras.,2076019173.8421652,1976735738.238689,extraccion_directa_subrama_eaae,stock_capital_directo_subrama,consumo_capital_fijo_directo_subrama,directo,36,EAE_C2-F_2006.xls|EAE_C7-F_2006.xls,0.0038855993039737676,36,3610|3699,grupo_compatible_rev4,media,Rev3 36 se abre en Rev4 31 y 32; se mantiene agregado.
2007,economia_total,economia_total,,Economia total EAAE,3,Rev.3,4.2,481369119712.77203,,196898700963.26404,,181386224749.04468,299982894963.72736,284470418749.508,75965597899.60019,75965597899.60019,384437.8935148323,,38859260194.997894,17362442588.045742,4047231987.451615,5384164893.9242,9431396881.375814,21950974301.937523,9894924417.675922,291955588783.6211,291955588783.6211,18087047118.952427,71424498800.88747,85818099202.16861,377773687985.7897,83469652547.50696,98982128761.72632,0.2209514722757683,0.2620143538568775,0.3858105590740962,512172.9784831092,408593360822.55176,,167130583732.04172,,153963360220.0105,254630000602.54123,241462777090.51,64480743948.03907,64480743948.03907,18632317687.32868,247816302182.4217,320659997667.79047,70850298584.64275,84017522096.67397,0.18754693838631725,0.22240173090041773,434740.14021875686,1.1781129256327445,1.1781129256327445,bcu_indice_implicito_vab,2005,base_2005_directa,directo_total_economia,__TOTAL_VAB_SECTORES__,FALSE,VAB de sectores de actividad BCU.,489132645061.9148,415183158099.39014,agregacion_secciones_eaae,stock_original_e_imputado_agregado_desde_panel_eaae,suma_consumo_capital_fijo_original_eaae,directo_agregado,,,,,,,,
2007,industria_total,C,,Industria manufacturera EAAE,3,Rev.3,6.6,235394001073.2458,,70661648001.25597,,58474148394.01537,176919852679.2304,164732353071.9898,19975832217.423313,19975832217.423313,100576.0122485965,,17359289524.518864,5954778083.050584,2050142695.5597496,2560331482.560354,4610474178.120104,5934830945.599859,8452985175.978956,88288212567.62341,88288212567.62341,3026641245.0641384,26806038284.73188,27986088680.21411,116274301247.83752,32563485230.9922,44750984838.23279,0.28005745793804815,0.3848742530204203,0.28269694781344834,702569.5931013811,223468379556.05322,,67081760383.04154,,55511708573.511215,167956670982.542,156386619173.01166,18963808914.23894,18963808914.23894,5634158255.119004,83815321148.51158,110383567828.39804,30913741404.15327,42483793213.68359,0.2658690791721976,0.36537560542402064,666975.7418621222,1.0533660356820247,1.0533660356820247,bcu_indice_implicito_vab,2005,base_2005_directa,directo,D,FALSE,Total industria manufacturera BCU Rev.3.,75470434381.01654,71646922175.68185,rama_c_panel_eaae,stock_original_rama_c,consumo_capital_fijo_original_rama_c,directo,,,,,,,,
2007,subrama_industrial,C,10_11_12_alimentos_bebidas_tabaco,Alimentos bebidas y tabaco,3,Rev.3,6.6,102706668228.53448,,29768245445.92652,,25388556713.449013,77318111515.08548,72938422782.60797,7508686984.670593,7508686984.670593,42333.656322023046,,7319318201.858556,2510754576.086751,864415950.1357094,1079530403.397365,1943946353.5330744,2137353642.944596,2982903279.5704174,25447043758.611732,25447043758.611732,1137679846.1622112,11714865381.073559,12188956025.345238,37635999783.95697,15742516085.833824,20122204818.311333,0.41828345669574474,0.5346531229094328,0.25223814410929885,703181.5352656019,91941805202.73473,,26648184302.17737,,22727538298.998135,69214266903.7366,65293620900.55737,6721688552.26377,6721688552.26377,1913333921.5298536,22779895216.090107,33691305739.244827,14092515825.20451,18013161828.383743,0.37444244622436473,0.47861520703011007,629479.8658417393,1.1170834420975624,1.1170834420975624,bcu_indice_implicito_vab,2005,base_2005_directa,directo,D.15-D.16,FALSE,Agregado BCU compatible con el grupo EAAE.,32091098266.66583,28727574912.763855,extraccion_directa_subrama_eaae,stock_capital_directo_subrama,consumo_capital_fijo_directo_subrama,directo,15|16,Forzosas y aleatorias/EAE_C2_2007.xls|Forzosas y aleatorias/EAE_C7_2007.xls,0.42163696800612127,15|16,1511|1512|1513|1514|1520|1531|1533|1534|1541|1542|1543|1544|1549|1551|1552|1553|1554|1600,grupo_compatible_rev4,media,Rev3 15 se abre en Rev4 10 y 11; se agrega con tabaco por restricciones publicadas en 2001 y en varios anos Rev4.|Rev3 16 corresponde a Rev4 12; se agrega con alimentos y bebidas por compatibilidad larga.
2007,subrama_industrial,C,13_14_15_textiles_prendas_cuero,Textiles prendas y cuero,3,Rev.3,6.6,21639907542.228333,,5038127986.331666,,5009849047.101588,16630058495.126743,16601779555.896667,2484155503.7316666,2484155503.7316666,16398.651666666665,,1238758325.230633,424932766.68154836,146298114.8190626,182705169.7531748,329003284.5722374,446992366.56666666,-605313474.1666666,4820016320.978267,4820016320.978267,376387197.535101,2519705832.594961,2891808342.3679295,7711824663.346196,2078701176.803255,2106980116.0333328,0.2695472560058565,0.2732142142763791,0.49307113881805453,307228.1848984332,22989282000.682156,,5352284653.124767,,5322242357.085758,17667039643.596397,17636997347.557392,2639057089.1946254,2639057089.1946254,474864947.87931216,5120572453.215277,8192701913.329218,2208320320.011821,2238362616.0508304,0.28635509965726075,0.2902507141649139,326385.6542549952,0.941304193040314,0.941304193040314,bcu_indice_implicito_vab,2005,base_2005_directa,directo,D.17 a D.19,FALSE,Agregado BCU compatible con el grupo EAAE.,7342084842.180351,7799906657.662053,extraccion_directa_subrama_eaae,stock_capital_directo_subrama,consumo_capital_fijo_directo_subrama,directo,17|18|19,Forzosas y aleatorias/EAE_C2_2007.xls|Forzosas y aleatorias/EAE_C7_2007.xls,0.07135996686275482,17|18|19,1711|1712|1713|1720|1730|1810|1911|1912|1920,grupo_compatible_rev4,media,Rev3 17-19 se agregan por la publicacion agrupada de 2001.
2007,subrama_industrial,C,16_madera,Madera y productos de madera,3,Rev.3,6.6,4563134545.333333,,1369603741.5,,1367336915.1585243,3195797630.1748085,3193530803.833333,450376066.5,450376066.5,3257.833333333333,,336753659.623775,115517015.19134097,39770812.88410804,49667988.73792399,89438801.62203202,190181487.3333333,-54788185.5,7557443210.813333,7557443210.813333,68238797.95454545,484211762.1476983,552107101.5656565,8109550312.378989,726779361.325191,729046187.6666667,0.08962018032193274,0.08989970585098896,0.32883676705405673,420403.25620299793,4264073320.7284694,,1279841897.2924297,,1277723635.4639907,2986349685.2644787,2984231423.43604,420859071.84597266,420859071.84597266,177717268.28959563,7062139336.01986,7578062138.335317,679147295.3284223,681265557.1568614,0.083746603593016,0.08400780942402314,392850.63609528716,1.0701351037166904,1.0701351037166904,bcu_indice_implicito_vab,2005,base_2005_directa,directo,D.20TT.0,FALSE,Fila BCU especifica de madera.,3062036348.4264493,2861354924.0574193,extraccion_directa_subrama_eaae,stock_capital_directo_subrama,consumo_capital_fijo_directo_subrama,directo,20,Forzosas y aleatorias/EAE_C2_2007.xls|Forzosas y aleatorias/EAE_C7_2007.xls,0.01939904620797599,20,2010|2021|2029,uno_a_uno_aproximado,baja,Correspondencia principal Rev3 20 a Rev4 16.
2007,subrama_industrial,C,17_18_papel_impresion,Papel impresion y reproduccion,3,Rev.3,6.6,10026049059.166666,,4147076261.6666665,,4146448284.6587176,5879600774.507948,5878972797.5,1705751068.125,1705751068.125,6849.875,,1019669460.2525178,349778448.32252735,120423586.04995915,150391628.4823992,270815214.53235835,450799881.75,33434693.791666664,25816148866.338333,25816148866.338333,258447131.53409094,890848602.198174,1149200585.7007577,26965349452.03909,1989897334.7837176,1990525311.7916665,0.07379460586346097,0.07381789415828043,0.4113141308473253,605423.6408206963,9655718059.82612,,3993896191.7047787,,3993291410.209992,5662426649.616128,5661821868.121343,1642745940.7854936,1642745940.7854936,434148739.33827984,24862580800.5553,25969333498.874516,1916396730.0862186,1917001511.5810053,0.07106886315323842,0.07109129125104084,583061.178737536,1.0383535431591935,1.0383535431591935,bcu_indice_implicito_vab,2005,base_2005_directa,reconstruido_por_suma,D.210T.0|D.22TT.0,FALSE,Suma de papel e impresion.,4349339604.9714365,4188688557.597212,extraccion_directa_subrama_eaae,stock_capital_directo_subrama,consumo_capital_fijo_directo_subrama,directo,21|22,Forzosas y aleatorias/EAE_C2_2007.xls|Forzosas y aleatorias/EAE_C7_2007.xls,0.05873912401842836,21|22,2101|2102|2109|2211|2212,grupo_compatible_rev4|parcial_con_cambio_de_seccion,alta,Rev3 22 incluye edicion/publicacion que en Rev4 pasa fuera de manufactura; se mantiene grupo con advertencia.
2007,subrama_industrial,C,19_refinacion,Coque y refinacion de petroleo,3,Rev.3,6.6,36265009558,,12148763185,,4678235415.628619,31586774142.37138,24116246373,581189657,581189657,939,,2987097901.7410483,1024667806.3690504,352778086.6565159,440568768.0083529,793346854.6648687,827132568,6339266389,8613427929,8613427929,88059038.93939394,4785874870.05627,3742035762.1212125,12355463691.121212,3269913190.628619,10740440960,0.2646532151584419,0.8692867567340441,0.047839409506112616,12937979.962726304,57935545374.42145,,19408383709.977577,,7473763925.551955,50461781448.86949,38527161664.44387,928485616.1533827,928485616.1533827,1321394286.3405252,13760471889.90206,19738600265.750126,5223884023.058047,17158503807.48367,0.42279951231712937,1.3887381515121915,20669205.228943106,0.6259544002499544,0.6259544002499544,bcu_indice_implicito_vab,2005,base_2005_directa,directo,D.23,FALSE,Fila BCU compatible.,4016659841.4670305,6416856946.549315,extraccion_directa_subrama_eaae,stock_capital_directo_subrama,consumo_capital_fijo_directo_subrama,directo,23,Forzosas y aleatorias/EAE_C2_2007.xls|Forzosas y aleatorias/EAE_C7_2007.xls,0.1720748938210845,23,2320,uno_a_uno_aproximado,media,Correspondencia principal Rev3 23 a Rev4 19.
2007,subrama_industrial,C,20_21_22_quimicos_farma_caucho_plastico,Quimicos farmaceuticos caucho y plastico,3,Rev.3,6.6,27501513692.251667,,7397878821.8,,7353310464.067767,20148203228.1839,20103634870.451668,3249822315.5499997,3249822315.5499997,11268.601666666666,,1818966093.04376,623962139.0823795,214821006.5773345,268280343.3373132,483101349.9146477,638393159.4016666,-61098381.21166667,6874050804.3598995,6874050804.3598995,492397320.53787875,3052758064.8763485,3538402603.9396467,10412453408.299545,3465094989.116101,3509663346.848334,0.3327837209196199,0.33706401452426726,0.43929109868269994,656503.7118743365,26171174869.95239,,7040019050.536609,,6997606611.100394,19173568258.851994,19131155819.41578,3092617703.457365,3092617703.457365,607511979.0657054,6541530320.075645,9908768732.632181,3297476928.5773234,3339889368.013539,0.31668587596742326,0.3207591176687892,624746.464449222,1.0508322163185218,1.0508322163185218,bcu_indice_implicito_vab,2005,base_2005_directa,directo,D.24 - D.25,FALSE,Agregado BCU compatible con el grupo EAAE.,7519733618.113326,7155979328.896014,extraccion_directa_subrama_eaae,stock_capital_directo_subrama,consumo_capital_fijo_directo_subrama,directo,24|25,Forzosas y aleatorias/EAE_C2_2007.xls|Forzosas y aleatorias/EAE_C7_2007.xls,0.10478344119294682,24|25,2411|2412|2413|2421|2422|2423|2424|2429|2511|2519|2520,grupo_compatible_rev4,alta,Rev3 24 se abre en Rev4 20 y 21; se agrega con caucho y plastico por restricciones publicadas en 2001.|Rev3 25 corresponde a Rev4 22; se agrega con quimicos/farmaceuticos por compatibilidad larga.
2007,subrama_industrial,C,23_24_minerales_metales,Minerales no metalicos y metales comunes,3,Rev.3,6.6,10891328679.37296,,4221302716.937645,,4221302716.937645,6670025962.435314,6670025962.435314,1258301670.7210567,1258301670.7210567,4826.740093240093,,1037920016.742694,356038958.7908663,122578987.91853143,153083413.43650374,275662401.3550352,754630603.5821679,13173872.270202018,5165946164.821849,5165946164.821849,190651768.2910692,1010609994.308381,1201261762.5994503,6367207927.421299,2208370442.6344204,2208370442.6344204,0.3468349813304753,0.3468349813304753,0.29808373269991284,874565.9876838261,9896608420.966763,,3835765244.6037607,,3835765244.6037607,6060843176.363003,6060843176.363003,1143379221.8720832,1143379221.8720832,685709136.6891409,4694133087.165291,5785681935.382729,2006676886.0425367,2006676886.0425367,0.3151580581184562,0.3151580581184562,794690.6546668621,1.1005112272906343,1.1005112272906343,bcu_indice_implicito_vab,2005,base_2005_directa,proxy_grupo_amplio,D.26,FALSE,BCU 2005 no separa completamente metales comunes del grupo metal/equipos; se usa minerales no metalicos como proxy parcial.,2241872265.3204756,2037118940.4762144,extraccion_directa_subrama_eaae,stock_capital_directo_subrama,consumo_capital_fijo_directo_subrama,directo,26|27,Forzosas y aleatorias/EAE_C2_2007.xls|Forzosas y aleatorias/EAE_C7_2007.xls,0.05979046638266501,26|27,2610|2691|2692|2694|2695|2699|2700,grupo_compatible_rev4,media,Rev3 26-27 se agregan por la publicacion agrupada de 2001.
2007,subrama_industrial,C,25_26_27_28_33_metal_equipos_reparacion,Productos de metal equipos y reparacion,3,Rev.3,6.6,11927816317.941666,,3892295152.4267855,,3892295152.4267855,8035521165.51488,8035521165.51488,1722052478.375,1722052478.375,8904.4875,,957024719.7777528,328289347.2236238,113025203.93770877,141152120.08962646,254177324.02733523,224091907.6047619,-80274397.19166668,2230337814.89878,2230337814.89878,260917042.1780303,1217503206.896194,1478420249.0742245,3708758063.9730043,1946150766.4470234,1946150766.4470234,0.5247445999112196,0.5247445999112196,0.44242597514767784,437116.13413200766,9322900819.76598,,3042256914.431829,,3042256914.431829,6280643905.334151,6280643905.334151,1345973482.0172675,1345973482.0172675,175152481.68005654,1743254397.001236,2898802485.9938755,1521130950.7345047,1521130950.7345047,0.4101456402645457,0.4101456402645457,341654.35286779044,1.2794104054665973,1.2794104054665973,bcu_indice_implicito_vab,2005,base_2005_directa,proxy_grupo_amplio,D.RR,FALSE,"BCU 2005 agrupa metales basicos, productos de metal y equipos; proxy compatible amplio.",10245717780.371878,8008155738.4514885,extraccion_directa_subrama_eaae,stock_capital_directo_subrama,consumo_capital_fijo_directo_subrama,directo,28|29|30|31|32|33,Forzosas y aleatorias/EAE_C2_2007.xls|Forzosas y aleatorias/EAE_C7_2007.xls,0.0551304083284064,28|29|30|31|32|33,2811|2812|2890|2910|2920|2930|3000|3100|3200|3300,grupo_compatible_rev4,alta,Rev3 30 y Rev3 32-33 convergen parcialmente en Rev4 26; se usa grupo amplio.|Rev4 33 reparacion e instalacion puede provenir de varias divisiones Rev3; se agrega con metal/equipos.
2007,subrama_industrial,C,29_30_vehiculos_transporte,Vehiculos y otros equipos de transporte,3,Rev.3,6.6,7770125530.75,,2045907291,,1974354642.6604056,5795770888.089594,5724218239.75,673203803.25,673203803.25,3270,,503040950.18070865,172558745.60891908,59409443.46390235,74193795.77404913,133603239.23795149,134773639.75,-106403740.25,1329959617.07125,1329959617.07125,102000576.25,878147104.2559991,969306370.1515152,2299265987.222765,1166377199.6604056,1237929848,0.5072824136668277,0.5384021922123371,0.3290490269092061,625659.7220183486,8137719073.279739,,2142696243.2260423,,2067758541.2761238,6069960532.003615,5995022830.053698,705052113.7955408,705052113.7955408,141149588.1795677,1392878107.271437,2408040977.5516243,1221556839.3010154,1296494541.2509336,0.5312812202195485,0.563873231046636,655258.789977383,0.9548284305197097,0.9548284305197097,bcu_indice_implicito_vab,2005,base_2005_directa,directo,D.SS,FALSE,Fila BCU de material de transporte.,2240614167.413737,2346614423.906689,extraccion_directa_subrama_eaae,stock_capital_directo_subrama,consumo_capital_fijo_directo_subrama,directo,34|35,Forzosas y aleatorias/EAE_C2_2007.xls|Forzosas y aleatorias/EAE_C7_2007.xls,0.028978199221240945,34|35,3400|3510|3530|3590,grupo_compatible_rev4,media,Rev3 34-35 se agregan por la publicacion agrupada de 2001.
2007,subrama_industrial,C,31_32_muebles_otras_manufacturas,Muebles y otras manufacturas,3,Rev.3,6.6,1908887861.1666667,,572401497.6666666,,572401497.6666666,1336486363.5,1336486363.5,324597241,324597241,2316.1666666666665,,140740196.0674183,48278279.69357709,16621503.11691756,20757851.543645788,37379354.66056335,125303396.66666669,-8047859.833333333,394485026.48,394485026.48,49181400.151515156,202497933.86363637,251679334.01515153,646164360.4951515,122500859.99999994,122500859.99999994,0.1895815793773094,0.1895815793773094,0.567079650076364,247133.12124919047,1701444280.8300443,,510197206.63332826,,510197206.63332826,1191247074.196716,1191247074.196716,289322453.4075662,289322453.4075662,111686365.63950787,351615359.8290822,575944076.1327612,109188387.58625422,109188387.58625422,0.16897927874354424,0.16897927874354424,220276.55175937034,1.1219220533248504,1.1219220533248504,bcu_indice_implicito_vab,2005,base_2005_directa,directo,D.UU,FALSE,Fila BCU de otras industrias manufactureras.,2361277646.086016,2104671745.321609,extraccion_directa_subrama_eaae,stock_capital_directo_subrama,consumo_capital_fijo_directo_subrama,directo,36,Forzosas y aleatorias/EAE_C2_2007.xls|Forzosas y aleatorias/EAE_C7_2007.xls,0.008107485958375887,36,3610|3691|3699,grupo_compatible_rev4,media,Rev3 36 se abre en Rev4 31 y 32; se mantiene agregado.
2008,economia_total,economia_total,,Economia total EAAE,4,Rev.4,4.2,559144297146.6254,,205890238511.3165,,188274053256.67258,370870243889.9527,353254058635.30884,94216384323.74632,94216384323.74632,436444.3038827299,,43310215637.45111,26919225854.152905,9013827403.17804,7371125840.234123,16384953243.412163,25276649939.06971,8127087389.633367,333451079195.2647,333451079195.2647,22432472458.03484,88302439021.41731,106540581656.9179,439991660852.1826,68781018993.85655,86397204248.50047,0.15632346045068313,0.1963610039362224,0.45760491126230757,471744.58843811153,434981866301.96173,,160170676260.19873,,146466304815.67212,288515561486.28955,274811190041.763,73294888096.87202,73294888096.87202,19663769120.89779,259405619424.07516,342288018980.893,53507647597.902306,67212019042.42891,0.12161059483324724,0.15275748388560736,366989.956874854,1.2854427746614863,1.2854427746614863,bcu_indice_implicito_vab,2005,base_2005_directa,directo_total_economia,__TOTAL_VAB_SECTORES__,FALSE,VAB de sectores de actividad BCU.,569839187773.955,443301871546.9607,agregacion_secciones_eaae,stock_original_e_imputado_agregado_desde_panel_eaae,suma_consumo_capital_fijo_original_eaae,directo_agregado,,,,,,,,
2008,industria_total,C,,Industria manufacturera EAAE,4,Rev.4,6.6,284995693319.8842,,80292211343.23563,,66443662351.10387,218552030968.78033,204703481976.6486,24291156273.87418,24291156273.87418,103902.6858070401,,17442926160.214355,10194336167.014309,3655133361.769164,3746090502.261232,7401223864.0303955,8098413006.687781,7355810016.856363,107971212345.29556,107971212345.29556,3680478223.31427,33113944086.17884,34696157310.68527,142667369655.98083,34054093070.541904,47902642062.673676,0.23869573787375356,0.3357645282041935,0.3025344036177257,772763.5789160253,232218784868.9191,,65423303543.17578,,54139297172.10071,178079487696.81836,166795481325.74332,19792800120.136124,19792800120.136124,6598708934.41489,87976570591.56418,116247522325.78835,27747788117.54969,39031794488.62477,0.19449288358269287,0.273585996452753,629659.4071174905,1.2272723478454002,1.2272723478454002,bcu_indice_implicito_vab,2005,base_2005_directa,directo,D,FALSE,Total industria manufacturera BCU Rev.3.,95084730973.56255,77476471412.79875,rama_c_panel_eaae,stock_original_rama_c,consumo_capital_fijo_original_rama_c,directo,,,,,,,,
2008,subrama_industrial,C,10_11_12_alimentos_bebidas_tabaco,Alimentos bebidas y tabaco,4,Rev.4,6.6,132460685995.33192,,38210020381.19392,,32588325409.77763,99872360585.55429,94250665614.138,10946541821.17479,10946541821.17479,49250.844472749915,,8300861975.768726,4851352157.299568,1739430486.6277387,1782715808.2532694,3522146294.8810077,2568646985.9140506,3022248400.152568,32469842485.33996,32469842485.33996,1658566942.6022408,15132175846.296106,15938970823.532242,48408813308.8722,19073136602.68879,24694831574.10508,0.3940013253576933,0.5101309015062986,0.28648353787747316,775824.6744852305,89558634845.84482,,25834361622.528748,,22033450254.928432,67525184590.91639,63724273223.31607,7401119316.428054,7401119316.428054,1736700332.863016,21953342192.03077,32729916819.26473,12895630605.637362,16696541973.23768,0.26639014105462266,0.34490707026229867,524546.5717206674,1.4790386903879609,1.4790386903879609,bcu_indice_implicito_vab,2005,base_2005_directa,directo,D.15-D.16,FALSE,Agregado BCU compatible con el grupo EAAE.,43796721011.80002,29611612797.16886,extraccion_directa_subrama_eaae,stock_capital_directo_subrama,consumo_capital_fijo_directo_subrama,directo,10|11|12,EAE_C2_2008.xls|EAE_C7_2008.xls,0.47588700998472366,10|11|12,10|11|12,agregacion_rev4_para_compatibilidad,baja,Agregado Rev4 definido para compatibilidad con 2001 y agrupaciones publicadas.
2008,subrama_industrial,C,13_14_15_textiles_prendas_cuero,Textiles prendas y cuero,4,Rev.4,6.6,18064717262.246117,,4764231093.573978,,4737489533.6257725,13327227728.620344,13300486168.672138,2631373949.890104,2631373949.890104,15865.208583905009,,1034996169.4311872,604892710.4226164,216881559.51837915,222278606.5004635,439160166.01884264,536268347.56557286,-333654859.8184228,4806696394.180851,4806696394.180851,398693022.71062183,2019276928.57884,2413918199.782158,7220614593.963009,1569847236.170096,1596588796.1183019,0.2174118581931529,0.2211153601042733,0.5523187054127823,300294.2613945342,17245937781.92128,,4548293329.239498,,4522763824.826931,12723173957.094349,12697644452.681784,2512107483.443153,2512107483.443153,511962098.3970872,4588833899.098694,6893341768.208532,1498694242.9866912,1524223747.3992577,0.2075577118102544,0.21109335328236828,286683.48765698966,1.047476657441218,1.047476657441218,bcu_indice_implicito_vab,2005,base_2005_directa,directo,D.17 a D.19,FALSE,Agregado BCU compatible con el grupo EAAE.,6831092862.749898,6521475026.8869295,extraccion_directa_subrama_eaae,stock_capital_directo_subrama,consumo_capital_fijo_directo_subrama,directo,13|14|15,EAE_C2_2008.xls|EAE_C7_2008.xls,0.05933615495041849,13|14|15,13|14|15,agregacion_rev4_para_compatibilidad,baja,Agregado Rev4 definido para compatibilidad con 2001.
2008,subrama_industrial,C,16_madera,Madera y productos de madera,4,Rev.4,6.6,9721312152.176365,,1226715543.282945,,1224685210.696407,8496626941.479958,8494596608.89342,666260021.4963124,666260021.4963124,3336.819352294534,,266495445.6117906,155750482.14911926,55843634.552382074,57233290.36267245,113076924.91505452,337221038.3083547,-54525550.454877295,13127282057.657673,13127282057.657673,100948488.10550188,1287367718.4060543,1388008580.3620808,14515290638.019754,221204150.89174008,223234483.47827792,0.015239388339379323,0.015379263773993066,0.5431251157976384,367630.1932375827,7099645155.100448,,895891925.6188462,,894409138.0398023,6205236017.060645,6203753229.481602,486581405.8439051,486581405.8439051,246278452.2650948,9587084850.41511,10600771916.37352,161549279.93080243,163032067.50984636,0.011129593196546684,0.011231746685307017,268486.79267062934,1.3692673281273062,1.3692673281273062,bcu_indice_implicito_vab,2005,base_2005_directa,directo,D.20TT.0,FALSE,Fila BCU especifica de madera.,4833346746.843595,3529878094.3338327,extraccion_directa_subrama_eaae,stock_capital_directo_subrama,consumo_capital_fijo_directo_subrama,directo,16,EAE_C2_2008.xls|EAE_C7_2008.xls,0.015278138723056753,16,16,uno_a_uno,baja,Division Rev4 conservada como grupo.
2008,subrama_industrial,C,17_18_papel_impresion,Papel impresion y reproduccion,4,Rev.4,6.6,22134295579.498055,,10796590728.07648,,10794955838.743933,11339339740.754122,11337704851.421574,1474159098.069805,1474159098.069805,5288.209314823196,,2345484471.050862,1370793922.5783198,491491992.8517402,503722656.36517876,995214649.216919,1562261746.483668,49179555.64288886,28094302642.400997,28094302642.400997,223357439.1014856,1718081778.9021397,1941191507.498694,30035494149.899693,7758534994.19046,7760169883.523008,0.2583122140581253,0.25836664596873044,0.13653931460384633,2041634.527932344,21518541426.40671,,10496240280.683054,,10494650872.350466,11023890554.056246,11022301145.723658,1433149453.8417478,1433149453.8417478,1518801173.945544,27312747003.183506,29199936487.966145,7542700244.563174,7544289652.895763,0.2511262244236579,0.25117914209248854,1984838.279994214,1.0286150506621101,1.0286150506621101,bcu_indice_implicito_vab,2005,base_2005_directa,reconstruido_por_suma,D.210T.0|D.22TT.0,FALSE,Suma de papel e impresion.,11269213036.63336,10955714705.301533,extraccion_directa_subrama_eaae,stock_capital_directo_subrama,consumo_capital_fijo_directo_subrama,directo,17|18,EAE_C2_2008.xls|EAE_C7_2008.xls,0.13446622714029985,17|18,17|18,agregacion_rev4_para_compatibilidad,media,Agregado Rev4 definido para compatibilidad con Rev3 21-22.
2008,subrama_industrial,C,19_refinacion,Coque y refinacion de petroleo,4,Rev.4,6.6,41700433194,,5053278165,,1945912066.6467912,39754521127.35321,36647155029,625390785,625390785,1014,,1097789641.4176214,641591699.8378097,230039817.0407003,235764304.18970352,465804121.2304038,1042373265,4682150689,10252517248,10252517248,94756179.54545455,6023412292.023214,5647355426.363637,15899872674.363636,278148016.6467912,3385514115,0.017493726040666145,0.21292712113718226,0.12375942201867686,4983509.038461538,218461699307.73273,,26473291772.887413,,10194312725.850674,208267386581.88205,191988407534.8453,3276319288.7443395,3276319288.7443395,5460821803.108139,53711248747.943146,83296813418.184,1457171633.9981947,17736150681.03493,0.09164674861501777,1.11549010764294,26107782.81349843,0.19088212408006278,0.19088212408006278,bcu_indice_implicito_vab,2005,base_2005_directa,directo,D.23,FALSE,Fila BCU compatible.,993478770.2936754,5204671600.767471,extraccion_directa_subrama_eaae,stock_capital_directo_subrama,consumo_capital_fijo_directo_subrama,directo,19,EAE_C2_2008.xls|EAE_C7_2008.xls,0.06293609405522649,19,19,uno_a_uno,baja,Division Rev4 conservada como grupo.
2008,subrama_industrial,C,20_21_22_quimicos_farma_caucho_plastico,Quimicos farmaceuticos caucho y plastico,4,Rev.4,6.6,31515160267.094,,10009931294.771875,,9949626684.549574,21565533582.544426,21505228972.32213,3818858190.383876,3818858190.383876,11277.264892580668,,2174588163.9394455,1270915359.291798,455680983.4036322,467020498.30629677,922701481.709929,867529421.7209606,151036185.15919873,10912117088.157627,10912117088.157627,578614877.3308903,3267505088.264307,3836982903.440304,14749099991.59793,5263239072.444737,5323543682.667039,0.3568515418190282,0.3609402394518773,0.3815069332572184,887620.4815723915,25567039902.27314,,8120673055.870955,,8071750240.2235775,17495289662.04956,17446366846.402184,3098093073.5298524,3098093073.5298524,703793322.120426,8852581762.133879,11965378719.699339,4269863844.573299,4318786660.220676,0.28949995911653575,0.2928169625726956,720092.4278380267,1.2326479869221005,1.2326479869221005,bcu_indice_implicito_vab,2005,base_2005_directa,directo,D.24 - D.25,FALSE,Agregado BCU compatible con el grupo EAAE.,9197632063.69359,7461685867.560542,extraccion_directa_subrama_eaae,stock_capital_directo_subrama,consumo_capital_fijo_directo_subrama,directo,20|21|22,EAE_C2_2008.xls|EAE_C7_2008.xls,0.12466877082237916,20|21|22,20|21|22,agregacion_rev4_para_compatibilidad,baja,Agregado Rev4 definido para compatibilidad con Rev3 24-25.
2008,subrama_industrial,C,23_24_minerales_metales,Minerales no metalicos y metales comunes,4,Rev.4,6.6,11380812935.656286,,3738447479.767748,,3738447479.767748,7642365455.888538,7642365455.888538,1274672742.8975763,1274672742.8975763,4536.554213963365,,812151792.2164186,474653639.6732406,170184926.7310302,174419938.90656793,344604865.6375981,753061676.4166521,18304736.837836985,4132930054.6139793,4132930054.6139793,193132233.77236006,1157934159.9831119,1351066393.755472,5483996448.3694515,1710713060.4535193,1710713060.4535193,0.3119464201991165,0.3119464201991165,0.34096312701891046,824072.0386986512,8908087291.43823,,2926189602.843862,,2926189602.843862,5981897688.594369,5981897688.594369,997722757.235867,997722757.235867,589442879.6328778,3234962379.582144,4292480628.9503617,1339023965.9751172,1339023965.9751172,0.24416937147602408,0.24416937147602408,645024.7180640202,1.2775821075074836,1.2775821075074836,bcu_indice_implicito_vab,2005,base_2005_directa,proxy_grupo_amplio,D.26,FALSE,BCU 2005 no separa completamente metales comunes del grupo metal/equipos; se usa minerales no metalicos como proxy parcial.,2517730725.7916284,1970699738.9808705,extraccion_directa_subrama_eaae,stock_capital_directo_subrama,consumo_capital_fijo_directo_subrama,directo,23|24,EAE_C2_2008.xls|EAE_C7_2008.xls,0.04656052457923368,23|24,23|24,agregacion_rev4_para_compatibilidad,baja,Agregado Rev4 definido para compatibilidad con 2001.
2008,subrama_industrial,C,25_26_27_28_33_metal_equipos_reparacion,Productos de metal equipos y reparacion,4,Rev.4,6.6,9811121231.79088,,3659322913.1437063,,3659322913.1437063,6151798318.647174,6151798318.647174,1775832797.408401,1775832797.408401,7915.077210865471,,794962528.7748858,464607554.0350381,166582947.9292915,170728325.70315567,337311273.6324471,245647953.76237547,-117805344.50348708,2530723631.1270747,2530723631.1270747,269065575.36490923,932090654.3404809,1201156229.7053902,3731879860.832465,1637842161.97293,1637842161.97293,0.43887858748153236,0.43887858748153236,0.4852899947774196,462323.0848740614,7071229034.830059,,2637406043.6023593,,2637406043.6023593,4433822991.2277,4433822991.2277,1279906765.1257238,1279906765.1257238,177047342.69948786,1823983823.7418041,2689700453.492323,1180451935.7771478,1180451935.7771478,0.3163156317453976,0.3163156317453976,333212.9268406686,1.3874704359687973,1.3874704359687973,bcu_indice_implicito_vab,2005,base_2005_directa,proxy_grupo_amplio,D.RR,FALSE,"BCU 2005 agrupa metales basicos, productos de metal y equipos; proxy compatible amplio.",10967312708.1674,7904537944.629794,extraccion_directa_subrama_eaae,stock_capital_directo_subrama,consumo_capital_fijo_directo_subrama,directo,25|26|27|28|33,EAE_C2_2008.xls|EAE_C7_2008.xls,0.04557506701989711,25|26|27|28|33,25|26|27|28|33,agregacion_rev4_para_compatibilidad,alta,Grupo amplio definido por reubicacion de reparacion e instalacion en Rev4 33.|Rev4 33 se agrega con metal/equipos para evitar quiebre artificial hacia atras.
2008,subrama_industrial,C,29_30_vehiculos_transporte,Vehiculos y otros equipos de transporte,4,Rev.4,6.6,5648363605.748798,,1837034951.8556304,,1772787311.4684544,3875576294.280344,3811328653.893168,503149111.46549726,503149111.46549726,1983.8997405607065,,399083105.1093008,233239956.11124697,83627136.76622646,85708178.54362233,169335315.3098488,113993677.78818671,-63401761.63992113,1008589930.6788012,1008589930.6788012,76234713.85840867,587208529.4364158,653708752.3270706,1662298683.0058718,1155644522.2147703,1219892162.6019464,0.6952087094992231,0.7338585869514506,0.27389196430762247,925971.6679717051,5965375749.346608,,1940137802.2739596,,1872284288.8194919,4093091460.5271163,4025237947.0726485,531388153.6922884,531388153.6922884,120391527.26718469,1065196636.3112489,1755594530.3665426,1220504607.8600187,1288358121.3144865,0.7342270196912064,0.7750461060251802,977941.4567218106,0.9468579756048842,0.9468579756048842,bcu_indice_implicito_vab,2005,base_2005_directa,directo,D.SS,FALSE,Fila BCU de material de transporte.,2070765177.5769935,2186986043.2385545,extraccion_directa_subrama_eaae,stock_capital_directo_subrama,consumo_capital_fijo_directo_subrama,directo,29|30,EAE_C2_2008.xls|EAE_C7_2008.xls,0.0228793667670033,29|30,29|30,agregacion_rev4_para_compatibilidad,baja,Agregado Rev4 definido para compatibilidad con 2001.
2008,subrama_industrial,C,31_32_muebles_otras_manufacturas,Muebles y otras manufacturas,4,Rev.4,6.6,2558791096.341797,,996638792.5693426,,996638792.5693426,1562152303.7724543,1562152303.7724543,574917756.0878211,574917756.0878211,3434.808025297266,,216512866.89411634,126538685.61555162,45369876.34804307,46498895.130301476,91868771.47834454,71408893.72796024,2277966.48058068,636210813.1385851,636210813.1385851,87108750.92239715,236689742.99582642,323798493.91822356,960009307.0568087,350312142.75356126,350312142.75356126,0.36490494433595266,0.36490494433595266,0.5768566910843181,290158.5140214899,2089485089.5023239,,813845999.257405,,813845999.257405,1275639090.2449186,1275639090.2449186,469472510.1838372,469472510.1838372,58311840.66403291,519523852.39019567,783934700.9400072,286061648.40953505,286061648.40953505,0.29797799490771737,0.29797799490771737,236940.7528058197,1.2246036639348563,1.2246036639348563,bcu_indice_implicito_vab,2005,base_2005_directa,directo,D.UU,FALSE,Fila BCU de otras industrias manufactureras.,2607437870.012374,2129209593.930366,extraccion_directa_subrama_eaae,stock_capital_directo_subrama,consumo_capital_fijo_directo_subrama,directo,31|32,EAE_C2_2008.xls|EAE_C7_2008.xls,0.01241264595776146,31|32,31|32,agregacion_rev4_para_compatibilidad,baja,Agregado Rev4 definido para compatibilidad con Rev3 36.
2009,economia_total,economia_total,,Economia total EAAE,4,Rev.4,4.2,572525294843.8805,,234652404427.53638,,217081448339.42877,355443846504.4517,337872890416.3441,117108913106.68619,117108913106.68619,477461.0127190843,,37495334384.09923,21581497800.305973,9679386069.550894,4223925982.098386,13903312051.649279,26688200109.40056,8225554423.774049,346393993604.05304,346393993604.05304,27883074549.210995,84629487262.96469,108329000838.81673,454722994442.86975,73284335123.34201,90855291211.44962,0.16116258913435985,0.19980359982183493,0.4990739958211291,491458.77501331165,412032497017.3025,,168873614839.59622,,156228226108.01443,255804270909.28806,243158882177.70624,84280429746.7556,84280429746.7556,19206846983.01814,249291312404.62085,327253053339.0165,52740949378.24066,65386338109.82246,0.11598478639255817,0.14379377974921703,353690.8990283434,1.3895149023156745,1.3895149023156745,bcu_indice_implicito_vab,2005,base_2005_directa,directo_total_economia,__TOTAL_VAB_SECTORES__,FALSE,VAB de sectores de actividad BCU.,645504478625.8602,464553836414.496,agregacion_secciones_eaae,stock_original_e_imputado_agregado_desde_panel_eaae,suma_consumo_capital_fijo_original_eaae,directo_agregado,,,,,,,,
2009,industria_total,C,,Industria manufacturera EAAE,4,Rev.4,6.6,262347159926.77643,,78234883877.82039,,64741176279.65481,197605983647.1216,184112276048.95605,29743370612.992485,29743370612.992485,104036.64779083544,,7961085386.424266,5801409600.979415,2415847160.2104025,1477856506.7982757,3893703667.008678,7803216717.64234,9175908840.983255,93192117548.19604,93192117548.19604,4506571304.998861,29940300552.594185,32402370706.355843,125594488254.55188,27194588949.01998,40688296547.18557,0.21652692985939515,0.32396562231870807,0.3801804149085564,751993.5093940241,202027328490.7503,,60246829388.32504,,49855645057.4041,152171683433.3462,141780499102.42526,22904664593.778423,22904664593.778423,6009072206.231045,71765040452.1738,96717337981.90163,20941908257.394627,31333092588.31558,0.16674225555941652,0.24947824561226303,579092.3743472651,1.2985726331513998,1.2985726331513998,bcu_indice_implicito_vab,2005,base_2005_directa,directo,D,FALSE,Total industria manufacturera BCU Rev.3.,105882376383.15239,81537507937.6154,rama_c_panel_eaae,stock_original_rama_c,consumo_capital_fijo_original_rama_c,directo,,,,,,,,
2009,subrama_industrial,C,10_11_12_alimentos_bebidas_tabaco,Alimentos bebidas y tabaco,4,Rev.4,6.6,128088331186.42355,,36033939748.66936,,30732403244.25249,97355927942.17107,92054391437.7542,13045560957.47858,13045560957.47858,49735.92426507988,,3666769309.665347,2672051566.479147,1112706847.61245,680680914.7478682,1793387762.360318,2641316937.107024,3821696712.3704352,34407805255.31322,34407805255.31322,1976600145.0725124,14750898173.056223,15924235211.398907,50332040466.71213,15045525349.666885,20347061854.08375,0.29892540040409205,0.40425664577498294,0.3620353768827157,724505.2802601514,83637549872.95558,,23529000689.860264,,20067268308.117294,63570281564.83828,60108549183.095314,8518330632.4272375,8518330632.4272375,1724694786.8814628,22467187302.735558,32865199395.99655,9824242888.808592,13285975270.551561,0.1951886471860009,0.2639665538562548,473078.5852989612,1.5314691951281234,1.5314691951281234,bcu_indice_implicito_vab,2005,base_2005_directa,directo,D.15-D.16,FALSE,Agregado BCU compatible con el grupo EAAE.,46498316225.6588,30361901090.52029,extraccion_directa_subrama_eaae,stock_capital_directo_subrama,consumo_capital_fijo_directo_subrama,directo,10|11|12,EAE_C2_2009.xls|EAE_C7_2009.xls,0.46058660743899926,10|11|12,10|11|12,agregacion_rev4_para_compatibilidad,baja,Agregado Rev4 definido para compatibilidad con 2001 y agrupaciones publicadas.
2009,subrama_industrial,C,13_14_15_textiles_prendas_cuero,Textiles prendas y cuero,4,Rev.4,6.6,16236329873.929993,,4081827933.94193,,4058916693.0197587,12177413180.910234,12154501939.988064,2832355137.6963716,2832355137.6963716,14471.095749763906,,415361781.1403949,302682826.27604264,126044443.78138486,77105706.21192187,203150149.99330673,462927145.6819092,-296390022.65568054,4292272534.865694,4292272534.865694,429144717.8327836,1845062603.1682174,2270735920.861278,6563008455.726973,763634409.6414781,786545650.5636492,0.11635432359912931,0.11984528983461822,0.6938938102079896,282067.6474349584,15737120467.043522,,3956326240.040797,,3934119438.304119,11803001028.739403,11780794227.002726,2745270289.127758,2745270289.127758,448693782.13103825,4160300417.831665,6361219283.912042,740155367.0453233,762362168.7820013,0.11277684190692357,0.11616047334462191,273395.07031493064,1.0317217757805126,1.0317217757805126,bcu_indice_implicito_vab,2005,base_2005_directa,directo,D.17 a D.19,FALSE,Agregado BCU compatible con el grupo EAAE.,6168575537.790095,5978913775.589817,extraccion_directa_subrama_eaae,stock_capital_directo_subrama,consumo_capital_fijo_directo_subrama,directo,13|14|15,EAE_C2_2009.xls|EAE_C7_2009.xls,0.05217401409218591,13|14|15,13|14|15,agregacion_rev4_para_compatibilidad,baja,Agregado Rev4 definido para compatibilidad con 2001.
2009,subrama_industrial,C,16_madera,Madera y productos de madera,4,Rev.4,6.6,4533805114.459713,,1048301696.5365922,,1046566656.0810804,3487238458.3786325,3485503417.9231205,621743926.0351394,621743926.0351394,3163.26145373745,,106673888.97636256,77735496.31016372,32370939.293228094,19802413.022478886,52173352.315706976,216507245.7208653,-33190975.139682654,4622485657.780468,4622485657.780468,94203625.15683931,528369463.39070195,622310203.6300395,5244795861.410507,208315484.32507575,210050524.78058755,0.03971851142153939,0.04004932323983677,0.5930963653777095,331399.0044351234,3451314632.6038384,,798009374.7526075,,796688592.239665,2654626040.3641734,2653305257.8512306,473296459.70311,473296459.70311,164814015.23810846,3518821825.5826554,3992549358.5454345,158578117.2984466,159898899.81138906,0.030235326881874,0.030487154130797136,252274.23860577348,1.3136458413932524,1.3136458413932524,bcu_indice_implicito_vab,2005,base_2005_directa,directo,D.20TT.0,FALSE,Fila BCU especifica de madera.,3805562618.652771,2896947182.215103,extraccion_directa_subrama_eaae,stock_capital_directo_subrama,consumo_capital_fijo_directo_subrama,directo,16,EAE_C2_2009.xls|EAE_C7_2009.xls,0.013399415255395885,16,16,uno_a_uno,baja,Division Rev4 conservada como grupo.
2009,subrama_industrial,C,17_18_papel_impresion,Papel impresion y reproduccion,4,Rev.4,6.6,19867607561.360867,,6025598507.458333,,6024686072.508247,13842921488.85262,13842009053.902534,1742163800.3904245,1742163800.3904245,4979.897000622645,,613157479.6877277,446820693.02241665,186066934.86686626,113823521.17385624,299890456.0407225,1580482532.0819545,-85656401.60729405,22220970681.097237,22220970681.097237,263964212.18036735,2097412346.7958515,2361238311.2565093,24582208992.353745,2702039740.0358677,2702952174.9859543,0.10991850817297716,0.10995562586855816,0.2891270963762385,1209984.56528417,25263407804.28949,,7662077675.366106,,7660917434.196267,17602490370.09322,17601330128.92338,2215314270.487802,2215314270.487802,2009722338.848508,28255915685.36435,31258437564.06301,3435880824.8599563,3437041066.0297966,0.13977103627784962,0.13981823468748814,1538601.6366218224,0.7864183531877886,0.7864183531877886,bcu_indice_implicito_vab,2005,base_2005_directa,reconstruido_por_suma,D.210T.0|D.22TT.0,FALSE,Suma de papel e impresion.,9918321548.486301,12612016884.247242,extraccion_directa_subrama_eaae,stock_capital_directo_subrama,consumo_capital_fijo_directo_subrama,directo,17|18,EAE_C2_2009.xls|EAE_C7_2009.xls,0.07701933215454788,17|18,17|18,agregacion_rev4_para_compatibilidad,media,Agregado Rev4 definido para compatibilidad con Rev3 21-22.
2009,subrama_industrial,C,19_refinacion,Coque y refinacion de petroleo,4,Rev.4,6.6,37059614882,,12175111279,,4688381517.302353,32371233364.697647,24884503603,1505218063,1505218063,1683,,1238924322.20782,902830092.7408645,375960269.26495427,229987782.0840514,605948051.3490056,941379531,6043518611,6931434717,6931434717,228063342.8787879,4904732327.984492,3998442676.666667,10929877393.666668,2241783923.302353,9728513685,0.20510604488586098,0.8900844295506187,0.12363074377777931,7234171.882947118,34638127923.40716,,11379585656.96137,,4382041185.995523,30256086737.411633,23258542266.44579,1406866638.6530836,1406866638.6530836,879869494.6798458,6478532580.132263,10215715747.571487,2095305052.6625946,9092849523.62844,0.19170435103661104,0.8319260313841492,6761488.803898616,1.069908136027077,1.069908136027077,bcu_indice_implicito_vab,2005,base_2005_directa,directo,D.23,FALSE,Fila BCU compatible.,6840051381.176405,6393120260.376539,extraccion_directa_subrama_eaae,stock_capital_directo_subrama,consumo_capital_fijo_directo_subrama,directo,19,EAE_C2_2009.xls|EAE_C7_2009.xls,0.1556225391478039,19,19,uno_a_uno,baja,Division Rev4 conservada como grupo.
2009,subrama_industrial,C,20_21_22_quimicos_farma_caucho_plastico,Quimicos farmaceuticos caucho y plastico,4,Rev.4,6.6,30474888490.966637,,9714465741.140944,,9655941156.627224,20818947334.339413,20760422749.82569,4737028663.232117,4737028663.232117,12209.130275678956,,988532064.155611,720364011.8780576,299976983.5454432,183506202.01641497,483483185.5618581,961325584.0738884,-58377719.0101521,11102720768.191551,11102720768.191551,717731615.6412299,3154385959.748396,3863250214.099668,14965970982.29122,3957586909.3212185,4016111493.834938,0.2644390339927901,0.2683495443487817,0.4876262667920802,795672.2159392895,23084283070.396633,,7358565958.744707,,7314234440.488537,15770048629.908096,15725717111.651924,3588230047.405966,3588230047.405966,728190093.6948144,8410148871.930319,11336504502.090607,2997814299.387756,3042145817.6439266,0.20030870719547558,0.2032708616930773,602710.0860249846,1.3201574594295173,1.3201574594295173,bcu_indice_implicito_vab,2005,base_2005_directa,directo,D.24 - D.25,FALSE,Agregado BCU compatible con el grupo EAAE.,11683106007.819021,8849782216.787737,extraccion_directa_subrama_eaae,stock_capital_directo_subrama,consumo_capital_fijo_directo_subrama,directo,20|21|22,EAE_C2_2009.xls|EAE_C7_2009.xls,0.12417051396550989,20|21|22,20|21|22,agregacion_rev4_para_compatibilidad,baja,Agregado Rev4 definido para compatibilidad con Rev3 24-25.
2009,subrama_industrial,C,23_24_minerales_metales,Minerales no metalicos y metales comunes,4,Rev.4,6.6,9383696325.052353,,2835936024.2400846,,2835936024.2400846,6547760300.812268,6547760300.812268,1700481935.2491963,1700481935.2491963,4923.225393012988,,288581355.53279054,210295275.75555184,87572035.01954836,53570815.19839797,141142850.21794632,581457316.2818714,-9699337.310599076,5783365152.872416,5783365152.872416,257648778.06806007,992084894.062465,1249733672.1305249,7033098825.00294,553996772.709017,553996772.709017,0.07876994003547014,0.07876994003547014,0.5996192864417159,576032.1329721828,5669176360.611592,,1713335652.8072655,,1713335652.8072655,3955840707.804327,3955840707.804327,1027349101.571444,1027349101.571444,351288443.05939883,3494030057.4215593,4249058816.417888,334698108.1764227,334698108.1764227,0.04758899547757781,0.04758899547757781,348010.80918188737,1.6552133375579159,1.6552133375579159,bcu_indice_implicito_vab,2005,base_2005_directa,proxy_grupo_amplio,D.26,FALSE,BCU 2005 no separa completamente metales comunes del grupo metal/equipos; se usa minerales no metalicos como proxy parcial.,3356784600.1323056,2028007220.5585716,extraccion_directa_subrama_eaae,stock_capital_directo_subrama,consumo_capital_fijo_directo_subrama,directo,23|24,EAE_C2_2009.xls|EAE_C7_2009.xls,0.03624899640253793,23|24,23|24,agregacion_rev4_para_compatibilidad,baja,Agregado Rev4 definido para compatibilidad con 2001.
2009,subrama_industrial,C,25_26_27_28_33_metal_equipos_reparacion,Productos de metal equipos y reparacion,4,Rev.4,6.6,11002037671.495731,,4385614454.874233,,4385614454.874233,6616423216.621498,6616423216.621498,2535032768.157902,2535032768.157902,8245.776244911565,,446274723.20040697,325209734.37418884,135425192.7200634,82844231.84632489,218269424.56638828,258837971.39757225,-116187938.6825628,2341212537.272184,2341212537.272184,384095873.96331847,1002488366.1547725,1386584240.1180909,3727796777.390275,1591743715.3187594,1591743715.3187594,0.4269931571841462,0.4269931571841462,0.5780336585083148,531861.9284122072,7782598669.010866,,3102286888.884906,,3102286888.884906,4680311780.12596,4680311780.12596,1793226240.1245198,1793226240.1245198,183096269.23994666,1656122085.7889445,2636961179.76629,1125964379.5204391,1125964379.5204391,0.30204553701789905,0.30204553701789905,376227.3916660441,1.413671466229421,1.413671466229421,bcu_indice_implicito_vab,2005,base_2005_directa,proxy_grupo_amplio,D.RR,FALSE,"BCU 2005 agrupa metales basicos, productos de metal y equipos; proxy compatible amplio.",11919665677.484556,8431708471.330315,extraccion_directa_subrama_eaae,stock_capital_directo_subrama,consumo_capital_fijo_directo_subrama,directo,25|26|27|28|33,EAE_C2_2009.xls|EAE_C7_2009.xls,0.05605702005927762,25|26|27|28|33,25|26|27|28|33,agregacion_rev4_para_compatibilidad,alta,Grupo amplio definido por reubicacion de reparacion e instalacion en Rev4 33.|Rev4 33 se agrega con metal/equipos para evitar quiebre artificial hacia atras.
2009,subrama_industrial,C,29_30_vehiculos_transporte,Vehiculos y otros equipos de transporte,4,Rev.4,6.6,3237262930.2900076,,826382169.7149407,,797480648.5933151,2439782281.6966925,2410880760.575067,436140642.0135109,436140642.0135109,1524.639167523743,,84091631.36476912,61279332.38770497,25518194.940662954,15610354.436296841,41128549.37695979,81259955.36268751,-91019732.56536528,792123469.3985895,792123469.3985895,66081915.45659256,369663982.07525647,431366879.18008757,1223490348.5786772,280080051.2171168,308981572.3387423,0.22891888893319381,0.2525410786424958,0.5277711184934653,542018.1950704553,2990939863.4604816,,763502819.2263517,,736800412.4405146,2254139451.019967,2227437044.23413,402954736.87600565,402954736.87600565,75076892.12488791,731850860.564674,1130395069.8237855,258768783.43962103,285471190.2254582,0.21150046973417608,0.23332524899529342,500776.07573626883,1.082356409046798,1.082356409046798,bcu_indice_implicito_vab,2005,base_2005_directa,directo,D.SS,FALSE,Fila BCU de material de transporte.,1870572653.1690252,1728240935.7342725,extraccion_directa_subrama_eaae,stock_capital_directo_subrama,consumo_capital_fijo_directo_subrama,directo,29|30,EAE_C2_2009.xls|EAE_C7_2009.xls,0.010562835000886606,29|30,29|30,agregacion_rev4_para_compatibilidad,baja,Agregado Rev4 definido para compatibilidad con 2001.
2009,subrama_industrial,C,31_32_muebles_otras_manufacturas,Muebles y otras manufacturas,4,Rev.4,6.6,2463585890.797571,,1107706322.2439923,,1107706322.2439923,1355879568.5535789,1355879568.5535789,587644719.7392416,587644719.7392416,3100.69824050433,,112718830.4930363,82140571.7552773,34205319.165801406,20924566.060664535,55129885.22646594,77722498.93456867,1215644.5841593023,697726774.4046755,697726774.4046755,89037078.74836995,205436298.26569378,294473377.0140637,992200151.4187392,442339103.5701821,442339103.5701821,0.44581640401655337,0.44581640401655337,0.5305058822349145,357244.1548081194,1454954611.2287576,,654193721.2160193,,654193721.2160193,800760890.0127385,800760890.0127385,347053617.226246,347053617.226246,45901670.66773672,412066326.40244484,585977615.3780485,261238433.32203662,261238433.32203662,0.26329207161326657,0.26329207161326657,210982.7111423827,1.6932389998867323,1.6932389998867323,bcu_indice_implicito_vab,2005,base_2005_directa,directo,D.UU,FALSE,Fila BCU de otras industrias manufactureras.,3821420132.7831316,2256869900.255523,extraccion_directa_subrama_eaae,stock_capital_directo_subrama,consumo_capital_fijo_directo_subrama,directo,31|32,EAE_C2_2009.xls|EAE_C7_2009.xls,0.01415872648285514,31|32,31|32,agregacion_rev4_para_compatibilidad,baja,Agregado Rev4 definido para compatibilidad con Rev3 36.
2010,economia_total,economia_total,,Economia total EAAE,4,Rev.4,4.2,709424887808.7384,,308305260093.78894,,286235145671.7019,423189742137.03644,401119627714.94946,144685743750.67288,144685743750.67288,522282.76830256864,,61076798987.552704,35070356311.89346,9345396138.269371,14770567839.312029,24115963977.5814,31780276848.660873,11905200627.382923,449096205806.53394,449096205806.53394,34448986607.30306,100759462413.5801,129953659872.76721,579049865679.3011,109769125072.36813,131839239494.45517,0.18956765484021762,0.22768201377577477,0.4692937892355723,590303.3352905521,485838509335.2774,,211138022584.5333,,196023650822.35095,289814858512.92645,274700486750.7441,99085762670.40147,99085762670.40147,21764224226.904324,307556493896.2208,396553219948.8746,75173663925.04515,90288035687.2275,0.12982243564957333,0.15592445666368965,404259.98213714163,1.4602071967892605,1.4602071967892605,bcu_indice_implicito_vab,2005,base_2005_directa,directo_total_economia,__TOTAL_VAB_SECTORES__,FALSE,VAB de sectores de actividad BCU.,727070162490.577,497922598990.93555,agregacion_secciones_eaae,stock_original_e_imputado_agregado_desde_panel_eaae,suma_consumo_capital_fijo_original_eaae,directo_agregado,,,,,,,,
2010,industria_total,C,,Industria manufacturera EAAE,4,Rev.4,6.6,298614685114.7447,,95564090931.25237,,79081496006.9132,219533189107.83148,203050594183.4923,34131850283.349632,34131850283.349632,112274.19392986668,,10581328732.31509,6527266606.343138,2632960238.7007856,1822989811.241264,4455950049.94205,8154845648.119941,12317165605.546686,99737810059.4515,99737810059.4515,5171492467.174187,33262604410.2775,35936734010.12757,135674544069.57907,36794800075.44363,53277394999.7828,0.27119899556525395,0.3926852702188564,0.3571618790148244,851167.0187625443,228424103407.99423,,73101367337.58878,,60493072584.82872,167931030823.1655,155322736070.40546,26109021716.846115,26109021716.846115,6238016408.625724,76294037012.79025,103783697283.58594,28146034459.356884,40754329212.116936,0.20745258185590457,0.30038301946470203,651096.790623608,1.3072818527446783,1.3072818527446783,bcu_indice_implicito_vab,2005,base_2005_directa,directo,D,FALSE,Total industria manufacturera BCU Rev.3.,109319474930.57538,83623493052.43991,rama_c_panel_eaae,stock_original_rama_c,consumo_capital_fijo_original_rama_c,directo,,,,,,,,
2010,subrama_industrial,C,10_11_12_alimentos_bebidas_tabaco,Alimentos bebidas y tabaco,4,Rev.4,6.6,141789868465.7705,,41005792075.91745,,34972765848.44167,106817102617.32883,100784076389.85306,15272782475.753157,15272782475.753157,53488.08682724452,,4540364080.859444,2800798235.7759714,1129782317.1884959,782230442.7094042,1912012759.8979003,3082153651.872953,5166473596.351205,38940129588.13176,38940129588.13176,2314057950.8716908,16184409487.474066,17584372555.394882,56524502143.52664,16617829720.815565,22650855948.291336,0.29399338500354555,0.4007263237945278,0.372454272983616,766634.1144030388,87836178315.61978,,25402323196.477345,,21664975999.295197,66171202316.324585,62433855119.14244,9461203818.238815,9461203818.238815,1909336687.3910813,24122683821.814747,35015874569.90282,10294435493.6653,14031782690.847446,0.1821234173372414,0.24824248173328511,474915.5317243184,1.6142536160473664,1.6142536160473664,bcu_indice_implicito_vab,2005,base_2005_directa,directo,D.15-D.16,FALSE,Agregado BCU compatible con el grupo EAAE.,48714308475.82995,30177605297.927696,extraccion_directa_subrama_eaae,stock_capital_directo_subrama,consumo_capital_fijo_directo_subrama,directo,10|11|12,EAE_C2_2010.xls|EAE_C7_2010.xls,0.42909205410028467,10|11|12,10|11|12,agregacion_rev4_para_compatibilidad,baja,Agregado Rev4 definido para compatibilidad con 2001 y agrupaciones publicadas.
2010,subrama_industrial,C,13_14_15_textiles_prendas_cuero,Textiles prendas y cuero,4,Rev.4,6.6,16782161358.391457,,4309996166.234642,,4285804220.337777,12496357138.05368,12472165192.156815,2982353384.7064414,2982353384.7064414,13879.27467162955,,477224089.3575239,294383526.0209665,118748040.44138592,82217902.36237323,200965942.8037592,480853222.9426607,-360123827.3074391,4558130041.67578,4558130041.67578,451871724.95552146,1893387445.1596487,2341593723.7671604,6899723765.442941,822597612.6886749,846789558.5855398,0.11922181824272884,0.12272803772618548,0.691961957662697,310534.6834186264,17270067349.01936,,4435300225.955036,,4410404950.190465,12859662398.828894,12834767123.064322,3069059027.173649,3069059027.173649,494833017.50405353,4690648071.1417885,7100318699.965724,846512905.5127623,871408181.2773336,0.1226879414727437,0.12629609690198837,319562.8252116933,0.9717484604566058,0.9717484604566058,bcu_indice_implicito_vab,2005,base_2005_directa,directo,D.17 a D.19,FALSE,Agregado BCU compatible con el grupo EAAE.,5732309349.469289,5898964168.953546,extraccion_directa_subrama_eaae,stock_capital_directo_subrama,consumo_capital_fijo_directo_subrama,directo,13|14|15,EAE_C2_2010.xls|EAE_C7_2010.xls,0.04510058249112841,13|14|15,13|14|15,agregacion_rev4_para_compatibilidad,baja,Agregado Rev4 definido para compatibilidad con 2001.
2010,subrama_industrial,C,16_madera,Madera y productos de madera,4,Rev.4,6.6,5984902131.970272,,1190311497.3256166,,1188341416.9476645,4796560715.022608,4794590634.644655,688643677.9062018,688643677.9062018,3447.6270990632916,,131797175.32307498,81301254.60230735,32795193.399384063,22706496.872229453,55501690.27161352,183891863.88275224,-59084007.37836414,5371829505.058797,5371829505.058797,104339951.19790937,726751623.488274,830793077.6592209,6202622582.718018,315805875.1587105,317775955.5366626,0.05091489461870867,0.0512325151657723,0.5785407260649347,345255.2909939187,5573688856.178561,,1108527053.8652747,,1106692334.632405,4466996521.546157,4465161802.313287,641328046.605839,641328046.605839,171256941.1937532,5002739491.711731,5776450074.881295,294107346.83281296,295942066.0656825,0.04741661174940194,0.04771240908486799,321533.33931226423,1.0737775800555984,1.0737775800555984,bcu_indice_implicito_vab,2005,base_2005_directa,directo,D.20TT.0,FALSE,Fila BCU especifica de madera.,3907219324.248228,3638760388.3906,extraccion_directa_subrama_eaae,stock_capital_directo_subrama,consumo_capital_fijo_directo_subrama,directo,16,EAE_C2_2010.xls|EAE_C7_2010.xls,0.012455635644375171,16,16,uno_a_uno,baja,Division Rev4 conservada como grupo.
2010,subrama_industrial,C,17_18_papel_impresion,Papel impresion y reproduccion,4,Rev.4,6.6,27108931931.56599,,11452484876.40965,,11450750667.35911,15658181264.20688,15656447055.15634,2055916477.7951455,2055916477.7951455,5635.1674295339635,,1268075760.4478729,782233382.486893,315536275.3945002,218468705.55289096,534004980.94739115,1643630927.6903205,-20183364.292193633,21777678173.36476,21777678173.36476,311502496.6356281,2372451706.6980124,2683691444.3865886,24461369617.75135,7751203261.873644,7752937470.924185,0.31687527652779834,0.31694617235569517,0.17951706550864047,2032323.7986483017,25897980384.48935,,10940904253.684652,,10939247511.468216,14958732873.021132,14957076130.804695,1964079025.6324708,1964079025.6324708,1570210203.4901166,20804872858.041153,23368684245.38012,7404958282.34563,7406615024.562065,0.30272050985125265,0.3027882387741349,1941540.2275970143,1.0467585320978117,1.0467585320978117,bcu_indice_implicito_vab,2005,base_2005_directa,reconstruido_por_suma,D.210T.0|D.22TT.0,FALSE,Suma de papel e impresion.,13650795255.400995,13041016468.280796,extraccion_directa_subrama_eaae,stock_capital_directo_subrama,consumo_capital_fijo_directo_subrama,directo,17|18,EAE_C2_2010.xls|EAE_C7_2010.xls,0.1198408812850889,17|18,17|18,agregacion_rev4_para_compatibilidad,media,Agregado Rev4 definido para compatibilidad con Rev3 21-22.
2010,subrama_industrial,C,19_refinacion,Coque y refinacion de petroleo,4,Rev.4,6.6,41162283178,,15180150227,,5845559364.775307,35316723813.22469,25982132951,1712127200,1712127200,2513,,1680821302.149644,1036842256.2325191,418240068.79266745,289578009.13776886,707818077.9304363,797016252,7925455287,7892688619,7892688619,259413212.12121212,5351018759.579499,4196100022.878788,12088788641.878788,3336415912.7753067,12671006775,0.27599257556849593,1.0481618258345797,0.11278723691118317,6040648.71746916,69417505701.40512,,25600333207.322327,,9858154582.374365,59559351119.03075,43817172494.08279,2887390846.459493,2887390846.459493,1344115922.289099,13310504542.218369,20386953533.20962,5626647813.6257725,21368826438.573734,0.46544347662209623,1.767656551173905,10187160.05066547,0.5929669002377712,0.5929669002377712,bcu_indice_implicito_vab,2005,base_2005_directa,directo,D.23,FALSE,Fila BCU compatible.,5304522836.292874,8945731767.094988,extraccion_directa_subrama_eaae,stock_capital_directo_subrama,consumo_capital_fijo_directo_subrama,directo,19,EAE_C2_2010.xls|EAE_C7_2010.xls,0.15884784838188246,19,19,uno_a_uno,baja,Division Rev4 conservada como grupo.
2010,subrama_industrial,C,20_21_22_quimicos_farma_caucho_plastico,Quimicos farmaceuticos caucho y plastico,4,Rev.4,6.6,32413748706.20234,,10351283549.731585,,10288922470.381008,22124826235.82133,22062465156.470757,5186041893.407854,5186041893.407854,13045.37421631238,,1146145303.8873165,707018575.5814693,285196225.280554,197462082.88639548,482658308.1669495,1017616700.9805518,-65002159.000720665,12196585134.605955,12196585134.605955,785763923.2436143,3352246399.3668685,4128561674.224032,16325146808.829987,4085263875.9926014,4147624955.343178,0.25024362254328725,0.25406356242381845,0.501004717771675,793483.0674913094,23469427560.79865,,7494927588.712564,,7449774562.825389,16019652997.973259,15974499972.086084,3754994081.3020787,3754994081.3020787,736813309.2162831,8831032593.6159,11820349874.43229,2957967172.3070264,3003120198.1942024,0.1811908466701882,0.18395670393419475,574527.6037647622,1.3811052111191469,1.3811052111191469,bcu_indice_implicito_vab,2005,base_2005_directa,directo,D.24 - D.25,FALSE,Agregado BCU compatible con el grupo EAAE.,11370421448.129766,8232842332.783616,extraccion_directa_subrama_eaae,stock_capital_directo_subrama,consumo_capital_fijo_directo_subrama,directo,20|21|22,EAE_C2_2010.xls|EAE_C7_2010.xls,0.1083177106469644,20|21|22,20|21|22,agregacion_rev4_para_compatibilidad,baja,Agregado Rev4 definido para compatibilidad con Rev3 24-25.
2010,subrama_industrial,C,23_24_minerales_metales,Minerales no metalicos y metales comunes,4,Rev.4,6.6,9090232115.58451,,3270915829.949168,,3270915829.949168,5819316285.635343,5819316285.635343,1493783001.1122718,1493783001.1122718,4199.116973197748,,362171976.054519,223411738.24742803,90119533.81724364,62396305.69723828,152515839.51448193,428970108.45663947,-2564815.026121097,3744986566.6411552,3744986566.6411552,226330757.74428362,881714588.7326277,1108045346.4769113,4853031913.118067,1348162720.3802571,1348162720.3802571,0.27779803317099233,0.27779803317099233,0.4566864691029014,778953.2539404997,4233549041.7677574,,1523347523.0895,,1523347523.0895,2710201518.6782575,2710201518.6782575,695692201.5363942,695692201.5363942,199782136.30982095,1744134152.9063168,2260178655.969143,627873185.2432848,627873185.2432848,0.129377510076969,0.129377510076969,362778.06329587125,2.1471895154399347,2.1471895154399347,bcu_indice_implicito_vab,2005,base_2005_directa,proxy_grupo_amplio,D.26,FALSE,BCU 2005 no separa completamente metales comunes del grupo metal/equipos; se usa minerales no metalicos como proxy parcial.,3585347939.8248615,1669786441.31944,extraccion_directa_subrama_eaae,stock_capital_directo_subrama,consumo_capital_fijo_directo_subrama,directo,23|24,EAE_C2_2010.xls|EAE_C7_2010.xls,0.03422745717638047,23|24,23|24,agregacion_rev4_para_compatibilidad,baja,Agregado Rev4 definido para compatibilidad con 2001.
2010,subrama_industrial,C,25_26_27_28_33_metal_equipos_reparacion,Productos de metal equipos y reparacion,4,Rev.4,6.6,13475253212.649157,,5425506368.63153,,5425506368.63153,8049746844.017627,8049746844.017627,3076725602.8909283,3076725602.8909283,10166.584985949838,,600738895.3980498,370575664.95292485,149482325.4657575,103497482.52149522,252979807.98725274,300335469.0139476,-91554736.28782424,3234199809.4821177,3234199809.4821177,466170545.8925649,1219658612.7299435,1685829158.6225083,4920028968.104626,2048445296.726654,2048445296.726654,0.4163482186804664,0.4163482186804664,0.5670854283167983,533660.6516474852,9209307036.962202,,3707919487.0208106,,3707919487.0208106,5501387549.941392,5501387549.941392,2102707110.4613998,2102707110.4613998,205256369.1822259,2210328711.036516,3362464265.642999,1399956007.3771853,1399956007.3771853,0.2845422286032798,0.2845422286032798,364716.3223585043,1.463221191189009,1.463221191189009,bcu_indice_implicito_vab,2005,base_2005_directa,proxy_grupo_amplio,D.RR,FALSE,"BCU 2005 agrupa metales basicos, productos de metal y equipos; proxy compatible amplio.",12044766652.535553,8231678658.746059,extraccion_directa_subrama_eaae,stock_capital_directo_subrama,consumo_capital_fijo_directo_subrama,directo,25|26|27|28|33,EAE_C2_2010.xls|EAE_C7_2010.xls,0.05677348380297548,25|26|27|28|33,25|26|27|28|33,agregacion_rev4_para_compatibilidad,alta,Grupo amplio definido por reubicacion de reparacion e instalacion en Rev4 33.|Rev4 33 se agrega con metal/equipos para evitar quiebre artificial hacia atras.
2010,subrama_industrial,C,29_30_vehiculos_transporte,Vehiculos y otros equipos de transporte,4,Rev.4,6.6,7710071105.83197,,2057726334.419725,,1985760332.1313753,5724310773.700595,5652344771.412245,857873035.5522505,857873035.5522505,2611.4299351674927,,227841635.63383263,140547859.10445252,56694010.981093645,39253385.92577175,95947396.9068654,133011417.55358537,-173434010.63715723,1191296232.2969878,1191296232.2969878,129980762.9624622,867319814.1970599,986396637.418863,2177692869.715851,994875879.0255395,1066841881.3138891,0.4568485725699936,0.48989547431134883,0.4169033662069398,787969.1914030793,6845877916.301101,,1827083444.1383703,,1763183843.3399255,5082694072.961176,5018794472.16273,761717238.2022558,761717238.2022558,118102662.54966487,1057768269.1260502,1933603376.757109,883363942.5880047,947263543.3864496,0.40564211550330675,0.4349849129597647,699648.6559081986,1.1262355537297986,1.1262355537297986,bcu_indice_implicito_vab,2005,base_2005_directa,directo,D.SS,FALSE,Fila BCU de material de transporte.,2026290481.5309386,1799171119.0615432,extraccion_directa_subrama_eaae,stock_capital_directo_subrama,consumo_capital_fijo_directo_subrama,directo,29|30,EAE_C2_2010.xls|EAE_C7_2010.xls,0.02153242200462126,29|30,29|30,agregacion_rev4_para_compatibilidad,baja,Agregado Rev4 definido para compatibilidad con 2001.
2010,subrama_industrial,C,31_32_muebles_otras_manufacturas,Muebles y otras manufacturas,4,Rev.4,6.6,3097232908.778433,,1319924005.6329606,,1319924005.6329606,1777308903.1454723,1777308903.1454723,805603534.2253853,805603534.2253853,3288.531791767902,,146148513.2038125,90154113.33820546,36366247.93970312,25178997.575696517,61545245.51539964,87366033.72652943,-2816357.874698463,830286389.1942106,830286389.1942106,122061141.5493008,269289227.749314,391350369.2986148,1221636758.4928255,426954437.6810459,426954437.6810459,0.3494937711335684,0.3494937711335684,0.6103408459785256,401371.8246352651,2063722530.5897527,,879480810.5553035,,879480810.5553035,1184241720.034449,1184241720.034449,536783061.93620324,536783061.93620324,58213010.61947391,553229537.0379206,813990867.6395347,284484737.9996263,284484737.9996263,0.23287178944304582,0.23287178944304582,267438.7435623658,1.5007990962299242,1.5007990962299242,bcu_indice_implicito_vab,2005,base_2005_directa,directo,D.UU,FALSE,Fila BCU de otras industrias manufactureras.,2983493167.3129153,1987936409.8816333,extraccion_directa_subrama_eaae,stock_capital_directo_subrama,consumo_capital_fijo_directo_subrama,directo,31|32,EAE_C2_2010.xls|EAE_C7_2010.xls,0.013811924466298729,31|32,31|32,agregacion_rev4_para_compatibilidad,baja,Agregado Rev4 definido para compatibilidad con Rev3 36.
2011,economia_total,economia_total,,Economia total EAAE,4,Rev.4,4.2,771498581508.3346,,329709117763.86847,,306495708639.5266,465002872868.80804,441789463744.4661,172970589361.3419,172970589361.3419,542457.7700451784,11157,,,,,,31493510576.657906,22457275219.06147,,480005295799.9649,41183473657.46235,110714969730.66858,146371441215.66855,626376737015.6334,102031608701.52682,125245017825.86868,0.16289175933904498,0.199951579336419,0.5246157295692994,607806.0560113441,484597716184.7855,,207098612108.00562,,192517684396.478,292080031788.3075,277499104076.77985,108647189483.8307,108647189483.8307,19781868257.297546,301503431991.40735,393443025696.3146,64088626655.34977,78669554366.87738,0.10231642215944908,0.12559462974582644,381778.31260626524,1.5920392435653759,1.5920392435653759,bcu_indice_implicito_vab,2005,base_2005_directa,directo_total_economia,__TOTAL_VAB_SECTORES__,FALSE,VAB de sectores de actividad BCU.,832101930811.5745,522664208294.31323,agregacion_secciones_eaae,stock_original_e_imputado_agregado_desde_panel_eaae,suma_consumo_capital_fijo_original_eaae,directo_agregado,,,,,,,,
2011,industria_total,C,,Industria manufacturera EAAE,4,Rev.4,6.6,322720110758.9611,,97706590220.23463,,80854463732.71255,241865647026.24857,225013520538.7265,38240756792.58585,38240756792.58585,109399.62306503546,2202,,,,,,8184811603.980017,18825379389.486565,,122150149877.43665,5794054059.482705,36646310155.49221,39887011716.86551,162037161594.30215,34428895336.14669,51281021823.66877,0.21247530503124626,0.3164769199800153,0.3913835976303096,893116.3333364541,233310492165.48822,,70636975794.5481,,58453731572.20253,174856760593.28568,162673516370.94012,27646153712.19533,27646153712.19533,5917209247.094781,88308446346.80565,117144759995.76556,24890368612.912422,37073612835.257996,0.15360901393244142,0.22879697762221013,645678.4202314492,1.3832215935237677,1.3832215935237677,bcu_indice_implicito_vab,2005,base_2005_directa,directo,D,FALSE,Total industria manufacturera BCU Rev.3.,117956673328.69933,85276772630.62659,rama_c_panel_eaae,stock_imputado_ratio_stock_consumo_capital_fijo_rama_c,consumo_capital_fijo_original_rama_c,imputado,,,,,,,,
2011,subrama_industrial,C,10_11_12_alimentos_bebidas_tabaco,Alimentos bebidas y tabaco,4,Rev.4,6.6,154151427299.71338,,42893803586.41139,,36583001406.22391,117568425893.48947,111257623713.30199,16801698018.07014,16801698018.07014,52306.64072823009,,,,,,,3073168705.129213,6571112300.386465,,39120704047.823784,2545711820.9197183,17813397862.64992,19402927535.056385,58523631582.88017,16708134683.024555,23018936863.21204,0.2854938121767577,0.3933272122836911,0.39170454968448776,820045.0839363775,89431641812.59721,,24885032500.292484,,21223792315.78636,68207849496.81085,64546609312.304726,9747580449.41091,9747580449.41091,1782912605.3593795,22696051883.186836,33952747301.628605,9693299261.016071,13354539445.522194,0.16563051538058754,0.22819054601233557,475752.83279206906,1.7236788252499669,1.7236788252499669,bcu_indice_implicito_vab,2005,base_2005_directa,directo,D.15-D.16,FALSE,Agregado BCU compatible con el grupo EAAE.,54236201145.944214,31465375307.420692,extraccion_directa_subrama_eaae,stock_imputado_ratio_stock_consumo_capital_fijo_subrama_2012_2024,consumo_capital_fijo_directo_subrama,directo_con_stock_imputado,10|11|12,EAE_C2_2011.xls,0.43900624809162825,10|11|12,10|11 y 12,agregacion_rev4_para_compatibilidad,baja,Agregado Rev4 definido para compatibilidad con 2001 y agrupaciones publicadas.
2011,subrama_industrial,C,13_14_15_textiles_prendas_cuero,Textiles prendas y cuero,4,Rev.4,6.6,18832135610.31309,,4481041469.323585,,4455889448.624181,14376246161.688911,14351094140.989506,3244811082.002214,3244811082.002214,12561.567564389745,,,,,,,475353674.0276835,-232733681.29379657,,4868931834.149339,491638042.7276082,2178219115.407411,2666046245.9078364,7534978080.057175,735724692.5942836,760876713.2936873,0.09764125187590472,0.10097928689500765,0.7241198512032561,356726.2960099581,18674347554.112152,,4443496347.632068,,4418555067.155536,14255792486.95662,14230851206.480085,3217623914.0695443,3217623914.0695443,471370847.3432937,4828136711.0797825,7471845062.678211,729560305.7426983,754501586.2192295,0.09682314905117315,0.10013321581069609,353737.40776021825,1.00844945483336,1.00844945483336,bcu_indice_implicito_vab,2005,base_2005_directa,directo,D.17 a D.19,FALSE,Agregado BCU compatible con el grupo EAAE.,5424424877.362387,5378975467.103345,extraccion_directa_subrama_eaae,stock_imputado_ratio_stock_consumo_capital_fijo_subrama_2012_2024,consumo_capital_fijo_directo_subrama,directo_con_stock_imputado,13|14|15,EAE_C2_2011.xls,0.04586222341014187,13|14|15,13|14|15,agregacion_rev4_para_compatibilidad,baja,Agregado Rev4 definido para compatibilidad con 2001.
2011,subrama_industrial,C,16_madera,Madera y productos de madera,4,Rev.4,6.6,5783368187.765341,,1179676403.2105424,,1177723924.9395015,4605644262.825839,4603691784.554798,857335197.0402097,857335197.0402097,3392.83414421969,,,,,,,244012256.61584556,138572748.76256326,,2519369695.982128,129899272.27881965,697824888.3069453,827428330.5446982,3346798026.5268264,76376471.28344631,78328949.55448723,0.022820759029401835,0.023404145972852116,0.7267545529493794,347696.45466470433,4571153529.278525,,932412009.5535698,,930868777.7118915,3640284751.566634,3638741519.724956,677634673.1677371,677634673.1677371,192866414.83009756,1991300796.2572672,2645297189.1197968,60367689.71405689,61910921.555735104,0.01803744631004939,0.018498553263455755,274818.03410346573,1.265187911699422,1.265187911699422,bcu_indice_implicito_vab,2005,base_2005_directa,directo,D.20TT.0,FALSE,Fila BCU especifica de madera.,4927243974.785945,3894476013.5809283,extraccion_directa_subrama_eaae,stock_imputado_ratio_stock_consumo_capital_fijo_subrama_2012_2024,consumo_capital_fijo_directo_subrama,directo_con_stock_imputado,16,EAE_C2_2011.xls,0.012073662590737264,16,16,uno_a_uno,baja,Division Rev4 conservada como grupo.
2011,subrama_industrial,C,17_18_papel_impresion,Papel impresion y reproduccion,4,Rev.4,6.6,26982895129.99861,,10049016375.8937,,10047494689.086323,16935400440.912289,16933878754.104912,2306873254.7531404,2306873254.7531404,5962.731377322454,,,,,,,1589103485.4200752,5693956.006171994,,34856657015.82993,349526250.7201728,2565969763.7745895,2915265455.8875837,37771922471.717514,6151517948.913107,6153039635.720484,0.16285954080095286,0.16289982698994726,0.2295620952799951,1685304.2238515497,27180560350.66059,,10122631198.53623,,10121098364.498095,17059461986.162495,17057929152.12436,2323772427.6826253,2323772427.6826253,1600744582.106956,35112002069.33062,38048623520.81652,6196581354.708513,6198114188.74665,0.16405258057352862,0.16409316188201997,1697650.0462581238,0.9927276988365262,0.9927276988365262,bcu_indice_implicito_vab,2005,base_2005_directa,reconstruido_por_suma,D.210T.0|D.22TT.0,FALSE,Suma de papel e impresion.,12471744600.52394,12563107300.361202,extraccion_directa_subrama_eaae,stock_imputado_ratio_stock_consumo_capital_fijo_subrama_2012_2024,consumo_capital_fijo_directo_subrama,directo_con_stock_imputado,17|18,EAE_C2_2011.xls,0.1028489107361418,17|18,17|18,agregacion_rev4_para_compatibilidad,media,Agregado Rev4 definido para compatibilidad con Rev3 21-22.
2011,subrama_industrial,C,19_refinacion,Coque y refinacion de petroleo,4,Rev.4,6.6,38558923767,,14722545501,,5669345325.293868,32889578441.70613,23836378266,2164648016,2164648016,2579,,,,,,,790896807,12212901207,,12765522001.810053,327976972.1212121,4983269460.864566,3939549436.666667,16705071438.476719,2713800502.293868,11767000678,0.1624536903232382,0.7043969085278569,0.14702946687126697,5708625.630476929,90821844935.92717,,34677543196.84392,,13353598900.567137,77468246035.36003,56144301739.08325,5098620688.637292,5098620688.637292,1862881536.8324416,30067962134.534523,39347192805.40127,6392096675.097404,27716040971.374187,0.38264407899355135,1.6591393262489107,13446119.890207026,0.42455560987780505,0.42455560987780505,bcu_indice_implicito_vab,2005,base_2005_directa,directo,D.23,FALSE,Fila BCU compatible.,3721276863.452617,8765110569.4344,extraccion_directa_subrama_eaae,stock_imputado_ratio_stock_consumo_capital_fijo_subrama_2012_2024,consumo_capital_fijo_directo_subrama,directo_con_stock_imputado,19,EAE_C2_2011.xls,0.15068119220837387,19,19,uno_a_uno,baja,Division Rev4 conservada como grupo.
2011,subrama_industrial,C,20_21_22_quimicos_farma_caucho_plastico,Quimicos farmaceuticos caucho y plastico,4,Rev.4,6.6,42285982382.55208,,11662952950.043018,,11592689747.331455,30693292635.220623,30623029432.50906,6225170174.95669,6225170174.95669,13172.237443226928,,,,,,,1006768122.4902316,65727787.26715854,,12661508576.808096,943207602.2661651,4650498884.124337,5583060546.58572,18244569123.393814,4360751449.884533,4431014652.596096,0.23901641197396256,0.24286759652298373,0.5337559194160797,885419.2767410238,27597823186.378246,,7611792258.588883,,7565935184.076586,20031888002.301662,19986030927.789364,4062839175.3873067,4062839175.3873067,657064281.5580375,8263496678.741993,11907264876.193003,2846031727.1312413,2891888801.643538,0.15599336481353027,0.15850682918762157,577866.3109738288,1.532221657374181,1.532221657374181,bcu_indice_implicito_vab,2005,base_2005_directa,directo,D.24 - D.25,FALSE,Agregado BCU compatible con el grupo EAAE.,14838723726.903189,9684449802.34309,extraccion_directa_subrama_eaae,stock_imputado_ratio_stock_consumo_capital_fijo_subrama_2012_2024,consumo_capital_fijo_directo_subrama,directo_con_stock_imputado,20|21|22,EAE_C2_2011.xls,0.11936710639225302,20|21|22,20|21|22,agregacion_rev4_para_compatibilidad,baja,Agregado Rev4 definido para compatibilidad con Rev3 24-25.
2011,subrama_industrial,C,23_24_minerales_metales,Minerales no metalicos y metales comunes,4,Rev.4,6.6,11131884032.560663,,4301077910.933399,,4301077910.933399,6830806121.627264,6830806121.627264,1860002527.7970204,1860002527.7970204,4422.74202659042,,,,,,,575919886.1320741,40873028.64301726,,7035610735.710841,281818564.81773037,1034970624.4889795,1316789189.3067098,8352399925.017551,1865155497.0043044,1865155497.0043044,0.22330773355544095,0.22330773355544095,0.4324503220620274,972491.2475279925,4216990114.99303,,1629338122.9240878,,1629338122.9240878,2587651992.068942,2587651992.068942,704607796.006461,704607796.006461,218170478.57695,2665236256.3829803,3164063497.000466,706559848.3406768,706559848.3406768,0.08459363233127179,0.08459363233127179,368399.99103003915,2.639770008704197,2.639770008704197,bcu_indice_implicito_vab,2005,base_2005_directa,proxy_grupo_amplio,D.26,FALSE,BCU 2005 no separa completamente metales comunes del grupo metal/equipos; se usa minerales no metalicos como proxy parcial.,4638494428.380071,1757158545.2844062,extraccion_directa_subrama_eaae,stock_imputado_ratio_stock_consumo_capital_fijo_subrama_2012_2024,consumo_capital_fijo_directo_subrama,directo_con_stock_imputado,23|24,EAE_C2_2011.xls,0.044020346030278955,23|24,23|24,agregacion_rev4_para_compatibilidad,baja,Agregado Rev4 definido para compatibilidad con 2001.
2011,subrama_industrial,C,25_26_27_28_33_metal_equipos_reparacion,Productos de metal equipos y reparacion,4,Rev.4,6.6,12156513988.759174,,4958614423.739007,,4958614423.739007,7197899565.020167,7197899565.020167,2955752833.5493436,2955752833.5493436,8259.137381310122,,,,,,,244306048.8970657,39548221.67907621,,2211839906.497169,447841338.4165672,1090590843.1848738,1538432181.6014411,3750272088.09861,1758555541.2925973,1758555541.2925973,0.4689141214242367,0.4689141214242367,0.5960844262056133,600379.2157471579,7439230360.342505,,3034445154.2951493,,3034445154.2951493,4404785206.047356,4404785206.047356,1808785498.6504278,1808785498.6504278,149504124.11411047,1353544823.774795,2294994930.5471864,1076155531.530611,1076155531.530611,0.2869539879375052,0.2869539879375052,367404.6106996472,1.6341090946133148,1.6341090946133148,bcu_indice_implicito_vab,2005,base_2005_directa,proxy_grupo_amplio,D.RR,FALSE,"BCU 2005 agrupa metales basicos, productos de metal y equipos; proxy compatible amplio.",12410610229.18854,7594725633.740694,extraccion_directa_subrama_eaae,stock_imputado_ratio_stock_consumo_capital_fijo_subrama_2012_2024,consumo_capital_fijo_directo_subrama,directo_con_stock_imputado,25|26|27|28|33,EAE_C2_2011.xls,0.05075005086721466,25|26|27|28|33,25|26|27|28|33,agregacion_rev4_para_compatibilidad,alta,Grupo amplio definido por reubicacion de reparacion e instalacion en Rev4 33.|Rev4 33 se agrega con metal/equipos para evitar quiebre artificial hacia atras.
2011,subrama_industrial,C,29_30_vehiculos_transporte,Vehiculos y otros equipos de transporte,4,Rev.4,6.6,9990429492.144812,,2315089238.2560263,,2234122340.6510296,7756307151.493782,7675340253.888785,1069936471.7638998,1069936471.7638998,3800.868247820513,,,,,,,134284640.5834174,-32098927.994140908,,1421741632.6252244,162111586.63089392,1175198053.2566338,1325041928.1291947,2746783560.7544193,1029901228.3037124,1110868125.908709,0.37494808219284825,0.4044250671150817,0.46215776657054086,609094.8402601276,9042630785.993313,,2095455178.8425057,,2022169664.7907841,7020461121.202528,6947175607.150806,968430885.4025257,968430885.4025257,121544967.20890884,1286860056.1180854,2486194373.171621,932193812.1793497,1005479326.2310711,0.33937650767187405,0.36605699138337305,551309.6067047517,1.104814486910115,1.104814486910115,bcu_indice_implicito_vab,2005,base_2005_directa,directo,D.SS,FALSE,Fila BCU de material de transporte.,2436373115.674745,2205232773.955255,extraccion_directa_subrama_eaae,stock_imputado_ratio_stock_consumo_capital_fijo_subrama_2012_2024,consumo_capital_fijo_directo_subrama,directo_con_stock_imputado,29|30,EAE_C2_2011.xls,0.023694299770749553,29|30,29|30,agregacion_rev4_para_compatibilidad,baja,Agregado Rev4 definido para compatibilidad con 2001.
2011,subrama_industrial,C,31_32_muebles_otras_manufacturas,Muebles y otras manufacturas,4,Rev.4,6.6,2846550868.154051,,1142772361.4239843,,1142772361.4239843,1703778506.7300665,1703778506.7300665,754529216.6532025,754529216.6532025,2941.8641519255175,,,,,,,50997977.684409894,15782749.030049976,,579727128.5382396,114322608.58381857,258148258.59546465,372470867.17928326,952197995.7175229,337245167.0863719,337245167.0863719,0.3541754641399375,0.3541754641399375,0.6602620452887046,388451.77833110123,1964689856.8645036,,788741663.5736341,,788741663.5736341,1175948193.2908695,1175948193.2908695,520776183.99554294,520776183.99554294,35198812.21800812,400127755.28823733,657207206.3922393,232766667.36008307,232766667.36008307,0.24445196104900765,0.24445196104900765,268109.47849423456,1.448855074101584,1.448855074101584,bcu_indice_implicito_vab,2005,base_2005_directa,directo,D.UU,FALSE,Fila BCU de otras industrias manufactureras.,2851580366.4836783,1968161217.4025795,extraccion_directa_subrama_eaae,stock_imputado_ratio_stock_consumo_capital_fijo_subrama_2012_2024,consumo_capital_fijo_directo_subrama,directo_con_stock_imputado,31|32,EAE_C2_2011.xls,0.011695959902480771,31|32,31|32,agregacion_rev4_para_compatibilidad,baja,Agregado Rev4 definido para compatibilidad con Rev3 36.
2012,economia_total,economia_total,,Economia total EAAE,4,Rev.4,4.2,908716083147.9983,,380803978320.66113,,354432863100.079,554283220047.9193,527912104827.33716,204379867609.76282,204379867609.76282,564843.7972115326,,70402576883.8423,39914783804.83109,16418462867.307844,10196185807.906422,26614648675.214264,35113806680.25136,19479252420.684956,490287039450.53174,490287039450.53174,48661873240.419716,131972195249.5046,174355231532.64285,664642270983.1746,114939188810.06482,141310304030.64697,0.17293391321626383,0.21261106944283453,0.5367062300952696,674175.7282288983,522864007003.7726,,219109904270.60675,,203936290389.33237,318927716614.44025,303754102733.16583,117597650697.61276,117597650697.61276,20204050530.71114,282105104975.2034,382426951030.1507,66134589161.00846,81308203042.28285,0.09950403705617253,0.12233378253538914,387912.38454292633,1.7379587636091418,1.7379587636091418,bcu_indice_implicito_vab,2005,base_2005_directa,directo_total_economia,__TOTAL_VAB_SECTORES__,FALSE,VAB de sectores de actividad BCU.,940453135350.5511,541125114728.0122,agregacion_secciones_eaae,stock_original_e_imputado_agregado_desde_panel_eaae,suma_consumo_capital_fijo_original_eaae,directo_agregado,,,,,,,,
2012,industria_total,C,,Industria manufacturera EAAE,4,Rev.4,6.6,366495477250.2876,,99292174533.5738,,82166571432.60332,284328905817.68427,267203302716.7138,43787874689.42513,43787874689.42513,110138.7495335752,,17144628448.13904,11867620456.347712,5974186587.405126,3152613515.846943,9126800103.252068,9200641100.656364,16525006971.019114,118070224347.51068,118070224347.51068,6634526468.094717,43080137245.103676,47119875364.566505,165190099712.07718,29178055642.521828,46303658743.49232,0.17663319831744492,0.280305289628123,0.44100025903470447,901518.9926711954,236839979070.43903,,64165475423.671265,,53098415304.856895,183741563765.58212,172674503646.7678,28296991282.923992,28296991282.923992,5945720427.610992,76300394408.98593,106750620913.48466,18855703594.32192,29922763713.136288,0.11414548224855492,0.1811413865921204,582587.6514433349,1.5474392401516277,1.5474392401516277,bcu_indice_implicito_vab,2005,base_2005_directa,directo,D,FALSE,Total industria manufacturera BCU Rev.3.,126748189710.34439,81908346655.29408,rama_c_panel_eaae,stock_original_rama_c,consumo_capital_fijo_original_rama_c,directo,,,,,,,,
2012,subrama_industrial,C,10_11_12_alimentos_bebidas_tabaco,Alimentos bebidas y tabaco,4,Rev.4,6.6,172603129894.91943,,45108070788.33272,,38471491896.42854,134131637998.49089,127495059106.58672,19171996413.059486,19171996413.059486,53468.668718350746,,7788741835.005546,5391416455.009629,2714051059.4443393,1432220759.6832645,4146271819.127603,3197579584.9272246,4771865216.044307,39674242069.870544,39674242069.870544,2904847941.3726497,20322975454.316803,22222281139.340336,61896523209.21088,16101915898.441833,22738494790.34601,0.2601424936909169,0.3673630377184461,0.42502363940641763,843635.5695695744,92404712569.13611,,24149030891.164738,,20596075824.114983,71808636745.02112,68255681677.97137,10263908997.500843,10263908997.500843,1711854371.59813,21239979466.749092,33136887144.85094,8620312455.016012,12173267522.065767,0.13926973613492422,0.19667126505506616,451648.25438933464,1.867903974765138,1.867903974765138,bcu_indice_implicito_vab,2005,base_2005_directa,directo,D.15-D.16,FALSE,Agregado BCU compatible con el grupo EAAE.,59548401468.60582,31879798037.312477,extraccion_directa_subrama_eaae,stock_capital_directo_subrama,consumo_capital_fijo_directo_subrama,directo,10|11|12,EAE_C2.1_2012.xls|EAE_C7_2012.xls,0.4542963330214936,10|11|12,10|11 y 12,agregacion_rev4_para_compatibilidad,baja,Agregado Rev4 definido para compatibilidad con 2001 y agrupaciones publicadas.
2012,subrama_industrial,C,13_14_15_textiles_prendas_cuero,Textiles prendas y cuero,4,Rev.4,6.6,20414251741.20155,,4307148495.13612,,4282972533.175781,16131279208.025768,16107103246.06543,3563303875.5432916,3563303875.5432916,12124.60314170846,,743708766.2442204,514799920.83485776,259151427.49647078,136755737.54238346,395907165.03885424,483039152.785001,-484088789.68700594,4796297636.25547,4796297636.25547,539894526.5974685,2444133213.337238,2980364715.3952613,7776662351.650732,236629504.8474884,260805466.80782747,0.030428157241166535,0.033536941044182915,0.8272999827071622,355240.3690904811,18377484329.012356,,3877416374.3821,,3855652492.575537,14521831836.436817,14500067954.630255,3207786499.474779,3207786499.474779,434845448.8140485,4317762206.765845,7000770457.387821,213020544.28671,234784426.0932728,0.027392284074348766,0.030190898804219747,319797.38462893217,1.1108295006936162,1.1108295006936162,bcu_indice_implicito_vab,2005,base_2005_directa,directo,D.17 a D.19,FALSE,Agregado BCU compatible con el grupo EAAE.,5581380920.674406,5024516289.123867,extraccion_directa_subrama_eaae,stock_capital_directo_subrama,consumo_capital_fijo_directo_subrama,directo,13|14|15,EAE_C2.1_2012.xls|EAE_C7_2012.xls,0.04337852922819952,13|14|15,13|14|15,agregacion_rev4_para_compatibilidad,baja,Agregado Rev4 definido para compatibilidad con 2001.
2012,subrama_industrial,C,16_madera,Madera y productos de madera,4,Rev.4,6.6,6810299216.151784,,1453374912.6159267,,1450969436.9034047,5359329779.248379,5356924303.535857,1067464448.5067488,1067464448.5067488,3249.4434675308435,,250952031.1111848,173710586.20406395,87446296.24850506,46145926.55090402,133592222.79940906,317464667.13379586,-79295393.64627254,6776614677.83494,6776614677.83494,161737037.6525377,812019663.5224817,973392235.1579707,7750006912.99291,66040321.26286018,68445796.97538221,0.008521324174839558,0.008831707860883662,0.7344728736134722,447268.87146625866,4466901853.739435,,953274281.3921292,,951696520.4776151,3515205333.2618194,3513627572.347306,700154100.7958949,700154100.7958949,208226315.04259005,4444808033.501256,5083259802.159317,43316104.63913033,44893865.55364437,0.005589169806611495,0.005792751678502333,293365.39961918286,1.5246135776300056,1.5246135776300056,bcu_indice_implicito_vab,2005,base_2005_directa,directo,D.20TT.0,FALSE,Fila BCU especifica de madera.,4835387615.255176,3171549621.6239467,extraccion_directa_subrama_eaae,stock_capital_directo_subrama,consumo_capital_fijo_directo_subrama,directo,16,EAE_C2.1_2012.xls|EAE_C7_2012.xls,0.014637356059963162,16,16,uno_a_uno,baja,Division Rev4 conservada como grupo.
2012,subrama_industrial,C,17_18_papel_impresion,Papel impresion y reproduccion,4,Rev.4,6.6,25543607546.933167,,8094276863.778924,,8093051176.223233,17450556370.709934,17449330683.154243,2431924427.045555,2431924427.045555,5567.454952234203,,1397626449.7957401,967445885.2287891,487014414.79641217,257000380.55998215,744014795.3563942,1604309160.7405963,-17022804.034481704,17841408625.148533,17841408625.148533,368473398.03720534,2644023692.5318084,3012311380.333303,20853720005.481834,4056817588.4370823,4058043275.992773,0.19453687818627388,0.1945956536735907,0.30044986945383256,1453855.8341690246,27663291698.12417,,8765963913.150465,,8764636514.41395,18898655183.710217,18897327784.9737,2633732713.343065,2633732713.343065,1737439482.8920054,19321941514.95917,22584223408.643528,4393464318.178881,4394791716.915396,0.21068012407493567,0.21074377692613755,1574501.0940111354,0.9233755630269143,0.9233755630269143,bcu_indice_implicito_vab,2005,base_2005_directa,reconstruido_por_suma,D.210T.0|D.22TT.0,FALSE,Suma de papel e impresion.,11626552873.728313,12591358640.264803,extraccion_directa_subrama_eaae,stock_capital_directo_subrama,consumo_capital_fijo_directo_subrama,directo,17|18,EAE_C2.1_2012.xls|EAE_C7_2012.xls,0.08151978644643333,17|18,17|18,agregacion_rev4_para_compatibilidad,media,Agregado Rev4 definido para compatibilidad con Rev3 21-22.
2012,subrama_industrial,C,19_refinacion,Coque y refinacion de petroleo,4,Rev.4,6.6,56447655661.14728,,12777646882.599997,,4920405416.115281,51527250245.032,43670008778.54728,2103700744,2103700744,2659,,2206296813.1453824,1527212635.2380059,768802244.3180171,405701481.02843046,1174503725.3464475,797119237,12809719255.999998,22952904847,22952904847,318742536.969697,7807159128.0351515,6935410533.719285,29888315380.719284,2019585435.115281,9876826901.599997,0.06757106947613714,0.33045779850046214,0.16463913608887734,4805433.201429107,79381824750.32878,,17969088595.01646,,6919521384.330476,72462303365.9983,61412736155.312325,2958415222.5880084,2958415222.5880084,1120981532.988676,32278461323.764633,42031666077.99196,2840124628.7537913,13889691839.439775,0.09502458042804023,0.4647197964325519,6757837.0045191655,0.7110904270427908,0.7110904270427908,bcu_indice_implicito_vab,2005,base_2005_directa,directo,D.23,FALSE,Fila BCU compatible.,5498991166.112013,7733181262.164712,extraccion_directa_subrama_eaae,stock_capital_directo_subrama,consumo_capital_fijo_directo_subrama,directo,19,EAE_C2.1_2012.xls|EAE_C7_2012.xls,0.12868735066608367,19,19,uno_a_uno,baja,Division Rev4 conservada como grupo.
2012,subrama_industrial,C,20_21_22_quimicos_farma_caucho_plastico,Quimicos farmaceuticos caucho y plastico,4,Rev.4,6.6,48361589474.56268,,13848816588.063282,,13765384698.09422,34596204776.46846,34512772886.499405,7501758552.835925,7501758552.835925,13601.260710720122,,2391254053.6463532,1655241209.1764045,833252113.779277,439712057.4617976,1272964171.2410746,1228289540.193918,-81933392.97416392,16528904953.536264,16528904953.536264,1136630083.763019,5241849208.555827,6365838096.868989,22894743050.405254,5035336605.064376,5118768495.033439,0.2199341828811329,0.22357833340884917,0.5416895014193429,1018200.9508242161,25811140332.87859,,7391273783.232713,,7346745217.409593,18464395115.468998,18419866549.64588,4003775410.493189,4003775410.493189,655552351.273062,8821667979.48062,12219189488.5926,2687417455.643342,2731946021.4664617,0.11738142025558887,0.11932634559172763,543425.6382871276,1.8736711687611498,1.8736711687611498,bcu_indice_implicito_vab,2005,base_2005_directa,directo,D.24 - D.25,FALSE,Agregado BCU compatible con el grupo EAAE.,16843147015.257113,8989382606.764244,extraccion_directa_subrama_eaae,stock_capital_directo_subrama,consumo_capital_fijo_directo_subrama,directo,20|21|22,EAE_C2.1_2012.xls|EAE_C7_2012.xls,0.13947540834026714,20|21|22,20|21|22,agregacion_rev4_para_compatibilidad,baja,Agregado Rev4 definido para compatibilidad con Rev3 24-25.
2012,subrama_industrial,C,23_24_minerales_metales,Minerales no metalicos y metales comunes,4,Rev.4,6.6,13423963672.10796,,5133608617.078192,,5133608617.078192,8290355055.029768,8290355055.029768,2331156748.6401896,2331156748.6401896,4629.175420909768,,886412375.9139773,613580263.7530091,308877672.2758318,162996570.34700778,471874242.62283957,1113477963.788813,10568902.321940295,4813958453.572388,4813958453.572388,353205567.9757863,1256114402.2772377,1609319970.253024,6423278423.825412,1688973904.649189,1688973904.649189,0.26294577211294434,0.26294577211294434,0.45409709281012045,1108968.2611486104,4629332512.99376,,1770355005.4596632,,1770355005.4596632,2858977507.5340967,2858977507.5340967,803913061.2210779,803913061.2210779,383989398.82263607,1660121773.9904943,2215105193.498854,582452545.4159492,582452545.4159492,0.09067838990997171,0.09067838990997171,382434.2014482866,2.8997622517780144,2.8997622517780144,bcu_indice_implicito_vab,2005,base_2005_directa,proxy_grupo_amplio,D.26,FALSE,BCU 2005 no separa completamente metales comunes del grupo metal/equipos; se usa minerales no metalicos como proxy parcial.,5096957907.867702,1757715793.6801395,extraccion_directa_subrama_eaae,stock_capital_directo_subrama,consumo_capital_fijo_directo_subrama,directo,23|24,EAE_C2.1_2012.xls|EAE_C7_2012.xls,0.05170204642202046,23|24,23|24,agregacion_rev4_para_compatibilidad,baja,Agregado Rev4 definido para compatibilidad con 2001.
2012,subrama_industrial,C,25_26_27_28_33_metal_equipos_reparacion,Productos de metal equipos y reparacion,4,Rev.4,6.6,14587490630.085442,,5623647677.623765,,5623647677.623765,8963842952.461678,8963842952.461678,3485845729.13202,3485845729.13202,7943.748387142157,,971026673.6428294,672150816.8369646,338362219.23603624,178555739.76621044,516917959.0022466,276651726.778119,-137355407.4225581,2716962114.348723,2716962114.348723,528158443.80788183,1358158023.1002543,1886316466.908136,4603278581.256859,1861150221.713626,1861150221.713626,0.40430970858284787,0.40430970858284787,0.6198549285016627,707933.7616894143,8128991577.821676,,3133821009.197951,,3133821009.197951,4995170568.623726,4995170568.623726,1942514397.5934043,1942514397.5934043,154166306.87192982,1514048077.5528684,2565212466.3736453,1037140304.732617,1037140304.732617,0.22530470107882128,0.22530470107882128,394501.54467006907,1.794501875224534,1.794501875224534,bcu_indice_implicito_vab,2005,base_2005_directa,proxy_grupo_amplio,D.RR,FALSE,"BCU 2005 agrupa metales basicos, productos de metal y equipos; proxy compatible amplio.",13082060763.64813,7290079182.564944,extraccion_directa_subrama_eaae,stock_capital_directo_subrama,consumo_capital_fijo_directo_subrama,directo,25|26|27|28|33,EAE_C2.1_2012.xls|EAE_C7_2012.xls,0.056637370508208905,25|26|27|28|33,25|26|27|28|33,agregacion_rev4_para_compatibilidad,alta,Grupo amplio definido por reubicacion de reparacion e instalacion en Rev4 33.|Rev4 33 se agrega con metal/equipos para evitar quiebre artificial hacia atras.
2012,subrama_industrial,C,29_30_vehiculos_transporte,Vehiculos y otros equipos de transporte,4,Rev.4,6.6,5442313505.858726,,1720429043.5310123,,1660259526.1308227,3782053979.727903,3721884462.327713,1281260542.91181,1281260542.91181,4043.542411963075,,297063860.8861654,205629486.98237643,103514342.03880619,54625129.13197931,158139471.1707855,134308311.11788762,-269134708.40144485,1345896212.204738,1345896212.204738,194130385.28966817,573038481.776955,758052273.5211399,2103948485.7258778,244690672.10112524,304860189.50131464,0.11630069545961585,0.14489907503421387,0.7447331511459189,425475.7013160081,4239642055.77035,,1340239462.3298976,,1293366525.632915,2946275530.1374354,2899402593.4404526,998120758.0710566,998120758.0710566,104628144.56423675,1048472892.6076213,1639006733.7457287,190617622.9976217,237490559.69460416,0.09059994780806489,0.11287850501371384,331451.8127384332,1.2836728748011836,1.2836728748011836,bcu_indice_implicito_vab,2005,base_2005_directa,directo,D.SS,FALSE,Fila BCU de material de transporte.,1707577925.5313535,1330228252.891785,extraccion_directa_subrama_eaae,stock_capital_directo_subrama,consumo_capital_fijo_directo_subrama,directo,29|30,EAE_C2.1_2012.xls|EAE_C7_2012.xls,0.0173269348930341,29|30,29|30,agregacion_rev4_para_compatibilidad,baja,Agregado Rev4 definido para compatibilidad con 2001.
2012,subrama_industrial,C,31_32_muebles_otras_manufacturas,Muebles y otras manufacturas,4,Rev.4,6.6,2861175907.3195477,,1225154664.8138812,,1225154664.8138812,1636021242.5056665,1636021242.5056665,849463207.750108,849463207.750108,2851.8523230158403,,211545588.74764016,146433197.08361024,73714797.77142985,38899733.77498304,112614531.54641289,48401756.191012755,1684092.8187958645,623034757.7390755,623034757.7390755,128706546.62880425,247882006.4402525,376588553.06905675,999623310.8081323,327289700.8727603,327289700.8727603,0.3274130338238784,0.3274130338238784,0.693351812751865,429599.61668641993,2091876132.068548,,895740731.9347906,,895740731.9347906,1196135400.1337574,1196135400.1337574,621063460.2426693,621063460.2426693,35387715.33311132,455516047.031331,730849207.694426,239289556.3590098,239289556.3590098,0.23937972811534308,0.23937972811534308,314090.85411110724,1.3677558931227343,1.3677558931227343,bcu_indice_implicito_vab,2005,base_2005_directa,directo,D.UU,FALSE,Fila BCU de otras industrias manufactureras.,2927732053.6643705,2140536968.903159,extraccion_directa_subrama_eaae,stock_capital_directo_subrama,consumo_capital_fijo_directo_subrama,directo,31|32,EAE_C2.1_2012.xls|EAE_C7_2012.xls,0.01233888441429609,31|32,31|32,agregacion_rev4_para_compatibilidad,baja,Agregado Rev4 definido para compatibilidad con Rev3 36.
2013,economia_total,economia_total,,Economia total EAAE,4,Rev.4,4.2,1029630572140.0803,,446438532539.4928,,416641358492.07404,612989213648.0063,583192039600.5875,239717322965.6686,239717322965.6686,592299.2079636372,,95632259933.44011,53002735212.25881,14065686833.834818,25576872929.305115,39642559763.13994,37001352296.951645,24693359137.994926,551876752379.7019,551876752379.7019,57075553087.06395,145949812773.33484,195930800611.01334,747807552990.7152,139922683229.45377,169719857276.87253,0.18711055092966017,0.22695659678497493,0.5369548224300347,753738.1893087063,549452406590.4818,,238237609425.97095,,222336635394.16812,327115771196.3137,311214797164.51086,127922833265.47818,127922833265.47818,19745414148.305214,294503696705.6107,399060275379.4176,74668387980.38474,90569362012.18753,0.09984973765210393,0.12111319503256214,402225.1021490425,1.873921307450902,1.873921307450902,bcu_indice_implicito_vab,2005,base_2005_directa,directo_total_economia,__TOTAL_VAB_SECTORES__,FALSE,VAB de sectores de actividad BCU.,1065073967610.1615,568366432131.018,agregacion_secciones_eaae,stock_original_e_imputado_agregado_desde_panel_eaae,suma_consumo_capital_fijo_original_eaae,directo_agregado,,,,,,,,
2013,industria_total,C,,Industria manufacturera EAAE,4,Rev.4,6.6,393495580200.29266,,111896035273.73431,,92596557770.37666,300899022429.916,281599544926.55835,50186679222.50882,50186679222.50882,109797.74981465808,,28790672811.298466,18295653366.85842,2479792576.5747066,16298811702.85857,18778604279.433277,9634456614.283436,20496674468.11468,130303268121.31226,130303268121.31226,7604042306.440731,45590760974.2297,50270640022.58593,180573908143.8982,32775421933.58441,52074899436.94206,0.18150696449160245,0.2883855146749325,0.4485116840800997,1019110.4595733356,245693950177.83435,,69866550728.85016,,57816187007.47217,187877763170.36218,175827399448.9842,31335964328.264305,31335964328.264305,6015639876.2480955,81359807521.88097,112748195972.97922,20464582802.959774,32514946524.33776,0.1133307852353269,0.18006447807745743,636320.4241142193,1.6015680480348777,1.6015680480348777,bcu_indice_implicito_vab,2005,base_2005_directa,directo,D,FALSE,Total industria manufacturera BCU Rev.3.,132753534366.728,82889724560.63696,rama_c_panel_eaae,stock_original_rama_c,consumo_capital_fijo_original_rama_c,directo,,,,,,,,
2013,subrama_industrial,C,10_11_12_alimentos_bebidas_tabaco,Alimentos bebidas y tabaco,4,Rev.4,6.6,180764578024.884,,46511537608.59755,,39668471981.34697,141096106043.53705,134253040416.28645,22041058605.43776,22041058605.43776,54492.7245337776,,11967345026.690737,7604907247.73917,1030769011.65192,6774885201.593048,7805654213.244968,3411644744.498195,6737574626.358764,44819031893.70624,44819031893.70624,3339554334.1572366,21378197885.384403,23680924094.200638,68499955987.906876,14215768631.411018,21058834258.6616,0.2075296024120176,0.3074284348792774,0.4738836800218688,853536.6511132533,92563720916.17946,,23817061028.361122,,20312947424.617767,72250773491.56169,68746659887.81833,11286516527.425205,11286516527.425205,1746993440.0057578,22950383339.877975,35076622190.67245,7279437457.186808,10783551060.930162,0.10626922823821863,0.1574242042262613,437068.640486089,1.9528663739498364,1.9528663739498364,bcu_indice_implicito_vab,2005,base_2005_directa,directo,D.15-D.16,FALSE,Agregado BCU compatible con el grupo EAAE.,62791671342.262695,32153593394.749924,extraccion_directa_subrama_eaae,stock_capital_directo_subrama,consumo_capital_fijo_directo_subrama,directo,10|11|12,EAE_C2.1_2013.xls|EAE_C7_2013.xls,0.4156674317800011,10|11|12,10|11 y 12,agregacion_rev4_para_compatibilidad,baja,Agregado Rev4 definido para compatibilidad con 2001 y agrupaciones publicadas.
2013,subrama_industrial,C,13_14_15_textiles_prendas_cuero,Textiles prendas y cuero,4,Rev.4,6.6,21398633816.43419,,5094535045.352985,,5065939494.119692,16332694322.314497,16304098771.081203,3994892659.749792,3994892659.749792,11396.716198307087,,1310815805.5612617,832986146.7126487,112902929.54223636,742071577.5558258,854974507.0980623,497491579.19903016,-289322696.7212305,4756229996.758828,4756229996.758828,605286766.6287564,2474650654.896136,3075604762.2471204,7831834759.005949,573555255.1708698,602150806.4041634,0.07323382997979237,0.07688502438228038,0.784152552526606,447017.80378717755,18935961059.005123,,4508227864.456092,,4482923246.915576,14453037812.089546,14427733194.549028,3535138387.284815,3535138387.284815,440237505.42713857,4208856826.043169,6930504035.411934,507547354.20362246,532851971.7441391,0.06480567706308996,0.06803667188348225,395572.53036850755,1.1300526944344305,1.1300526944344305,bcu_indice_implicito_vab,2005,base_2005_directa,directo,D.17 a D.19,FALSE,Agregado BCU compatible con el grupo EAAE.,5323014116.844868,4710412304.719059,extraccion_directa_subrama_eaae,stock_capital_directo_subrama,consumo_capital_fijo_directo_subrama,directo,13|14|15,EAE_C2.1_2013.xls|EAE_C7_2013.xls,0.045529182806969756,13|14|15,13|14|15,agregacion_rev4_para_compatibilidad,baja,Agregado Rev4 definido para compatibilidad con 2001.
2013,subrama_industrial,C,16_madera,Madera y productos de madera,4,Rev.4,6.6,6856221589.089392,,1662835847.1899254,,1660083693.4203746,5196137895.669017,5193385741.8994665,875841965.3804842,875841965.3804842,3153.5616490813622,,427845032.20536435,271883344.1394902,36851064.29228248,242209192.66541427,279060256.95769674,421117325.77662426,-70504803.11928453,4072026484.975126,4072026484.975126,132703328.08795217,787293620.5559117,919579955.6484774,4991606440.623603,363124402.2632662,365876556.032817,0.07274700170831196,0.0732983580306279,0.5267158311871825,527288.2005253686,4459817083.725771,,1081637111.9817019,,1079846898.197186,3379970185.5285845,3378179971.7440686,569715390.4803456,569715390.4803456,273927296.4485589,2648761135.721672,3246927099.6950684,236204211.26828152,237994425.05279735,0.047320279368573866,0.047678924186792385,342989.0493172329,1.5373324646224378,1.5373324646224378,bcu_indice_implicito_vab,2005,base_2005_directa,directo,D.20TT.0,FALSE,Fila BCU especifica de madera.,5393368130.053287,3508263992.4460807,extraccion_directa_subrama_eaae,stock_capital_directo_subrama,consumo_capital_fijo_directo_subrama,directo,16,EAE_C2.1_2013.xls|EAE_C7_2013.xls,0.01486054303105633,16,16,uno_a_uno,baja,Division Rev4 conservada como grupo.
2013,subrama_industrial,C,17_18_papel_impresion,Papel impresion y reproduccion,4,Rev.4,6.6,28318450987.33403,,9811613779.339256,,9810128041.562681,18508322945.771347,18506837207.994774,2629323275.1282096,2629323275.1282096,5488.316563651049,,2524512699.4959064,1604255988.4909494,217440832.0607837,1429162750.042146,1646603582.1029298,1578880382.747312,-23025676.904044826,19722796900.03159,19722796900.03159,398382314.4133651,2804291355.4199014,3202448558.048937,22925245458.08053,5601924383.687159,5603410121.463734,0.24435613541981213,0.24442094335302672,0.2679807149222374,1787727.3778851007,26932310775.28016,,9331351903.053474,,9329938889.624624,17602371885.65553,17600958872.226685,2500622354.1712503,2500622354.1712503,1501596862.2070138,18757399396.844254,21803093522.05606,5327719673.24636,5329132686.675208,0.23239531646403738,0.23245695215868817,1700221.150662979,1.0514675559635285,1.0514675559635285,bcu_indice_implicito_vab,2005,base_2005_directa,reconstruido_por_suma,D.210T.0|D.22TT.0,FALSE,Suma de papel e impresion.,13627792713.60628,12960735342.060308,extraccion_directa_subrama_eaae,stock_capital_directo_subrama,consumo_capital_fijo_directo_subrama,directo,17|18,EAE_C2.1_2013.xls|EAE_C7_2013.xls,0.0876850887105771,17|18,17|18,agregacion_rev4_para_compatibilidad,media,Agregado Rev4 definido para compatibilidad con Rev3 21-22.
2013,subrama_industrial,C,19_refinacion,Coque y refinacion de petroleo,4,Rev.4,6.6,61964526747.9111,,17179605967.000004,,6615508084.032521,55349018663.87858,44784920780.9111,2540634589,2540634589,2721,,4420285430.24732,2808965616.9008527,380727156.6077123,2502386810.2247725,2883113966.8324847,877494627,14455593829,26743393879,26743393879,384944634.6969697,8386214949.072513,7170538692.410773,33913932571.410774,3197378868.0325212,13761476751.000004,0.09427921286627464,0.40577649678412225,0.14788666246945706,6313710.388460127,100333867017.69359,,27817468977.40103,,10711927342.8514,89621939674.84218,72516398040.29256,4113832645.415499,4113832645.415499,1420852120.316188,43303294092.338776,54913935105.324844,5177242577.119713,22282784211.669346,0.1526582789011055,0.6570392320250583,10223252.104888288,0.6175833603321981,0.6175833603321981,bcu_indice_implicito_vab,2005,base_2005_directa,directo,D.23,FALSE,Fila BCU compatible.,5003201910.529807,8101257630.773253,extraccion_directa_subrama_eaae,stock_capital_directo_subrama,consumo_capital_fijo_directo_subrama,directo,19,EAE_C2.1_2013.xls|EAE_C7_2013.xls,0.15353185593191992,19,19,uno_a_uno,baja,Division Rev4 conservada como grupo.
2013,subrama_industrial,C,20_21_22_quimicos_farma_caucho_plastico,Quimicos farmaceuticos caucho y plastico,4,Rev.4,6.6,53150093637.59792,,15556584166.8445,,15462863868.777924,37687229768.82,37593509470.753426,8752661864.569593,8752661864.569593,13835.10096355948,,4002684489.3420405,2543592101.299001,344758434.3755201,2265976944.176743,2610735378.552263,1435158587.6079898,-41529979.1045277,20081626875.565388,20081626875.565388,1326160888.5711505,5710186328.609091,7022147172.01864,27103774047.584026,5275043416.60034,5368763714.666916,0.19462394452297857,0.19808177655412074,0.562633915691081,1124428.6693548001,28134379163.44725,,8234695510.084216,,8185085768.677267,19949293394.76998,19899683653.363033,4633118979.362446,4633118979.362446,759684378.7096936,10629973835.763184,14347065143.751892,2792282410.605128,2841892152.0120764,0.10302190409730139,0.10485226695820232,595203.1381464961,1.8891511104197953,1.8891511104197953,bcu_indice_implicito_vab,2005,base_2005_directa,directo,D.24 - D.25,FALSE,Agregado BCU compatible con el grupo EAAE.,15824174813.82309,8376341482.977897,extraccion_directa_subrama_eaae,stock_capital_directo_subrama,consumo_capital_fijo_directo_subrama,directo,20|21|22,EAE_C2.1_2013.xls|EAE_C7_2013.xls,0.13902712574925472,20|21|22,20|21|22,agregacion_rev4_para_compatibilidad,baja,Agregado Rev4 definido para compatibilidad con Rev3 24-25.
2013,subrama_industrial,C,23_24_minerales_metales,Minerales no metalicos y metales comunes,4,Rev.4,6.6,14160891382.830229,,6135645969.56971,,6135645969.56971,8025245413.260519,8025245413.260519,2833580476.012579,2833580476.012579,4725.803144620026,,1578691998.9050686,1003213845.4807208,135975589.22090763,893720122.3330027,1029695711.5539104,874629484.1862192,17286459.152645256,4904900015.31237,4904900015.31237,429330375.1534211,1215946274.7364423,1645276649.8898635,6550176665.202234,2427436009.3709116,2427436009.3709116,0.3705909219619446,0.3705909219619446,0.4618226817626012,1298328.7246221174,4527316125.655942,,1961600310.9118586,,1961600310.9118586,2565715814.7440834,2565715814.7440834,905911516.1316669,905911516.1316669,279623934.72853607,1568123950.2322643,2094128091.274045,776064860.0516555,776064860.0516555,0.11847998912372769,0.11847998912372769,415082.95011081744,3.1278777513638993,3.1278777513638993,bcu_indice_implicito_vab,2005,base_2005_directa,proxy_grupo_amplio,D.26,FALSE,BCU 2005 no separa completamente metales comunes del grupo metal/equipos; se usa minerales no metalicos como proxy parcial.,5481718193.125325,1752535945.7335067,extraccion_directa_subrama_eaae,stock_capital_directo_subrama,consumo_capital_fijo_directo_subrama,directo,23|24,EAE_C2.1_2013.xls|EAE_C7_2013.xls,0.05483345280786681,23|24,23|24,agregacion_rev4_para_compatibilidad,baja,Agregado Rev4 definido para compatibilidad con 2001.
2013,subrama_industrial,C,25_26_27_28_33_metal_equipos_reparacion,Productos de metal equipos y reparacion,4,Rev.4,6.6,15407006742.686785,,6136835908.795093,,6136835908.795093,9270170833.891693,9270170833.891693,4118441127.350923,4118441127.350923,7981.067902500157,,1578998168.384796,1003408407.4733952,136001960.15040892,893893449.2549523,1029895409.4053612,335133863.52692974,-121578415.1692308,3133323751.0496006,3133323751.0496006,624006231.4168066,1404571338.4684384,2028577569.885245,5161901320.934846,1683260917.9172397,1683260917.9172397,0.326093199629859,0.326093199629859,0.6711017189572434,768924.1569881471,8409966158.198785,,3349812405.0528965,,3349812405.0528965,5060153753.145888,5060153753.145888,2248064863.2152963,2248064863.2152963,182933940.23895812,1710335248.7020664,2817641099.6658826,918813601.5986421,918813601.5986421,0.17799906361484655,0.17799906361484655,419719.82270737615,1.8319939049536675,1.8319939049536675,bcu_indice_implicito_vab,2005,base_2005_directa,proxy_grupo_amplio,D.RR,FALSE,"BCU 2005 agrupa metales basicos, productos de metal y equipos; proxy compatible amplio.",12994193592.946972,7092924030.9211645,extraccion_directa_subrama_eaae,stock_capital_directo_subrama,consumo_capital_fijo_directo_subrama,directo,25|26|27|28|33,EAE_C2.1_2013.xls|EAE_C7_2013.xls,0.05484408713662092,25|26|27|28|33,25|26|27|28|33,agregacion_rev4_para_compatibilidad,alta,Grupo amplio definido por reubicacion de reparacion e instalacion en Rev4 33.|Rev4 33 se agrega con metal/equipos para evitar quiebre artificial hacia atras.
2013,subrama_industrial,C,29_30_vehiculos_transporte,Vehiculos y otros equipos de transporte,4,Rev.4,6.6,8453289545.322666,,2478848417.5589356,,2392154279.5161214,6061135265.806545,5974441127.763731,1491785646.0896685,1491785646.0896685,3361.299565338606,,637803775.3004876,405306151.247429,54935189.52015557,361069840.4003754,416005029.92053103,148453027.6843393,-173735480.48561162,1423449311.1454184,1423449311.1454184,226028128.19540432,918353828.152507,1131246480.8868787,2554695792.032297,751915605.7421134,838609743.7849276,0.29432686587859985,0.32826207582148226,0.6018059174262521,737467.2710283187,8075916586.3933935,,2368187312.5469866,,2285363386.593754,5790553199.79964,5707729273.846407,1425189138.2645497,1425189138.2645497,141825766.42481625,1359903483.7426405,2440648697.698846,718348481.9043877,801172407.8576206,0.2811874839050528,0.3136077533600493,704545.1518119669,1.0467281892887657,1.0467281892887657,bcu_indice_implicito_vab,2005,base_2005_directa,directo,D.SS,FALSE,Fila BCU de material de transporte.,2110757076.5159101,2016528357.7106435,extraccion_directa_subrama_eaae,stock_capital_directo_subrama,consumo_capital_fijo_directo_subrama,directo,29|30,EAE_C2.1_2013.xls|EAE_C7_2013.xls,0.022153138951660455,29|30,29 y 30,agregacion_rev4_para_compatibilidad,baja,Agregado Rev4 definido para compatibilidad con 2001.
2013,subrama_industrial,C,31_32_muebles_otras_manufacturas,Muebles y otras manufacturas,4,Rev.4,6.6,3021887726.202408,,1327992563.4863386,,1327992563.4863386,1693895162.7160692,1693895162.7160692,908459013.789822,908459013.789822,2642.1592938227186,,341690385.16548246,217134517.37476322,29430409.152779408,193435814.61228964,222866223.76506904,54452992.056794405,5916605.107200243,646489013.7676883,646489013.7676883,137645305.11967,256650782.22970748,394296087.3493775,1040785101.1170658,365080557.6397222,365080557.6397222,0.3507741965636176,0.3507741965636176,0.6840844133982739,502616.38902360713,1593837785.2426593,,700424674.2368932,,700424674.2368932,893413111.005766,893413111.005766,479149602.4050222,479149602.4050222,28720205.422292423,340978458.2506976,548942505.7371807,192554866.4095786,192554866.4095786,0.18500924561939935,0.18500924561939935,265095.551155626,1.8959819839773282,1.8959819839773282,bcu_indice_implicito_vab,2005,base_2005_directa,directo,D.UU,FALSE,Fila BCU de otras industrias manufactureras.,4203642477.0197535,2217132078.54512,extraccion_directa_subrama_eaae,stock_capital_directo_subrama,consumo_capital_fijo_directo_subrama,directo,31|32,EAE_C2.1_2013.xls|EAE_C7_2013.xls,0.011868093094072855,31|32,31|32,agregacion_rev4_para_compatibilidad,baja,Agregado Rev4 definido para compatibilidad con Rev3 36.
2014,economia_total,economia_total,,Economia total EAAE,4,Rev.4,4.2,1199313983186.269,,525321848898.8822,,490474645352.52606,708839337833.7428,673992134287.3868,280926635663.20197,280926635663.20197,616859.3463139456,,159227973748.9908,105912355457.27882,16710161650.497812,60562625302.772446,77272786953.27026,44318807852.13718,26736846637.094906,676414498513.7749,676414498513.7749,66887294205.52428,168771270912.7959,227361611892.99734,903776110406.7722,165229201837.18695,200076405383.54303,0.18282094418585645,0.22137828504173726,0.5347705149748622,851607.1808556563,585201310215.1332,,256329066925.01718,,239325488663.98242,345875821551.1507,328872243290.116,137077227122.51735,137077227122.51735,21625216403.580696,330054227940.48627,440994578038.7323,80623045137.8844,97626623398.91913,0.08920687790873064,0.10802080545698343,415538.92059302697,2.049404131965074,2.049404131965074,bcu_indice_implicito_vab,2005,base_2005_directa,directo_total_economia,__TOTAL_VAB_SECTORES__,FALSE,VAB de sectores de actividad BCU.,1204532622560.2449,587747728119.0397,agregacion_secciones_eaae,stock_original_e_imputado_agregado_desde_panel_eaae,suma_consumo_capital_fijo_original_eaae,directo_agregado,,,,,,,,
2014,industria_total,C,,Industria manufacturera EAAE,4,Rev.4,6.6,453640919223.4157,,130780131947.1588,,108223584628.69632,345417334594.71936,322860787276.2569,56837646365.69236,56837646365.69236,107700.42694995416,,78176629453.82314,52611954747.57696,2217119087.204019,48143911013.675156,50361030100.87917,12235321829.448652,22082788548.337036,198429417562.73392,198429417562.73392,8611764600.86248,52335959787.0787,57530065703.32565,255959483266.05957,39150616433.555305,61707163752.017784,0.1529563036070823,0.24108176405355403,0.43460459566333354,1214295.3900074067,242473126450.50638,,69902572997.8737,,57845996268.4214,184627130182.08496,172570553452.63266,30379979473.567554,30379979473.567554,6539834947.414526,106061422630.38075,136811503376.77473,20926181847.43932,32982758576.891617,0.0817558372146243,0.12885929505728594,649046.3870710166,1.870891532864418,1.870891532864418,bcu_indice_implicito_vab,2005,base_2005_directa,directo,D,FALSE,Total industria manufacturera BCU Rev.3.,161567650594.82025,86358641191.48212,rama_c_panel_eaae,stock_original_rama_c,consumo_capital_fijo_original_rama_c,directo,,,,,,,,
2014,subrama_industrial,C,10_11_12_alimentos_bebidas_tabaco,Alimentos bebidas y tabaco,4,Rev.4,6.6,213786500255.18613,,60646533248.97579,,51723839473.93141,162062660781.2547,153139967006.21033,25362331769.48168,25362331769.48168,53576.670839142695,,36252766279.359505,24397686524.59946,1028142305.999398,22325725295.997562,23353867601.99696,4516513605.3688965,7336334901.873304,51635110570.240295,51635110570.240295,3842777540.830558,24554948603.22041,27045802844.801823,78680913415.04211,21844994099.080833,30767687874.125214,0.277640321533234,0.3910438572544976,0.4181992013518762,1131957.8521603083,86448332876.27356,,24523492773.591396,,20915444554.001446,65532888322.27212,61924840102.68217,10255705092.27443,10255705092.27443,1826331742.7952387,20879565460.640167,31816011702.30026,8833407718.931778,12441455938.521727,0.11226874899552221,0.1581254639596391,457727.07392029144,2.47299737475749,2.47299737475749,bcu_indice_implicito_vab,2005,base_2005_directa,directo,D.15-D.16,FALSE,Agregado BCU compatible con el grupo EAAE.,80135955937.37526,32404383747.165787,extraccion_directa_subrama_eaae,stock_capital_directo_subrama,consumo_capital_fijo_directo_subrama,directo,10|11|12,EAE_C2.1_2014.xls|EAE_C7_2014.xls,0.4637289498490473,10|11|12,10|11 y 12,agregacion_rev4_para_compatibilidad,baja,Agregado Rev4 definido para compatibilidad con 2001 y agrupaciones publicadas.
2014,subrama_industrial,C,13_14_15_textiles_prendas_cuero,Textiles prendas y cuero,4,Rev.4,6.6,24187160371.249313,,6003140199.7176075,,5969444660.946459,18217715710.302856,18184020171.531708,3941754349.4697447,3941754349.4697447,10205.383521714866,,3588505837.739131,2415022341.914409,101771396.9376738,2209927787.002049,2311699183.9397225,497226434.3616731,-390712263.17346686,4519280352.203712,4519280352.203712,597235507.4954159,2760259956.1064935,3352390078.9396143,7871670431.143327,1530463877.1150408,1564159415.8861895,0.1944268234427019,0.19870743186830828,0.656615407658673,588232.6898292664,18435047554.903366,,4575492673.050399,,4549810499.115975,13885237055.787394,13859554881.85297,3004338986.754259,3004338986.754259,378977640.29829437,3444519609.910396,5999655044.547855,1166493872.0634217,1192176045.9978452,0.1481888605813993,0.1514514684559382,448341.0803047952,1.3120205032948773,1.3120205032948773,bcu_indice_implicito_vab,2005,base_2005_directa,directo,D.17 a D.19,FALSE,Agregado BCU compatible con el grupo EAAE.,5611087622.783839,4276676781.111815,extraccion_directa_subrama_eaae,stock_capital_directo_subrama,consumo_capital_fijo_directo_subrama,directo,13|14|15,EAE_C2.1_2014.xls|EAE_C7_2014.xls,0.0459025397079669,13|14|15,13|14|15,agregacion_rev4_para_compatibilidad,baja,Agregado Rev4 definido para compatibilidad con 2001.
2014,subrama_industrial,C,16_madera,Madera y productos de madera,4,Rev.4,6.6,8104718202.808858,,2212200077.0978274,,2208538672.5211372,5896179530.287721,5892518125.711031,1001172364.0940028,1001172364.0940028,3010.781250725383,,1322390053.6732328,889952996.8044635,37503487.28528217,814374187.1989822,851877674.4842644,510111495.03339624,-7148966.670164982,4529456434.604178,4529456434.604178,151692782.4384853,893360534.892079,1044498559.0613688,5573954993.665547,697254813.3937382,700916217.9704283,0.12509157576373056,0.12574845307631224,0.4525686326742358,734759.4836273295,4457819174.75423,,1216771228.2287302,,1214757354.4431067,3243061820.311123,3241047946.5255,550672491.036827,550672491.036827,280575431.1154611,2491326316.366515,3065829412.9668674,383509432.2908185,385523306.07644206,0.06880382649781942,0.06916512718788818,404138.0382369444,1.8180903901862935,1.8180903901862935,bcu_indice_implicito_vab,2005,base_2005_directa,directo,D.20TT.0,FALSE,Fila BCU especifica de madera.,6864577691.512727,3775707593.2893176,extraccion_directa_subrama_eaae,stock_capital_directo_subrama,consumo_capital_fijo_directo_subrama,directo,16,EAE_C2.1_2014.xls|EAE_C7_2014.xls,0.01691541401710512,16,16,uno_a_uno,baja,Division Rev4 conservada como grupo.
2014,subrama_industrial,C,17_18_papel_impresion,Papel impresion y reproduccion,4,Rev.4,6.6,35842214488.27806,,9314079142.236835,,9312668744.360722,26529545743.91734,26528135346.041225,3147582285.3690624,3147582285.3690624,5410.101660330438,,5567690619.095226,3746990487.398424,157901833.69998318,3428779209.2101483,3586681042.9101315,2445049789.900836,-58058518.82457348,76149105327.40237,76149105327.40237,476906406.8741004,4019628143.017779,4496320853.243983,80645426180.64636,3720036669.090823,3721447066.966937,0.046128303181855755,0.046145792058074904,0.33793810824471376,1721608.895177018,37151890864.76824,,9654416077.203197,,9652954143.315535,27498936721.452705,27497474787.565044,3262595105.337399,3262595105.337399,2534392036.0453277,78931597585.81955,83592214236.25931,3855967001.9328084,3857428935.8204713,0.04781383377273515,0.04783196169339847,1784516.573504374,0.9647480559937753,0.9647480559937753,bcu_indice_implicito_vab,2005,base_2005_directa,reconstruido_por_suma,D.210T.0|D.22TT.0,FALSE,Suma de papel e impresion.,15921335161.361809,16503101573.976673,extraccion_directa_subrama_eaae,stock_capital_directo_subrama,consumo_capital_fijo_directo_subrama,directo,17|18,EAE_C2.1_2014.xls|EAE_C7_2014.xls,0.07121937410187162,17|18,17|18,agregacion_rev4_para_compatibilidad,media,Agregado Rev4 definido para compatibilidad con Rev3 21-22.
2014,subrama_industrial,C,19_refinacion,Coque y refinacion de petroleo,4,Rev.4,6.6,66100845981.12972,,17502769443.999996,,6739951601.460344,59360894379.66938,48598076537.12973,2915327525,2915327525,2974,,10462655916.207096,7041244722.9910145,296724920.180559,6443270564.563113,6739995484.743672,1285566683,15567665282,26882163473,26882163473,441716291.6666667,8994074906.010513,7805061221.534808,34687224694.534805,2539057393.4603443,13301875235.999996,0.07319863194072107,0.3834805278640753,0.1665637849100151,5885262.0860793535,76831301756.33707,,20344074886.83969,,7834079089.740216,68997222666.59685,56487226869.497375,3388586113.6448064,3388586113.6448064,1494258663.15937,31246069290.049133,40318162166.28279,2951234312.93604,15461230110.035517,0.08508130410908964,0.4457326939872342,6840643.875870778,0.8603374467188135,0.8603374467188135,bcu_indice_implicito_vab,2005,base_2005_directa,directo,D.23,FALSE,Fila BCU compatible.,6646922459.442757,7725948097.218171,extraccion_directa_subrama_eaae,stock_capital_directo_subrama,consumo_capital_fijo_directo_subrama,directo,19,EAE_C2.1_2014.xls|EAE_C7_2014.xls,0.13383355088731613,19,19,uno_a_uno,baja,Division Rev4 conservada como grupo.
2014,subrama_industrial,C,20_21_22_quimicos_farma_caucho_plastico,Quimicos farmaceuticos caucho y plastico,4,Rev.4,6.6,57780463361.9744,,18249276889.961575,,18139334523.997208,39641128837.977196,39531186472.01283,9574210373.402884,9574210373.402884,13761.662319798072,,10908896756.60507,7341559574.955904,309380480.9491478,6718081329.121306,7027461810.070454,1477375030.1569169,-86145957.1700817,23037078146.940865,23037078146.940865,1450637935.3640733,6006231642.117757,7440211643.244806,30477289790.18567,7087749120.437407,7197691486.401773,0.23255837934512838,0.23616573310660918,0.5246350543713539,1326095.3848364265,26929648421.36335,,8505411379.48367,,8454170716.294705,18475477705.068645,18424237041.87968,4462236961.526148,4462236961.526148,688557824.4567986,10736854276.611176,14204501852.884785,3303375930.3117585,3354616593.500724,0.10838811301966605,0.1100693866349291,618051.1613954841,2.145607787294283,2.145607787294283,bcu_indice_implicito_vab,2005,base_2005_directa,directo,D.24 - D.25,FALSE,Agregado BCU compatible con el grupo EAAE.,18017383161.61588,8397333039.295446,extraccion_directa_subrama_eaae,stock_capital_directo_subrama,consumo_capital_fijo_directo_subrama,directo,20|21|22,EAE_C2.1_2014.xls|EAE_C7_2014.xls,0.1395416613995704,20|21|22,20|21|22,agregacion_rev4_para_compatibilidad,baja,Agregado Rev4 definido para compatibilidad con Rev3 24-25.
2014,subrama_industrial,C,23_24_minerales_metales,Minerales no metalicos y metales comunes,4,Rev.4,6.6,15162564282.590887,,5797161925.607414,,5797161925.607414,9365402356.983473,9365402356.983473,3134208268.227895,3134208268.227895,4534.059592203574,,3465377905.606773,2332158687.6641736,98279441.7279668,2134101286.8153207,2232380728.5432873,861451619.3680112,22044157.316581227,5008983695.870163,5008983695.870163,474880040.64059013,1419000357.1187081,1893880397.7592983,6902864093.629461,1801502038.011508,1801502038.011508,0.26097892317973986,0.26097892317973986,0.5406452861672479,1278580.884904066,4361984363.719627,,1667734375.4106343,,1667734375.4106343,2694249988.308993,2694249988.308993,901652728.6448389,901652728.6448389,247823417.18403152,1440990333.3170738,1985824078.3100786,518258229.58176374,518258229.58176374,0.07507872421536672,0.07507872421536672,367823.6559304038,3.4760702969740134,3.4760702969740134,bcu_indice_implicito_vab,2005,base_2005_directa,proxy_grupo_amplio,D.26,FALSE,BCU 2005 no separa completamente metales comunes del grupo metal/equipos; se usa minerales no metalicos como proxy parcial.,5781096805.941373,1663112742.8504336,extraccion_directa_subrama_eaae,stock_capital_directo_subrama,consumo_capital_fijo_directo_subrama,directo,23|24,EAE_C2.1_2014.xls|EAE_C7_2014.xls,0.04432754302427019,23|24,23|24,agregacion_rev4_para_compatibilidad,baja,Agregado Rev4 definido para compatibilidad con 2001.
2014,subrama_industrial,C,25_26_27_28_33_metal_equipos_reparacion,Productos de metal equipos y reparacion,4,Rev.4,6.6,19854105924.556324,,7378966651.51608,,7378966651.51608,12475139273.040245,12475139273.040245,5015339389.107004,5015339389.107004,8362.104700785512,,4410935614.446158,2968507935.978402,125095819.70393209,2716408896.016445,2841504715.720377,404092816.345469,-117846528.80749103,4240817271.488643,4240817271.488643,759899907.4404552,1890172617.12731,2650072524.5677648,6890889796.056408,1959534446.0636063,1959534446.0636063,0.2843659533178182,0.2843659533178182,0.679680452015128,882429.3542776284,9323566758.718794,,3465191958.136854,,3465191958.136854,5858374800.58194,5858374800.58194,2355223236.4256434,2355223236.4256434,189763586.64712155,1991504583.1073167,3235989134.1690717,920205135.0640892,920205135.0640892,0.13353937768540633,0.13353937768540633,414392.3189351294,2.129453935211013,2.129453935211013,bcu_indice_implicito_vab,2005,base_2005_directa,proxy_grupo_amplio,D.RR,FALSE,"BCU 2005 agrupa metales basicos, productos de metal y equipos; proxy compatible amplio.",15337757716.43224,7202671756.74424,extraccion_directa_subrama_eaae,stock_capital_directo_subrama,consumo_capital_fijo_directo_subrama,directo,25|26|27|28|33,EAE_C2.1_2014.xls|EAE_C7_2014.xls,0.056422688535728974,25|26|27|28|33,25|26|27|28|33,agregacion_rev4_para_compatibilidad,alta,Grupo amplio definido por reubicacion de reparacion e instalacion en Rev4 33.|Rev4 33 se agrega con metal/equipos para evitar quiebre artificial hacia atras.
2014,subrama_industrial,C,29_30_vehiculos_transporte,Vehiculos y otros equipos de transporte,4,Rev.4,6.6,9539118129.22328,,2231907933.675058,,2153850181.8858533,7385267947.337427,7307210195.548222,1741363280.75982,1741363280.75982,3399.358819011897,,1334170847.728325,897881333.035474,37837595.10681971,821629213.4724518,859466808.5792716,173734482.2731185,-191442559.5874977,1689863770.042967,1689863770.042967,263842921.32724547,1118979992.0208223,1370995981.258794,3060859751.301761,238752418.8529148,316810170.6421194,0.07800175057069347,0.10350365465369081,0.7802128638399939,656567.3271066495,9688246331.300842,,2266800091.717628,,2187522037.168268,7500724294.132574,7421446239.583213,1768586591.3117714,1768586591.3117714,176450531.1394067,1716281971.6386147,3108711188.440885,242484914.71708995,321762969.26645005,0.07922117784519951,0.10512176166503763,666831.6622063824,0.9846073069389496,0.9846073069389496,bcu_indice_implicito_vab,2005,base_2005_directa,directo,D.SS,FALSE,Fila BCU de material de transporte.,2044138593.7296588,2076095291.3143528,extraccion_directa_subrama_eaae,stock_capital_directo_subrama,consumo_capital_fijo_directo_subrama,directo,29|30,EAE_C2.1_2014.xls|EAE_C7_2014.xls,0.017066108593443315,29|30,29 y 30,agregacion_rev4_para_compatibilidad,baja,Agregado Rev4 definido para compatibilidad con 2001.
2014,subrama_industrial,C,31_32_muebles_otras_manufacturas,Muebles y otras manufacturas,4,Rev.4,6.6,3283228226.4188685,,1444096434.370636,,1444096434.370636,1839131792.0482326,1839131792.0482326,1004356760.780271,1004356760.780271,2466.304246241705,,863239623.36263,580950142.2352382,24481805.61325669,531613244.27778184,556095049.8910385,64199873.640335016,8099001.380425989,737558520.9406478,737558520.9406478,152175266.78488955,278656332.1285201,430831598.91340965,1168390119.8540576,375539799.95002985,375539799.95002985,0.32141644607277076,0.32141644607277076,0.695491476106295,585530.5307815255,1471325957.3803759,,647148605.6781033,,647148605.6781033,824177351.7022724,824177351.7022724,450086339.0231948,450086339.0231948,28770141.46853712,330524996.1653461,523595252.33587146,168292125.18637142,168292125.18637142,0.1440376140868023,0.1440376140868023,262396.09596596414,2.2314757718707665,2.2314757718707665,bcu_indice_implicito_vab,2005,base_2005_directa,directo,D.UU,FALSE,Fila BCU de otras industrias manufactureras.,5207395444.624725,2333610568.515868,extraccion_directa_subrama_eaae,stock_capital_directo_subrama,consumo_capital_fijo_directo_subrama,directo,31|32,EAE_C2.1_2014.xls|EAE_C7_2014.xls,0.01104216988368017,31|32,31|32,agregacion_rev4_para_compatibilidad,baja,Agregado Rev4 definido para compatibilidad con Rev3 36.
2015,economia_total,economia_total,,Economia total EAAE,4,Rev.4,4.2,1338814807883.4036,,607207545851.9131,,567115658084.0436,771699149799.36,731607262031.4905,318079975456.9832,318079975456.9832,618979.9343724602,,105224852365.57327,58717066246.377335,12495622149.476871,15923038230.67893,28418660380.1558,53390559582.14314,35268317264.47142,736061470775.7255,736061470775.7255,75733327489.7579,183737892809.37143,249925532735.35086,985987003511.0763,195645123044.91724,235737010812.78668,0.19842566113775292,0.23908734088109965,0.5238406169849495,980980.9852196868,599459125223.1439,,271879353381.77112,,253928067043.76956,345531058179.3744,327579771841.37286,142421448220.97614,142421448220.97614,23905814272.314957,329574159759.4462,441479212155.2436,87600804550.4785,105552090888.48003,0.08884580044010125,0.10705221317584465,439237.7495361143,2.233371303481351,2.233371303481351,bcu_indice_implicito_vab,2005,base_2005_directa,directo_total_economia,__TOTAL_VAB_SECTORES__,FALSE,VAB de sectores de actividad BCU.,1323346681194.7456,592533216098.8768,agregacion_secciones_eaae,stock_original_e_imputado_agregado_desde_panel_eaae,suma_consumo_capital_fijo_original_eaae,directo_agregado,,,,,,,,
2015,industria_total,C,,Industria manufacturera EAAE,4,Rev.4,6.6,478094966223.2372,,151939673902.59207,,125733595097.5918,352361371125.6454,326155292320.64514,61103872632.96914,61103872632.96914,103791.20890095642,,26806672376.51684,16410900596.953594,1393260740.6369472,6282740266.284801,7676001006.921747,14988600854.67593,24800676496.677193,207813793849.166,207813793849.166,9258162520.14684,53388086534.1887,58675631053.57792,266489424902.7439,49641121609.946724,75847200414.94699,0.18627801695344345,0.2846161735784737,0.40215877172503733,1463897.333035033,224644984203.62393,,71392689852.78139,,59079102437.93428,165565881765.68967,153252294350.84256,28711196461.341103,28711196461.341103,7042772336.28285,97646555046.01718,125216780926.65106,23325133640.31032,35638721055.15743,0.08752742683437775,0.13373409120517218,687849.1021422483,2.1282245313337587,2.1282245313337587,bcu_indice_implicito_vab,2005,base_2005_directa,directo,D,FALSE,Total industria manufacturera BCU Rev.3.,192793049413.46805,90588679237.07497,rama_c_panel_eaae,stock_original_rama_c,consumo_capital_fijo_original_rama_c,directo,,,,,,,,
2015,subrama_industrial,C,10_11_12_alimentos_bebidas_tabaco,Alimentos bebidas y tabaco,4,Rev.4,6.6,224773868084.7456,,67624480965.84396,,57675148283.01113,167098719801.73447,157149387118.90164,27520249912.03955,27520249912.03955,52246.10113343813,,11930967464.400045,7304074087.736431,620104887.7863464,2796287754.461673,3416392642.248019,4600434333.310353,8097574790.403835,61456992568.75103,61456992568.75103,4169734835.157508,25317987848.747646,27980248034.991093,89437240603.74213,25554464037.661224,35503796720.49406,0.28572509466031093,0.3969688295482648,0.40695691144660445,1294345.0228588155,84708019513.81516,,25484883550.193653,,21735389562.17771,62972629951.637436,59223135963.6215,10371249498.163185,10371249498.163185,1733714353.0010078,23160611018.231865,33705214876.078033,9630425711.013515,13379919699.029459,0.10767802814581212,0.149601213193843,487785.365746326,2.6535134379819483,2.6535134379819483,bcu_indice_implicito_vab,2005,base_2005_directa,directo,D.15-D.16,FALSE,Agregado BCU compatible con el grupo EAAE.,87360409146.251,32922542579.12875,extraccion_directa_subrama_eaae,stock_capital_directo_subrama,consumo_capital_fijo_directo_subrama,directo,10|11|12,EAE_C2.1_2015.xls|EAE_C7_2015.xls,0.44507454326378093,10|11|12,10|11 y 12,agregacion_rev4_para_compatibilidad,baja,Agregado Rev4 definido para compatibilidad con 2001 y agrupaciones publicadas.
2015,subrama_industrial,C,13_14_15_textiles_prendas_cuero,Textiles prendas y cuero,4,Rev.4,6.6,23294609637.03359,,5647041006.990161,,5615344247.8169775,17679265389.21661,17647568630.043427,3850791532.804531,3850791532.804531,9305.28408964106,,996305798.7618765,609933049.4288713,51782397.14302889,233506437.1845627,285288834.3275916,510860014.00560373,-443362448.37799335,4594870039.569349,4594870039.569349,583453262.5461411,2678676574.1237288,3257327297.401206,7852197336.970555,1253692701.0068426,1285389460.180026,0.15966138485899642,0.16369805864761167,0.6819131520450885,606863.9014768639,16883590674.668991,,4092892320.1837206,,4069918975.0222373,12813671699.646751,12790698354.48527,2790997103.0376163,2790997103.0376163,370263829.39742774,3330294268.0806403,5691157216.190168,908658042.5871931,931631387.7486765,0.1157202250010901,0.1186459468309934,439846.0359463995,1.379718928627147,1.379718928627147,bcu_indice_implicito_vab,2005,base_2005_directa,directo,D.17 a D.19,FALSE,Agregado BCU compatible con el grupo EAAE.,5377474234.852558,3897514285.9011674,extraccion_directa_subrama_eaae,stock_capital_directo_subrama,consumo_capital_fijo_directo_subrama,directo,13|14|15,EAE_C2.1_2015.xls|EAE_C7_2015.xls,0.037166336230328216,13|14|15,13|14|15,agregacion_rev4_para_compatibilidad,baja,Agregado Rev4 definido para compatibilidad con 2001.
2015,subrama_industrial,C,16_madera,Madera y productos de madera,4,Rev.4,6.6,8386120425.283268,,2462342827.828924,,2458267412.864189,5927853012.419079,5923777597.454344,1370881283.554804,1370881283.554804,3215.057126942977,,434430427.34574354,265955970.1900395,22579261.25471614,101818439.0978507,124397700.35256682,582545203.0090337,-41086813.24419617,5318022104.498598,5318022104.498598,207709285.38709155,898159547.3362241,1105251345.6074467,6423273450.106045,504840926.3003514,508916341.2650864,0.07859558373495942,0.07923006006488553,0.5567385938551561,765878.406076794,4269398640.377686,,1253585995.4481223,,1251511189.6705952,3017887450.707091,3015812644.9295635,697919704.3823037,697919704.3823037,296575480.8608417,2707420737.0063934,3270107456.5991006,257016004.42744982,259090810.20497677,0.04001324346906118,0.040336257239787815,389910.955218419,1.9642392598273284,1.9642392598273284,bcu_indice_implicito_vab,2005,base_2005_directa,directo,D.20TT.0,FALSE,Fila BCU especifica de madera.,6456619769.52783,3287084166.1597867,extraccion_directa_subrama_eaae,stock_capital_directo_subrama,consumo_capital_fijo_directo_subrama,directo,16,EAE_C2.1_2015.xls|EAE_C7_2015.xls,0.016206055762680673,16,16,uno_a_uno,baja,Division Rev4 conservada como grupo.
2015,subrama_industrial,C,17_18_papel_impresion,Papel impresion y reproduccion,4,Rev.4,6.6,54046100431.64616,,17629352104.183174,,17626682554.098263,36419417877.5479,36416748327.46298,3711727492.11798,3711727492.11798,5568.671820358585,,3110341452.819414,1904134302.380579,161658134.03924087,728977741.5507193,890635875.5899601,4231001991.370631,-136713942.65366817,72072228921.0272,72072228921.0272,562382953.3512092,5518093617.8102875,6080072093.875904,78152301014.9031,9683953070.60965,9686622620.694561,0.12391129813008303,0.12394545643444828,0.21054247882639113,3165809.1323916377,51487133954.00764,,16794640243.442238,,16792097090.805489,34695036863.20215,34692493710.5654,3535985187.851794,3535985187.851794,4030673157.7218,68659764075.18966,74451957847.67711,9225438745.231894,9227981897.868643,0.11804436498258272,0.11807690596478956,3015914.8869291376,1.049701086098993,1.049701086098993,bcu_indice_implicito_vab,2005,base_2005_directa,reconstruido_por_suma,D.210T.0|D.22TT.0,FALSE,Suma de papel e impresion.,22858081697.394398,21775800749.470448,extraccion_directa_subrama_eaae,stock_capital_directo_subrama,consumo_capital_fijo_directo_subrama,directo,17|18,EAE_C2.1_2015.xls|EAE_C7_2015.xls,0.11602862933275272,17|18,17|18,agregacion_rev4_para_compatibilidad,media,Agregado Rev4 definido para compatibilidad con Rev3 21-22.
2015,subrama_industrial,C,19_refinacion,Coque y refinacion de petroleo,4,Rev.4,6.6,60469475405.778336,,20836859862,,8023840309.707944,52445635096.07039,39632615543.778336,3501281484,3501281484,2782,,3676241111.5488048,2250575028.660112,191070429.85027185,861608920.9316621,1052679350.7819339,1591214556,17702786005,22695854235,22695854235,530497194.54545456,7946308347.889453,6535438943.602778,29231293178.60278,2931344269.707944,15744363822,0.10028103278898653,0.5386133184666914,0.16803306770734955,7489884.925233644,27540772190.86023,,9490130463.03663,,3654451383.654491,23886320807.205734,18050641727.823597,1594655734.6470146,1594655734.6470146,724717343.7424785,10336807901.319675,13313368122.906134,1335078305.2649982,7170757384.647138,0.045672912830359194,0.24531098712718297,3411261.848683188,2.195634711573045,2.195634711573045,bcu_indice_implicito_vab,2005,base_2005_directa,directo,D.23,FALSE,Fila BCU compatible.,17868302100.38772,8138103303.889796,extraccion_directa_subrama_eaae,stock_capital_directo_subrama,consumo_capital_fijo_directo_subrama,directo,19,EAE_C2.1_2015.xls|EAE_C7_2015.xls,0.13713903239886135,19,19,uno_a_uno,baja,Division Rev4 conservada como grupo.
2015,subrama_industrial,C,20_21_22_quimicos_farma_caucho_plastico,Quimicos farmaceuticos caucho y plastico,4,Rev.4,6.6,61925932255.6314,,20232791750.95442,,20110899743.47505,41815032512.15635,41693140504.67699,10314454912.652737,10314454912.652737,12999.106777110816,,3569665550.801705,2185330043.795172,185531228.91497114,836630566.3823575,1022161795.2973286,2142576955.9706297,-27992472.901497222,29097393376.80266,29097393376.80266,1562796198.8867784,6335610986.690356,7879938699.595413,36977332076.39807,7653867874.851685,7775759882.331051,0.20698810447000862,0.21028450257757159,0.509789011798937,1556475.540810302,22680043721.15475,,7410152496.669694,,7365510196.4540205,15314533524.70073,15269891224.485058,3777614318.5566688,3777614318.5566688,784707428.170103,10656765750.950975,13542751439.29063,2803188449.7272487,2847830749.9429216,0.07580829368478074,0.07701558198030836,570050.8983984726,2.7304150299265144,2.7304150299265144,bcu_indice_implicito_vab,2005,base_2005_directa,directo,D.24 - D.25,FALSE,Agregado BCU compatible con el grupo EAAE.,23478982526.265026,8599052623.474949,extraccion_directa_subrama_eaae,stock_capital_directo_subrama,consumo_capital_fijo_directo_subrama,directo,20|21|22,EAE_C2.1_2015.xls|EAE_C7_2015.xls,0.13316332220066227,20|21|22,20|21|22,agregacion_rev4_para_compatibilidad,baja,Agregado Rev4 definido para compatibilidad con Rev3 24-25.
2015,subrama_industrial,C,23_24_minerales_metales,Minerales no metalicos y metales comunes,4,Rev.4,6.6,14022020740.530691,,5521729107.622084,,5521729107.622084,8500291632.9086075,8500291632.9086075,3177073090.744169,3177073090.744169,4351.395932371035,,974197056.88454,596398196.6065376,50633308.52621298,228324761.4853692,278958070.0115822,689082156.1953799,5522696.5357754715,5953495077.07892,5953495077.07892,481374710.71881354,1287922974.6831224,1769297685.401936,7722792762.480856,1655573860.6825342,1655573860.6825342,0.2143750210060927,0.2143750210060927,0.5753764860283713,1268955.800262778,3670543192.5560846,,1445422565.1326451,,1445422565.1326451,2225120627.4234395,2225120627.4234395,831662156.352136,831662156.352136,180380978.20122704,1558445906.7246494,2021594813.3573124,433379430.5792819,433379430.5792819,0.05611693125895351,0.05611693125895351,332174.45334721537,3.8201486823442248,3.8201486823442248,bcu_indice_implicito_vab,2005,base_2005_directa,proxy_grupo_amplio,D.26,FALSE,BCU 2005 no separa completamente metales comunes del grupo metal/equipos; se usa minerales no metalicos como proxy parcial.,5794885325.496976,1516926645.3631744,extraccion_directa_subrama_eaae,stock_capital_directo_subrama,consumo_capital_fijo_directo_subrama,directo,23|24,EAE_C2.1_2015.xls|EAE_C7_2015.xls,0.03634158851204356,23|24,23|24,agregacion_rev4_para_compatibilidad,baja,Agregado Rev4 definido para compatibilidad con 2001.
2015,subrama_industrial,C,25_26_27_28_33_metal_equipos_reparacion,Productos de metal equipos y reparacion,4,Rev.4,6.6,19928945022.415695,,7960586417.113966,,7960586417.113966,11968358605.30173,11968358605.30173,4964557167.988685,4964557167.988685,7623.188271807098,,1404483941.0760617,859817511.9716877,72997211.6073063,329172069.0285655,402169280.63587177,386088782.73161566,-132131060.48950328,4129871243.957533,4129871243.957533,752205631.5134372,1813387667.469959,2565593298.983396,6695464542.940929,2609940466.3936653,2609940466.3936653,0.38980722691532166,0.38980722691532166,0.6236421424074606,1044259.4532991754,8707207578.049812,,3478080666.0288105,,3478080666.0288105,5229126912.021002,5229126912.021002,2169077678.028175,2169077678.028175,168687061.5087509,1804392864.314208,2925332953.7155986,1140315926.4918845,1140315926.4918845,0.17031169669834587,0.17031169669834587,456250.13341095427,2.2887871735888097,2.2887871735888097,bcu_indice_implicito_vab,2005,base_2005_directa,proxy_grupo_amplio,D.RR,FALSE,"BCU 2005 agrupa metales basicos, productos de metal y equipos; proxy compatible amplio.",15322693260.064701,6694678053.459542,extraccion_directa_subrama_eaae,stock_capital_directo_subrama,consumo_capital_fijo_directo_subrama,directo,25|26|27|28|33,EAE_C2.1_2015.xls|EAE_C7_2015.xls,0.05239307293904993,25|26|27|28|33,25|26|27|28|33,agregacion_rev4_para_compatibilidad,alta,Grupo amplio definido por reubicacion de reparacion e instalacion en Rev4 33.|Rev4 33 se agrega con metal/equipos para evitar quiebre artificial hacia atras.
2015,subrama_industrial,C,29_30_vehiculos_transporte,Vehiculos y otros equipos de transporte,4,Rev.4,6.6,7279016390.215912,,2314673538.8624597,,2233721179.742493,5045295210.473419,4964342851.353453,1523812600.1413536,1523812600.1413536,3083.3054923127243,,408377177.7386989,250006310.9588035,21225159.21125218,95712280.22536266,116937439.43661483,179003996.80651358,-231686016.24393028,1645973492.2675858,1645973492.2675858,230880696.9911142,764438668.2535484,983053856.287092,2629027348.554678,530904582.794626,611856941.9145925,0.20193954356788782,0.23273129594903766,0.6583272217689183,750711.7100895087,5137657651.635773,,1633737249.7141504,,1576599652.4132705,3561057999.2225027,3503920401.9216223,1075533704.7047105,1075533704.7047105,126344165.82747805,1161757008.5849717,1855613691.4071436,374721781.881082,431859379.18196213,0.14253247768118021,0.16426583748525064,529865.514068383,1.4167966968173433,1.4167966968173433,bcu_indice_implicito_vab,2005,base_2005_directa,directo,D.SS,FALSE,Fila BCU de material de transporte.,2273859407.2755136,1604929918.5856762,extraccion_directa_subrama_eaae,stock_capital_directo_subrama,consumo_capital_fijo_directo_subrama,directo,29|30,EAE_C2.1_2015.xls|EAE_C7_2015.xls,0.015234161555107642,29|30,29 y 30,agregacion_rev4_para_compatibilidad,baja,Agregado Rev4 definido para compatibilidad con 2001.
2015,subrama_industrial,C,31_32_muebles_otras_manufacturas,Muebles y otras manufacturas,4,Rev.4,6.6,3968877829.956598,,1709816321.1928988,,1709816321.1928988,2259061508.763699,2259061508.763699,1169043156.9253075,1169043156.9253075,2617.098256973991,,301662395.139953,184676095.225362,15678722.30360051,70701295.9366784,86380018.2402789,75792865.27617332,7765758.648373832,849092790.2131524,849092790.2131524,177127751.04928902,342282046.7823787,519409797.8316677,1368502588.04482,464980298.9914179,464980298.9914179,0.3397730505250526,0.3397730505250526,0.6837244108827395,653325.2301997506,1423122045.8256443,,613089494.1225048,,613089494.1225048,810032551.7031395,810032551.7031395,419184253.18730634,419184253.18730634,27177076.773863498,304459527.47231835,490704497.91026473,166728164.16133493,166728164.16133493,0.12183255305314365,0.12183255305314365,234263.07838796507,2.788852749206058,2.788852749206058,bcu_indice_implicito_vab,2005,base_2005_directa,directo,D.UU,FALSE,Fila BCU de otras industrias manufactureras.,6001741945.952347,2152046911.6416945,extraccion_directa_subrama_eaae,stock_capital_directo_subrama,consumo_capital_fijo_directo_subrama,directo,31|32,EAE_C2.1_2015.xls|EAE_C7_2015.xls,0.011253257804732788,31|32,31|32,agregacion_rev4_para_compatibilidad,baja,Agregado Rev4 definido para compatibilidad con Rev3 36.
2016,economia_total,economia_total,,Economia total EAAE,4,Rev.4,4.2,1402607775102.3235,,651676760423.003,,609881813791.8639,792725961310.4595,750931014679.3204,350937641730.8527,350937641730.8527,614484.0932846443,,103984369912.0717,49358983924.05357,9730133740.583202,15913459046.1695,25643592786.7527,54852592008.420135,40295879959.730644,806021467568.4954,806021467568.4954,83556581364.48874,188744276502.49036,262349680097.66025,1068371147666.1556,204091580052.591,245886526683.73016,0.1910305987749919,0.23015084900117944,0.5385148942599385,1060526.6556853412,583562824085.8292,,271133767724.77155,,253744745988.5953,329818078097.2338,312429056361.0576,146009572256.60406,146009572256.60406,22821728261.506493,335349747974.8118,444501802407.58844,84913445470.48476,102302467206.66098,0.07947935102513502,0.09575555033486212,441238.0575638036,2.4035248943411633,2.4035248943411633,bcu_indice_implicito_vab,2005,base_2005_directa,directo_total_economia,__TOTAL_VAB_SECTORES__,FALSE,VAB de sectores de actividad BCU.,1448133945475.8247,602504242367.2406,agregacion_secciones_eaae,stock_original_e_imputado_agregado_desde_panel_eaae,suma_consumo_capital_fijo_original_eaae,directo_agregado,,,,,,,,
2016,industria_total,C,,Industria manufacturera EAAE,4,Rev.4,6.6,488282856955.1285,,155382839152.649,,128582893995.53664,359699962959.59186,332900017802.4795,65854041864.74013,65854041864.74013,100240.44671676552,,17409371770.14496,7957401871.300477,1694713789.3844242,4309905878.070582,6004619667.455007,16145911799.043234,26902000893.91136,218824498043.52017,218824498043.52017,9977885131.021233,54499994387.81695,60417281767.76055,279241779811.2807,46582940331.75328,73382885488.86562,0.1668193791173918,0.2627933597130766,0.42381798546005933,1550101.2240267752,218718401381.35434,,69601227439.13292,,57596625847.2932,161121775534.06116,149117173942.22144,29498251998.800716,29498251998.800716,7232299818.08599,98018891536.78456,125081834861.18185,20866074030.40649,32870675622.246204,0.07472404038001892,0.11771403134753373,694342.7500457447,2.2324726857515995,2.2324726857515995,bcu_indice_implicito_vab,2005,base_2005_directa,directo,D,FALSE,Total industria manufacturera BCU Rev.3.,203704139812.43854,91245971837.6613,rama_c_panel_eaae,stock_original_rama_c,consumo_capital_fijo_original_rama_c,directo,,,,,,,,
2016,subrama_industrial,C,10_11_12_alimentos_bebidas_tabaco,Alimentos bebidas y tabaco,4,Rev.4,6.6,236555810340.6008,,64386861683.72345,,54913867611.96907,181641942728.6317,172168948656.87735,30423071873.29127,30423071873.29127,51376.547852743875,,7214019374.839911,3297353404.2963934,702248092.1679924,1785919958.436198,2488168050.6041903,5190363989.8278885,8930306500.250874,62258538940.841034,62258538940.841034,4609556344.438071,27521506474.03511,30695760686.389183,92954299627.23022,19300431748.84991,28773425820.60429,0.20763355569618,0.30954378588180276,0.47250434448464523,1253234.4887840636,83128184755.26663,,22626216308.74276,,19297307159.360573,63830877595.90606,60501968446.52388,10690985505.13029,10690985505.13029,1823948167.1249478,21878301446.983818,32665112651.779907,6782373487.105337,10111282636.487526,0.07296460211420382,0.10877692239128554,440399.7009217964,2.8456751586364173,2.8456751586364173,bcu_indice_implicito_vab,2005,base_2005_directa,directo,D.15-D.16,FALSE,Agregado BCU compatible con el grupo EAAE.,95475539076.54817,33551102551.80984,extraccion_directa_subrama_eaae,stock_capital_directo_subrama,consumo_capital_fijo_directo_subrama,directo,10|11|12,Encuesta de Actividad Económica 2016/EAE_C2.1_2016.xls|Encuesta de Actividad Económica 2016/EAE_C7_2016.xls,0.4143756288329205,10|11|12,10|11 y 12,agregacion_rev4_para_compatibilidad,baja,Agregado Rev4 definido para compatibilidad con 2001 y agrupaciones publicadas.
2016,subrama_industrial,C,13_14_15_textiles_prendas_cuero,Textiles prendas y cuero,4,Rev.4,6.6,22506293827.907692,,5297263348.584152,,5267529886.328581,17238763941.57911,17209030479.32354,4010254546.0584,4010254546.0584,8292.676727185017,,593514879.138391,271281265.7605269,57775654.58195084,146931968.602541,204707623.18449184,460253810.2477292,-502491221.016882,4448223417.164031,4448223417.164031,607614325.1603637,2611933930.5422893,3215043185.6639304,7663266602.827961,797021530.0224514,826754992.2780228,0.10400545502727623,0.10788545344004173,0.7570426996290939,638788.1166546245,14311945582.428066,,3368575268.786276,,3349667504.7166877,10962278077.711376,10943370313.64179,2550155315.3857627,2550155315.3857627,292679351.68440163,2828663482.83396,4873137062.98965,506832837.64652294,525740601.71611154,0.06613796229658608,0.06860528661786326,406210.8508032668,1.572553060538498,1.572553060538498,bcu_indice_implicito_vab,2005,base_2005_directa,directo,D.17 a D.19,FALSE,Agregado BCU compatible con el grupo EAAE.,5650894032.657298,3593452058.60477,extraccion_directa_subrama_eaae,stock_capital_directo_subrama,consumo_capital_fijo_directo_subrama,directo,13|14|15,Encuesta de Actividad Económica 2016/EAE_C2.1_2016.xls|Encuesta de Actividad Económica 2016/EAE_C7_2016.xls,0.03409168848678387,13|14|15,13|14|15,agregacion_rev4_para_compatibilidad,baja,Agregado Rev4 definido para compatibilidad con 2001.
2016,subrama_industrial,C,16_madera,Madera y productos de madera,4,Rev.4,6.6,8521775507.898925,,1879071604.241454,,1875961559.42999,6645813948.468935,6642703903.657471,1453103453.17397,1453103453.17397,3098.2817036331717,,210534550.14310998,96230239.97655937,20494467.576437086,52120438.760162115,72614906.3365992,626938441.0345556,-56110927.11908969,5060699215.938,5060699215.938,220167189.87484396,1006941507.3437781,1226637478.307794,6287336694.245794,-204080334.7785356,-200970289.96707177,-0.032458947993879675,-0.031964295812406694,0.773309250107348,606488.3002852767,4403596155.447012,,971003341.331561,,969396237.112219,3434199918.3347936,3432592814.1154513,750885865.7368386,750885865.7368386,323968133.88039994,2615097709.452898,3248958115.491124,-105457762.50501971,-103850658.28567767,-0.016773042010225926,-0.016517432314500095,313400.59885223565,1.9351855181719935,1.9351855181719935,bcu_indice_implicito_vab,2005,base_2005_directa,directo,D.20TT.0,FALSE,Fila BCU especifica de madera.,6401211803.36061,3307802659.3581038,extraccion_directa_subrama_eaae,stock_capital_directo_subrama,consumo_capital_fijo_directo_subrama,directo,16,Encuesta de Actividad Económica 2016/EAE_C2.1_2016.xls|Encuesta de Actividad Económica 2016/EAE_C7_2016.xls,0.012093173316233741,16,16,uno_a_uno,baja,Division Rev4 conservada como grupo.
2016,subrama_industrial,C,17_18_papel_impresion,Papel impresion y reproduccion,4,Rev.4,6.6,49857368115.61131,,14541263939.545868,,14539062007.667992,35318306107.94332,35316104176.065445,3331779083.79036,3331779083.79036,4922.549417244969,,1629229272.1119385,744681211.3527005,158597182.59631723,403335910.64104396,561933093.2373612,4301440237.672127,13251231.71952656,81026564669.19684,81026564669.19684,504815012.69550914,5351258501.203534,5855739887.85694,86882304557.05377,6905842686.205505,6908044618.083382,0.07948503117422011,0.07951037502172856,0.22912582411281185,2954010.7588567915,55493335115.02051,,16185034695.81485,,16182583853.57793,39310751261.44258,39308300419.20566,3708409412.9730306,3708409412.9730306,4787682816.165957,90185953979.36177,96703637287.26762,7686491624.438942,7688942466.675862,0.08847016275208705,0.088498371513922,3287937.4738452537,0.8984388487783699,0.8984388487783699,bcu_indice_implicito_vab,2005,base_2005_directa,reconstruido_por_suma,D.210T.0|D.22TT.0,FALSE,Suma de papel e impresion.,20378113346.245068,22681692108.431984,extraccion_directa_subrama_eaae,stock_capital_directo_subrama,consumo_capital_fijo_directo_subrama,directo,17|18,Encuesta de Actividad Económica 2016/EAE_C2.1_2016.xls|Encuesta de Actividad Económica 2016/EAE_C7_2016.xls,0.09358346146102048,17|18,17|18,agregacion_rev4_para_compatibilidad,media,Agregado Rev4 definido para compatibilidad con Rev3 21-22.
2016,subrama_industrial,C,19_refinacion,Coque y refinacion de petroleo,4,Rev.4,6.6,65096338926.02118,,31194121278.02118,,12012205744.732605,53084133181.288574,33902217648,3697579880,3697579880,2665,,3495045252.960947,1597500472.928307,340224877.8943832,865241794.9791216,1205466672.8735049,1433451328,18719083913,18950271546,18950271546,560239375.7575758,8043050482.013421,5696939019.39394,24647210565.39394,6881174536.732605,26063090070.02118,0.2791867468521634,1.0574458314814421,0.11853450998170123,11705111.17374153,25054142255.086933,,12005927904.949636,,4623232527.2228365,20430909727.864098,13048214350.137299,1423116781.0888379,1423116781.0888379,551703737.567633,7293540726.23927,9486166655.212929,2648412008.5663652,10031107386.293165,0.10745280897161172,0.40698753149686645,4505038.613489544,2.5982266031400125,2.5982266031400125,bcu_indice_implicito_vab,2005,base_2005_directa,directo,D.23,FALSE,Fila BCU compatible.,22604742210.938885,8700065723.143843,extraccion_directa_subrama_eaae,stock_capital_directo_subrama,consumo_capital_fijo_directo_subrama,directo,19,Encuesta de Actividad Económica 2016/EAE_C2.1_2016.xls|Encuesta de Actividad Económica 2016/EAE_C7_2016.xls,0.20075654073598118,19,19,uno_a_uno,baja,Division Rev4 conservada como grupo.
2016,subrama_industrial,C,20_21_22_quimicos_farma_caucho_plastico,Quimicos farmaceuticos caucho y plastico,4,Rev.4,6.6,64265113112.34807,,21219265857.558964,,21091430858.59031,43173682253.75776,43045847254.78911,11836897850.261703,11836897850.261703,13222.51768898769,,2377444575.078676,1086672291.2475722,231432136.55718705,588565887.6267014,819998024.1838883,2682202893.0195613,-5001786.887789972,33963907801.761658,33963907801.761658,1793469371.2517734,6541467008.145115,8315567440.159214,42279475241.92087,6572330115.309044,6700165114.2776985,0.15544966151312253,0.15847323260139148,0.5578372941703368,1604782.5653681166,21531091400.694862,,7109206387.547164,,7066377130.525705,14464714270.169155,14421885013.1477,3965780454.9277844,3965780454.9277844,898633066.1840222,11379113297.84921,14165123217.254585,2201963609.4138985,2244792866.4353566,0.05208114804676221,0.05309415156150291,537659.0566763267,2.984758734073001,2.984758734073001,bcu_indice_implicito_vab,2005,base_2005_directa,directo,D.24 - D.25,FALSE,Agregado BCU compatible con el grupo EAAE.,25488758795.900864,8539637895.998016,extraccion_directa_subrama_eaae,stock_capital_directo_subrama,consumo_capital_fijo_directo_subrama,directo,20|21|22,Encuesta de Actividad Económica 2016/EAE_C2.1_2016.xls|Encuesta de Actividad Económica 2016/EAE_C7_2016.xls,0.13656119281430454,20|21|22,20|21|22,agregacion_rev4_para_compatibilidad,baja,Agregado Rev4 definido para compatibilidad con Rev3 24-25.
2016,subrama_industrial,C,23_24_minerales_metales,Minerales no metalicos y metales comunes,4,Rev.4,6.6,13167733302.828169,,5340375122.342431,,5340375122.342431,7827358180.485738,7827358180.485738,3347476593.2709475,3347476593.2709475,4250.648926916718,,598345199.533624,273489088.1368589,58245861.70309374,148127774.3179477,206373636.02104142,722495077.7971631,8264215.026496936,5831615034.933868,5831615034.933868,507193423.2228708,1185963360.6796572,1693156783.902528,7524771818.836396,1270403451.2743206,1270403451.2743206,0.16882949833697034,0.16882949833697034,0.6268242429761479,1256367.0192861976,3473415829.1327853,,1408696778.4703767,,1408696778.4703767,2064719050.6624086,2064719050.6624086,883005291.7476321,883005291.7476321,190581460.1479051,1538277204.277636,1984902104.6427937,335110026.5748395,335110026.5748395,0.04453424431236237,0.04453424431236237,331407.4633522368,3.7910040002655783,3.7910040002655783,bcu_indice_implicito_vab,2005,base_2005_directa,proxy_grupo_amplio,D.26,FALSE,BCU 2005 no separa completamente metales comunes del grupo metal/equipos; se usa minerales no metalicos como proxy parcial.,5291360810.809782,1395767667.4672716,extraccion_directa_subrama_eaae,stock_capital_directo_subrama,consumo_capital_fijo_directo_subrama,directo,23|24,Encuesta de Actividad Económica 2016/EAE_C2.1_2016.xls|Encuesta de Actividad Económica 2016/EAE_C7_2016.xls,0.034369143667763835,23|24,23|24,agregacion_rev4_para_compatibilidad,baja,Agregado Rev4 definido para compatibilidad con 2001.
2016,subrama_industrial,C,25_26_27_28_33_metal_equipos_reparacion,Productos de metal equipos y reparacion,4,Rev.4,6.6,19933392238.518745,,8089095206.070998,,8089095206.070998,11844297032.447746,11844297032.447746,5122714308.778348,5122714308.778348,7373.567445117882,,906316723.870897,414255407.3598914,88225323.10601209,224369944.37119356,312595267.47720563,490694036.9109544,-108594062.56486906,4711992458.056979,4711992458.056979,776168834.6633861,1794590459.4617798,2570759294.125166,7282751752.182145,2475686860.3816957,2475686860.3816957,0.3399383838176141,0.3399383838176141,0.6332864403590734,1097039.5627732237,8367458895.978236,,3395567138.425174,,3395567138.425174,4971891757.5530615,4971891757.5530615,2150366626.093524,2150366626.093524,205979099.55436397,1977957526.705504,3057087584.8337746,1039221412.7772865,1039221412.7772865,0.14269625659914917,0.14269625659914917,460505.3339104419,2.382251587527917,2.382251587527917,bcu_indice_implicito_vab,2005,base_2005_directa,proxy_grupo_amplio,D.RR,FALSE,"BCU 2005 agrupa metales basicos, productos de metal y equipos; proxy compatible amplio.",16128957862.55724,6770467882.988966,extraccion_directa_subrama_eaae,stock_capital_directo_subrama,consumo_capital_fijo_directo_subrama,directo,25|26|27|28|33,Encuesta de Actividad Económica 2016/EAE_C2.1_2016.xls|Encuesta de Actividad Económica 2016/EAE_C7_2016.xls,0.052059128602510774,25|26|27|28|33,25|26|27|28|33,agregacion_rev4_para_compatibilidad,alta,Grupo amplio definido por reubicacion de reparacion e instalacion en Rev4 33.|Rev4 33 se agrega con metal/equipos para evitar quiebre artificial hacia atras.
2016,subrama_industrial,C,29_30_vehiculos_transporte,Vehiculos y otros equipos de transporte,4,Rev.4,6.6,4245691843.7219734,,1727838921.8295712,,1667410254.6534028,2578281589.0685706,2517852921.892402,1450476423.6514523,1450476423.6514523,2541.0165488865496,,193590169.3719607,88485374.220542,18845018.295637,47925647.170319796,66770665.4659568,158220031.41571766,-101582105.59149754,1305128735.8526418,1305128735.8526418,219769155.0987049,390648725.61645013,601262022.0520992,1906390757.904741,58713799.5862329,119142466.76240134,0.030798407589199363,0.06249635142658128,0.8394743313893949,679979.4053237059,6651931136.208476,,2707088961.1233053,,2612412440.1923018,4039518696.016174,3944842175.0851707,2272531695.6505985,2272531695.6505985,247890989.75762025,2044808430.3659384,2986834774.4168124,91989754.78408332,186666275.71508676,0.04825335750430652,0.09791606203559561,1065356.6826668356,0.638264551569301,0.638264551569301,bcu_indice_implicito_vab,2005,base_2005_directa,directo,D.SS,FALSE,Fila BCU de material de transporte.,609931950.330934,955609940.7859868,extraccion_directa_subrama_eaae,stock_capital_directo_subrama,consumo_capital_fijo_directo_subrama,directo,29|30,Encuesta de Actividad Económica 2016/EAE_C2.1_2016.xls|Encuesta de Actividad Económica 2016/EAE_C7_2016.xls,0.011119882551072019,29|30,29 y 30,agregacion_rev4_para_compatibilidad,baja,Agregado Rev4 definido para compatibilidad con 2001.
2016,subrama_industrial,C,31_32_muebles_otras_manufacturas,Muebles y otras manufacturas,4,Rev.4,6.6,4133339739.6715817,,1707682190.7308922,,1707682190.7308922,2425657548.9406896,2425657548.9406896,1180687852.4636796,1180687852.4636796,2497.640406049637,,191331773.09550315,87453116.02112556,18625174.90541367,47366553.16535352,65991728.070767194,79851953.11753485,4875137.094592451,1267556223.7751017,1267556223.7751017,178892098.8581333,367523871.05161965,546415969.909753,1813972193.6848545,447142385.14967775,447142385.14967775,0.24649902942633575,0.24649902942633575,0.6913978835595529,683718.1952192339,1274953225.3275723,,526744728.00046146,,526744728.00046146,748208497.3271109,748208497.3271109,364190190.1156714,364190190.1156714,24630809.850630946,390985255.8876543,559530511.560803,137923728.0341591,137923728.0341591,0.07603409165494678,0.07603409165494678,210896.94366114974,3.241954024320859,3.241954024320859,bcu_indice_implicito_vab,2005,base_2005_directa,directo,D.UU,FALSE,Fila BCU de otras industrias manufactureras.,5674629923.089695,1750373349.0725384,extraccion_directa_subrama_eaae,stock_capital_directo_subrama,consumo_capital_fijo_directo_subrama,directo,31|32,Encuesta de Actividad Económica 2016/EAE_C2.1_2016.xls|Encuesta de Actividad Económica 2016/EAE_C7_2016.xls,0.010990159531409102,31|32,31|32,agregacion_rev4_para_compatibilidad,baja,Agregado Rev4 definido para compatibilidad con Rev3 36.
2017,economia_total,economia_total,,Economia total EAAE,5,Rev.4,4.2,1487902627065.02,1443196189138.6816,718899634453.7249,674193196527.3866,674193196527.3866,813709430537.6333,769002992611.2952,385131881530.7375,385131881530.7375,619826.2017294808,,95576488801.99,44909449054.259995,10298175130.96,15627193019.23,25925368150.19,60215993660.880005,1762120524.19,841966030516.03,841966030516.03,91698067031.12798,193740340604.1984,274794017652.86493,1116760048168.895,228845321335.7691,273551759262.10736,0.20491897226355585,0.24495124060951035,0.53572413042523,1159840.6657346894,584202827137.5311,566649509499.1759,282265244537.16876,264711926898.81366,264711926898.81366,319490900238.7174,301937582600.3623,151216302678.93967,151216302678.93967,23642913921.70819,330585433773.6409,438479215982.9986,89852710298.1658,107406027936.52094,0.08045838534920151,0.09617645985154119,455394.1794483249,2.5468939175721292,2.5468939175721292,bcu_indice_implicito_vab,2016,variacion_interanual_encadenada_desde_2016,directo_total_economia,__TOTAL_VAB_SECTORES__,FALSE,Total VAB de sectores de actividad BCU.,1655307541515.3425,1562127443303.739,agregacion_secciones_eaae,stock_original_e_imputado_agregado_desde_panel_eaae,suma_consumo_capital_fijo_original_eaae,directo_agregado,,,,,,,,
2017,industria_total,C,,Industria manufacturera EAAE,5,Rev.4,6.6,484141525416.43567,455782090534.6201,164424571873.8614,136065136992.04588,136065136992.04588,348076388424.3898,319716953542.5743,70584977309.77174,70584977309.77174,97466.99722610827,,17036239960.980003,8481037478.919999,1726303402.3,2897152608.0599995,4623456010.36,15918676560.87,1963308432.45,209773097223.24,209773097223.24,10694693531.783598,52738846730.96815,59136656189.7494,268909753412.98938,49561483121.404144,77920918003.21965,0.18430526409835357,0.28976605353376433,0.4292848477897886,1686976.8901613124,209358400498.1267,197094866770.50293,71102484630.89647,58838950903.27271,58838950903.27271,150519449594.85397,138255915867.23022,30523219292.25018,30523219292.25018,6883748837.62372,90712648671.10825,116285244907.39314,21431982773.39882,33695516501.02258,0.07969953674563732,0.1253041813223981,729503.1821484125,2.31250107119904,2.31250107119904,bcu_indice_implicito_vab,2016,variacion_interanual_encadenada_desde_2016,reconstruido_por_suma,__ALL_C__,FALSE,Total manufacturero reconstruido por suma de filas C publicadas en el libro BCU 2016.,191507754415.5097,184880273642.672,rama_c_panel_eaae,stock_original_rama_c,consumo_capital_fijo_original_rama_c,directo,,,,,,,,
2017,subrama_industrial,C,10_11_12_alimentos_bebidas_tabaco,Alimentos bebidas y tabaco,5,Rev.4,6.6,244025248912.31964,233634761971.8064,70622956205.59341,60232469265.08025,60232469265.08025,183792779647.23938,173402292706.72623,33420785473.020012,33420785473.020012,50635.29135381941,,7317334720.477602,3642739838.856041,741474635.9913186,1244372902.5908945,1985847538.5822132,5508695189.1,-1082129717.29,62405975415.509995,62405975415.509995,5063755374.700002,27847390855.64233,31336830027.23428,93742805442.74428,21302988602.960243,31693475543.473404,0.2272493179860247,0.33808968479006074,0.47322835616973297,1394737.8264718198,81289526013.84576,77828254025.75383,23525871446.65523,20064599458.563316,20064599458.563316,61224926555.28245,57763654567.19054,11133109472.161112,11133109472.161112,1835052818.807244,20788636358.614162,31227540000.94017,7096437167.594959,10557709155.686876,0.0757011392402725,0.11262420732794536,464614.1222386919,3.0019273192804157,3.0019273192804157,bcu_indice_implicito_vab,2016,variacion_interanual_encadenada_desde_2016,reconstruido_por_suma,C.101T.0|C.1020.0|C.1030.0|C.1040.0|C.1050.0|C.107V.0|C.107X.1 C.107X.9|C.10RT.0|C.1PTT.0,FALSE,"Suma de filas BCU Rev.4 de alimentos, bebidas y tabaco.",91906546693.939,87122754492.8344,extraccion_directa_subrama_eaae,stock_capital_directo_subrama,consumo_capital_fijo_directo_subrama,directo,10|11|12,Encuesta de Actividad Económica 2017/EAE_C2.1_2017.xls|Encuesta de Actividad Económica 2017/EAE_C7_2017.xls,0.4295158284479033,10|11|12,10|11 y 12,agregacion_rev4_para_compatibilidad,baja,Agregado Rev4 definido para compatibilidad con 2001 y agrupaciones publicadas.
2017,subrama_industrial,C,13_14_15_textiles_prendas_cuero,Textiles prendas y cuero,5,Rev.4,6.6,19462047704.75008,19436815169.55514,4495385795.677844,4470153260.4829035,4470153260.4829035,14991894444.267178,14966661909.072235,3913087066.622372,3913087066.622372,7821.756067147475,,465772665.603172,231872493.14899516,47197324.00874462,79208469.47483729,126405793.4835819,418541963.71,-410624430.72,4619355235.96,4619355235.96,592891979.7912686,2271499158.2222996,2860568026.620395,7479923262.580395,138524230.1505313,163756765.34547186,0.018519472097196857,0.02189284028683734,0.8704674625222752,574728.4570224741,11660317737.317978,11645200141.155718,2693325364.557407,2678207768.395146,2678207768.395146,8982109968.922832,8966992372.76057,2344452095.833168,2344452095.833168,250761500.39795002,2767599309.690868,4481454532.2050705,82994172.16402818,98111768.32628894,0.011095591391855694,0.013116681131892084,344337.6834352799,1.6690838228587244,1.6690838228587244,bcu_indice_implicito_vab,2016,variacion_interanual_encadenada_desde_2016,reconstruido_por_suma,C.13TT.0|C.14TT.0|C.15TT.0,FALSE,"Suma de textiles, prendas y cuero.",11164192686.217499,10518516288.2253,extraccion_directa_subrama_eaae,stock_capital_directo_subrama,consumo_capital_fijo_directo_subrama,directo,13|14|15,Encuesta de Actividad Económica 2017/EAE_C2.1_2017.xls|Encuesta de Actividad Económica 2017/EAE_C7_2017.xls,0.027340109476620602,13|14|15,13|14|15,agregacion_rev4_para_compatibilidad,baja,Agregado Rev4 definido para compatibilidad con 2001.
2017,subrama_industrial,C,16_madera,Madera y productos de madera,5,Rev.4,6.6,13237156062.068745,13232227539.068745,2977785910.355379,2972857387.355379,2972857387.355379,10264298674.713366,10259370151.713366,1862999116.4594648,1862999116.4594648,3185.539071374807,,308532202.5965641,153594524.35915768,31263952.156196486,52468436.54881887,83732388.70501536,596935527.68,-68017967.99,4890003328.88,4890003328.88,282272593.4029492,1555196768.8959646,1836722616.389823,6726725945.269823,512922743.2159145,517851266.2159145,0.0762514702381472,0.07698414807281738,0.6256323229889714,934782.41629924,7458049487.035995,7455272669.397852,1677737618.0422652,1674960800.4041228,1674960800.4041228,5783088686.631871,5780311868.99373,1049646883.341766,1049646883.341766,336324108.0736806,2755114969.374937,3789957204.577285,288989808.98867637,291766626.6268187,0.042961436416462245,0.043374240157945866,526673.0623769092,1.7748817683602558,1.7748817683602558,bcu_indice_implicito_vab,2016,variacion_interanual_encadenada_desde_2016,directo,C.16TT.0,FALSE,Fila BCU especifica de madera.,3649451899.1570997,3979063051.0779,extraccion_directa_subrama_eaae,stock_capital_directo_subrama,consumo_capital_fijo_directo_subrama,directo,16,Encuesta de Actividad Económica 2017/EAE_C2.1_2017.xls|Encuesta de Actividad Económica 2017/EAE_C7_2017.xls,0.01811034613877415,16,16,uno_a_uno,baja,Division Rev4 conservada como grupo.
2017,subrama_industrial,C,17_18_papel_impresion,Papel impresion y reproduccion,5,Rev.4,6.6,53233183643.39509,53230213163.69949,19616651048.481472,19613680568.78587,19613680568.78587,33619503074.60922,33616532594.913616,3525610315.42341,3525610315.42341,4542.185228125626,,2032506277.4018824,1011829015.9252921,205956391.19379598,345644395.4746017,551600786.6683977,4064251411.22,-93155.21999999974,76297979681.12,76297979681.12,534183381.12475914,5093864102.213518,5627597410.657125,81925577091.77711,12023818842.14246,12026789321.838062,0.14676514061869567,0.146801398888714,0.1797253928160346,4318769.504821903,58695408888.04665,58692133609.20001,21629503920.297844,21626228641.451195,21626228641.451195,37069180246.59546,37065904967.74881,3887371088.4914904,3887371088.4914904,4481281826.077238,84126869899.70895,90331911726.41203,13257575726.882463,13260851005.729115,0.1618246242199877,0.16186460292948132,4761915.869561193,0.9069394804784476,0.9069394804784476,bcu_indice_implicito_vab,2016,variacion_interanual_encadenada_desde_2016,reconstruido_por_suma,C.170V.1 C.170V.9|C.18TT.0,FALSE,Suma de papel e impresion.,21244489547.7717,21045367571.952003,extraccion_directa_subrama_eaae,stock_capital_directo_subrama,consumo_capital_fijo_directo_subrama,directo,17|18,Encuesta de Actividad Económica 2017/EAE_C2.1_2017.xls|Encuesta de Actividad Económica 2017/EAE_C7_2017.xls,0.1193048631656491,17|18,17|18,agregacion_rev4_para_compatibilidad,media,Agregado Rev4 definido para compatibilidad con Rev3 21-22.
2017,subrama_industrial,C,19_refinacion,Coque y refinacion de petroleo,5,Rev.4,6.6,50095981482.13297,32371358228.132973,28824235329,11099612075,11099612075,38996369407.13297,21271746153.132973,3750496015,3750496015,2532,,2986515848.3326707,1486757224.5466838,302627368.5865002,507881562.99905705,810508931.5855573,1345233509,3992296750,18121060721,18121060721,568256971.969697,5908540819.262572,3791248813.353481,21912309534.35348,6003882551,23728505805,0.27399588078962134,1.0828847487664017,0.13011606282670868,11383979.197867298,21085034447.513653,13624869363.951363,12131911120.495089,4671746036.932797,4671746036.932797,16413288410.580856,8953123327.018564,1578556509.5623846,1578556509.5623846,566199005.1503625,7627022731.634549,9222731797.783178,2526990522.22005,9987155605.782341,0.11532287449017217,0.45577831903683036,4791434.091822705,2.375902283054619,2.375902283054619,bcu_indice_implicito_vab,2016,variacion_interanual_encadenada_desde_2016,directo,C.19TT.0,FALSE,Fila BCU compatible.,4148821653.0971003,4537046353.9861,extraccion_directa_subrama_eaae,stock_capital_directo_subrama,consumo_capital_fijo_directo_subrama,directo,19,Encuesta de Actividad Económica 2017/EAE_C2.1_2017.xls|Encuesta de Actividad Económica 2017/EAE_C7_2017.xls,0.17530369701137224,19,19,uno_a_uno,baja,Division Rev4 conservada como grupo.
2017,subrama_industrial,C,20_21_22_quimicos_farma_caucho_plastico,Quimicos farmaceuticos caucho y plastico,5,Rev.4,6.6,62942680866.26401,62813664202.98393,21415409710.031693,21286393046.75161,21286393046.75161,41656287819.5124,41527271156.232315,12557419353.768955,12557419353.768955,12703.189427399677,,2218877960.422407,1104609185.277611,224841665.83348247,377338431.7624296,602180097.5959121,2636667313.42,-145080495.46,30863594502.039997,30863594502.039997,1902639296.0255995,6311558760.532182,8194650077.27292,39058244579.31292,6092306379.562656,6221323042.842739,0.15598003558996165,0.15928322201499664,0.586373061444939,1685829.3606045512,21480127744.972546,21436098886.17045,7308327671.326754,7264298812.524654,7264298812.524654,14215828932.447891,14171800073.645792,4285406470.6786294,4285406470.6786294,899802009.2850999,10532661517.571001,13329207963.680763,2079090332.5609257,2123119191.3630242,0.05323051137997404,0.054357772967798146,575314.3895944214,2.930274978508721,2.930274978508721,bcu_indice_implicito_vab,2016,variacion_interanual_encadenada_desde_2016,reconstruido_por_suma,C.20TV.0|C.20TX.0|C.2100.0|C.22TT.0,FALSE,"Suma de quimicos, farmaceuticos, caucho y plastico.",26105973296.831,26591371929.486298,extraccion_directa_subrama_eaae,stock_capital_directo_subrama,consumo_capital_fijo_directo_subrama,directo,20|21|22,Encuesta de Actividad Económica 2017/EAE_C2.1_2017.xls|Encuesta de Actividad Económica 2017/EAE_C7_2017.xls,0.13024458246095091,20|21|22,20|21|22,agregacion_rev4_para_compatibilidad,baja,Agregado Rev4 definido para compatibilidad con Rev3 24-25.
2017,subrama_industrial,C,23_24_minerales_metales,Minerales no metalicos y metales comunes,5,Rev.4,6.6,11862984773.133038,11862984773.133038,4251722910.391001,4251722910.391001,4251722910.391001,7611261862.742037,7611261862.742037,3295776283.5916033,3295776283.5916033,3927.8178148149022,,440526442.75446105,219304334.76008463,44639092.82047914,74915141.80762126,119554234.6281004,663353495.49,6394213.74,5958645492.82,5958645492.82,499360042.96842474,1153221494.354854,1652581537.3232791,7611227030.143279,292593131.3093977,292593131.3093977,0.03844230767925073,0.03844230767925073,0.7751625289448869,1082464.3888406425,2935121289.42067,2935121289.42067,1051954686.7554839,1051954686.7554839,1051954686.7554839,1883166602.6651864,1883166602.6651864,815435855.3208072,815435855.3208072,164125892.78828728,1474278824.1367295,1883157984.4376378,72392938.64638934,72392938.64638934,0.009511336130125466,0.009511336130125466,267821.65985085466,4.04173579330159,4.04173579330159,bcu_indice_implicito_vab,2016,variacion_interanual_encadenada_desde_2016,proxy_grupo_amplio,C.23TT.0|C.2PTT.0,FALSE,C.2PTT.0 cruza metales comunes con productos elaborados de metal.,13182950319.066399,12365137146.6957,extraccion_directa_subrama_eaae,stock_capital_directo_subrama,consumo_capital_fijo_directo_subrama,directo,23|24,Encuesta de Actividad Económica 2017/EAE_C2.1_2017.xls|Encuesta de Actividad Económica 2017/EAE_C7_2017.xls,0.025858196630444735,23|24,23|24,agregacion_rev4_para_compatibilidad,baja,Agregado Rev4 definido para compatibilidad con 2001.
2017,subrama_industrial,C,25_26_27_28_33_metal_equipos_reparacion,Productos de metal equipos y reparacion,5,Rev.4,6.6,18626376901.596485,18626376901.596485,8061831367.85839,8061831367.85839,8061831367.85839,10564545533.738094,10564545533.738094,5254436891.161725,5254436891.161725,7058.365671673993,,835296647.8340861,415830147.5280235,84641649.11908288,142049059.37689602,226690708.49597892,437455517.78,-130339827.78,4261810381,4261810381,796126801.6911705,1600688717.2330446,2396815518.924215,6658625899.924215,2369938958.916665,2369938958.916665,0.35592012444243765,0.35592012444243765,0.6517671545587732,1142166.8616874607,7756233123.194354,7756233123.194354,3357037378.7309666,3357037378.7309666,3357037378.7309666,4399195744.463387,4399195744.463387,2188006700.082925,2188006700.082925,182161404.48862895,1774665841.699602,2772726818.146013,986869274.1594131,986869274.1594131,0.1482091484026224,0.1482091484026224,475611.1449712972,2.401472029753192,2.401472029753192,bcu_indice_implicito_vab,2016,variacion_interanual_encadenada_desde_2016,proxy_grupo_amplio,C.2PTT.0|C.2QTT.0,FALSE,C.2PTT.0 cruza metales comunes y productos de metal; reparacion queda parcialmente en C.PPTT.0.,14252988965.238998,14138913619.971699,extraccion_directa_subrama_eaae,stock_capital_directo_subrama,consumo_capital_fijo_directo_subrama,directo,25|26|27|28|33,Encuesta de Actividad Económica 2017/EAE_C2.1_2017.xls|Encuesta de Actividad Económica 2017/EAE_C7_2017.xls,0.04903057539382275,25|26|27|28|33,25|26|27|28|33,agregacion_rev4_para_compatibilidad,alta,Grupo amplio definido por reubicacion de reparacion e instalacion en Rev4 33.|Rev4 33 se agrega con metal/equipos para evitar quiebre artificial hacia atras.
2017,subrama_industrial,C,29_30_vehiculos_transporte,Vehiculos y otros equipos de transporte,5,Rev.4,6.6,6678590524.684361,6596414038.552584,2349675043.861801,2267498557.7300234,2267498557.7300234,4411091966.954338,4328915480.82256,1812359207.0740137,1812359207.0740137,2905.579317125304,,243452833.24358997,121196496.86886509,24669378.647552684,41401154.9723845,66070533.61993719,154705989.86,-209042128.91,1445146486.31,1445146486.31,274599879.8596991,668347267.7203543,930496164.8328143,2375642651.142814,300433360.79600954,382609846.9277873,0.12646403727912725,0.16105530296980106,0.771323341841907,808676.9581587267,9532627279.142784,9415333396.472696,3353787949.3363023,3236494066.666215,3236494066.666215,6296133212.476569,6178839329.806481,2586854928.9111924,2586854928.9111924,220818230.09442875,2062717090.8051922,3390852584.5502944,428820907.6605934,546114790.3306806,0.18050732817678075,0.22988086615971873,1154257.923564256,0.7006033414625364,0.7006033414625364,bcu_indice_implicito_vab,2016,variacion_interanual_encadenada_desde_2016,directo,C.3PTT.0,FALSE,Fila BCU de vehiculos y otros equipos de transporte.,13448872430.8398,12252208950.7358,extraccion_directa_subrama_eaae,stock_capital_directo_subrama,consumo_capital_fijo_directo_subrama,directo,29|30,Encuesta de Actividad Económica 2017/EAE_C2.1_2017.xls|Encuesta de Actividad Económica 2017/EAE_C7_2017.xls,0.0142902913906588,29|30,29 y 30,agregacion_rev4_para_compatibilidad,baja,Agregado Rev4 definido para compatibilidad con 2001.
2017,subrama_industrial,C,31_32_muebles_otras_manufacturas,Muebles y otras manufacturas,5,Rev.4,6.6,3977274546.0912695,3977274546.0912695,1808918552.6104164,1808918552.6104164,1808918552.6104164,2168355993.480853,2168355993.480853,1192007587.6502037,1192007587.6502037,2155.273274627092,,187424362.31356665,93304217.64924479,18991943.942846753,31873053.05245866,50864996.99530542,92836643.61,9945192.08,909525978.6,909525978.6,180607210.25003088,328538786.89103836,509145997.14106923,1418671975.7410693,524074321.3502128,524074321.3502128,0.36941190797573414,0.36941190797573414,0.6589614473963131,839298.929702266,1128926858.003299,1128926858.003299,513451287.8899184,513451287.8899184,513451287.8899184,615475570.1133807,615475570.1133807,338344603.83544165,338344603.83544165,26351155.58748865,258163798.70038557,402682006.87444955,148755528.46698812,148755528.46698812,0.10485547822940743,0.10485547822940743,238230.24854180327,3.523057776414109,3.523057776414109,bcu_indice_implicito_vab,2016,variacion_interanual_encadenada_desde_2016,proxy_grupo_amplio,C.PPTT.0,FALSE,"BCU 2016 agrupa muebles, otras manufacturas y reparacion/instalacion.",1957893585.3547,1801673827.414,extraccion_directa_subrama_eaae,stock_capital_directo_subrama,consumo_capital_fijo_directo_subrama,directo,31|32,Encuesta de Actividad Económica 2017/EAE_C2.1_2017.xls|Encuesta de Actividad Económica 2017/EAE_C7_2017.xls,0.011001509883803324,31|32,31|32,agregacion_rev4_para_compatibilidad,baja,Agregado Rev4 definido para compatibilidad con Rev3 36.
2018,economia_total,economia_total,,Economia total EAAE,5,Rev.4,4.2,1658683685335.0159,1614155725631.5027,789921510187.4589,745393550483.946,745393550483.946,913290134851.0696,868762175147.557,422590435418.0629,422590435418.0629,620093.6958938887,,97638209970.68996,49538063967.509636,12591274268.929605,13728872802.607292,26320147071.536896,62139743088.51296,2249888267.3378906,898330263751.3518,898330263751.3518,100616770337.63403,217450032107.39752,307464907277.5285,1205795171028.8804,260663371977.37018,305191331680.883,0.21617549832692684,0.25310379325907356,0.5349777540780939,1273874.4409403435,606464253051.1707,590183502200.2153,288818876607.0434,272538125756.0882,272538125756.0882,333926127295.08234,317645376444.12726,154511673942.5942,154511673942.5942,22720144419.431633,328456351995.27905,440874697325.45087,95306307394.06238,111587058245.01755,0.07904021320033937,0.09254229982510428,465766.5099960418,2.7350065185046675,2.7350065185046675,bcu_indice_implicito_vab,2016,variacion_interanual_encadenada_desde_2016,directo_total_economia,__TOTAL_VAB_SECTORES__,FALSE,Total VAB de sectores de actividad BCU.,1784630291055.827,1568333860532.5068,agregacion_secciones_eaae,stock_original_e_imputado_agregado_desde_panel_eaae,suma_consumo_capital_fijo_original_eaae,directo_agregado,,,,,,,,
2018,industria_total,C,,Industria manufacturera EAAE,5,Rev.4,6.6,570036849535.3634,539642243987.4832,197885329971.67636,167490724423.79636,167490724423.79636,402546125111.567,372151519563.687,76120684622.3108,76120684622.3108,94566.08565707598,,21403883661.212368,9398761236.763603,2344301120.114546,3875594513.732285,6219895633.84683,16454135974.90346,1215222874.5782154,230944653073.89743,230944653073.89743,11533437063.986486,60991837138.11622,67920030937.2724,298864684011.1698,74915903826.58208,105310509374.46208,0.25066830520457933,0.352368530001779,0.3846706809100305,2092561.287661476,223601689955.83762,211679153418.79315,77622164663.91866,65699628126.87426,65699628126.87426,157902061828.96335,145979525291.91895,29858970934.980095,29858970934.980095,6454271533.060447,90589958799.46973,117232155197.48473,29386385658.833714,41308922195.878105,0.09832672520696832,0.13821948328406117,820824.5495684267,2.5493405244296157,2.5493405244296157,bcu_indice_implicito_vab,2016,variacion_interanual_encadenada_desde_2016,reconstruido_por_suma,__ALL_C__,FALSE,Total manufacturero reconstruido por suma de filas C publicadas en el libro BCU 2016.,222450347374.6172,194801094514.7861,rama_c_panel_eaae,stock_original_rama_c,consumo_capital_fijo_original_rama_c,directo,,,,,,,,
2018,subrama_industrial,C,10_11_12_alimentos_bebidas_tabaco,Alimentos bebidas y tabaco,5,Rev.4,6.6,264981508716.46692,253955188561.26633,79866472880.33733,68840152725.13681,68840152725.13681,196141355991.3301,185115035836.12958,36817393796.3712,36817393796.3712,50377.83459965785,,8638602438.12308,3793337836.2720847,946159383.6176312,1564189039.028246,2510348422.645877,6196608602.380266,-916689629.8282146,72280682407.8956,72280682407.8956,5578392999.450182,29718387271.413654,33626125701.894062,105906808109.78966,25826150326.385345,36852470481.58586,0.24385731934827395,0.3479707408742059,0.4609868505340673,1585349.4600357388,80451275102.28584,77103564084.75554,24248331939.344772,20900620921.81448,20900620921.81448,59550654180.47137,56202943162.94107,11178162171.42318,11178162171.42318,1881357932.4311004,21945203245.109276,32154461629.10386,7841100817.960201,11188811835.490496,0.07403774089604913,0.10564771080525313,481329.38090811594,3.2936893589264944,3.2936893589264944,bcu_indice_implicito_vab,2016,variacion_interanual_encadenada_desde_2016,reconstruido_por_suma,C.101T.0|C.1020.0|C.1030.0|C.1040.0|C.1050.0|C.107V.0|C.107X.1 C.107X.9|C.10RT.0|C.1PTT.0,FALSE,"Suma de filas BCU Rev.4 de alimentos, bebidas y tabaco.",99854220908.1562,86271850486.819,extraccion_directa_subrama_eaae,stock_capital_directo_subrama,consumo_capital_fijo_directo_subrama,directo,10|11|12,Encuesta de Actividad Económica 2018/EAE_C2.1_2018.xls|Encuesta de Actividad Económica 2018/EAE_C7_2018.xls,0.4035997660451574,10|11|12,10|11 y 12,agregacion_rev4_para_compatibilidad,baja,Agregado Rev4 definido para compatibilidad con 2001 y agrupaciones publicadas.
2018,subrama_industrial,C,13_14_15_textiles_prendas_cuero,Textiles prendas y cuero,5,Rev.4,6.6,20341215535.947273,20340804325.73814,4728081925.03691,4727670714.827777,4727670714.827777,15613544821.119495,15613133610.910362,3719942194.5658417,3719942194.5658417,6483.486508212482,,511403829.0693701,224564969.66015652,56012478.30975569,92599731.22703233,148612209.53678802,428152523.4528825,-421368586.1548815,3994072128.99296,3994072128.99296,563627605.2372488,2365688609.2605295,2929253909.920637,6923326038.913597,579575996.8090525,579987207.0181856,0.08371352057543704,0.08377291546841506,0.7867761712984281,729249.9057486984,12435229610.639982,12434978224.809092,2890426299.836788,2890174914.0058985,2890174914.0058985,9545054696.634083,9544803310.803192,2274118537.6058707,2274118537.6058707,261743204.48561984,2441702852.8955197,4232448587.502954,354313171.91440797,354564557.7452977,0.051176727763929855,0.05121303774405743,445813.5751768053,1.6357732163258711,1.6357732163258711,bcu_indice_implicito_vab,2016,variacion_interanual_encadenada_desde_2016,reconstruido_por_suma,C.13TT.0|C.14TT.0|C.15TT.0,FALSE,"Suma de textiles, prendas y cuero.",10037506844.374302,9649572416.738,extraccion_directa_subrama_eaae,stock_capital_directo_subrama,consumo_capital_fijo_directo_subrama,directo,13|14|15,Encuesta de Actividad Económica 2018/EAE_C2.1_2018.xls|Encuesta de Actividad Económica 2018/EAE_C7_2018.xls,0.02389303909346716,13|14|15,13|14|15,agregacion_rev4_para_compatibilidad,baja,Agregado Rev4 definido para compatibilidad con 2001.
2018,subrama_industrial,C,16_madera,Madera y productos de madera,5,Rev.4,6.6,17016949938.241556,17006902737.187416,3998569104.318474,3988521903.264334,3988521903.264334,13028428034.977222,13018380833.923082,1873509369.6742945,1873509369.6742945,3045.183339333446,,432497486.9658134,189916030.18560374,47370110.91954573,78312184.56514277,125682295.48468849,786681478.0131325,-114054433.8361957,4171392270.624195,4171392270.624195,283865056.01125675,1974004247.7238216,2256347000.5450573,6427739271.169252,1328331055.5769072,1338378256.6310468,0.2066560262540447,0.2082191265339837,0.4685449521557338,1313079.922863926,8438310399.244737,8433328225.503488,1982797585.7908604,1977815412.0496118,1977815412.0496118,6460494987.195125,6455512813.453876,929029799.968883,929029799.968883,390097080.90481687,2068496581.6015437,3187366674.544386,658688531.1759118,663670704.9171604,0.10247592557625498,0.10325103071525704,651125.8485424628,2.016630004481068,2.016630004481068,bcu_indice_implicito_vab,2016,variacion_interanual_encadenada_desde_2016,directo,C.16TT.0,FALSE,Fila BCU especifica de madera.,4288108494.0518003,4114927100.9556,extraccion_directa_subrama_eaae,stock_capital_directo_subrama,consumo_capital_fijo_directo_subrama,directo,16,Encuesta de Actividad Económica 2018/EAE_C2.1_2018.xls|Encuesta de Actividad Económica 2018/EAE_C7_2018.xls,0.020206495877641846,16,16,uno_a_uno,baja,Division Rev4 conservada como grupo.
2018,subrama_industrial,C,17_18_papel_impresion,Papel impresion y reproduccion,5,Rev.4,6.6,66178312247.35947,66175402829.35947,30657021415.532104,30654111997.532104,30654111997.532104,35524200249.82736,35521290831.82736,3639878523.566223,3639878523.566223,4351.8246939739665,,3315957377.2915125,1456085827.8689811,363186546.7444925,600419364.1965046,963605910.940997,3642895982.182451,-5765361.420430064,83268544552.1369,83268544552.1369,551496745.9948823,5382454583.307177,5933510508.392968,89202055060.52988,23371337491.783432,23374246909.783432,0.2620044737301661,0.26203708977245377,0.11872903352972547,7044636.117347125,44439651323.00034,44437697608.60235,20586613590.50239,20584659876.104393,20584659876.104393,23854991446.895954,23853037732.497955,2444228735.2502604,2444228735.2502604,2446255000.415282,55915978519.357475,59900412832.652664,15694176140.438852,15696129854.83685,0.1759396252674812,0.1759615273906629,4730570.516548832,1.4891726257336313,1.4891726257336313,bcu_indice_implicito_vab,2016,variacion_interanual_encadenada_desde_2016,reconstruido_por_suma,C.170V.1 C.170V.9|C.18TT.0,FALSE,Suma de papel e impresion.,32732214656.128197,19747806765.6063,extraccion_directa_subrama_eaae,stock_capital_directo_subrama,consumo_capital_fijo_directo_subrama,directo,17|18,Encuesta de Actividad Económica 2018/EAE_C2.1_2018.xls|Encuesta de Actividad Económica 2018/EAE_C7_2018.xls,0.15492316393499256,17|18,17|18,agregacion_rev4_para_compatibilidad,media,Agregado Rev4 definido para compatibilidad con Rev3 21-22.
2018,subrama_industrial,C,19_refinacion,Coque y refinacion de petroleo,5,Rev.4,6.6,84849636320.10085,65868579893.10086,36297376831,17316320404,17316320404,67533315916.100845,48552259489.100845,4051463576,4051463576,2425,,3926035502.5261807,1723980137.4070206,430006515.2596832,710886019.3387346,1140892534.5984178,1362916746,3130520208,17242870202,17242870202,613858117.5757576,10232320593.348614,7970261070.469826,25213131272.469826,11901940082,30882996509,0.47205323104773217,1.2248774725859255,0.11161863279717289,14967990.445773195,40051899227.37256,31092198370.491238,17133589984.625305,8173889127.743982,8173889127.743982,31878010099.628574,22918309242.74725,1912427888.991211,1912427888.991211,643342818.3493438,8139218147.215133,11901451045.963385,5618118420.403427,14577819277.28475,0.22282509695802208,0.5781836107442254,7065397.931804249,2.1184922052862927,2.1184922052862927,bcu_indice_implicito_vab,2016,variacion_interanual_encadenada_desde_2016,directo,C.19TT.0,FALSE,Fila BCU compatible.,16807353123.1497,20613392819.651398,extraccion_directa_subrama_eaae,stock_capital_directo_subrama,consumo_capital_fijo_directo_subrama,directo,19,Encuesta de Actividad Económica 2018/EAE_C2.1_2018.xls|Encuesta de Actividad Económica 2018/EAE_C7_2018.xls,0.18342631480663732,19,19,uno_a_uno,baja,Division Rev4 conservada como grupo.
2018,subrama_industrial,C,20_21_22_quimicos_farma_caucho_plastico,Quimicos farmaceuticos caucho y plastico,5,Rev.4,6.6,67451748804.296234,67316491701.854576,23962984105.81223,23827727003.370567,23827727003.370567,43624021800.92567,43488764698.48401,13946160628.334764,13946160628.334764,12544.655847750812,,2591909789.6225986,1138145845.187851,283883855.80974245,469316294.17113733,753200149.9808798,2650927855.7348137,-123513839.8898642,33061048659.59436,33061048659.59436,2113054640.6567826,6609700272.867526,8702261413.15436,41763310072.74872,7230638519.300989,7365895621.742651,0.17313375081394963,0.17637240939264115,0.5819876425554245,1910214.5484611809,21634112315.72516,21590730677.775158,7685759061.18032,7642377423.230317,7642377423.230317,13991734892.49484,13948353254.54484,4473016797.2653265,4473016797.2653265,850244389.3374425,10603823513.197964,13394940187.714655,2319116236.6275487,2362497874.577551,0.055529991099551576,0.05656874109025954,612671.9739831152,3.1178422215765087,3.1178422215765087,bcu_indice_implicito_vab,2016,variacion_interanual_encadenada_desde_2016,reconstruido_por_suma,C.20TV.0|C.20TX.0|C.2100.0|C.22TT.0,FALSE,"Suma de quimicos, farmaceuticos, caucho y plastico.",26175860929.4003,25058557803.288303,extraccion_directa_subrama_eaae,stock_capital_directo_subrama,consumo_capital_fijo_directo_subrama,directo,20|21|22,Encuesta de Actividad Económica 2018/EAE_C2.1_2018.xls|Encuesta de Actividad Económica 2018/EAE_C7_2018.xls,0.12109530357425735,20|21|22,20|21|22,agregacion_rev4_para_compatibilidad,baja,Agregado Rev4 definido para compatibilidad con Rev3 24-25.
2018,subrama_industrial,C,23_24_minerales_metales,Minerales no metalicos y metales comunes,5,Rev.4,6.6,13858330031.677773,13847496613.274822,4993289718.270038,4982456299.867088,4982456299.867088,8875873731.810684,8865040313.407734,3037220244.685905,3037220244.685905,3140.183657280476,,540089516.6502595,237161278.47740895,59154332.87183221,97793839.69682376,156948172.56865597,544346431.840083,16298750.072321087,8254361178.965467,8254361178.965467,460184885.5584705,1344829353.304649,1803372811.8323698,10057733990.797836,1400889623.3411002,1411723041.7440495,0.13928481550842584,0.1403619386867542,0.6082603686249097,1590126.6496604932,3221357312.6997695,3218839093.584327,1160686050.311243,1158167831.195801,1158167831.195801,2063189481.5039687,2060671262.3885262,705999324.8201073,705999324.8201073,126532876.24423711,1918719404.4841437,2337911917.6975727,325635630.1314565,328153849.24689865,0.03237663975100073,0.03262701613973265,369623.6198224289,4.30201579223862,4.30201579223862,bcu_indice_implicito_vab,2016,variacion_interanual_encadenada_desde_2016,proxy_grupo_amplio,C.23TT.0|C.2PTT.0,FALSE,C.2PTT.0 cruza metales comunes con productos elaborados de metal.,13065243410.8708,11513298050.7449,extraccion_directa_subrama_eaae,stock_capital_directo_subrama,consumo_capital_fijo_directo_subrama,directo,23|24,Encuesta de Actividad Económica 2018/EAE_C2.1_2018.xls|Encuesta de Actividad Económica 2018/EAE_C7_2018.xls,0.025233248563623877,23|24,23|24,agregacion_rev4_para_compatibilidad,baja,Agregado Rev4 definido para compatibilidad con 2001.
2018,subrama_industrial,C,25_26_27_28_33_metal_equipos_reparacion,Productos de metal equipos y reparacion,5,Rev.4,6.6,21842117800.096092,21842117800.096092,8828725838.317482,8828725838.317482,8828725838.317482,13013391961.77861,13013391961.77861,6025685476.894077,6025685476.894077,7389.692794184832,,954942040.1559556,419329144.7681774,104591845.56487505,172911056.25226077,277502901.8171358,555705551.8196279,-147279971.72109622,5614673059.108972,5614673059.108972,912982648.0142542,1971726054.8149412,2884708702.829195,8499381761.938167,2247334809.603777,2247334809.603777,0.26441156222300377,0.26441156222300377,0.6825090717781775,1194735.1648048302,8462343339.998805,8462343339.998805,3420534125.0486536,3420534125.0486536,3420534125.0486536,5041809214.950151,5041809214.950151,2334545570.6725373,2334545570.6725373,215298315.78055587,2175306057.904902,3292935570.8780365,870690238.5955604,870690238.5955604,0.10244159669291188,0.10244159669291188,462879.06957923516,2.5810956755743235,2.5810956755743235,bcu_indice_implicito_vab,2016,variacion_interanual_encadenada_desde_2016,proxy_grupo_amplio,C.2PTT.0|C.2QTT.0,FALSE,C.2PTT.0 cruza metales comunes y productos de metal; reparacion queda parcialmente en C.PPTT.0.,14013972377.925,12934355072.853199,extraccion_directa_subrama_eaae,stock_capital_directo_subrama,consumo_capital_fijo_directo_subrama,directo,25|26|27|28|33,Encuesta de Actividad Económica 2018/EAE_C2.1_2018.xls|Encuesta de Actividad Económica 2018/EAE_C7_2018.xls,0.04461536304677641,25|26|27|28|33,25|26|27|28|33,agregacion_rev4_para_compatibilidad,alta,Grupo amplio definido por reubicacion de reparacion e instalacion en Rev4 33.|Rev4 33 se agrega con metal/equipos para evitar quiebre artificial hacia atras.
2018,subrama_industrial,C,29_30_vehiculos_transporte,Vehiculos y otros equipos de transporte,5,Rev.4,6.6,9800301473.882969,9572750790.034958,3032037966.257584,2804487282.409574,2804487282.409574,6995814191.473394,6768263507.625385,1925655934.0158367,1925655934.0158367,2944.7307254653665,,327954517.3734969,144009669.18435144,35919843.08056018,59382621.7897902,95302464.87035036,213607281.56168485,-206230368.07866505,2231083891.7788,2231083891.7788,291766050.6084601,1059971847.1929386,1317260521.4607913,3548344413.2395916,665224066.8320522,892774750.6800623,0.18747449214624334,0.25160318354355315,0.6351028435150684,1029648.6330777901,13105602121.472832,12801306510.472662,4054638860.7398148,3750343249.7396455,3750343249.7396455,9355258871.733187,9050963260.733019,2575112669.8825536,2575112669.8825536,285649584.3375003,2983550849.2469945,4745077505.400869,889580995.5195912,1193876606.5197601,0.25070311444412907,0.33646018184288,1376913.2863919316,0.7477948272079538,0.7477948272079538,bcu_indice_implicito_vab,2016,variacion_interanual_encadenada_desde_2016,directo,C.3PTT.0,FALSE,Fila BCU de vehiculos y otros equipos de transporte.,12923254697.526299,11030372321.6832,extraccion_directa_subrama_eaae,stock_capital_directo_subrama,consumo_capital_fijo_directo_subrama,directo,29|30,Encuesta de Actividad Económica 2018/EAE_C2.1_2018.xls|Encuesta de Actividad Económica 2018/EAE_C7_2018.xls,0.015322196782811366,29|30,29 y 30,agregacion_rev4_para_compatibilidad,baja,Agregado Rev4 definido para compatibilidad con 2001.
2018,subrama_industrial,C,31_32_muebles_otras_manufacturas,Muebles y otras manufacturas,5,Rev.4,6.6,3716728667.2941313,3716508735.5706143,1520770186.7941651,1520550255.0706477,1520550255.0706477,2196178412.2234836,2195958480.499966,1083774878.2026525,1083774878.2026525,1863.4934912167223,,164491163.43410355,72230497.75196867,18016207.936427902,29784363.466613177,47800571.40304107,72293521.91851544,3306107.435241282,825924722.8001857,825924722.8001857,164208314.8791898,332754304.88234603,496929296.77312404,1322854019.5733097,364481854.9494798,364701786.67299724,0.27552689076535025,0.27569314624045427,0.7126486878910261,816085.5908335991,1526058780.4074287,1525968478.2175713,624415959.3787805,624325657.1889228,624325657.1889228,901733123.2185061,901642821.0286483,444989214.1495042,444989214.1495042,29683136.372353505,339118022.328599,543153179.1737735,149653306.66706502,149743608.85692284,0.11312911663173245,0.11319737978739562,335078.154188284,2.435508196022328,2.435508196022328,bcu_indice_implicito_vab,2016,variacion_interanual_encadenada_desde_2016,proxy_grupo_amplio,C.PPTT.0,FALSE,"BCU 2016 agrupa muebles, otras manufacturas y reparacion/instalacion.",1359270467.904,1809352303.0465999,extraccion_directa_subrama_eaae,stock_capital_directo_subrama,consumo_capital_fijo_directo_subrama,directo,31|32,Encuesta de Actividad Económica 2018/EAE_C2.1_2018.xls|Encuesta de Actividad Económica 2018/EAE_C7_2018.xls,0.007685108274634789,31|32,31|32,agregacion_rev4_para_compatibilidad,baja,Agregado Rev4 definido para compatibilidad con Rev3 36.
2019,economia_total,economia_total,,Economia total EAAE,5,Rev.4,4.2,1790503155926,1742328722361,824315284444,776140850879,776140850879,1014362305047,966187871482,456264699852,456264699852,611937,,128886507624,44907885633,16497801681,14837811020,31335612701,68724454704.95134,3512792203.019987,995997166119,995997166119,108634452345.71428,241514834535,338679183650.9524,1334676349769.9524,251151696322.0487,299326129887.0487,0.18817423142722034,0.22426870000254456,0.5535075091562207,1347059.06726346,605951091294.4852,589647656980.7332,278968928106.26776,262665493792.51562,262665493792.51562,343285597501.9696,326982163188.2175,154411396528.0811,154411396528.0811,23258075915.284668,337070374737.1479,451687888955.3142,84996021349.1499,101299455662.90204,0.06368287065534652,0.07589814240760483,455878.5105431895,2.9548641493506875,2.9548641493506875,bcu_indice_implicito_vab,2016,variacion_interanual_encadenada_desde_2016,directo_total_economia,__TOTAL_VAB_SECTORES__,FALSE,Total VAB de sectores de actividad BCU.,1951187893134.1113,1587121585848.696,agregacion_secciones_eaae,stock_original_e_imputado_agregado_desde_panel_eaae,suma_consumo_capital_fijo_original_eaae,directo_agregado,,,,,,,,
2019,industria_total,C,,Industria manufacturera EAAE,5,Rev.4,6.6,601651424497,569209962569,190772526038,158331064110,158331064110,443320360387,410878898459,80999471228,80999471228,90481,,30759048024,10582877554,10715087960,3917218825,14632306785,18470370583.307613,1701376372.9667437,259048160897,259048160897,12272647155.757576,67169751573.78788,74527025710.15152,333575186607.1515,58861222298.69238,91302684226.69238,0.17645563777503845,0.2737094600930816,0.4245866682703866,2108426.3661763244,220966501002.19266,209051834074.2134,70064385871.28575,58149718943.30651,58149718943.30651,162816782058.88617,150902115130.90692,29748404161.499966,29748404161.499966,6783551062.676263,95139749319.66365,122511040121.54347,21617763719.130276,33532430647.10952,0.06480627033146,0.10052435550789443,774354.6807759171,2.722817358143485,2.722817358143485,bcu_indice_implicito_vab,2016,variacion_interanual_encadenada_desde_2016,reconstruido_por_suma,__ALL_C__,FALSE,Total manufacturero reconstruido por suma de filas C publicadas en el libro BCU 2016.,232062134079.4779,190270704048.5816,rama_c_panel_eaae,stock_original_rama_c,consumo_capital_fijo_original_rama_c,directo,,,,,,,,
2019,subrama_industrial,C,10_11_12_alimentos_bebidas_tabaco,Alimentos bebidas y tabaco,5,Rev.4,6.6,284694109340,273284113734,76268290814,64858295207,64858295207,219835814133,208425818526,39393074657,39393074657,48571,,12297053818.897047,4230892150.459082,4283748093.098519,1566051415.9552798,5849799509.053799,6778774039.067027,-1069192633.8216486,85628043063,85628043063,5968647675.303031,33308456686.818184,37548317148.9394,123176360211.93939,18686446510.932976,30096442117.93297,0.15170481153023802,0.2443361864739996,0.5165065879484598,1570243.3718473986,81744876348.80545,78468697989.81108,21899090277.55637,18622911918.274876,18622911918.274876,63121964430.53058,59845786071.24908,11311024398.43593,11311024398.43593,1946405027.1523142,24586577531.942142,35367912451.591385,5365482492.68663,8641660851.968124,0.043559352488210294,0.07015681285840183,450867.6016049983,3.4827150282203623,3.4827150282203623,bcu_indice_implicito_vab,2016,variacion_interanual_encadenada_desde_2016,reconstruido_por_suma,C.101T.0|C.1020.0|C.1030.0|C.1040.0|C.1050.0|C.107V.0|C.107X.1 C.107X.9|C.10RT.0|C.1PTT.0,FALSE,"Suma de filas BCU Rev.4 de alimentos, bebidas y tabaco.",102064351406.3102,83395278403.7252,extraccion_directa_subrama_eaae,stock_capital_directo_subrama,consumo_capital_fijo_directo_subrama,directo,10|11|12,Encuesta de Actividad Económica 2019/EAE_C2.1_2019.xls|Encuesta de Actividad Económica 2019/EAE_C7_2019.xls,0.3997865541645557,10|11|12,10|11 y 12,agregacion_rev4_para_compatibilidad,baja,Agregado Rev4 definido para compatibilidad con 2001 y agrupaciones publicadas.
2019,subrama_industrial,C,13_14_15_textiles_prendas_cuero,Textiles prendas y cuero,5,Rev.4,6.6,19672523602,19672367092,4609629661,4609473151,4609473151,15063050451,15062893941,3810185316,3810185316,5901,,743229767.2009182,255713688.3637658,258908283.63200197,94651617.08217256,353559900.7141745,438889591.9542265,-433394593.28371346,4979087880,4979087880,577300805.4545455,2282280371.3636365,2859557463.1818185,7838645343.181818,360398243.0457735,360554753.0457735,0.04597710793986282,0.045997074400028815,0.826570808548084,781160.7627520759,8566862567.533788,8566794411.577411,2007371529.5479233,2007303373.5915463,2007303373.5915463,6559559193.942242,6559491037.985865,1659234708.234831,1659234708.234831,191124783.61498022,2168260790.664226,3413522267.3643312,156943881.74173513,157012037.6981122,0.020021811788977988,0.020030506653127743,340174.8058884805,2.2963510207988884,2.2963510207988884,bcu_indice_implicito_vab,2016,variacion_interanual_encadenada_desde_2016,reconstruido_por_suma,C.13TT.0|C.14TT.0|C.15TT.0,FALSE,"Suma de textiles, prendas y cuero.",13029699778.1728,8922805824.7537,extraccion_directa_subrama_eaae,stock_capital_directo_subrama,consumo_capital_fijo_directo_subrama,directo,13|14|15,Encuesta de Actividad Económica 2019/EAE_C2.1_2019.xls|Encuesta de Actividad Económica 2019/EAE_C7_2019.xls,0.024162963906457932,13|14|15,13|14|15,agregacion_rev4_para_compatibilidad,baja,Agregado Rev4 definido para compatibilidad con 2001.
2019,subrama_industrial,C,16_madera,Madera y productos de madera,5,Rev.4,6.6,18987484066,18972508951,2973365581,2958390466,2958390466,16029093600,16014118485,1879921914,1879921914,2655,,479408102.40500855,164943896.9043855,167004517.89009354,61053464.40283666,228057982.2929302,643402654.754747,-295561693.62528574,4585400330,4585400330,284836653.6363636,2428650545.4545455,2711218242.2727275,7296618572.272728,435065897.2452531,450041012.2452531,0.05962568728732933,0.06167802356497247,0.63225387621785345,1119911.706591337,8282694826.638325,8276162402.062869,1297037544.8294613,1290505120.2540054,1290505120.2540054,6992189706.384319,6985657281.808864,820057015.3185148,820057015.3185148,280664242.901201,2000237180.4153206,3182921164.82856,189783862.03428975,196316286.60974553,0.026009837317722974,0.026905104695447657,488526.3822333187,2.2924283054512102,2.2924283054512102,bcu_indice_implicito_vab,2016,variacion_interanual_encadenada_desde_2016,directo,C.16TT.0,FALSE,Fila BCU especifica de madera.,4680120172.722099,3950789108.6582,extraccion_directa_subrama_eaae,stock_capital_directo_subrama,consumo_capital_fijo_directo_subrama,directo,16,Encuesta de Actividad Económica 2019/EAE_C2.1_2019.xls|Encuesta de Actividad Económica 2019/EAE_C7_2019.xls,0.015585921320807668,16,16,uno_a_uno,baja,Division Rev4 conservada como grupo.
2019,subrama_industrial,C,17_18_papel_impresion,Papel impresion y reproduccion,5,Rev.4,6.6,64974504290,64970667752,25466248586,25462412048,25462412048,39512092242,39508255704,4090119001,4090119001,4220,,4106029204.07872,1412709660.7804031,1430358444.569015,522910035.5013292,1953268480.0703442,4529432927.482413,-9064077.885678887,92303948858,92303948858,619715000.1515151,5986680642.727273,6605814349.242425,98909763207.24243,16842860119.517586,16846696657.517586,0.17028511214031808,0.17032390040424267,0.16060940374423785,6034656.063033176,47586036570.38579,47583226766.14693,18650974713.32984,18648164909.090984,18648164909.090984,28937871661.2948,28935061857.055943,2995521927.9567633,2995521927.9567633,3317266723.086956,67601579018.492386,72439546258.64583,12335376258.047264,12338186062.286121,0.12471343432701733,0.12474184208119393,4419662.254343565,1.3654111368130957,1.3654111368130957,bcu_indice_implicito_vab,2016,variacion_interanual_encadenada_desde_2016,reconstruido_por_suma,C.170V.1 C.170V.9|C.18TT.0,FALSE,Suma de papel e impresion.,28756055690.4132,18921449278.7882,extraccion_directa_subrama_eaae,stock_capital_directo_subrama,consumo_capital_fijo_directo_subrama,directo,17|18,Encuesta de Actividad Económica 2019/EAE_C2.1_2019.xls|Encuesta de Actividad Económica 2019/EAE_C7_2019.xls,0.13349012625081755,17|18,17|18,agregacion_rev4_para_compatibilidad,media,Agregado Rev4 definido para compatibilidad con Rev3 21-22.
2019,subrama_industrial,C,19_refinacion,Coque y refinacion de petroleo,5,Rev.4,6.6,84149539467,63337295331,33700848052,12888603916,12888603916,71260935551,50448691415,4258145620,4258145620,2481,,5433727933.520748,1869514210.4960852,1892869789.4991736,691994802.1313257,2584864591.6304994,1285713632,3941155828.999999,16663032557,16663032557,645173578.7878789,10797111447.121212,8288914702.272728,24951947259.272728,7344744664,28156988800,0.294355570235927,1.1284485538312528,0.12635128983786204,13583574.386134623,40286319631.9741,30322525120.057846,16134171916.934748,6170377405.0184965,6170377405.0184965,34115942226.9556,24152147715.03935,2038573432.1705163,2038573432.1705163,615531239.5292531,7977372899.26044,11945663982.171026,3516272733.318727,13480067245.234978,0.14092177643618567,0.5402410924151609,6503092.268010781,2.088786968770732,2.088786968770732,bcu_indice_implicito_vab,2016,variacion_interanual_encadenada_desde_2016,directo,C.19TT.0,FALSE,Fila BCU compatible.,17480065129.3753,21743323241.092102,extraccion_directa_subrama_eaae,stock_capital_directo_subrama,consumo_capital_fijo_directo_subrama,directo,19,Encuesta de Actividad Económica 2019/EAE_C2.1_2019.xls|Encuesta de Actividad Económica 2019/EAE_C7_2019.xls,0.1766546197815042,19,19,uno_a_uno,baja,Division Rev4 conservada como grupo.
2019,subrama_industrial,C,20_21_22_quimicos_farma_caucho_plastico,Quimicos farmaceuticos caucho y plastico,5,Rev.4,6.6,72208163222,72163749824,25722856708,25678443310,25678443310,46529719912,46485306514,14582844493,14582844493,12148,,4147403199.128586,1426944689.2244203,1444771309.2282207,528179086.4858828,1972950395.7141035,3209503726.206386,-134019285.46057844,36081348018,36081348018,2209521892.878788,7049957562.424243,9252750152.575758,45334098170.57576,7886095090.793613,7930508488.793613,0.17395504507713155,0.1749347358571905,0.5669216548745392,2117456.100428054,19907137607.00978,19894893234.82069,7091558977.303225,7079314605.114133,7079314605.114133,12827823001.89565,12815578629.706558,4020358351.0531387,4020358351.0531387,884831153.1117148,9947301357.499355,12498200900.038704,2174125100.949279,2186369473.1383715,0.04795783281645606,0.048227924704972766,583763.4982962813,3.627249916460806,3.627249916460806,bcu_indice_implicito_vab,2016,variacion_interanual_encadenada_desde_2016,reconstruido_por_suma,C.20TV.0|C.20TX.0|C.2100.0|C.22TT.0,FALSE,"Suma de quimicos, farmaceuticos, caucho y plastico.",29547570908.9206,24313838961.2518,extraccion_directa_subrama_eaae,stock_capital_directo_subrama,consumo_capital_fijo_directo_subrama,directo,20|21|22,Encuesta de Actividad Económica 2019/EAE_C2.1_2019.xls|Encuesta de Actividad Económica 2019/EAE_C7_2019.xls,0.1348352262362782,20|21|22,20|21|22,agregacion_rev4_para_compatibilidad,baja,Agregado Rev4 definido para compatibilidad con Rev3 24-25.
2019,subrama_industrial,C,23_24_minerales_metales,Minerales no metalicos y metales comunes,5,Rev.4,6.6,17822203151,17789812632,7428700682,7396310163,7396310163,10425892988,10393502469,3710360368,3710360368,3378,,1197760315.8016825,412098279.22110003,417246565.2642594,152536881.28564352,569783446.5499029,669692203.4359934,16062151.399017096,9228110533,9228110533,562175813.3333334,1579680755.7575758,2136948914.6969697,11365059447.69697,3016257591.564007,3048648110.564007,0.26539743196637877,0.26824744072779916,0.4994628975953133,2199141.705743043,3527414444.927581,3521003633.4453373,1470306778.0517282,1463895966.5694852,1463895966.5694852,2063518478.3580954,2057107666.8758523,734363683.7197454,734363683.7197454,132547134.15849242,1826450417.9252443,2249400622.5609407,596985148.6912473,603395960.1734905,0.052528114915599604,0.053092195685413984,435259.55537351343,5.052483463242692,5.052483463242692,bcu_indice_implicito_vab,2016,variacion_interanual_encadenada_desde_2016,proxy_grupo_amplio,C.23TT.0|C.2PTT.0,FALSE,C.2PTT.0 cruza metales comunes con productos elaborados de metal.,16230330109.167,12178020337.347801,extraccion_directa_subrama_eaae,stock_capital_directo_subrama,consumo_capital_fijo_directo_subrama,directo,23|24,Encuesta de Actividad Económica 2019/EAE_C2.1_2019.xls|Encuesta de Actividad Económica 2019/EAE_C7_2019.xls,0.03894009706890539,23|24,23|24,agregacion_rev4_para_compatibilidad,baja,Agregado Rev4 definido para compatibilidad con 2001.
2019,subrama_industrial,C,25_26_27_28_33_metal_equipos_reparacion,Productos de metal equipos y reparacion,5,Rev.4,6.6,23482979518,23477727382,9354110101,9348857965,9348857965,14134121553,14128869417,6131556706,6131556706,6732,,1508202086.5055318,518908062.2950868,525390707.9878716,192072186.38736853,717462894.3752401,606572077.8674539,-172215338.85641432,6192256175,6192256175,929023743.3333334,2141533568.6363637,3069761533.787879,9262017708.78788,2610729181.1325455,2615981317.1325455,0.28187477752881684,0.28244183928200445,0.655493322164821,1389499.420825906,7578119131.433153,7576424230.993795,3018635716.970445,3016940816.5310874,3016940816.5310874,4561178314.902066,4559483414.462708,1978695554.5223436,1978695554.5223436,195744984.7604348,1998283690.982802,2988916868.1017494,842500277.2483087,844195177.6876664,0.09096293094418696,0.0911459256752108,448401.02747629903,3.0987873258148375,3.0987873258148375,bcu_indice_implicito_vab,2016,variacion_interanual_encadenada_desde_2016,proxy_grupo_amplio,C.2PTT.0|C.2QTT.0,FALSE,C.2PTT.0 cruza metales comunes y productos de metal; reparacion queda parcialmente en C.PPTT.0.,16637065891.3134,12790060260.4169,extraccion_directa_subrama_eaae,stock_capital_directo_subrama,consumo_capital_fijo_directo_subrama,directo,25|26|27|28|33,Encuesta de Actividad Económica 2019/EAE_C2.1_2019.xls|Encuesta de Actividad Económica 2019/EAE_C7_2019.xls,0.04903279468625767,25|26|27|28|33,25|26|27|28|33,agregacion_rev4_para_compatibilidad,alta,Grupo amplio definido por reubicacion de reparacion e instalacion en Rev4 33.|Rev4 33 se agrega con metal/equipos para evitar quiebre artificial hacia atras.
2019,subrama_industrial,C,29_30_vehiculos_transporte,Vehiculos y otros equipos de transporte,5,Rev.4,6.6,12034576239,11916894591,3838685512,3721003864,3721003864,8313572375,8195890727,2052990030,2052990030,2713,,618927234.7797177,212946484.41001317,215606794.99344984,78821471.11616035,294428266.1096102,235734794.8112123,-143985314.47751284,2673971694,2673971694,311059095.4545455,1259632178.030303,1552860720.7575758,4226832414.757576,1432279039.1887875,1549960687.1887875,0.33885399245735975,0.3666955618531858,0.53481589559295994,1414922.7836343532,15289901636.336882,15140387371.223751,4877041179.157341,4727526914.044211,4727526914.044211,10562374722.29267,10412860457.17954,2608319146.0747786,2608319146.0747786,299500518.61776185,3397274932.4662867,5370180932.959366,1819707249.35167,1969221514.4648001,0.4305132238028502,0.46588587415707655,1797656.1662946336,0.7870931105534055,0.7870931105534055,bcu_indice_implicito_vab,2016,variacion_interanual_encadenada_desde_2016,directo,C.3PTT.0,FALSE,Fila BCU de vehiculos y otros equipos de transporte.,12903271196.5535,10463438815.0784,extraccion_directa_subrama_eaae,stock_capital_directo_subrama,consumo_capital_fijo_directo_subrama,directo,29|30,Encuesta de Actividad Económica 2019/EAE_C2.1_2019.xls|Encuesta de Actividad Económica 2019/EAE_C7_2019.xls,0.020121794221225398,29|30,29 y 30,agregacion_rev4_para_compatibilidad,baja,Agregado Rev4 definido para compatibilidad con 2001.
2019,subrama_industrial,C,31_32_muebles_otras_manufacturas,Muebles y otras manufacturas,5,Rev.4,6.6,3625341602,3624825280,1409790341,1409274020,1409274020,2216067582,2215551261,1090273123,1090273123,1682,,227306361.68204165,78206431.84565821,79183453.83739597,28947864.652001046,108131318.48939702,72654935.7281599,1591329.978559032,712961789,712961789,165192897.42424244,335767815.4545455,500882482.42424244,1213844271.4242425,246345961.2718401,246862282.2718401,0.20294692414109633,0.20337228430644455,0.7733583436432411,838163.1040428062,1420282816.518109,1420080539.506755,552306848.8527789,552104572.2331901,552104572.2331901,868178244.284919,867975967.6653302,427131109.811603,427131109.811603,28463678.207042832,279313645.14507616,475541990.2173388,96509784.21454422,96712060.83413309,0.0795075500923246,0.07967419141885287,328363.16816455347,2.5525490837717077,2.5525490837717077,bcu_indice_implicito_vab,2016,variacion_interanual_encadenada_desde_2016,proxy_grupo_amplio,C.PPTT.0,FALSE,"BCU 2016 agrupa muebles, otras manufacturas y reparacion/instalacion.",1288438570.6107001,1636426361.2550998,extraccion_directa_subrama_eaae,stock_capital_directo_subrama,consumo_capital_fijo_directo_subrama,directo,31|32,Encuesta de Actividad Económica 2019/EAE_C2.1_2019.xls|Encuesta de Actividad Económica 2019/EAE_C7_2019.xls,0.007389902363190304,31|32,31|32,agregacion_rev4_para_compatibilidad,baja,Agregado Rev4 definido para compatibilidad con Rev3 36.
2020,economia_total,economia_total,,Economia total EAAE,5,Rev.4,4.2,1805094127854.9016,1752134676072.1392,838326089885.3065,785366638102.5444,785366638102.5444,1019727489752.3573,966768037969.5951,445768537897.9962,445768537897.9962,570247.1552339052,11776,116968594615.13637,45261491941.083145,11107721184.804165,13055786857.403637,24163508042.2078,72470063542.389,23526226.053286463,1042958318864.7148,1042958318864.7148,106135366166.18958,242792259464.84695,336318232349.4265,1379276551214.1414,267128036662.15918,320087488444.92126,0.1936725716296803,0.23206911490169,0.5317364487117214,1470110.078044037,552272468835.6044,536069409541.95776,256487687930.40634,240284628636.7598,240284628636.7598,311987840198.8446,295784780905.19806,136383852318.39452,136383852318.39452,22172373335.893696,319095362819.9647,421992656444.6296,81728402982.47159,97931462276.11813,0.05925454392052718,0.07100204972665679,449783.37125627516,3.2684847239637183,3.2684847239637183,bcu_indice_implicito_vab,2016,variacion_interanual_encadenada_desde_2016,directo_total_economia,__TOTAL_VAB_SECTORES__,FALSE,Total VAB de sectores de actividad BCU.,1997760861273.6768,1469080741851.748,agregacion_secciones_eaae,stock_original_e_imputado_agregado_desde_panel_eaae,suma_consumo_capital_fijo_original_eaae,directo_agregado,,,,,,,,
2020,industria_total,C,,Industria manufacturera EAAE,5,Rev.4,6.6,600817528391.4978,569255108499.0306,182963110731.0085,151400690838.54153,151400690838.54153,449416837552.9563,417854417660.48926,78278216489.3034,78278216489.3034,84764.46474072082,1759,40941559983.90687,9808505040.448872,3275448937.752383,2709351603.150663,5984800540.903046,19749525803.34645,-1827346818.6004145,296322600807.05206,296322600807.05206,11860335831.712637,68093460235.29641,75171611234.81708,371494212041.86914,53372948545.89168,84935368438.35864,0.14367100971111846,0.2286317409133309,0.4278360603760594,2158488.362908438,211896136656.6891,200764712351.1184,64527372259.56629,53395947953.99567,53395947953.99567,158500188702.69342,147368764397.12277,27607136733.952267,27607136733.952267,6965256539.259661,104506961511.55295,131018461682.92795,18823554680.78374,29954978986.35436,0.05066984644881154,0.08063377036673264,761254.9959106549,2.835434085166608,2.835434085166608,bcu_indice_implicito_vab,2016,variacion_interanual_encadenada_desde_2016,reconstruido_por_suma,__ALL_C__,FALSE,Total manufacturero reconstruido por suma de filas C publicadas en el libro BCU 2016.,218560592396.8858,172083193631.7313,rama_c_panel_eaae,stock_original_rama_c,consumo_capital_fijo_original_rama_c,directo,,,,,,,,
2020,subrama_industrial,C,10_11_12_alimentos_bebidas_tabaco,Alimentos bebidas y tabaco,5,Rev.4,6.6,302658872456.24304,291990027310.6094,79517986869.42557,68849141723.7919,68849141723.7919,233809730732.45114,223140885586.81747,38065688770.177505,38065688770.177505,46543.14937693149,,17793698501.33592,4262895246.4728804,1423549832.4391224,1177517065.288278,2601066897.7274003,7184151629.5760765,-957290844.8417432,93806770032.0097,93806770032.0097,5767528601.542047,35425716777.64411,39576753690.45379,133383523722.4635,23599301324.038315,34268146469.67198,0.17692815923158797,0.25691438877394707,0.4787053881618531,1708478.8617428117,78558207360.40602,75788999431.8728,20639707174.860725,17870499246.327515,17870499246.327515,60687708114.07851,57918500185.545296,9880339034.688688,9880339034.688688,1864720068.65231,24348507057.39663,34621058454.40178,6125440142.986513,8894648071.519728,0.045923514179547126,0.06668475853154983,443453.1708997443,3.8526703017511266,3.8526703017511266,bcu_indice_implicito_vab,2016,variacion_interanual_encadenada_desde_2016,reconstruido_por_suma,C.101T.0|C.1020.0|C.1030.0|C.1040.0|C.1050.0|C.107V.0|C.107X.1 C.107X.9|C.10RT.0|C.1PTT.0,FALSE,"Suma de filas BCU Rev.4 de alimentos, bebidas y tabaco.",105807466418.6368,78151945327.0937,extraccion_directa_subrama_eaae,stock_capital_directo_subrama,consumo_capital_fijo_directo_subrama,directo,10|11|12,EAE_C2.1_2020.xls|EAE_C7_2020.xls,0.43461212783123526,10|11|12,10|11 y 12,agregacion_rev4_para_compatibilidad,baja,Agregado Rev4 definido para compatibilidad con 2001 y agrupaciones publicadas.
2020,subrama_industrial,C,13_14_15_textiles_prendas_cuero,Textiles prendas y cuero,5,Rev.4,6.6,13922800628.680773,13922399287.041712,3991637681.467056,3991236339.827997,3991236339.827997,9931564288.852776,9931162947.213717,2995698413.499319,2995698413.499319,4484.380270549616,,893206684.7621067,213988481.95074868,71459243.07592024,59108909.48601738,130568152.56193762,496947086.0502249,-287459717.71461034,5454669872.443015,5454669872.443015,453893699.0150484,1504782468.0079963,1958615357.6837933,7413285230.126808,498590840.27845335,498992181.91751194,0.06725639508004264,0.06731053324235528,0.7504935699470356,890120.2486509538,4934387772.649964,4934245532.929002,1414678604.7992253,1414536365.0782638,1414536365.0782638,3519851407.5717,3519709167.8507385,1061707196.4434621,1061707196.4434621,176123302.37703088,1933192684.4502459,2627346679.040276,176705866.25777078,176848105.97873226,0.023836377634527915,0.02385556477174792,315468.0289024282,2.8215862372737015,2.8215862372737015,bcu_indice_implicito_vab,2016,variacion_interanual_encadenada_desde_2016,reconstruido_por_suma,C.13TT.0|C.14TT.0|C.15TT.0,FALSE,"Suma de textiles, prendas y cuero.",11618313750.0754,6475228226.1027,extraccion_directa_subrama_eaae,stock_capital_directo_subrama,consumo_capital_fijo_directo_subrama,directo,13|14|15,EAE_C2.1_2020.xls|EAE_C7_2020.xls,0.02181662557834153,13|14|15,13|14|15,agregacion_rev4_para_compatibilidad,baja,Agregado Rev4 definido para compatibilidad con 2001.
2020,subrama_industrial,C,16_madera,Madera y productos de madera,5,Rev.4,6.6,17243224466.22324,17231672356.99236,2433075565.429705,2421523456.198825,2421523456.198825,14821701010.024414,14810148900.793535,2044875708.310049,2044875708.310049,2684.744727295632,,544448051.9019499,130435221.89779666,43557494.97490015,36029433.24173846,79586928.21663861,838569023.1624306,-258512209.213506,7035010684.55057,7035010684.55057,309829652.77424985,2245712274.2461233,2553791607.439937,9588802291.990507,-461921275.27365494,-450369166.0427747,-0.048172989827884566,-0.04696823986234094,0.8404489105741785,906259.5563342682,6470494279.232289,6466159367.462283,913007979.3307351,908673067.5607296,908673067.5607296,5561821211.671559,5557486299.901554,767336561.5740484,767336561.5740484,314671776.02092403,2639877273.411884,3598183767.574854,-173335270.0342428,-169000358.26423734,-0.01807684262913932,-0.017624762000297237,340072.54769820016,2.6649006586045716,2.6649006586045716,bcu_indice_implicito_vab,2016,variacion_interanual_encadenada_desde_2016,directo,C.16TT.0,FALSE,Fila BCU especifica de madera.,4205645377.6589,3054036555.9721,extraccion_directa_subrama_eaae,stock_capital_directo_subrama,consumo_capital_fijo_directo_subrama,directo,16,EAE_C2.1_2020.xls|EAE_C7_2020.xls,0.013298175548659094,16,16,uno_a_uno,baja,Division Rev4 conservada como grupo.
2020,subrama_industrial,C,17_18_papel_impresion,Papel impresion y reproduccion,5,Rev.4,6.6,61836249854.03412,61829259846.779655,17612195405.54918,17605205398.29471,17605205398.29471,44231044455.73941,44224054448.48494,4317186892.230754,4317186892.230754,3711.8595527850257,,3941071791.814335,944175613.9721229,315297693.0819996,260804648.90642142,576102341.988421,5530886692.252615,-14158096.146806035,120818875394.79132,120818875394.79132,654119226.0955688,6701673402.38476,7354733536.4720745,128173608931.2634,7757131813.811339,7764121821.06581,0.060520507134751225,0.06057504259889829,0.2451248576807473,4744844.236451421,82867808278.69089,82858440851.29358,23602402080.964405,23593034653.56709,23593034653.56709,59274773625.1238,59265406197.72648,5785535451.020174,5785535451.020174,7412035159.096108,161911426166.62808,171767629446.7412,10395464043.450806,10404831470.848124,0.08110455912203937,0.08117764302344019,6358646.318731379,0.7462035154359821,0.7462035154359821,bcu_indice_implicito_vab,2016,variacion_interanual_encadenada_desde_2016,reconstruido_por_suma,C.170V.1 C.170V.9|C.18TT.0,FALSE,Suma de papel e impresion.,15703179251.920198,18906834392.2402,extraccion_directa_subrama_eaae,stock_capital_directo_subrama,consumo_capital_fijo_directo_subrama,directo,17|18,EAE_C2.1_2020.xls|EAE_C7_2020.xls,0.09626090929030243,17|18,17|18,agregacion_rev4_para_compatibilidad,media,Agregado Rev4 definido para compatibilidad con Rev3 21-22.
2020,subrama_industrial,C,19_refinacion,Coque y refinacion de petroleo,5,Rev.4,6.6,73684514601.90465,52881797194.90465,27744229423,6941512016.000003,6941512016.000003,66743002585.90465,45940285178.90465,4350597147,4350597147,2261,,6208311766.184446,1487345799.1154764,496683765.53745544,410841683.6872528,907525449.2247082,1260679127,11975309,16060711507,16060711507,659181385.909091,10112576149.379492,7619830655.440099,23680542162.440098,1330235742.0000029,22132953149,0.05617420973198412,0.9346472305057804,0.15681088419033004,12270778.161432995,36027901692.12326,25856453027.263027,13565487613.99753,3394038949.137299,3394038949.137299,32633862742.985962,22462414078.12573,2127216107.223923,2127216107.223923,616406634.3960652,7852854000.680244,11578555543.91504,650416207.517311,10821864872.37754,0.02746627180474531,0.4569939656847127,5999773.380803861,2.045206940764308,2.045206940764308,bcu_indice_implicito_vab,2016,variacion_interanual_encadenada_desde_2016,directo,C.19TT.0,FALSE,Fila BCU compatible.,14853284802.4483,18869581824.964,extraccion_directa_subrama_eaae,stock_capital_directo_subrama,consumo_capital_fijo_directo_subrama,directo,19,EAE_C2.1_2020.xls|EAE_C7_2020.xls,0.1516383784258534,19,19,uno_a_uno,baja,Division Rev4 conservada como grupo.
2020,subrama_industrial,C,20_21_22_quimicos_farma_caucho_plastico,Quimicos farmaceuticos caucho y plastico,5,Rev.4,6.6,77392922167.15376,77355506772.53368,31266494479.022152,31229079084.40207,31229079084.40207,46163843082.75169,46126427688.13161,14101010427.494152,14101010427.494152,11235.07080467477,,6996487183.04409,1676171592.565079,559740188.7155229,463000036.4728333,1022740225.188356,3158702965.7752533,-101245216.18522434,37358945338.23346,37358945338.23346,2136516731.438508,6994521679.2048025,9125369411.45845,46484314749.69191,13969365691.132664,14006781085.752747,0.30051783631435053,0.30132273996457226,0.45099428837329497,2782937.0212791683,18499372499.89258,18490429029.315094,7473687669.836404,7464744199.258921,7464744199.258921,11034628300.63366,11025684830.056175,3370590452.182138,3370590452.182138,755030578.3025694,8929977401.840788,11111231232.482958,3339123168.774213,3348066639.351696,0.07183333102261863,0.07202572862223136,665210.5536109926,4.183543099508006,4.183543099508006,bcu_indice_implicito_vab,2016,variacion_interanual_encadenada_desde_2016,reconstruido_por_suma,C.20TV.0|C.20TX.0|C.2100.0|C.22TT.0,FALSE,"Suma de quimicos, farmaceuticos, caucho y plastico.",30281286680.224,21604255710.5235,extraccion_directa_subrama_eaae,stock_capital_directo_subrama,consumo_capital_fijo_directo_subrama,directo,20|21|22,EAE_C2.1_2020.xls|EAE_C7_2020.xls,0.1708896091354174,20|21|22,20|21|22,agregacion_rev4_para_compatibilidad,baja,Agregado Rev4 definido para compatibilidad con Rev3 24-25.
2020,subrama_industrial,C,23_24_minerales_metales,Minerales no metalicos y metales comunes,5,Rev.4,6.6,16302700018.488976,16302170628.488976,6392250525.823621,6391721135.823621,6391721135.823621,9910978882.665356,9910449492.665356,3282329140.7359695,3282329140.7359695,2837.5093409174215,,1430390570.4791539,342683403.511497,114435582.73032579,94657628.74650171,209093211.47682747,546054197.0525117,14618218.961968336,7600645299.28864,7600645299.28864,497322597.0812075,1501663467.0705085,1998905853.5456555,9599551152.834295,2563337798.035139,2563867188.035139,0.2670268387786346,0.26708198614871176,0.5134856851238715,2252768.0997014386,2872617404.1674323,2872524122.9976954,1126346561.7017033,1126253280.5319667,1126253280.5319667,1746364123.6354659,1746270842.465729,578362835.9223161,578362835.9223161,96217484.72907892,1339271773.6864548,1691488997.6846435,451672959.8805715,451766241.0503082,0.0470514665414553,0.04706118378429839,396949.0233774997,5.675207563261969,5.675207563261969,bcu_indice_implicito_vab,2016,variacion_interanual_encadenada_desde_2016,proxy_grupo_amplio,C.23TT.0|C.2PTT.0,FALSE,C.2PTT.0 cruza metales comunes con productos elaborados de metal.,16682919645.187,11144088459.4997,extraccion_directa_subrama_eaae,stock_capital_directo_subrama,consumo_capital_fijo_directo_subrama,directo,23|24,EAE_C2.1_2020.xls|EAE_C7_2020.xls,0.034937373442570474,23|24,23|24,agregacion_rev4_para_compatibilidad,baja,Agregado Rev4 definido para compatibilidad con 2001.
2020,subrama_industrial,C,25_26_27_28_33_metal_equipos_reparacion,Productos de metal equipos y reparacion,5,Rev.4,6.6,28598592361.4563,28592296594.973156,10163658820.826488,10157363054.343346,10157363054.343346,18441229307.112953,18434933540.62981,6396043992.007939,6396043992.007939,6979.330183246658,,2274316640.1483164,544865565.3873496,181952227.17489398,150505340.7217549,332457567.8966489,516397959.6385565,-123283972.64628129,5222202229.392893,5222202229.392893,969097574.5466576,2794125652.5928717,3762269323.1269317,8984471552.519825,3244921102.696849,3251216869.1799917,0.36116994569221644,0.36187068434404923,0.6293052634649365,1456251.32412041,7753733282.931449,7752026356.467904,2755600649.128913,2753893722.665368,2753893722.665368,4999839560.266082,4998132633.802536,1734113992.5042207,1734113992.5042207,140007312.1180526,1415858610.2585566,2435895977.8807926,879772418.0430944,881479344.5066395,0.09792144289180252,0.09811142918688588,394823.08141023613,3.688364213457191,3.688364213457191,bcu_indice_implicito_vab,2016,variacion_interanual_encadenada_desde_2016,proxy_grupo_amplio,C.2PTT.0|C.2QTT.0,FALSE,C.2PTT.0 cruza metales comunes y productos de metal; reparacion queda parcialmente en C.PPTT.0.,16457676225.2143,10629732598.3944,extraccion_directa_subrama_eaae,stock_capital_directo_subrama,consumo_capital_fijo_directo_subrama,directo,25|26|27|28|33,EAE_C2.1_2020.xls|EAE_C7_2020.xls,0.055550317111568166,25|26|27|28|33,25|26 y 27|28|33,agregacion_rev4_para_compatibilidad,alta,Grupo amplio definido por reubicacion de reparacion e instalacion en Rev4 33.|Rev4 33 se agrega con metal/equipos para evitar quiebre artificial hacia atras.
2020,subrama_industrial,C,29_30_vehiculos_transporte,Vehiculos y otros equipos de transporte,5,Rev.4,6.6,5154011683.787188,5129210894.688267,2223889253.327985,2199088464.229063,2199088464.229063,2954923219.5581245,2930122430.459203,1659822874.028333,1659822874.028333,2395.05916582663,,497638539.806825,119220912.14735094,39812592.07601325,32931763.61978272,72744355.69579597,158350521.7758326,-112688997.7161324,2228198009.498,2228198009.498,251488314.24671713,447715639.3269886,695446258.2556872,2923644267.7536874,380915068.42489743,405715857.5238192,0.13028776196413405,0.13877059599851432,0.7463604006109823,928532.0734698562,5703674720.812688,5676228986.786765,2461061730.999672,2433615996.973748,2433615996.973748,3270058723.838939,3242612989.8130155,1836839019.4772725,1836839019.4772725,175238226.74314454,2465830005.724848,3235443946.5264063,421538750.7533309,448984484.77925473,0.14418264061831645,0.15357014864336463,1027557.8015419347,0.9036300167995588,0.9036300167995588,bcu_indice_implicito_vab,2016,variacion_interanual_encadenada_desde_2016,directo,C.3PTT.0,FALSE,Fila BCU de vehiculos y otros equipos de transporte.,13411340937.6263,9472885307.4342,extraccion_directa_subrama_eaae,stock_capital_directo_subrama,consumo_capital_fijo_directo_subrama,directo,29|30,EAE_C2.1_2020.xls|EAE_C7_2020.xls,0.012154850474736053,29|30,29 y 30,agregacion_rev4_para_compatibilidad,baja,Agregado Rev4 definido para compatibilidad con 2001.
2020,subrama_industrial,C,31_32_muebles_otras_manufacturas,Muebles y otras manufacturas,5,Rev.4,6.6,4023640153.525543,4020767612.018697,1617692707.1368475,1614820165.6300025,1614820165.6300025,2408819987.8955407,2405947446.3886957,1064963123.8193868,1064963123.8193868,1632.361318493602,,361990254.42972594,86723203.42856951,28960317.946229283,23955092.98008202,52915410.9263113,58786601.06295222,698707.9019212376,736572439.844507,736572439.844507,161358049.06354347,364972725.4387183,525895540.94061863,1262467980.7851257,491070440.7476634,493942982.2545084,0.3889765508684568,0.39125188897648433,0.6583222630114121,991013.8697906103,1614753626.6987393,1613600828.078823,649206953.42115,648054154.8012345,648054154.8012345,966699471.8975047,965546673.2775893,427387390.7389558,427387390.7389558,23592039.458230205,295598754.65580845,506649370.4158911,197074724.6040485,198227523.22396392,0.15610275080520314,0.15701588178156148,397710.3267922692,2.491798183325105,2.491798183325105,bcu_indice_implicito_vab,2016,variacion_interanual_encadenada_desde_2016,proxy_grupo_amplio,C.PPTT.0,FALSE,"BCU 2016 agrupa muebles, otras manufacturas y reparacion/instalacion.",842176118.4093,1095713238.1486,extraccion_directa_subrama_eaae,stock_capital_directo_subrama,consumo_capital_fijo_directo_subrama,directo,31|32,EAE_C2.1_2020.xls|EAE_C7_2020.xls,0.008841633161316167,31|32,31|32,agregacion_rev4_para_compatibilidad,baja,Agregado Rev4 definido para compatibilidad con Rev3 36.
2021,economia_total,economia_total,,Economia total EAAE,5,Rev.4,4.2,2173653003453.7935,2156399403913.4636,1016152775933.4263,998899176393.0962,998899176393.0962,1174753827060.6973,1157500227520.3672,470199821189.10754,470199821189.10754,602974.9225032097,,187321533925.96063,65889710032.37657,19537003773.271717,21886134537.28463,41423138310.55634,73799557031.8412,-429188905.6761191,1173390818677.9836,1173390818677.9836,111952338378.35893,279703292157.30884,387547630645.113,1560938449323.0967,454899798172.14746,472153397712.47754,0.291427120889626,0.3024804712301293,0.46272551955308827,1685232.2343936572,597205572559.367,592465190457.9827,279185361874.6246,274444979773.24017,274444979773.24017,322760592786.1268,318020210684.7424,129186191625.05263,129186191625.05263,20276238498.87652,322386109738.32275,428863824573.9883,124982549649.31104,129722931750.69547,0.0800688519803647,0.08310573155972294,463013.2223668696,3.6397064986156256,3.6397064986156256,bcu_indice_implicito_vab,2016,variacion_interanual_encadenada_desde_2016,directo_total_economia,__TOTAL_VAB_SECTORES__,FALSE,Total VAB de sectores de actividad BCU.,2350374851334.945,1552098903679.6335,agregacion_secciones_eaae,stock_original_e_imputado_agregado_desde_panel_eaae,suma_consumo_capital_fijo_original_eaae,directo_agregado,,,,,,,,
2021,industria_total,C,,Industria manufacturera EAAE,5,Rev.4,6.6,740451400483.5211,729519030143.1285,224974680121.47308,214042309781.08044,214042309781.08044,526409090702.4407,515476720362.04803,84122098877.86562,84122098877.86562,86333.09437826529,,83942983585.56471,18626904296.77747,3312365312.691275,6003788394.387547,9316153707.07882,21739333748.875954,-1158610716.344064,377193985828.289,377193985828.289,12745772557.252367,79758953136.73344,90848305945.44147,468042291773.73047,108180877154.33888,119113247494.73152,0.2311348334450034,0.25449248836751576,0.37391807305801983,2605891.538368297,225002295045.30157,221680256063.0439,68363459534.76332,65041420552.50567,65041420552.50567,159960874492.7959,156638835510.53824,25562333056.818615,25562333056.818615,6605970335.201936,114618612961.26857,142224850622.98932,32873117160.485123,36195156142.742775,0.07023535637325963,0.07733308886591149,791856.9353628324,3.2908615458097437,3.2908615458097437,bcu_indice_implicito_vab,2016,variacion_interanual_encadenada_desde_2016,reconstruido_por_suma,__ALL_C__,FALSE,Total manufacturero reconstruido por suma de filas C publicadas en el libro BCU 2016.,277034392832.2819,187936109253.6234,rama_c_panel_eaae,stock_original_rama_c,consumo_capital_fijo_original_rama_c,directo,,,,,,,,
2021,subrama_industrial,C,10_11_12_alimentos_bebidas_tabaco,Alimentos bebidas y tabaco,5,Rev.4,6.6,373124522306.8158,362364930359.3089,104365033853.22987,93605441905.72292,93605441905.72292,279519080401.0929,268759488453.58594,42383085783.99851,42383085783.99851,46497.026690971295,,38940881342.372894,8640961269.349998,1536595664.0393236,2785138215.0629826,4321733879.102305,8195019381.404506,-1634115909.417694,115225753620.1651,115225753620.1651,6421679664.242199,42351375818.34741,47142814278.42189,162368567898.58698,43027336740.31989,53786928687.82685,0.2649979444740446,0.33126441517561067,0.40610426901794033,2244552.8516664333,88588702607.13316,86034117651.6367,24778759888.112236,22224174932.615765,22224174932.615765,66364527674.5174,63809942719.020935,10062760171.532879,10062760171.532879,1945693974.629645,27357355011.22045,38550188782.51648,10215720786.45324,12770305741.949709,0.0629168620421277,0.0786501100996706,532910.6321743306,4.211874780032864,4.211874780032864,bcu_indice_implicito_vab,2016,variacion_interanual_encadenada_desde_2016,reconstruido_por_suma,C.101T.0|C.1020.0|C.1030.0|C.1040.0|C.1050.0|C.107V.0|C.107X.1 C.107X.9|C.10RT.0|C.1PTT.0,FALSE,"Suma de filas BCU Rev.4 de alimentos, bebidas y tabaco.",120490662971.6197,81407284017.9013,extraccion_directa_subrama_eaae,stock_capital_directo_subrama,consumo_capital_fijo_directo_subrama,directo,10|11|12,EAE_C2.1_2021.xls|EAE_C7_2021.xls,0.4638967985058537,10|11|12,10|11 y 12,agregacion_rev4_para_compatibilidad,baja,Agregado Rev4 definido para compatibilidad con 2001 y agrupaciones publicadas.
2021,subrama_industrial,C,13_14_15_textiles_prendas_cuero,Textiles prendas y cuero,5,Rev.4,6.6,18138749964.362915,18138749964.362915,3925188875.996992,3925188875.996992,3925188875.996992,14213561088.365923,14213561088.365923,2952744178.4252872,2952744178.4252872,4775.178530344159,,1464573992.1050246,324988205.34157085,57791656.694851,104749580.73844394,162541237.4332949,385615610.2757887,-465180397.10748434,4740243254.626184,4740243254.626184,447385481.579589,2153569861.873625,2600955343.4532137,7341198598.079398,586829087.2959161,586829087.2959161,0.07993641357821897,0.07993641357821897,0.7522553109435517,821998.3506489114,7265367036.898822,7265367036.898822,1572210760.3500512,1572210760.3500512,1572210760.3500512,5693156276.54877,5693156276.54877,1182703894.3959255,1182703894.3959255,154456009.88578042,1898675882.1146078,2940472877.712289,235050856.06834522,235050856.06834522,0.03201804895045874,0.03201804895045874,329246.48792905716,2.4966047650780947,2.4966047650780947,bcu_indice_implicito_vab,2016,variacion_interanual_encadenada_desde_2016,reconstruido_por_suma,C.13TT.0|C.14TT.0|C.15TT.0,FALSE,"Suma de textiles, prendas y cuero.",11031930690.607,6948755611.551499,extraccion_directa_subrama_eaae,stock_capital_directo_subrama,consumo_capital_fijo_directo_subrama,directo,13|14|15,EAE_C2.1_2021.xls|EAE_C7_2021.xls,0.01744724728079454,13|14|15,13|14|15,agregacion_rev4_para_compatibilidad,baja,Agregado Rev4 definido para compatibilidad con 2001.
2021,subrama_industrial,C,16_madera,Madera y productos de madera,5,Rev.4,6.6,21245464652.99275,21236456149.21341,7098850279.489043,7089841775.709705,7089841775.709705,14155622877.283043,14146614373.503704,2260305402.067818,2260305402.067818,2855.063959231356,,2648736614.1193314,587753273.8430752,104518363.63573049,189443518.25938287,293961881.8951133,605229934.1157609,-281617896.8448542,7574854222.91105,7574854222.91105,342470515.464821,2144791345.0428853,2485896935.692655,10060751158.603704,4224306439.5261264,4233314943.3054643,0.4198798253660816,0.4207752360205469,0.3184044335458937,2486406.742845861,5561862601.349961,5559504259.883545,1858412161.228541,1856053819.7621253,1856053819.7621253,3705808781.5878353,3703450440.12142,591726671.4907737,591726671.4907737,158443497.97742692,1983025511.6191158,2633809922.469448,1105883650.2939248,1108241991.7603405,0.1099205847416473,0.11015499481990461,650917.8735627573,3.8198470864483607,3.8198470864483607,bcu_indice_implicito_vab,2016,variacion_interanual_encadenada_desde_2016,directo,C.16TT.0,FALSE,Fila BCU especifica de madera.,6804815337.565801,3447410275.0892997,extraccion_directa_subrama_eaae,stock_capital_directo_subrama,consumo_capital_fijo_directo_subrama,directo,16,EAE_C2.1_2021.xls|EAE_C7_2021.xls,0.0315539965459939,16,16,uno_a_uno,baja,Division Rev4 conservada como grupo.
2021,subrama_industrial,C,17_18_papel_impresion,Papel impresion y reproduccion,5,Rev.4,6.6,83334416057.83963,83334416057.83963,38618600259.942,38618600259.942,38618600259.942,44715815797.89763,44715815797.89763,3969838052.5814953,3969838052.5814953,3782.401644322562,,14409446102.856718,3197448578.342422,568592482.748074,1030595549.3433398,1599188032.0914135,5578960359.667114,13881132.999459157,173672374922.72577,173672374922.72577,601490614.0274993,6775123605.742065,7376614219.769565,181048989142.49533,29069801847.69339,29069801847.69339,0.16056318229324046,0.16056318229324046,0.10279601088233375,10210073.887290385,47461104180.09815,47461104180.09815,21994291157.623653,21994291157.623653,21994291157.623653,25466813022.474495,25466813022.474495,2260925393.188298,2260925393.188298,3177362143.667285,98910907033.79482,103112079521.01645,16556003620.76807,16556003620.76807,0.09144488295230194,0.09144488295230194,5814901.014184306,1.7558465505061769,1.7558465505061769,bcu_indice_implicito_vab,2016,variacion_interanual_encadenada_desde_2016,reconstruido_por_suma,C.170V.1 C.170V.9|C.18TT.0,FALSE,Suma de papel e impresion.,38906208495.3061,19907690202.6417,extraccion_directa_subrama_eaae,stock_capital_directo_subrama,consumo_capital_fijo_directo_subrama,directo,17|18,EAE_C2.1_2021.xls|EAE_C7_2021.xls,0.1716575404800675,17|18,17|18,agregacion_rev4_para_compatibilidad,media,Agregado Rev4 definido para compatibilidad con Rev3 21-22.
2021,subrama_industrial,C,19_refinacion,Coque y refinacion de petroleo,5,Rev.4,6.6,79625367670.0841,79625367670.0841,12946806512.99997,12946806512.99997,12946806512.99997,66678561157.08414,66678561157.08414,4248587898.000005,4248587898.000005,2168,,4830737245.717759,1071938076.4819137,190619463.40197685,345505043.7016324,536124507.1036091,1265742691,1036685427.999996,16276073036,16276073036,643725439.0909098,10102812296.5279,10746537735.618809,27022610771.61881,7432475923.999965,7432475923.999965,0.27504655219347324,0.27504655219347324,0.32815720955850936,5971774.221863454,46576844146.90053,46576844146.90053,7573232084.20972,7573232084.20972,7573232084.20972,39003612062.69081,39003612062.69081,2485210708.0932355,2485210708.0932355,740395953.8755773,9520685923.39024,15806871191.690853,4347625422.240907,4347625422.240907,0.1608884300256847,0.1608884300256847,3493188.23072404,1.709548363108298,1.709548363108298,bcu_indice_implicito_vab,2016,variacion_interanual_encadenada_desde_2016,directo,C.19TT.0,FALSE,Fila BCU compatible.,14801012231.1335,22495054578.2808,extraccion_directa_subrama_eaae,stock_capital_directo_subrama,consumo_capital_fijo_directo_subrama,directo,19,EAE_C2.1_2021.xls|EAE_C7_2021.xls,0.057547838299000835,19,19,uno_a_uno,baja,Division Rev4 conservada como grupo.
2021,subrama_industrial,C,20_21_22_quimicos_farma_caucho_plastico,Quimicos farmaceuticos caucho y plastico,5,Rev.4,6.6,90875062606.81206,90752364024.06332,32001267162.48924,31878568579.740475,31878568579.740475,58996494027.07158,58873795444.322815,13962311681.831392,13962311681.831392,10691.062888773766,,11940374102.044157,2649562788.5299983,471163631.6316219,854002042.7725909,1325165674.4042125,3666184568.215554,515686740.9617431,35905603648.73066,35905603648.73066,2115501769.9744534,8938862731.374481,11035773806.993061,46941377455.723724,14250072329.69353,14372770912.442293,0.3035716696454967,0.30618553803622506,0.4363049628921421,2993272.7452283925,19607237352.43388,19580763860.523663,6904605321.136144,6878131829.225923,6878131829.225923,12729105523.207954,12702632031.297733,3012513568.423192,3012513568.423192,791017347.8267759,7747006415.490545,10128089082.11493,3074600912.975955,3101074404.886176,0.06549873650120291,0.06606270571866338,645829.6422880815,4.6347713843292455,4.6347713843292455,bcu_indice_implicito_vab,2016,variacion_interanual_encadenada_desde_2016,reconstruido_por_suma,C.20TV.0|C.20TX.0|C.2100.0|C.22TT.0,FALSE,"Suma de quimicos, farmaceuticos, caucho y plastico.",38849821944.653,25019000021.9969,extraccion_directa_subrama_eaae,stock_capital_directo_subrama,consumo_capital_fijo_directo_subrama,directo,20|21|22,EAE_C2.1_2021.xls|EAE_C7_2021.xls,0.142243861154555,20|21|22,20|21|22,agregacion_rev4_para_compatibilidad,baja,Agregado Rev4 definido para compatibilidad con Rev3 24-25.
2021,subrama_industrial,C,23_24_minerales_metales,Minerales no metalicos y metales comunes,5,Rev.4,6.6,21109986044.06845,21109986044.06845,7410046745.523569,7410046745.523571,7410046745.523571,13699939298.54488,13699939298.544882,3310163555.546812,3310163555.546812,3109.191594127087,,2764850835.622468,613518959.0623659,109100196.48451288,197748264.95418298,306848461.4386958,742939794.7038863,21234250.446597338,12705183043.51128,12705183043.51128,501539932.6586079,2075748378.5674062,2577288311.226014,15282471354.737293,3356943395.272873,3356943395.272871,0.21965972108511628,0.21965972108511614,0.44671291143291253,2383271.188408046,3182182764.086967,3182182764.086967,1117012724.947274,1117012724.9472744,1117012724.9472744,2065170039.1396928,2065170039.139693,498984006.46880794,498984006.46880794,111992978.32436553,1915217490.4915106,2303725679.2200713,506035740.1541009,506035740.1541006,0.03311216676988823,0.03311216676988821,359261.4643167007,6.633806920931311,6.633806920931311,bcu_indice_implicito_vab,2016,variacion_interanual_encadenada_desde_2016,proxy_grupo_amplio,C.23TT.0|C.2PTT.0,FALSE,C.2PTT.0 cruza metales comunes con productos elaborados de metal.,22908961053.1964,13091723052.8023,extraccion_directa_subrama_eaae,stock_capital_directo_subrama,consumo_capital_fijo_directo_subrama,directo,23|24,EAE_C2.1_2021.xls|EAE_C7_2021.xls,0.032937247611698264,23|24,23|24,agregacion_rev4_para_compatibilidad,baja,Agregado Rev4 definido para compatibilidad con 2001.
2021,subrama_industrial,C,25_26_27_28_33_metal_equipos_reparacion,Productos de metal equipos y reparacion,5,Rev.4,6.6,34190174432.872765,34182101437.430183,12860793282.728403,12852720287.285831,12852720287.285831,21337454145.586933,21329381150.144363,7534809107.086062,7534809107.086062,7932.700397629918,,4798643824.480627,1064816563.040223,189353066.48908767,343209651.02282345,532562717.511911,1052542066.9545486,-131141680.69845164,7472034544.601903,7472034544.601903,1141637743.4978883,3232947597.816202,4373362160.186428,11845396704.78833,4265369113.245221,4273442108.687793,0.3600866412115187,0.36076817139946993,0.5858743657131203,1621237.7422662866,8038402019.713374,8036503989.535195,3023682341.8953776,3021784311.717201,3021784311.717201,5016617707.996173,5014719677.817997,1771497974.175917,1771497974.175917,247461629.4646916,1756739138.3925543,2784953934.1492076,1002824708.0765932,1004722738.2547694,0.08465944476736822,0.084819678335350715,381166.83983158803,4.253354628074684,4.253354628074684,bcu_indice_implicito_vab,2016,variacion_interanual_encadenada_desde_2016,proxy_grupo_amplio,C.2PTT.0|C.2QTT.0,FALSE,C.2PTT.0 cruza metales comunes y productos de metal; reparacion queda parcialmente en C.PPTT.0.,22719341070.083702,12724823360.4952,extraccion_directa_subrama_eaae,stock_capital_directo_subrama,consumo_capital_fijo_directo_subrama,directo,25|26|27|28|33,EAE_C2.1_2021.xls|EAE_C7_2021.xls,0.05716551425157859,25|26|27|28|33,25|26 y 27|28|33,agregacion_rev4_para_compatibilidad,alta,Grupo amplio definido por reubicacion de reparacion e instalacion en Rev4 33.|Rev4 33 se agrega con metal/equipos para evitar quiebre artificial hacia atras.
2021,subrama_industrial,C,29_30_vehiculos_transporte,Vehiculos y otros equipos de transporte,5,Rev.4,6.6,15236563095.15121,15205381177.71375,4340950622.342182,4309768704.904727,4309768704.904727,10926794390.246483,10895612472.809029,2472559902.408706,2472559902.408706,2826.642865739796,,1619703811.2923036,359411431.3474993,63913033.4924274,115844809.52681151,179757843.01923886,202372267.3917532,-235165529.4023424,3072807451.49626,3072807451.49626,374630288.24374336,1655574907.6131036,2025480662.9117782,5098288114.408038,1634836535.1042676,1666018452.5417228,0.3206638186029799,0.32677997303319606,0.5695895018208301,1535726.5945961864,15592138786.888918,15560229177.005774,4442255392.368026,4410345782.484887,4410345782.484887,11181793004.40403,11149883394.520893,2530262035.8998003,2530262035.8998003,207095029.24539265,3144517562.7804956,5217266870.419994,1672988717.3396938,1704898327.222833,0.3281471505330852,0.33440603766678034,1571565.8480277762,0.9771951945401677,0.9771951945401677,bcu_indice_implicito_vab,2016,variacion_interanual_encadenada_desde_2016,directo,C.3PTT.0,FALSE,Fila BCU de vehiculos y otros equipos de transporte.,14298920932.6851,9339479367.0877,extraccion_directa_subrama_eaae,stock_capital_directo_subrama,consumo_capital_fijo_directo_subrama,directo,29|30,EAE_C2.1_2021.xls|EAE_C7_2021.xls,0.019295285229423708,29|30,29 y 30,agregacion_rev4_para_compatibilidad,baja,Agregado Rev4 definido para compatibilidad con 2001.
2021,subrama_industrial,C,31_32_muebles_otras_manufacturas,Muebles y otras manufacturas,5,Rev.4,6.6,3571093652.521285,3569277259.043674,1407142526.73179,1405326133.254179,1405326133.254179,2165767519.267106,2163951125.789495,1027693315.9195294,1027693315.9195294,1695.82580712534,,525035714.9534295,116505151.43840387,20717754.073669482,37551719.00535637,58269473.079025835,44727075.14703586,1123144.7189671665,549058083.520794,549058083.520794,155711108.47265598,328146593.8283494,483582491.168034,1032640574.688828,332905742.1876137,334722135.6652248,0.32238297656271186,0.3241419559425008,0.7303405990482257,829768.3174883934,1000136709.4809635,999628002.0729295,394090727.7698097,393582020.36177576,393582020.36177576,606554689.1191877,606045981.7111537,287820458.1987541,287820458.1987541,12526467.83169112,153771700.88460398,289206009.96186274,93235094.3313306,93743801.73936455,0.09028804079234028,0.09078066854734325,232388.68409359106,3.570605516894345,3.570605516894345,bcu_indice_implicito_vab,2016,variacion_interanual_encadenada_desde_2016,proxy_grupo_amplio,C.PPTT.0,FALSE,"BCU 2016 agrupa muebles, otras manufacturas y reparacion/instalacion.",1987076815.7847998,1804179052.8490999,extraccion_directa_subrama_eaae,stock_capital_directo_subrama,consumo_capital_fijo_directo_subrama,directo,31|32,EAE_C2.1_2021.xls|EAE_C7_2021.xls,0.0062546706410339875,31|32,31|32,agregacion_rev4_para_compatibilidad,baja,Agregado Rev4 definido para compatibilidad con Rev3 36.
2022,economia_total,economia_total,,Economia total EAAE,5,Rev.4,4.2,2441897021618.7954,2395110854824.2896,1082579648621.8225,1035793481827.3164,1035793481827.3164,1406103539791.479,1359317372996.973,522254664756.3181,522254664756.3181,627085.343584512,,183033331632.18488,76871281939.77145,17797191552.41073,20257430389.869698,38054621942.280426,74486121315.72498,-2575703321.1818647,1205661045725.2878,1205661045725.2878,124346348751.5043,334786557093.2093,447993342322.2121,1653654388047.5,439052695755.2733,485838862549.7794,0.2655045086377879,0.293797099358481,0.48241685073349955,1726367.3273459687,635128576714.9003,622959664077.2815,281575048137.73126,269406135500.1125,269406135500.1125,365722441214.7877,353553528577.16895,135836547967.73785,135836547967.73785,19373570546.766117,313588074023.06647,430109520819.47284,114196016985.60854,126364929623.2273,0.06905676168551875,0.07641556212506331,449021.8931417004,3.8447286284127107,3.8447286284127107,bcu_indice_implicito_vab,2016,variacion_interanual_encadenada_desde_2016,directo_total_economia,__TOTAL_VAB_SECTORES__,TRUE,Total VAB de sectores de actividad BCU.,2594986967729.697,1622251238055.3103,agregacion_secciones_eaae,stock_original_e_imputado_agregado_desde_panel_eaae,suma_consumo_capital_fijo_original_eaae,directo_agregado,,,,,,,,
2022,industria_total,C,,Industria manufacturera EAAE,5,Rev.4,6.6,887448109461.1191,847221297274.5151,265536050207.76508,225309238021.16107,225309238021.16107,662138871439.958,621912059253.354,95609914033.877808,95609914033.877808,89467.50608878564,,69687013752.2493,17242949725.568817,4140576932.6812153,5180380048.541034,9320956981.222248,21523441673.28398,-2700847763.231676,392603477898.926,392603477898.926,14486350611.193607,100324071430.29668,108715450498.06543,501318928396.99146,108175882313.99927,148402694500.60327,0.21578256113309058,0.2960245187133331,0.360063780262865,2967960.7917566495,249737974802.93948,238417693086.0051,74724859638.6404,63404577921.70602,63404577921.70602,186333396881.23343,175013115164.29907,26905715441.100845,26905715441.100845,6056940881.35373,110483076616.84648,141076838829.78586,30441921599.251434,41762203316.185814,0.060723662871840854,0.08330466086673388,835217.8674175297,3.5535168816892067,3.5535168816892067,bcu_indice_implicito_vab,2016,variacion_interanual_encadenada_desde_2016,reconstruido_por_suma,__ALL_C__,TRUE,Total manufacturero reconstruido por suma de filas C publicadas en el libro BCU 2016.,307988595483.1662,193491729413.7968,rama_c_panel_eaae,stock_original_rama_c,consumo_capital_fijo_original_rama_c,directo,,,,,,,,
2022,subrama_industrial,C,10_11_12_alimentos_bebidas_tabaco,Alimentos bebidas y tabaco,5,Rev.4,6.6,435358340807.2327,422783206119.0376,102901397006.6019,90326262318.4068,90326262318.4068,345032078488.8259,332456943800.63086,47813365283.68756,47813365283.68756,47970.113895477494,,27005339059.287674,6682044166.460029,1604569889.673489,2007517787.520408,3612087677.193897,8403324073.49256,-2034595196.9618816,111220726185.0665,111220726185.0665,7244449285.407207,52277587649.82211,57616713497.62401,168837439682.6905,34109572961.226685,46684707649.42178,0.20202612065979852,0.27650684431817985,0.46465224646678,2145114.711022256,102872952323.80493,99901512224.95331,24315074539.94141,21343634441.089794,21343634441.089794,81529317882.71513,78557877783.86353,11298054007.990984,11298054007.990984,1985662558.2755358,26280889533.528896,39895424653.50685,8059917874.823276,11031357973.674892,0.047737740455973,0.06533715504337778,506879.64996126015,4.232000063893279,4.232000063893279,bcu_indice_implicito_vab,2016,variacion_interanual_encadenada_desde_2016,reconstruido_por_suma,C.101T.0|C.1020.0|C.1030.0|C.1040.0|C.1050.0|C.107V.0|C.107X.1 C.107X.9|C.10RT.0|C.1PTT.0,TRUE,"Suma de filas BCU Rev.4 de alimentos, bebidas y tabaco.",125777887028.48941,84575378832.4555,extraccion_directa_subrama_eaae,stock_capital_directo_subrama,consumo_capital_fijo_directo_subrama,directo,10|11|12,EAE_C2.1_2022.xls|EAE_C7_2022.xls,0.3875232644535011,10|11|12,10|11 y 12,agregacion_rev4_para_compatibilidad,baja,Agregado Rev4 definido para compatibilidad con 2001 y agrupaciones publicadas.
2022,subrama_industrial,C,13_14_15_textiles_prendas_cuero,Textiles prendas y cuero,5,Rev.4,6.6,19013368165.229073,19012483765.26999,3941316092.514442,3940431692.555359,3940431692.555359,15072936472.673714,15072052072.71463,3389649327.87345,3389649327.87345,4572.4332877406,,1034355028.3515646,255934797.4884297,61458029.839269385,76891688.47198004,138349718.3112494,478453630.46745217,-492080165.2853169,4991761897.503415,4991761897.503415,513583231.4959773,2283778253.4354115,2797227484.937588,7788989382.441004,72328734.21445704,73213134.17354012,0.00928602295665087,0.009399567848761881,0.8600298094109358,861973.4492533155,7415848611.559808,7415503666.037707,1537244912.0215838,1536899966.499484,1536899966.499484,5878948645.060324,5878603699.538223,1322076448.7038536,1322076448.7038536,186612895.74597877,1946953859.786676,3037966003.459718,28210622.049651835,28555567.57175159,0.003621859096797339,0.0036661453970043183,336198.43424357334,2.5638829972325863,2.5638829972325863,bcu_indice_implicito_vab,2016,variacion_interanual_encadenada_desde_2016,reconstruido_por_suma,C.13TT.0|C.14TT.0|C.15TT.0,TRUE,"Suma de textiles, prendas y cuero.",11630392463.6041,7133480460.5536995,extraccion_directa_subrama_eaae,stock_capital_directo_subrama,consumo_capital_fijo_directo_subrama,directo,13|14|15,EAE_C2.1_2022.xls|EAE_C7_2022.xls,0.014842866305462525,13|14|15,13|14|15,agregacion_rev4_para_compatibilidad,baja,Agregado Rev4 definido para compatibilidad con 2001.
2022,subrama_industrial,C,16_madera,Madera y productos de madera,5,Rev.4,6.6,23530913352.16131,23530913352.16131,7402246193.976149,7402246193.976152,7402246193.976152,16128667158.185156,16128667158.18516,2698574356.632305,2698574356.632305,3141.257004429009,,1942638040.7238057,480675067.958367,115425268.30847871,144411459.26385203,259836727.5723307,796335237.8292075,-292707683.4159017,8848143277.18251,8848143277.18251,408874902.52004623,2443737448.2098722,2852612350.7299194,11700755627.91243,3907336599.51464,3907336599.514636,0.33393882615526094,0.3339388261552606,0.36456155144209734,2356459.9087369693,7009636274.694721,7009636274.694721,2205059049.726616,2205059049.726617,2205059049.726617,4804577224.968104,4804577224.968105,803879748.189772,803879748.189772,237220726.89509752,2635778099.6944613,3485544307.7486854,1163958574.6417475,1163958574.6417463,0.09947721426341875,0.09947721426341864,701967.093624494,3.356937853838373,3.356937853838373,bcu_indice_implicito_vab,2016,variacion_interanual_encadenada_desde_2016,directo,C.16TT.0,TRUE,Fila BCU especifica de madera.,7648597965.4946995,4409213593.341,extraccion_directa_subrama_eaae,stock_capital_directo_subrama,consumo_capital_fijo_directo_subrama,directo,16,EAE_C2.1_2022.xls|EAE_C7_2022.xls,0.027876614825686985,16,16,uno_a_uno,baja,Division Rev4 conservada como grupo.
2022,subrama_industrial,C,17_18_papel_impresion,Papel impresion y reproduccion,5,Rev.4,6.6,92917771202.47131,92917771202.47131,44162452526.34734,44162452526.34735,44162452526.34735,48755318676.12396,48755318676.12397,4259378526.808477,4259378526.808477,3645.426576105703,,11589949591.133245,2867749776.6265955,688637313.3823007,861571480.7203236,1550208794.1026242,5382849646.800173,13532854.10686892,188061415057.40607,188061415057.40607,645360382.8497692,7387169496.382419,8032529879.23219,196093944936.63824,34520224352.7387,34520224352.73869,0.17603921612109366,0.17603921612109363,0.09644796163137292,12114481.420587199,41220126453.53718,41220126453.53718,19591320950.51752,19591320950.517525,19591320950.517525,21628805503.019653,21628805503.019653,1889542971.3434265,1889542971.3434265,2387936562.081245,83427693210.65292,86991079343.13219,15313841417.092854,15313841417.09285,0.07809441246154261,0.0780944124615426,5374219.049954457,2.254184525785167,2.254184525785167,bcu_indice_implicito_vab,2016,variacion_interanual_encadenada_desde_2016,reconstruido_por_suma,C.170V.1 C.170V.9|C.18TT.0,TRUE,Suma de papel e impresion.,48271813507.34011,19239450923.332302,extraccion_directa_subrama_eaae,stock_capital_directo_subrama,consumo_capital_fijo_directo_subrama,directo,17|18,EAE_C2.1_2022.xls|EAE_C7_2022.xls,0.16631433845533602,17|18,17|18,agregacion_rev4_para_compatibilidad,media,Agregado Rev4 definido para compatibilidad con Rev3 21-22.
2022,subrama_industrial,C,19_refinacion,Coque y refinacion de petroleo,5,Rev.4,6.6,99572040783.70886,72094147032.70886,43268284843.70885,15790391092.70885,15790391092.70885,83781649691.00002,56303755940.000015,4169469751.000002,4169469751.000002,2117,,11355285124.488922,2809685764.6557155,674694309.8700277,844127037.9805664,1518821347.850594,1345697364,164809228,15638153887,15638153887,631737841.0606064,12694189347.121216,9162609953.181822,24800763840.181824,10275223977.708849,37753117728.70885,0.4143107867129917,1.5222562487185098,0.09636318532293839,20438490.715025436,44681609954.317474,32351275843.607605,19416059082.07131,7085724971.361442,7085724971.361442,37595884982.95603,25265550872.246166,1870993299.5667584,1870993299.5667584,603863537.0084612,7017410579.163798,11129008180.953636,4610868134.7862215,16941202245.49609,0.18591637598337848,0.6830919545327958,9171496.968385125,2.228479253220988,2.228479253220988,bcu_indice_implicito_vab,2016,variacion_interanual_encadenada_desde_2016,directo,C.19TT.0,TRUE,Fila BCU compatible.,19148563535.101902,22325676632.1283,extraccion_directa_subrama_eaae,stock_capital_directo_subrama,consumo_capital_fijo_directo_subrama,directo,19,EAE_C2.1_2022.xls|EAE_C7_2022.xls,0.16294693247811046,19,19,uno_a_uno,baja,Division Rev4 conservada como grupo.
2022,subrama_industrial,C,20_21_22_quimicos_farma_caucho_plastico,Quimicos farmaceuticos caucho y plastico,5,Rev.4,6.6,114931968426.204,114879266773.37328,33048890150.00338,32996188497.17267,32996188497.17267,81935779929.03133,81883078276.20062,15559953402.380207,15559953402.380207,10793.681684004923,,8673317466.979904,2146075272.6286137,515340467.32543343,644755433.4921534,1160095900.8175867,3475405065.4794025,43992949.79439598,40188758363.3847,40188758363.3847,2357568697.3303347,12414512110.459293,14764095708.875883,54952854072.26058,13960830029.31306,14013531682.143772,0.2540510454826456,0.2550100794349388,0.4708162159684087,3061873.7070019664,22476409020.25861,22466102541.379955,6463131040.464387,6452824561.585733,6452824561.585733,16023584458.672876,16013277979.794226,3042946899.779407,3042946899.779407,679659687.660791,7859423129.707967,10746729929.643366,2730217974.145536,2740524453.0241895,0.049682914932051014,0.04987046622584007,598788.3680173794,5.113448875334695,5.113448875334695,bcu_indice_implicito_vab,2016,variacion_interanual_encadenada_desde_2016,reconstruido_por_suma,C.20TV.0|C.20TX.0|C.2100.0|C.22TT.0,TRUE,"Suma de quimicos, farmaceuticos, caucho y plastico.",44139441790.3347,25764525589.8222,extraccion_directa_subrama_eaae,stock_capital_directo_subrama,consumo_capital_fijo_directo_subrama,directo,20|21|22,EAE_C2.1_2022.xls|EAE_C7_2022.xls,0.1244610293937291,20|21|22,20|21|22,agregacion_rev4_para_compatibilidad,baja,Agregado Rev4 definido para compatibilidad con Rev3 24-25.
2022,subrama_industrial,C,23_24_minerales_metales,Minerales no metalicos y metales comunes,5,Rev.4,6.6,22500139758.960182,22500139758.960182,8126558396.780667,8126558396.780667,8126558396.780667,14373581362.179516,14373581362.179516,3963372782.6833506,3963372782.6833506,3373.6521709818644,,2132725806.2014756,527709280.03165144,126719668.43473397,158542167.62298998,285261836.05772394,642672247.203768,20158473.265624423,13437463890.15221,13437463890.15221,600511027.6792955,2177815357.9059873,2778326385.585283,16215790275.737494,3520513366.893549,3520513366.893549,0.21710402681767763,0.21710402681767763,0.48770618374605407,2408831.1375667164,2963683655.605744,2963683655.605744,1070417719.8398664,1070417719.8398664,1070417719.8398664,1893265935.7658775,1893265935.7658775,522049341.1572541,522049341.1572541,84651795.73787874,1769961988.2661972,2135918848.4060657,463716582.9447336,463716582.9447336,0.028596607076163225,0.028596607076163225,317287.51678876637,7.591950549918394,7.591950549918394,bcu_indice_implicito_vab,2016,variacion_interanual_encadenada_desde_2016,proxy_grupo_amplio,C.23TT.0|C.2PTT.0,TRUE,C.2PTT.0 cruza metales comunes con productos elaborados de metal.,24131396968.6668,12049897037.4874,extraccion_directa_subrama_eaae,stock_capital_directo_subrama,consumo_capital_fijo_directo_subrama,directo,23|24,EAE_C2.1_2022.xls|EAE_C7_2022.xls,0.03060435067261922,23|24,23|24,agregacion_rev4_para_compatibilidad,baja,Agregado Rev4 definido para compatibilidad con 2001.
2022,subrama_industrial,C,25_26_27_28_33_metal_equipos_reparacion,Productos de metal equipos y reparacion,5,Rev.4,6.6,38306072059.152405,38299504610.48979,14604370867.703943,14597803419.04133,14597803419.04133,23708268640.111076,23701701191.448463,9552465800.672337,9552465800.672337,9000.923812944446,,3832756391.0976334,948354968.9330163,227729986.50775346,284918719.7194176,512648706.22717094,607702316.1571599,44594943.468554005,5482133818.304763,5482133818.304763,1447343303.1321723,3592161915.168345,5038510150.321334,10520643968.626097,4437635302.211834,4444202750.874447,0.4218026306607684,0.42242687464071843,0.6540826638274866,1622541.3270025733,8508677501.733865,8507218717.272929,3243973478.594234,3242514694.1332984,3242514694.1332984,5266162807.600566,5264704023.139631,2121826814.2646346,2121826814.2646346,134984944.87383887,1217710565.8150904,2336881904.815737,985702934.9948251,987161719.4557606,0.09369226236856956,0.09383092160514155,360404.50358317635,4.502000698856731,4.502000698856731,bcu_indice_implicito_vab,2016,variacion_interanual_encadenada_desde_2016,proxy_grupo_amplio,C.2PTT.0|C.2QTT.0,TRUE,C.2PTT.0 cruza metales comunes y productos de metal; reparacion queda parcialmente en C.PPTT.0.,22199134507.050102,11746760375.8026,extraccion_directa_subrama_eaae,stock_capital_directo_subrama,consumo_capital_fijo_directo_subrama,directo,25|26|27|28|33,EAE_C2.1_2022.xls|EAE_C7_2022.xls,0.054999578611932165,25|26|27|28|33,25|26 y 27|28|33,agregacion_rev4_para_compatibilidad,alta,Grupo amplio definido por reubicacion de reparacion e instalacion en Rev4 33.|Rev4 33 se agrega con metal/equipos para evitar quiebre artificial hacia atras.
2022,subrama_industrial,C,29_30_vehiculos_transporte,Vehiculos y otros equipos de transporte,5,Rev.4,6.6,37667329006.09567,37554241983.9949,6226610030.633986,6113523008.533214,6113523008.533214,31553805997.562458,31440718975.461685,3132124207.528254,3132124207.528254,3134.480051609712,,1634105269.3040135,404333511.90897787,97093249.07662055,121475808.45426956,218569057.53089008,314535487.1304749,-171895378.512336,3899347649.82725,3899347649.82725,474564273.8679173,4780879696.600372,5238309573.180294,9137657223.007544,2666863313.8744845,2779950335.9752574,0.29185416445252915,0.30423009619748814,0.5030223817002628,1986488.9640743802,35892449828.99077,35784691451.26229,5933213052.963062,5825454675.234578,5825454675.234578,30066995153.75619,29959236776.027706,2984538961.036567,2984538961.036567,299714619.7820605,3715610944.024422,8707092116.306887,2541201094.4159503,2648959472.144435,0.2781020377977744,0.2898948174018464,1892885.8870599805,1.0494499312685899,1.0494499312685899,bcu_indice_implicito_vab,2016,variacion_interanual_encadenada_desde_2016,directo,C.3PTT.0,TRUE,Fila BCU de vehiculos y otros equipos de transporte.,16959845608.5844,10314802001.9997,extraccion_directa_subrama_eaae,stock_capital_directo_subrama,consumo_capital_fijo_directo_subrama,directo,29|30,EAE_C2.1_2022.xls|EAE_C7_2022.xls,0.023449207841127633,29|30,29 y 30,agregacion_rev4_para_compatibilidad,baja,Agregado Rev4 definido para compatibilidad con 2001.
2022,subrama_industrial,C,31_32_muebles_otras_manufacturas,Muebles y otras manufacturas,5,Rev.4,6.6,3650165899.903804,3649622676.0480833,1853924099.4944584,1853380875.638739,1853380875.638739,1796785024.2650647,1796241800.4093454,1071560594.611881,1071560594.611881,1718.5376054918947,,486541974.681066,120387118.87742227,28908750.263108604,36168465.29507368,65077215.55818228,76466604.72378734,3342212.30831636,835573873.098542,835573873.098542,162357665.85028502,272240155.1916765,434515514.3971555,1270089387.4956975,705353676.3030708,705896900.1587901,0.5553575073120278,0.55578521252795,0.5779959357042082,1078780.0590280434,1087542283.7112117,1087380433.8312838,552364167.6244333,552202317.7445056,552202317.7445056,535339965.9667061,535178116.08677846,319264243.9155604,319264243.9155604,22782708.569805503,248953593.63884225,378414557.27556026,210155365.25913975,210317215.13906738,0.1654650194924581,0.16559245137364778,321415.23459204775,3.3563438907843666,3.3563438907843666,bcu_indice_implicito_vab,2016,variacion_interanual_encadenada_desde_2016,proxy_grupo_amplio,C.PPTT.0,TRUE,"BCU 2016 agrupa muebles, otras manufacturas y reparacion/instalacion.",3687334744.3942,3561664150.813,extraccion_directa_subrama_eaae,stock_capital_directo_subrama,consumo_capital_fijo_directo_subrama,directo,31|32,EAE_C2.1_2022.xls|EAE_C7_2022.xls,0.0069818169624948495,31|32,31|32,agregacion_rev4_para_compatibilidad,baja,Agregado Rev4 definido para compatibilidad con Rev3 36.
2023,economia_total,economia_total,,Economia total EAAE,5,Rev.4,4.2,2518876758620.8096,2469821836459.871,1143758788706.058,1094703866545.1193,1094703866545.1193,1424172892075.6904,1375117969914.7515,612326443878.59,612326443878.59,664124.6968875563,,189841862725.95862,100097630755.17761,15278811501.645864,26551541630.94485,41830353132.59071,85762171452.38469,-221349059.58439222,1284742421782.949,1284742421782.949,145792010447.28333,339088783827.54535,473201050903.17645,1757943472686.1255,396615251214.14465,445670173375.0835,0.2256131993869628,0.2535179203993986,0.5353632688333866,1722204.872166814,629060330516.6428,616809431205.1083,285640525759.06915,273389626447.5345,273389626447.5345,355670704069.1084,343419804757.57367,152921445581.6624,152921445581.6624,21418110169.551033,320849557132.77795,439026045308.78656,99050070696.32103,111300970007.85571,0.05634428651165513,0.0633131677651663,430100.7432756732,4.004189481400097,4.004189481400097,bcu_indice_implicito_vab,2016,variacion_interanual_encadenada_desde_2016,directo_total_economia,__TOTAL_VAB_SECTORES__,TRUE,Total VAB de sectores de actividad BCU.,2726040530625.995,1636312744134.0708,agregacion_secciones_eaae,stock_original_e_imputado_agregado_desde_panel_eaae,suma_consumo_capital_fijo_original_eaae,directo_agregado,,,,,,,,
2023,industria_total,C,,Industria manufacturera EAAE,5,Rev.4,6.6,809592502649.1132,767904015950.4683,240127159755.69604,198438673057.0509,198438673057.0509,611153829592.0623,569465342893.4171,104619799861.40636,104619799861.40636,89501.94139368119,,56457788625.37575,38688155694.24464,3048451859.3090005,4990645244.984979,8039097104.29398,24684323791.27561,-1909039042.845244,402462792005.2535,402462792005.2535,15851484827.485813,92599065089.7064,102134112538.60962,504596904543.8631,69134549404.36894,110823036103.01408,0.13700945999037392,0.21962686474106297,0.4356849927673568,2682926.8283631774,225921264670.19687,214287861931.99667,67008811761.664444,55375409023.464195,55375409023.464195,170545855646.73267,158912452908.5324,29194733667.729946,29194733667.729946,6888297050.930853,112309467608.71027,140810556483.90155,19292378304.803394,30925781043.00365,0.038233247431913975,0.0612880910772915,748685.5672428493,3.5835161591847853,3.5835161591847853,bcu_indice_implicito_vab,2016,variacion_interanual_encadenada_desde_2016,reconstruido_por_suma,__ALL_C__,TRUE,Total manufacturero reconstruido por suma de filas C publicadas en el libro BCU 2016.,304761801107.60095,189861679537.66357,rama_c_panel_eaae,stock_original_rama_c,consumo_capital_fijo_original_rama_c,directo,,,,,,,,
2023,subrama_industrial,C,10_11_12_alimentos_bebidas_tabaco,Alimentos bebidas y tabaco,5,Rev.4,6.6,401400646889.5231,388523883524.45306,105475847076.602,92599083711.53192,92599083711.53192,308801563177.99115,295924799812.9211,53581663378.97118,53581663378.97118,49358.74032122068,,24799081808.953915,16993771124.572338,1339032379.5941703,2192140760.7917204,3531173140.385891,8458196907.562027,-1261635801.2316654,110071074018.9992,110071074018.9992,8118433845.298665,46788115633.02896,52955524726.04429,163026598745.0435,30559223424.99871,43435986790.068794,0.18744930986869285,0.26643496904451847,0.5079993653908028,2136923.3977645705,90200839746.62926,87307234871.42929,23702029513.45786,20808424638.25787,20808424638.25787,69392415108.3714,66498810233.17141,12040615951.31067,12040615951.31067,1900685685.7767334,24734647004.840836,36634560063.095695,6867123001.1704645,9760727876.370453,0.04212271527488545,0.05987199605160879,480199.2384572202,4.450076607014328,4.450076607014328,bcu_indice_implicito_vab,2016,variacion_interanual_encadenada_desde_2016,reconstruido_por_suma,C.101T.0|C.1020.0|C.1030.0|C.1040.0|C.1050.0|C.107V.0|C.107X.1 C.107X.9|C.10RT.0|C.1PTT.0,TRUE,"Suma de filas BCU Rev.4 de alimentos, bebidas y tabaco.",134092738659.99799,85747821679.47807,extraccion_directa_subrama_eaae,stock_capital_directo_subrama,consumo_capital_fijo_directo_subrama,directo,10|11|12,EAE_C2.1_2023.xls|EAE_C7_2023.xls,0.43924996732528093,10|11|12,10|11 y 12,agregacion_rev4_para_compatibilidad,baja,Agregado Rev4 definido para compatibilidad con 2001 y agrupaciones publicadas.
2023,subrama_industrial,C,13_14_15_textiles_prendas_cuero,Textiles prendas y cuero,5,Rev.4,6.6,16204219933.54918,16204142438.54918,4096636880.574137,4096559385.5741434,4096559385.5741434,12107660547.975037,12107583052.975042,3456168162.8656187,3456168162.8656187,4404.901493295694,,963185752.555785,660030817.087434,52007446.08900416,85141811.48549749,137149257.57450166,437613805.97871536,-384445836.3021966,4765776051.27269,4765776051.27269,523661842.8584271,1834494022.4204602,2358144123.6122212,7123920174.884911,202777416.72980928,202854911.7298031,0.028464302203257803,0.028475180343114987,0.8436598760447722,930017.8191973785,6569580892.084234,6569549473.745473,1660875221.565366,1660843803.2266076,1660843803.2266076,4908737088.857627,4908705670.518868,1401213783.5516703,1401213783.5516703,177419172.8858085,1932160351.4879062,2888208753.619806,82210846.78912872,82242265.12788732,0.011540113416621327,0.011544523676420332,377051.6149097172,2.466553072369325,2.466553072369325,bcu_indice_implicito_vab,2016,variacion_interanual_encadenada_desde_2016,reconstruido_por_suma,C.13TT.0|C.14TT.0|C.15TT.0,TRUE,"Suma de textiles, prendas y cuero.",9642501778.64053,6147585411.038185,extraccion_directa_subrama_eaae,stock_capital_directo_subrama,consumo_capital_fijo_directo_subrama,directo,13|14|15,EAE_C2.1_2023.xls|EAE_C7_2023.xls,0.017060281247410877,13|14|15,13|14|15,agregacion_rev4_para_compatibilidad,baja,Agregado Rev4 definido para compatibilidad con 2001.
2023,subrama_industrial,C,16_madera,Madera y productos de madera,5,Rev.4,6.6,20004891208.71097,20004891208.71097,4611190476.455446,4611190476.455445,4611190476.455445,15393700732.255527,15393700732.255526,2647229290.218316,2647229290.218316,2959.481297085743,,1084165645.801721,742933266.1512673,58539784.48701955,95835955.61807957,154375740.10509914,844820148.5242877,-236216689.3352755,10247885814.2523,10247885814.2523,401095347.0027752,2332378898.8265953,2733474245.82937,12981360060.08167,1119141037.7128415,1119141037.7128425,0.0862113855969727,0.08621138559697276,0.5740880372942655,1558107.6592699445,7459200073.061718,7459200073.061718,1719369127.2812614,1719369127.2812612,1719369127.2812612,5739830945.7804575,5739830945.780457,987069247.6652535,987069247.6652535,315007087.4093212,3821117036.6731744,4840344338.710403,417292792.2066864,417292792.20668674,0.03214553716061559,0.03214553716061562,580969.756076633,2.6819083833073436,2.6819083833073436,bcu_indice_implicito_vab,2016,variacion_interanual_encadenada_desde_2016,directo,C.16TT.0,TRUE,Fila BCU especifica de madera.,5739633148.125111,4141548986.90988,extraccion_directa_subrama_eaae,stock_capital_directo_subrama,consumo_capital_fijo_directo_subrama,directo,16,EAE_C2.1_2023.xls|EAE_C7_2023.xls,0.0192031192187791,16,16,uno_a_uno,baja,Division Rev4 conservada como grupo.
2023,subrama_industrial,C,17_18_papel_impresion,Papel impresion y reproduccion,5,Rev.4,6.6,89668594246.71506,89668594245.69907,26907119600.552933,26907119599.536926,26907119599.536926,62761474647.17813,62761474646.162125,4963408228.427938,4963408228.427938,3852.282074496156,,6326300083.969104,4335148233.331654,341590092.7592158,559219909.2654127,900810002.0246285,8112820170.004987,13928234.759065516,198669736724.4633,198669736724.4633,752031549.7618089,9509314340.481535,10261345890.089405,208931082614.5527,13830891201.104002,13830891202.120008,0.06619834171165415,0.06619834171651702,0.18446449497797385,6984722.0634984635,67875737386.468895,67875737385.69983,20367672752.94212,20367672752.173042,20367672752.173042,47508064634.29585,47508064633.52678,3757112468.2481065,3757112468.2481065,6141098295.885012,150385483232.24765,158152934308.27417,10469461988.039923,10469461988.809002,0.05010964312741609,0.050109643131097094,5287170.658603973,1.321069909504815,1.321069909504815,bcu_indice_implicito_vab,2016,variacion_interanual_encadenada_desde_2016,reconstruido_por_suma,C.170V.1 C.170V.9|C.18TT.0,TRUE,Suma de papel e impresion.,35179825581.67062,23925245566.805336,extraccion_directa_subrama_eaae,stock_capital_directo_subrama,consumo_capital_fijo_directo_subrama,directo,17|18,EAE_C2.1_2023.xls|EAE_C7_2023.xls,0.112053628702093,17|18,17|18,agregacion_rev4_para_compatibilidad,media,Agregado Rev4 definido para compatibilidad con Rev3 21-22.
2023,subrama_industrial,C,19_refinacion,Coque y refinacion de petroleo,5,Rev.4,6.6,94318579896.4886,65713488756.4886,41548361319.99998,12943270179.99998,12943270179.99998,81375309716.48862,52770218576.488625,5171941380.999999,5171941380.999999,2065,,9768693401.953478,6694076060.468462,527462946.9072027,863513865.1934898,1390976812.1006925,1340167123,53399683,16317778068,16317778068,783627481.9696969,12329592381.286154,8779115145.074034,25096893213.074036,6431161675.999982,35036252815.99998,0.2562532988206571,1.3960394427525438,0.12448003282647879,20120271.82566585,40770138065.889366,28405304790.78016,17959689695.146908,5594856420.0377,5594856420.0377,35175281645.85167,22810448370.742462,2235622762.8052597,2235622762.8052597,579300480.3087572,7053520796.1254425,10848380058.78419,2779933176.9236827,15144766452.032888,0.11076802030123384,0.603451842562861,8697186.29304935,2.313423117283994,2.313423117283994,bcu_indice_implicito_vab,2016,variacion_interanual_encadenada_desde_2016,directo,C.19TT.0,TRUE,Fila BCU compatible.,13739786617.97716,15431279667.59788,extraccion_directa_subrama_eaae,stock_capital_directo_subrama,consumo_capital_fijo_directo_subrama,directo,19,EAE_C2.1_2023.xls|EAE_C7_2023.xls,0.17302649713706286,19,19,uno_a_uno,baja,Division Rev4 conservada como grupo.
2023,subrama_industrial,C,20_21_22_quimicos_farma_caucho_plastico,Quimicos farmaceuticos caucho y plastico,5,Rev.4,6.6,93733353818.52847,93702386889.69028,30219505561.72579,30188538632.88761,30188538632.88761,63544815185.64086,63513848256.80269,16637750313.167135,16637750313.167135,10720.221720018892,,7105095729.708728,4868824240.309227,383641350.7358633,628062364.5024663,1011703715.2383296,2974070943.375334,39438733.64012158,37896038927.18141,37896038927.18141,2520871259.5707784,9628002300.854677,12144181601.51058,50040220528.69199,10576717376.34514,10607684305.183321,0.21136432382988155,0.21198316460458247,0.5505632869863865,2818925.424396216,16713708355.577312,16708186604.821743,5388476801.825383,5382955051.069817,5382955051.069817,11330753304.507496,11325231553.75193,2966697499.862874,2966697499.862874,530310208.17422384,6757288805.506421,8922732601.508665,1885947343.032719,1891469093.7882855,0.037688629728387324,0.037798975979807234,502646.0219346925,5.6081721557173125,5.6081721557173125,bcu_indice_implicito_vab,2016,variacion_interanual_encadenada_desde_2016,reconstruido_por_suma,C.20TV.0|C.20TX.0|C.2100.0|C.22TT.0,TRUE,"Suma de quimicos, farmaceuticos, caucho y plastico.",48299234450.86816,25705623485.416943,extraccion_directa_subrama_eaae,stock_capital_directo_subrama,consumo_capital_fijo_directo_subrama,directo,20|21|22,EAE_C2.1_2023.xls|EAE_C7_2023.xls,0.12584792820800003,20|21|22,20|21|22,agregacion_rev4_para_compatibilidad,baja,Agregado Rev4 definido para compatibilidad con Rev3 24-25.
2023,subrama_industrial,C,23_24_minerales_metales,Minerales no metalicos y metales comunes,5,Rev.4,6.6,21957173436.64061,21957015519.35014,7822954740.509544,7822796823.219076,7822796823.219076,14134376613.421534,14134218696.131065,4553847974.394274,4553847974.394274,3398.8755449251503,,1839303499.091557,1260397579.7564197,99313634.27718545,162587155.56031787,261900789.83750334,735920841.6474509,18415261.369807947,13177428736.79443,13177428736.79443,689976965.8173143,2141572214.154778,2831525253.1098995,16008953989.90433,2533028007.177351,2533185924.467819,0.1582257034891065,0.15823556779945233,0.5821135524168534,2301630.2412690492,2378708385.725461,2378691277.9140124,847491964.1226761,847474856.311228,847474856.311228,1531233529.414233,1531216421.6027849,493336557.8801874,493336557.8801874,79725247.07281989,1427563539.9502642,1734313991.3870783,274413051.35822064,274430159.1696688,0.017141223063747497,0.017142291703925925,249344.80622218238,9.230712586883191,9.230712586883191,bcu_indice_implicito_vab,2016,variacion_interanual_encadenada_desde_2016,proxy_grupo_amplio,C.23TT.0|C.2PTT.0,TRUE,C.2PTT.0 cruza metales comunes con productos elaborados de metal.,26581437093.009567,10916853211.917936,extraccion_directa_subrama_eaae,stock_capital_directo_subrama,consumo_capital_fijo_directo_subrama,directo,23|24,EAE_C2.1_2023.xls|EAE_C7_2023.xls,0.03257838367167035,23|24,23|24,agregacion_rev4_para_compatibilidad,baja,Agregado Rev4 definido para compatibilidad con 2001.
2023,subrama_industrial,C,25_26_27_28_33_metal_equipos_reparacion,Productos de metal equipos y reparacion,5,Rev.4,6.6,36278025587.95778,36269480457.29932,11772732024.82517,11764186894.166704,11764186894.166704,24513838693.791077,24505293563.132607,9152633407.376411,9152633407.376411,7781.475016093633,,2767960179.4190836,1896767071.190297,149456674.8165337,244676733.61044046,394133408.4269742,1324049778.6912231,46837575.10988867,6839460128.984767,6839460128.984767,1386762637.4812746,3714217983.907739,5099685904.622579,11939146033.607346,1287503708.0990696,1296048838.757536,0.10783884412460425,0.1085545678986843,0.7774434505156701,1512917.7952093694,6840781409.430235,6839170093.213264,2219930248.9152246,2218318932.6982527,2218318932.6982527,4622462476.731982,4620851160.51501,1725870232.6207623,1725870232.6207623,249670012.75388366,1289685724.1434052,2251310177.648825,242778687.32360676,244390003.54057842,0.020334677760051868,0.020469638519593294,285283.99105876056,5.303199066987781,5.303199066987781,bcu_indice_implicito_vab,2016,variacion_interanual_encadenada_desde_2016,proxy_grupo_amplio,C.2PTT.0|C.2QTT.0,TRUE,C.2PTT.0 cruza metales comunes y productos de metal; reparacion queda parcialmente en C.PPTT.0.,24276573753.04219,10905286720.789162,extraccion_directa_subrama_eaae,stock_capital_directo_subrama,consumo_capital_fijo_directo_subrama,directo,25|26|27|28|33,EAE_C2.1_2023.xls|EAE_C7_2023.xls,0.049027073975316575,25|26|27|28|33,25|26 y 27|28|33,agregacion_rev4_para_compatibilidad,alta,Grupo amplio definido por reubicacion de reparacion e instalacion en Rev4 33.|Rev4 33 se agrega con metal/equipos para evitar quiebre artificial hacia atras.
2023,subrama_industrial,C,29_30_vehiculos_transporte,Vehiculos y otros equipos de transporte,5,Rev.4,6.6,32409644382.06126,32242975260.91941,5792712135.989747,5626043014.847899,5626043014.847899,26783601367.21336,26616932246.071514,3241101976.608372,3241101976.608372,3275.49526297452,,1361960544.8800142,933294464.6374832,73539386.79558665,120391926.12137768,193931312.91696432,371928328.5053116,-207762918.6292129,3687186055.51756,3687186055.51756,491076057.0618746,4058121419.2747517,4523944579.193922,8211130634.711482,2013012709.7342153,2179681830.876063,0.24515658065704948,0.2654545309097559,0.5595137304461609,1768499.6224752008,28024611252.644768,27880492505.991516,5008956710.411934,4864837963.758683,4864837963.758683,23159773288.886086,23015654542.232834,2802580054.685911,2802580054.685911,321606331.0455985,3188308844.2416396,7100162571.04751,1740651578.0271726,1884770324.6804233,0.21198683293002252,0.22953846535004607,1529221.173674736,1.1564707924004713,1.1564707924004713,bcu_indice_implicito_vab,2016,variacion_interanual_encadenada_desde_2016,directo,C.3PTT.0,TRUE,Fila BCU de vehiculos y otros equipos de transporte.,18074726938.00943,9975571851.564083,extraccion_directa_subrama_eaae,stock_capital_directo_subrama,consumo_capital_fijo_directo_subrama,directo,29|30,EAE_C2.1_2023.xls|EAE_C7_2023.xls,0.024123519146618894,29|30,29 y 30,agregacion_rev4_para_compatibilidad,baja,Agregado Rev4 definido para compatibilidad con 2001.
2023,subrama_industrial,C,31_32_muebles_otras_manufacturas,Muebles y otras manufacturas,5,Rev.4,6.6,3617373248.938257,3617157649.3081617,1880099938.461306,1879884338.8312116,1879884338.8312116,1737488910.1070457,1737273310.4769511,1214055748.3771365,1214055748.3771365,1685.4686635707108,,442041979.0423665,302912836.7400572,23868162.84721892,39074762.83617642,62942925.68339534,84735743.98628286,9002714.774222381,790427479.787888,790427479.787888,183947840.6632025,263255895.47076452,447171069.52334666,1237598549.3112347,581092846.4677923,581308446.0978868,0.46953258533729697,0.46970679338740706,0.6457400075076501,1115476.0566584868,722830990.9588463,722787909.395638,375685451.3198308,375642369.7566227,375642369.7566227,347188621.20222366,347145539.6390155,242595126.1557825,242595126.1557825,16932071.30705062,157944850.9118818,247299497.24442697,116115172.29378955,116158253.8569977,0.09382297058962419,0.09385778120186362,222896.7286309145,5.004452346654031,5.004452346654031,bcu_indice_implicito_vab,2016,variacion_interanual_encadenada_desde_2016,proxy_grupo_amplio,C.PPTT.0,TRUE,"BCU 2016 agrupa muebles, otras manufacturas y reparacion/instalacion.",5279365004.563268,3420046278.1598797,extraccion_directa_subrama_eaae,stock_capital_directo_subrama,consumo_capital_fijo_directo_subrama,directo,31|32,EAE_C2.1_2023.xls|EAE_C7_2023.xls,0.007829601367767431,31|32,31|32,agregacion_rev4_para_compatibilidad,baja,Agregado Rev4 definido para compatibilidad con Rev3 36.
2024,economia_total,economia_total,,Economia total EAAE,5,Rev.4,4.2,2723572147079.9043,2670777146626.8545,1257042954849.9868,1204247954396.937,1204247954396.937,1519324192682.9673,1466529192229.9175,672346294304.1317,672346294304.1317,680610.40008904,,167437662476.50543,88209559992.3969,15575384069.882982,24083777399.50193,39659161469.38492,92718688124.5785,274718190.3196849,1395438696039.7288,1395438696039.7288,160082451024.79324,361743855400.7065,509256068222.3927,1904694764262.1216,439182971968.2267,491977972421.2765,0.230579187914325,0.25829754018978923,0.5348634203071989,1846934.684932137,653153201434.4817,640492173305.4432,301457639439.1515,288796611310.11304,288796611310.11304,364356590124.36865,351695561995.3302,161238664108.1589,161238664108.1589,22235323579.110245,334647001255.7254,456774197947.03235,105322623622.84386,117983651751.88234,0.05529632652906768,0.0619436006049973,442922.4698883733,4.169882565220968,4.169882565220968,bcu_indice_implicito_vab,2016,variacion_interanual_encadenada_desde_2016,directo_total_economia,__TOTAL_VAB_SECTORES__,TRUE,Total VAB de sectores de actividad BCU.,2933398998848.4155,1690814407478.1626,agregacion_secciones_eaae,stock_original_e_imputado_agregado_desde_panel_eaae,suma_consumo_capital_fijo_original_eaae,directo_agregado,,,,,,,,
2024,industria_total,C,,Industria manufacturera EAAE,5,Rev.4,6.6,858071607633.1188,812702000296.1152,263970325327.66483,218600717990.66125,218600717990.66125,639470889642.4575,594101282305.454,112924265631.88718,112924265631.88718,90863.92715802132,,43801057524.48904,22430814377.730717,2213301432.9945817,6190763386.050715,8404064819.045298,27515759179.244072,-2002949331.6091456,436965957591.8241,436965957591.8241,17109737216.952604,96889528733.70569,107125083020.80928,544091040612.63336,78160693179.53,123530300516.53357,0.14365370378369574,0.22703976227478664,0.4277915159278413,2905116.8443181464,226293268185.7165,214328256607.12228,69615061366.74847,57650049788.15428,57650049788.15428,168643218397.5622,156678206818.96802,29780732633.49103,29780732633.49103,7256540148.738445,115237998495.38167,143489352957.87546,20612777005.924805,32577788584.519,0.03788479402769676,0.059875620351765385,766146.2974815189,3.7918565342779376,3.7918565342779376,bcu_indice_implicito_vab,2016,variacion_interanual_encadenada_desde_2016,reconstruido_por_suma,__ALL_C__,TRUE,Total manufacturero reconstruido por suma de filas C publicadas en el libro BCU 2016.,331695557918.7314,195287260038.62778,rama_c_panel_eaae,stock_original_rama_c,consumo_capital_fijo_original_rama_c,directo,,,,,,,,
2024,subrama_industrial,C,10_11_12_alimentos_bebidas_tabaco,Alimentos bebidas y tabaco,5,Rev.4,6.6,412802823656.92194,399475074506.659,114081269010.57191,100753519860.30898,100753519860.30898,312049303796.613,298721554646.35004,57474566725.00681,57474566725.00681,50105.58558799861,,18929704390.810482,9694028167.65752,956532655.1971972,2675490672.476865,3632023327.6740623,8486240240.936921,-1377849665.4707594,120198964600.2698,120198964600.2698,8708267685.607094,47280197544.94136,53969109298.69044,174168073898.96024,34792712894.36524,48120462044.62818,0.19976515853617044,0.27628750187904244,0.5038037113672065,2276817.398136484,87246683472.1196,84429837644.35172,24111299141.052273,21294453313.28439,21294453313.28439,65952230158.83522,63135384331.06734,12147361993.147074,12147361993.147074,1793583458.5877898,25404286059.03118,36810762774.82124,7353507861.549527,10170353689.31741,0.042220756634281334,0.05839390343845403,481209.8064138274,4.731444305144693,4.731444305144693,bcu_indice_implicito_vab,2016,variacion_interanual_encadenada_desde_2016,reconstruido_por_suma,C.101T.0|C.1020.0|C.1030.0|C.1040.0|C.1050.0|C.107V.0|C.107X.1 C.107X.9|C.10RT.0|C.1PTT.0,TRUE,"Suma de filas BCU Rev.4 de alimentos, bebidas y tabaco.",143782123111.30106,86476177168.34142,extraccion_directa_subrama_eaae,stock_capital_directo_subrama,consumo_capital_fijo_directo_subrama,directo,10|11|12,EAE_C2.1_2024.xls|EAE_C7_2024.xls,0.43217459715959927,10|11|12,10|11 y 12,agregacion_rev4_para_compatibilidad,baja,Agregado Rev4 definido para compatibilidad con 2001 y agrupaciones publicadas.
2024,subrama_industrial,C,13_14_15_textiles_prendas_cuero,Textiles prendas y cuero,5,Rev.4,6.6,17567328362.687695,17566878905.409077,4866810901.197735,4866361443.919119,4866361443.919119,12700966918.768576,12700517461.48996,4010124067.1167026,4010124067.1167026,4687.078961905331,,807558440.4404693,413556076.0504991,40806554.78362473,114138870.33161068,154945425.11523542,527456300.0824198,-454778483.5933318,5071632291.877115,5071632291.877115,607594555.6237428,1924388927.086148,2531915383.122222,7603547674.999337,328781076.7199969,329230533.9986129,0.04324048336029215,0.04329959488267976,0.8239736756835571,1038346.2580326024,6868283447.5901375,6868107723.659703,1902772923.9833922,1902597200.0529583,1902597200.0529583,4965686247.53718,4965510523.606746,1567834800.1657453,1567834800.1657453,206219141.6013907,1982851769.1140785,2972752575.7462745,128543258.2858224,128718982.21625645,0.016905695049230243,0.016928805830926506,405961.35449143394,2.557746560219717,2.557746560219717,bcu_indice_implicito_vab,2016,variacion_interanual_encadenada_desde_2016,reconstruido_por_suma,C.13TT.0|C.14TT.0|C.15TT.0,TRUE,"Suma de textiles, prendas y cuero.",10859918915.45746,6676892462.025452,extraccion_directa_subrama_eaae,stock_capital_directo_subrama,consumo_capital_fijo_directo_subrama,directo,13|14|15,EAE_C2.1_2024.xls|EAE_C7_2024.xls,0.018436962166700332,13|14|15,13|14|15,agregacion_rev4_para_compatibilidad,baja,Agregado Rev4 definido para compatibilidad con 2001.
2024,subrama_industrial,C,16_madera,Madera y productos de madera,5,Rev.4,6.6,18419656297.41493,18419656297.41493,4303662769.034304,4303662769.0343,4303662769.0343,14115993528.380629,14115993528.380625,3095589850.508492,3095589850.508492,3306.896086682609,,714114286.4391412,365702700.092259,36084749.15506261,100931640.188629,137016389.34369162,989449904.3459758,-212315918.9231827,12228130874.1491,12228130874.1491,469028765.22855943,2138786898.2394893,2607815663.4680486,14835946537.617147,218623014.17983198,218623014.1798358,0.014736034106452488,0.014736034106452744,0.7192919186842117,1301420.6241211602,6972706353.362187,6972706353.362187,1629138798.6748283,1629138798.6748269,1629138798.6748269,5343567554.687361,5343567554.687359,1171826372.3017092,1171826372.3017092,374553331.66748834,4628922736.625104,5616103634.653751,82759094.70562945,82759094.7056309,0.005578282079663093,0.0055782820796631905,492648.9239367474,2.64167962394302,2.64167962394302,bcu_indice_implicito_vab,2016,variacion_interanual_encadenada_desde_2016,directo,C.16TT.0,TRUE,Fila BCU especifica de madera.,4966923245.733011,3638563074.755988,extraccion_directa_subrama_eaae,stock_capital_directo_subrama,consumo_capital_fijo_directo_subrama,directo,16,EAE_C2.1_2024.xls|EAE_C7_2024.xls,0.016303585502242316,16,16,uno_a_uno,baja,Division Rev4 conservada como grupo.
2024,subrama_industrial,C,17_18_papel_impresion,Papel impresion y reproduccion,5,Rev.4,6.6,121911258558.65295,121911258558.65295,43443549114.62546,43443549114.62546,43443549114.62546,78467709444.0275,78467709444.0275,5299919764.594859,5299919764.594859,3777.0787670510144,,7208664047.6563,3691605050.2660937,364259389.34770805,1018859725.5584496,1383119114.9061577,10793445945.742771,18846515.347803343,217109469665.39377,217109469665.39377,803018146.1507363,11889046885.458712,12692065031.60945,229801534697.0032,27350183404.287827,27350183404.287827,0.11901653938190385,0.11901653938190385,0.12199555221906624,11501891.221756112,70150271894.65402,70150271894.65402,24998321061.491676,24998321061.491676,24998321061.491676,45151950833.16234,45151950833.16234,3049683982.4461913,3049683982.4461913,6210773120.760018,124929301099.8163,132232579102.18121,15737863958.285467,15737863958.285467,0.06848459031849408,0.06848459031849408,6618427.256418941,1.7378586748990708,1.7378586748990708,bcu_indice_implicito_vab,2016,variacion_interanual_encadenada_desde_2016,reconstruido_por_suma,C.170V.1 C.170V.9|C.18TT.0,TRUE,Suma de papel e impresion.,55723937794.118675,28808182877.15661,extraccion_directa_subrama_eaae,stock_capital_directo_subrama,consumo_capital_fijo_directo_subrama,directo,17|18,EAE_C2.1_2024.xls|EAE_C7_2024.xls,0.16457739732941282,17|18,17|18,agregacion_rev4_para_compatibilidad,media,Agregado Rev4 definido para compatibilidad con Rev3 21-22.
2024,subrama_industrial,C,19_refinacion,Coque y refinacion de petroleo,5,Rev.4,6.6,86334638771.4249,54477929820.4249,30368750816.00001,-1487958134.99999,-1487958134.99999,87822596906.42488,55965887955.42488,5717797939.000005,5717797939.000005,2124,,5039139910.091564,2580577235.6862087,254631650.79587775,712223051.5813481,966854702.3772259,1181669160,48196312,16169908267,16169908267,866333021.0606068,13306454076.731043,9346013014.306803,25515921281.3068,-8387425233.999994,23469283717.000008,-0.32871339982321934,0.9197897837298088,0.18827899684262084,14297905.280602641,51562610510.72343,32536468753.84654,18137471729.839485,-888670027.0374068,-888670027.0374068,52451280537.76083,33425138780.88394,3414904982.5555725,3414904982.5555725,705741606.3432974,9657336775.021143,15239161587.663494,-5009316615.936276,14016825140.940615,-0.19632121296776955,0.5493364314150581,8539299.307834031,1.6743651633671643,1.6743651633671643,bcu_indice_implicito_vab,2016,variacion_interanual_encadenada_desde_2016,directo,C.19TT.0,TRUE,Fila BCU compatible.,8897389177.057346,13806685521.234234,extraccion_directa_subrama_eaae,stock_capital_directo_subrama,consumo_capital_fijo_directo_subrama,directo,19,EAE_C2.1_2024.xls|EAE_C7_2024.xls,0.11504607867684921,19,19,uno_a_uno,baja,Division Rev4 conservada como grupo.
2024,subrama_industrial,C,20_21_22_quimicos_farma_caucho_plastico,Quimicos farmaceuticos caucho y plastico,5,Rev.4,6.6,98714869546.59547,98672995288.79572,36346249542.18091,36304375284.381165,36304375284.381165,62410494262.21431,62368620004.414566,17421742436.54298,17421742436.54298,10603.35468419866,,6030996722.9094925,3088513740.3052506,304750945.3793016,852410325.3147537,1157161270.6940553,3113098206.702504,56753096.76014474,40037868658.201385,40037868658.201385,2639657944.9307547,9456135494.274897,12089448854.690538,52127317512.89192,15769534641.135681,15811408898.935425,0.3025195884525541,0.3033228958122583,0.479327101309986,3427806.635228834,17372944712.54697,17365575213.210392,6396618733.378269,6389249234.041692,6389249234.041692,10983695478.50528,10976325979.168703,3066072715.6553597,3066072715.6553597,547877774.4242786,7046311075.544943,9173947241.427376,2775298743.962054,2782668243.2986307,0.05324077425000199,0.053382149246610125,603263.6768164176,5.682103476407329,5.682103476407329,bcu_indice_implicito_vab,2016,variacion_interanual_encadenada_desde_2016,reconstruido_por_suma,C.20TV.0|C.20TX.0|C.2100.0|C.22TT.0,TRUE,"Suma de quimicos, farmaceuticos, caucho y plastico.",51337913730.66496,26967352325.229614,extraccion_directa_subrama_eaae,stock_capital_directo_subrama,consumo_capital_fijo_directo_subrama,directo,20|21|22,EAE_C2.1_2024.xls|EAE_C7_2024.xls,0.13769066464976515,20|21|22,20|21|22,agregacion_rev4_para_compatibilidad,baja,Agregado Rev4 definido para compatibilidad con Rev3 24-25.
2024,subrama_industrial,C,23_24_minerales_metales,Minerales no metalicos y metales comunes,5,Rev.4,6.6,21874509372.064484,21874081934.383972,8389800305.973864,8389372868.293353,8389372868.293353,13485136503.77113,13484709066.09062,4873448367.703802,4873448367.703802,3291.391911296485,,1392134230.863956,712921246.3405836,70345623.19344246,196761770.42259645,267107393.61603895,807240138.328467,32438340.61575172,15009420438.84266,15009420438.84266,738401267.8339094,2043202500.5713835,2781539005.120367,17790959443.963028,2708684362.2610836,2709111799.941594,0.15225060631455806,0.15227463186988893,0.5808777551277017,2549012.8590214304,2437585430.602113,2437537799.094371,934917197.1655937,934869565.6578519,934869565.6578519,1502715864.9442608,1502668233.4365191,543072602.7198329,543072602.7198329,89954785.57794027,1672574408.9249687,1982535141.6759312,301842177.36007875,301889808.86782056,0.01696604268650066,0.016968719973686423,284049.1872015716,8.97384317179038,8.97384317179038,bcu_indice_implicito_vab,2016,variacion_interanual_encadenada_desde_2016,proxy_grupo_amplio,C.23TT.0|C.2PTT.0,TRUE,C.2PTT.0 cruza metales comunes con productos elaborados de metal.,25507643219.005318,10775715112.180157,extraccion_directa_subrama_eaae,stock_capital_directo_subrama,consumo_capital_fijo_directo_subrama,directo,23|24,EAE_C2.1_2024.xls|EAE_C7_2024.xls,0.03178311916523061,23|24,23|24,agregacion_rev4_para_compatibilidad,baja,Agregado Rev4 definido para compatibilidad con 2001.
2024,subrama_industrial,C,25_26_27_28_33_metal_equipos_reparacion,Productos de metal equipos y reparacion,5,Rev.4,6.6,38324718916.42908,38315527694.74157,14704122129.111317,14694930907.423798,14694930907.423798,23629788009.00528,23620596787.31776,9928363717.086046,9928363717.086046,7955.042066332619,,2439880688.9556766,1249479211.9385698,123289064.93141578,344848386.98412687,468137451.91554266,1103404478.1445308,45537455.38472526,6928174597.628253,6928174597.628253,1504297532.8918252,3580270910.4553456,5083175834.000577,12011350431.62883,3663162712.19322,3672353933.880739,0.3049750927711854,0.3057403041218855,0.6752095521180287,1848402.81251839,8003155097.773056,8001235741.942593,3070586642.3309355,3068667286.5004687,3068667286.5004687,4934487811.272587,4932568455.442121,2073289431.5078723,2073289431.5078723,230418315.48521703,1446775277.600305,2508268896.8351526,764959539.5073795,766878895.3378458,0.06368638929166978,0.06384618446552569,385992.5084904695,4.788701261967701,4.788701261967701,bcu_indice_implicito_vab,2016,variacion_interanual_encadenada_desde_2016,proxy_grupo_amplio,C.2PTT.0|C.2QTT.0,TRUE,C.2PTT.0 cruza metales comunes y productos de metal; reparacion queda parcialmente en C.PPTT.0.,22720634486.270687,11302911711.038565,extraccion_directa_subrama_eaae,stock_capital_directo_subrama,consumo_capital_fijo_directo_subrama,directo,25|26|27|28|33,EAE_C2.1_2024.xls|EAE_C7_2024.xls,0.055703693628665174,25|26|27|28|33,25|26 y 27|28|33,agregacion_rev4_para_compatibilidad,alta,Grupo amplio definido por reubicacion de reparacion e instalacion en Rev4 33.|Rev4 33 se agrega con metal/equipos para evitar quiebre artificial hacia atras.
2024,subrama_industrial,C,29_30_vehiculos_transporte,Vehiculos y otros equipos de transporte,5,Rev.4,6.6,37455101928.07415,37321895066.77987,5264185310.253814,5130978448.95953,5130978448.95953,32324123479.11462,32190916617.820335,3676195843.95901,3676195843.95901,3251.11111826836,,873495470.7798452,447322870.0904472,44138404.10383701,123458292.65335943,167596696.75719646,424333689.9456575,-162243550.9072769,3463547103.59492,3463547103.59492,556999370.2968197,4897594466.532518,5434410979.057476,8897958082.652397,1030448915.054862,1163655776.349146,0.11580734652637237,0.13077784425820435,0.6983408879619706,1619195.7514690172,30442694900.50994,30334427251.290253,4278615703.877837,4170348054.658148,4170348054.658148,26272346845.85179,26164079196.632103,2987932289.8940806,2987932289.8940806,344889224.5395483,2815096003.4967523,7232067440.849205,837526540.2245189,945794189.4442079,0.09412570080065606,0.10629339682866605,1316047.206087732,1.2303477747446974,1.2303477747446974,bcu_indice_implicito_vab,2016,variacion_interanual_encadenada_desde_2016,directo,C.3PTT.0,TRUE,Fila BCU de vehiculos y otros equipos de transporte.,19685540966.892784,10212220670.891312,extraccion_directa_subrama_eaae,stock_capital_directo_subrama,consumo_capital_fijo_directo_subrama,directo,29|30,EAE_C2.1_2024.xls|EAE_C7_2024.xls,0.019942337471908676,29|30,29 y 30,agregacion_rev4_para_compatibilidad,baja,Agregado Rev4 definido para compatibilidad con 2001.
2024,subrama_industrial,C,31_32_muebles_otras_manufacturas,Muebles y otras manufacturas,5,Rev.4,6.6,4666702222.853165,4666702222.853165,2201925428.715491,2201925428.715491,2201925428.715491,2464776794.137674,2464776794.137674,1426516920.3684723,1426516920.3684723,1762.3879742876036,,365369335.5421058,187108079.3032837,18462396.107114416,51640650.538976535,70103046.64609095,89421115.01482308,2466567.176979851,748841094.867166,748841094.867166,216138927.32855642,373451029.4147991,589589956.7433555,1338431051.6105216,685987393.3321955,685987393.3321955,0.5125309910486262,0.5125309910486262,0.6478497871749641,1249398.8048264787,1428732600.9283752,1428732600.9283752,674129716.1436642,674129716.1436642,674129716.1436642,754602884.784711,754602884.784711,436734793.13199186,436734793.13199186,27376690.46192824,229261185.74960163,409766894.52485967,210018232.5497442,210018232.5497442,0.1569137478520326,0.1569137478520326,382509.2578812917,3.2663230473083567,3.2663230473083567,bcu_indice_implicito_vab,2016,variacion_interanual_encadenada_desde_2016,proxy_grupo_amplio,C.PPTT.0,TRUE,"BCU 2016 agrupa muebles, otras manufacturas y reparacion/instalacion.",3058434508.3728585,3035616477.283829,extraccion_directa_subrama_eaae,stock_capital_directo_subrama,consumo_capital_fijo_directo_subrama,directo,31|32,EAE_C2.1_2024.xls|EAE_C7_2024.xls,0.00834156424962637,31|32,31|32,agregacion_rev4_para_compatibilidad,baja,Agregado Rev4 definido para compatibilidad con Rev3 36.
