fuente,archivo,hoja,tabla,codigo_fuente,codigo_normalizado,nivel_codigo,seccion_ciiu_fuente,descripcion,anno,valor,unidad,dato_preliminar,nota_fuente
bcu,PIB-corriente-industrias-2006-2019.xlsx,Valores_C,pib_corriente_industrias,A-B-C,A-B-C,agregado_secciones,A,ACTIVIDADES PRIMARIAS,2005,38229924.6779516,miles_de_pesos_corrientes,False,
bcu,PIB-corriente-industrias-2006-2019.xlsx,Valores_C,pib_corriente_industrias,A-B-C,A-B-C,agregado_secciones,A,ACTIVIDADES PRIMARIAS,2006,43346186.6385614,miles_de_pesos_corrientes,False,
bcu,PIB-corriente-industrias-2006-2019.xlsx,Valores_C,pib_corriente_industrias,A-B-C,A-B-C,agregado_secciones,A,ACTIVIDADES PRIMARIAS,2007,48156099.003794,miles_de_pesos_corrientes,False,
bcu,PIB-corriente-industrias-2006-2019.xlsx,Valores_C,pib_corriente_industrias,A-B-C,A-B-C,agregado_secciones,A,ACTIVIDADES PRIMARIAS,2008,60208003.6232087,miles_de_pesos_corrientes,False,
bcu,PIB-corriente-industrias-2006-2019.xlsx,Valores_C,pib_corriente_industrias,A-B-C,A-B-C,agregado_secciones,A,ACTIVIDADES PRIMARIAS,2009,59680160.5469001,miles_de_pesos_corrientes,False,
bcu,PIB-corriente-industrias-2006-2019.xlsx,Valores_C,pib_corriente_industrias,A-B-C,A-B-C,agregado_secciones,A,ACTIVIDADES PRIMARIAS,2010,62194570.0649232,miles_de_pesos_corrientes,False,
bcu,PIB-corriente-industrias-2006-2019.xlsx,Valores_C,pib_corriente_industrias,A-B-C,A-B-C,agregado_secciones,A,ACTIVIDADES PRIMARIAS,2011,85842073.2099306,miles_de_pesos_corrientes,False,
bcu,PIB-corriente-industrias-2006-2019.xlsx,Valores_C,pib_corriente_industrias,A-B-C,A-B-C,agregado_secciones,A,ACTIVIDADES PRIMARIAS,2012,89145766.9490004,miles_de_pesos_corrientes,False,
bcu,PIB-corriente-industrias-2006-2019.xlsx,Valores_C,pib_corriente_industrias,A-B-C,A-B-C,agregado_secciones,A,ACTIVIDADES PRIMARIAS,2013,95546928.3459408,miles_de_pesos_corrientes,False,
bcu,PIB-corriente-industrias-2006-2019.xlsx,Valores_C,pib_corriente_industrias,A-B-C,A-B-C,agregado_secciones,A,ACTIVIDADES PRIMARIAS,2014,95744115.4406646,miles_de_pesos_corrientes,False,
bcu,PIB-corriente-industrias-2006-2019.xlsx,Valores_C,pib_corriente_industrias,A-B-C,A-B-C,agregado_secciones,A,ACTIVIDADES PRIMARIAS,2015,95493980.0736724,miles_de_pesos_corrientes,False,
bcu,PIB-corriente-industrias-2006-2019.xlsx,Valores_C,pib_corriente_industrias,A-B-C,A-B-C,agregado_secciones,A,ACTIVIDADES PRIMARIAS,2016,100798094.204475,miles_de_pesos_corrientes,False,
bcu,PIB-corriente-industrias-2006-2019.xlsx,Valores_C,pib_corriente_industrias,A-B-C,A-B-C,agregado_secciones,A,ACTIVIDADES PRIMARIAS,2017,94328464.3685184,miles_de_pesos_corrientes,True,
bcu,PIB-corriente-industrias-2006-2019.xlsx,Valores_C,pib_corriente_industrias,A-B-C,A-B-C,agregado_secciones,A,ACTIVIDADES PRIMARIAS,2018,111005184.172141,miles_de_pesos_corrientes,True,
bcu,PIB-corriente-industrias-2006-2019.xlsx,Valores_C,pib_corriente_industrias,A-B-C,A-B-C,agregado_secciones,A,ACTIVIDADES PRIMARIAS,2019,124761269.487475,miles_de_pesos_corrientes,True,
bcu,PIB-corriente-industrias-2006-2019.xlsx,Valores_C,pib_corriente_industrias,A,A,seccion,A,"AGRICULTURA, GANADERIA, CAZA Y SILVICULTURA",2005,36236634.4779191,miles_de_pesos_corrientes,False,
bcu,PIB-corriente-industrias-2006-2019.xlsx,Valores_C,pib_corriente_industrias,A,A,seccion,A,"AGRICULTURA, GANADERIA, CAZA Y SILVICULTURA",2006,40849589.6578074,miles_de_pesos_corrientes,False,
bcu,PIB-corriente-industrias-2006-2019.xlsx,Valores_C,pib_corriente_industrias,A,A,seccion,A,"AGRICULTURA, GANADERIA, CAZA Y SILVICULTURA",2007,45704241.6302538,miles_de_pesos_corrientes,False,
bcu,PIB-corriente-industrias-2006-2019.xlsx,Valores_C,pib_corriente_industrias,A,A,seccion,A,"AGRICULTURA, GANADERIA, CAZA Y SILVICULTURA",2008,57375387.8143851,miles_de_pesos_corrientes,False,
bcu,PIB-corriente-industrias-2006-2019.xlsx,Valores_C,pib_corriente_industrias,A,A,seccion,A,"AGRICULTURA, GANADERIA, CAZA Y SILVICULTURA",2009,55090386.4139246,miles_de_pesos_corrientes,False,
bcu,PIB-corriente-industrias-2006-2019.xlsx,Valores_C,pib_corriente_industrias,A,A,seccion,A,"AGRICULTURA, GANADERIA, CAZA Y SILVICULTURA",2010,57112442.5999648,miles_de_pesos_corrientes,False,
bcu,PIB-corriente-industrias-2006-2019.xlsx,Valores_C,pib_corriente_industrias,A,A,seccion,A,"AGRICULTURA, GANADERIA, CAZA Y SILVICULTURA",2011,80560169.0759545,miles_de_pesos_corrientes,False,
bcu,PIB-corriente-industrias-2006-2019.xlsx,Valores_C,pib_corriente_industrias,A,A,seccion,A,"AGRICULTURA, GANADERIA, CAZA Y SILVICULTURA",2012,83322657.2004223,miles_de_pesos_corrientes,False,
bcu,PIB-corriente-industrias-2006-2019.xlsx,Valores_C,pib_corriente_industrias,A,A,seccion,A,"AGRICULTURA, GANADERIA, CAZA Y SILVICULTURA",2013,88840091.2815641,miles_de_pesos_corrientes,False,
bcu,PIB-corriente-industrias-2006-2019.xlsx,Valores_C,pib_corriente_industrias,A,A,seccion,A,"AGRICULTURA, GANADERIA, CAZA Y SILVICULTURA",2014,88609641.8205417,miles_de_pesos_corrientes,False,
bcu,PIB-corriente-industrias-2006-2019.xlsx,Valores_C,pib_corriente_industrias,A,A,seccion,A,"AGRICULTURA, GANADERIA, CAZA Y SILVICULTURA",2015,88534883.0066769,miles_de_pesos_corrientes,False,
bcu,PIB-corriente-industrias-2006-2019.xlsx,Valores_C,pib_corriente_industrias,A,A,seccion,A,"AGRICULTURA, GANADERIA, CAZA Y SILVICULTURA",2016,93132383.0926553,miles_de_pesos_corrientes,False,
bcu,PIB-corriente-industrias-2006-2019.xlsx,Valores_C,pib_corriente_industrias,A,A,seccion,A,"AGRICULTURA, GANADERIA, CAZA Y SILVICULTURA",2017,86629976.8047153,miles_de_pesos_corrientes,True,
bcu,PIB-corriente-industrias-2006-2019.xlsx,Valores_C,pib_corriente_industrias,A,A,seccion,A,"AGRICULTURA, GANADERIA, CAZA Y SILVICULTURA",2018,102581083.395525,miles_de_pesos_corrientes,True,
bcu,PIB-corriente-industrias-2006-2019.xlsx,Valores_C,pib_corriente_industrias,A,A,seccion,A,"AGRICULTURA, GANADERIA, CAZA Y SILVICULTURA",2019,115568916.891887,miles_de_pesos_corrientes,True,
bcu,PIB-corriente-industrias-2006-2019.xlsx,Valores_C,pib_corriente_industrias,A.011,A.011,grupo_bcu,A,Cultivos en general;servicios agrícolas aplicados a estos cultivos,2005,9260635.15044049,miles_de_pesos_corrientes,False,
bcu,PIB-corriente-industrias-2006-2019.xlsx,Valores_C,pib_corriente_industrias,A.011,A.011,grupo_bcu,A,Cultivos en general;servicios agrícolas aplicados a estos cultivos,2006,12262205.9741803,miles_de_pesos_corrientes,False,
bcu,PIB-corriente-industrias-2006-2019.xlsx,Valores_C,pib_corriente_industrias,A.011,A.011,grupo_bcu,A,Cultivos en general;servicios agrícolas aplicados a estos cultivos,2007,13856866.6578017,miles_de_pesos_corrientes,False,
bcu,PIB-corriente-industrias-2006-2019.xlsx,Valores_C,pib_corriente_industrias,A.011,A.011,grupo_bcu,A,Cultivos en general;servicios agrícolas aplicados a estos cultivos,2008,22774676.243958,miles_de_pesos_corrientes,False,
bcu,PIB-corriente-industrias-2006-2019.xlsx,Valores_C,pib_corriente_industrias,A.011,A.011,grupo_bcu,A,Cultivos en general;servicios agrícolas aplicados a estos cultivos,2009,27580610.0204651,miles_de_pesos_corrientes,False,
bcu,PIB-corriente-industrias-2006-2019.xlsx,Valores_C,pib_corriente_industrias,A.011,A.011,grupo_bcu,A,Cultivos en general;servicios agrícolas aplicados a estos cultivos,2010,21750428.5944,miles_de_pesos_corrientes,False,
bcu,PIB-corriente-industrias-2006-2019.xlsx,Valores_C,pib_corriente_industrias,A.011,A.011,grupo_bcu,A,Cultivos en general;servicios agrícolas aplicados a estos cultivos,2011,36391149.5421447,miles_de_pesos_corrientes,False,
bcu,PIB-corriente-industrias-2006-2019.xlsx,Valores_C,pib_corriente_industrias,A.011,A.011,grupo_bcu,A,Cultivos en general;servicios agrícolas aplicados a estos cultivos,2012,37789751.7609571,miles_de_pesos_corrientes,False,
bcu,PIB-corriente-industrias-2006-2019.xlsx,Valores_C,pib_corriente_industrias,A.011,A.011,grupo_bcu,A,Cultivos en general;servicios agrícolas aplicados a estos cultivos,2013,40776284.2971696,miles_de_pesos_corrientes,False,
bcu,PIB-corriente-industrias-2006-2019.xlsx,Valores_C,pib_corriente_industrias,A.011,A.011,grupo_bcu,A,Cultivos en general;servicios agrícolas aplicados a estos cultivos,2014,34066086.2250698,miles_de_pesos_corrientes,False,
bcu,PIB-corriente-industrias-2006-2019.xlsx,Valores_C,pib_corriente_industrias,A.011,A.011,grupo_bcu,A,Cultivos en general;servicios agrícolas aplicados a estos cultivos,2015,27198202.6267761,miles_de_pesos_corrientes,False,
bcu,PIB-corriente-industrias-2006-2019.xlsx,Valores_C,pib_corriente_industrias,A.011,A.011,grupo_bcu,A,Cultivos en general;servicios agrícolas aplicados a estos cultivos,2016,33134347.1004366,miles_de_pesos_corrientes,False,
bcu,PIB-corriente-industrias-2006-2019.xlsx,Valores_C,pib_corriente_industrias,A.011,A.011,grupo_bcu,A,Cultivos en general;servicios agrícolas aplicados a estos cultivos,2017,24310660.5618578,miles_de_pesos_corrientes,True,
bcu,PIB-corriente-industrias-2006-2019.xlsx,Valores_C,pib_corriente_industrias,A.011,A.011,grupo_bcu,A,Cultivos en general;servicios agrícolas aplicados a estos cultivos,2018,31956910.1613153,miles_de_pesos_corrientes,True,
bcu,PIB-corriente-industrias-2006-2019.xlsx,Valores_C,pib_corriente_industrias,A.011,A.011,grupo_bcu,A,Cultivos en general;servicios agrícolas aplicados a estos cultivos,2019,33721220.4833499,miles_de_pesos_corrientes,True,
bcu,PIB-corriente-industrias-2006-2019.xlsx,Valores_C,pib_corriente_industrias,A.011T.0,A.011T.0,grupo_bcu,A,Cultivos en general;servicios agrícolas aplicados a estos cultivos,2005,9260635.15044049,miles_de_pesos_corrientes,False,
bcu,PIB-corriente-industrias-2006-2019.xlsx,Valores_C,pib_corriente_industrias,A.011T.0,A.011T.0,grupo_bcu,A,Cultivos en general;servicios agrícolas aplicados a estos cultivos,2006,12262205.9741803,miles_de_pesos_corrientes,False,
bcu,PIB-corriente-industrias-2006-2019.xlsx,Valores_C,pib_corriente_industrias,A.011T.0,A.011T.0,grupo_bcu,A,Cultivos en general;servicios agrícolas aplicados a estos cultivos,2007,13856866.6578017,miles_de_pesos_corrientes,False,
bcu,PIB-corriente-industrias-2006-2019.xlsx,Valores_C,pib_corriente_industrias,A.011T.0,A.011T.0,grupo_bcu,A,Cultivos en general;servicios agrícolas aplicados a estos cultivos,2008,22774676.243958,miles_de_pesos_corrientes,False,
bcu,PIB-corriente-industrias-2006-2019.xlsx,Valores_C,pib_corriente_industrias,A.011T.0,A.011T.0,grupo_bcu,A,Cultivos en general;servicios agrícolas aplicados a estos cultivos,2009,27580610.0204651,miles_de_pesos_corrientes,False,
bcu,PIB-corriente-industrias-2006-2019.xlsx,Valores_C,pib_corriente_industrias,A.011T.0,A.011T.0,grupo_bcu,A,Cultivos en general;servicios agrícolas aplicados a estos cultivos,2010,21750428.5944,miles_de_pesos_corrientes,False,
bcu,PIB-corriente-industrias-2006-2019.xlsx,Valores_C,pib_corriente_industrias,A.011T.0,A.011T.0,grupo_bcu,A,Cultivos en general;servicios agrícolas aplicados a estos cultivos,2011,36391149.5421447,miles_de_pesos_corrientes,False,
bcu,PIB-corriente-industrias-2006-2019.xlsx,Valores_C,pib_corriente_industrias,A.011T.0,A.011T.0,grupo_bcu,A,Cultivos en general;servicios agrícolas aplicados a estos cultivos,2012,37789751.7609571,miles_de_pesos_corrientes,False,
bcu,PIB-corriente-industrias-2006-2019.xlsx,Valores_C,pib_corriente_industrias,A.011T.0,A.011T.0,grupo_bcu,A,Cultivos en general;servicios agrícolas aplicados a estos cultivos,2013,40776284.2971696,miles_de_pesos_corrientes,False,
bcu,PIB-corriente-industrias-2006-2019.xlsx,Valores_C,pib_corriente_industrias,A.011T.0,A.011T.0,grupo_bcu,A,Cultivos en general;servicios agrícolas aplicados a estos cultivos,2014,34066086.2250698,miles_de_pesos_corrientes,False,
bcu,PIB-corriente-industrias-2006-2019.xlsx,Valores_C,pib_corriente_industrias,A.011T.0,A.011T.0,grupo_bcu,A,Cultivos en general;servicios agrícolas aplicados a estos cultivos,2015,27198202.6267761,miles_de_pesos_corrientes,False,
bcu,PIB-corriente-industrias-2006-2019.xlsx,Valores_C,pib_corriente_industrias,A.011T.0,A.011T.0,grupo_bcu,A,Cultivos en general;servicios agrícolas aplicados a estos cultivos,2016,33134347.1004366,miles_de_pesos_corrientes,False,
bcu,PIB-corriente-industrias-2006-2019.xlsx,Valores_C,pib_corriente_industrias,A.011T.0,A.011T.0,grupo_bcu,A,Cultivos en general;servicios agrícolas aplicados a estos cultivos,2017,24310660.5618578,miles_de_pesos_corrientes,True,
bcu,PIB-corriente-industrias-2006-2019.xlsx,Valores_C,pib_corriente_industrias,A.011T.0,A.011T.0,grupo_bcu,A,Cultivos en general;servicios agrícolas aplicados a estos cultivos,2018,31956910.1613153,miles_de_pesos_corrientes,True,
bcu,PIB-corriente-industrias-2006-2019.xlsx,Valores_C,pib_corriente_industrias,A.011T.0,A.011T.0,grupo_bcu,A,Cultivos en general;servicios agrícolas aplicados a estos cultivos,2019,33721220.4833499,miles_de_pesos_corrientes,True,
bcu,PIB-corriente-industrias-2006-2019.xlsx,Valores_C,pib_corriente_industrias,A.012,A.012,grupo_bcu,A,Cría de animales; servicios ganaderos,2005,24677382.9498161,miles_de_pesos_corrientes,False,
bcu,PIB-corriente-industrias-2006-2019.xlsx,Valores_C,pib_corriente_industrias,A.012,A.012,grupo_bcu,A,Cría de animales; servicios ganaderos,2006,25829939.2717236,miles_de_pesos_corrientes,False,
bcu,PIB-corriente-industrias-2006-2019.xlsx,Valores_C,pib_corriente_industrias,A.012,A.012,grupo_bcu,A,Cría de animales; servicios ganaderos,2007,28674082.535753,miles_de_pesos_corrientes,False,
bcu,PIB-corriente-industrias-2006-2019.xlsx,Valores_C,pib_corriente_industrias,A.012,A.012,grupo_bcu,A,Cría de animales; servicios ganaderos,2008,30292699.9358704,miles_de_pesos_corrientes,False,
bcu,PIB-corriente-industrias-2006-2019.xlsx,Valores_C,pib_corriente_industrias,A.012,A.012,grupo_bcu,A,Cría de animales; servicios ganaderos,2009,24410033.5376843,miles_de_pesos_corrientes,False,
bcu,PIB-corriente-industrias-2006-2019.xlsx,Valores_C,pib_corriente_industrias,A.012,A.012,grupo_bcu,A,Cría de animales; servicios ganaderos,2010,30307874.3863939,miles_de_pesos_corrientes,False,
bcu,PIB-corriente-industrias-2006-2019.xlsx,Valores_C,pib_corriente_industrias,A.012,A.012,grupo_bcu,A,Cría de animales; servicios ganaderos,2011,40633579.86835,miles_de_pesos_corrientes,False,
bcu,PIB-corriente-industrias-2006-2019.xlsx,Valores_C,pib_corriente_industrias,A.012,A.012,grupo_bcu,A,Cría de animales; servicios ganaderos,2012,42739440.9712568,miles_de_pesos_corrientes,False,
bcu,PIB-corriente-industrias-2006-2019.xlsx,Valores_C,pib_corriente_industrias,A.012,A.012,grupo_bcu,A,Cría de animales; servicios ganaderos,2013,44459274.2771045,miles_de_pesos_corrientes,False,
bcu,PIB-corriente-industrias-2006-2019.xlsx,Valores_C,pib_corriente_industrias,A.012,A.012,grupo_bcu,A,Cría de animales; servicios ganaderos,2014,49740304.3947737,miles_de_pesos_corrientes,False,
bcu,PIB-corriente-industrias-2006-2019.xlsx,Valores_C,pib_corriente_industrias,A.012,A.012,grupo_bcu,A,Cría de animales; servicios ganaderos,2015,54086087.34313,miles_de_pesos_corrientes,False,
bcu,PIB-corriente-industrias-2006-2019.xlsx,Valores_C,pib_corriente_industrias,A.012,A.012,grupo_bcu,A,Cría de animales; servicios ganaderos,2016,52453334.7033592,miles_de_pesos_corrientes,False,
bcu,PIB-corriente-industrias-2006-2019.xlsx,Valores_C,pib_corriente_industrias,A.012,A.012,grupo_bcu,A,Cría de animales; servicios ganaderos,2017,54517873.4560624,miles_de_pesos_corrientes,True,
bcu,PIB-corriente-industrias-2006-2019.xlsx,Valores_C,pib_corriente_industrias,A.012,A.012,grupo_bcu,A,Cría de animales; servicios ganaderos,2018,62127727.136837,miles_de_pesos_corrientes,True,
bcu,PIB-corriente-industrias-2006-2019.xlsx,Valores_C,pib_corriente_industrias,A.012,A.012,grupo_bcu,A,Cría de animales; servicios ganaderos,2019,72431680.4754253,miles_de_pesos_corrientes,True,
bcu,PIB-corriente-industrias-2006-2019.xlsx,Valores_C,pib_corriente_industrias,A.012T.0,A.012T.0,grupo_bcu,A,Cría de animales; servicios ganaderos,2005,24677382.9498161,miles_de_pesos_corrientes,False,
bcu,PIB-corriente-industrias-2006-2019.xlsx,Valores_C,pib_corriente_industrias,A.012T.0,A.012T.0,grupo_bcu,A,Cría de animales; servicios ganaderos,2006,25829939.2717236,miles_de_pesos_corrientes,False,
bcu,PIB-corriente-industrias-2006-2019.xlsx,Valores_C,pib_corriente_industrias,A.012T.0,A.012T.0,grupo_bcu,A,Cría de animales; servicios ganaderos,2007,28674082.535753,miles_de_pesos_corrientes,False,
bcu,PIB-corriente-industrias-2006-2019.xlsx,Valores_C,pib_corriente_industrias,A.012T.0,A.012T.0,grupo_bcu,A,Cría de animales; servicios ganaderos,2008,30292699.9358704,miles_de_pesos_corrientes,False,
bcu,PIB-corriente-industrias-2006-2019.xlsx,Valores_C,pib_corriente_industrias,A.012T.0,A.012T.0,grupo_bcu,A,Cría de animales; servicios ganaderos,2009,24410033.5376843,miles_de_pesos_corrientes,False,
bcu,PIB-corriente-industrias-2006-2019.xlsx,Valores_C,pib_corriente_industrias,A.012T.0,A.012T.0,grupo_bcu,A,Cría de animales; servicios ganaderos,2010,30307874.3863939,miles_de_pesos_corrientes,False,
bcu,PIB-corriente-industrias-2006-2019.xlsx,Valores_C,pib_corriente_industrias,A.012T.0,A.012T.0,grupo_bcu,A,Cría de animales; servicios ganaderos,2011,40633579.86835,miles_de_pesos_corrientes,False,
bcu,PIB-corriente-industrias-2006-2019.xlsx,Valores_C,pib_corriente_industrias,A.012T.0,A.012T.0,grupo_bcu,A,Cría de animales; servicios ganaderos,2012,42739440.9712568,miles_de_pesos_corrientes,False,
bcu,PIB-corriente-industrias-2006-2019.xlsx,Valores_C,pib_corriente_industrias,A.012T.0,A.012T.0,grupo_bcu,A,Cría de animales; servicios ganaderos,2013,44459274.2771045,miles_de_pesos_corrientes,False,
bcu,PIB-corriente-industrias-2006-2019.xlsx,Valores_C,pib_corriente_industrias,A.012T.0,A.012T.0,grupo_bcu,A,Cría de animales; servicios ganaderos,2014,49740304.3947737,miles_de_pesos_corrientes,False,
bcu,PIB-corriente-industrias-2006-2019.xlsx,Valores_C,pib_corriente_industrias,A.012T.0,A.012T.0,grupo_bcu,A,Cría de animales; servicios ganaderos,2015,54086087.34313,miles_de_pesos_corrientes,False,
bcu,PIB-corriente-industrias-2006-2019.xlsx,Valores_C,pib_corriente_industrias,A.012T.0,A.012T.0,grupo_bcu,A,Cría de animales; servicios ganaderos,2016,52453334.7033592,miles_de_pesos_corrientes,False,
bcu,PIB-corriente-industrias-2006-2019.xlsx,Valores_C,pib_corriente_industrias,A.012T.0,A.012T.0,grupo_bcu,A,Cría de animales; servicios ganaderos,2017,54517873.4560624,miles_de_pesos_corrientes,True,
bcu,PIB-corriente-industrias-2006-2019.xlsx,Valores_C,pib_corriente_industrias,A.012T.0,A.012T.0,grupo_bcu,A,Cría de animales; servicios ganaderos,2018,62127727.136837,miles_de_pesos_corrientes,True,
bcu,PIB-corriente-industrias-2006-2019.xlsx,Valores_C,pib_corriente_industrias,A.012T.0,A.012T.0,grupo_bcu,A,Cría de animales; servicios ganaderos,2019,72431680.4754253,miles_de_pesos_corrientes,True,
bcu,PIB-corriente-industrias-2006-2019.xlsx,Valores_C,pib_corriente_industrias,A.020,A.020,grupo_bcu,A,"Silvicultura, extracción de madera y actividades de servicios conexas",2005,2298616.37766251,miles_de_pesos_corrientes,False,
bcu,PIB-corriente-industrias-2006-2019.xlsx,Valores_C,pib_corriente_industrias,A.020,A.020,grupo_bcu,A,"Silvicultura, extracción de madera y actividades de servicios conexas",2006,2757444.41190342,miles_de_pesos_corrientes,False,
bcu,PIB-corriente-industrias-2006-2019.xlsx,Valores_C,pib_corriente_industrias,A.020,A.020,grupo_bcu,A,"Silvicultura, extracción de madera y actividades de servicios conexas",2007,3173292.43669915,miles_de_pesos_corrientes,False,
bcu,PIB-corriente-industrias-2006-2019.xlsx,Valores_C,pib_corriente_industrias,A.020,A.020,grupo_bcu,A,"Silvicultura, extracción de madera y actividades de servicios conexas",2008,4308011.63455678,miles_de_pesos_corrientes,False,
bcu,PIB-corriente-industrias-2006-2019.xlsx,Valores_C,pib_corriente_industrias,A.020,A.020,grupo_bcu,A,"Silvicultura, extracción de madera y actividades de servicios conexas",2009,3099742.85577518,miles_de_pesos_corrientes,False,
bcu,PIB-corriente-industrias-2006-2019.xlsx,Valores_C,pib_corriente_industrias,A.020,A.020,grupo_bcu,A,"Silvicultura, extracción de madera y actividades de servicios conexas",2010,5054139.6191709,miles_de_pesos_corrientes,False,
bcu,PIB-corriente-industrias-2006-2019.xlsx,Valores_C,pib_corriente_industrias,A.020,A.020,grupo_bcu,A,"Silvicultura, extracción de madera y actividades de servicios conexas",2011,3535439.66545991,miles_de_pesos_corrientes,False,
bcu,PIB-corriente-industrias-2006-2019.xlsx,Valores_C,pib_corriente_industrias,A.020,A.020,grupo_bcu,A,"Silvicultura, extracción de madera y actividades de servicios conexas",2012,2793464.46820837,miles_de_pesos_corrientes,False,
bcu,PIB-corriente-industrias-2006-2019.xlsx,Valores_C,pib_corriente_industrias,A.020,A.020,grupo_bcu,A,"Silvicultura, extracción de madera y actividades de servicios conexas",2013,3604532.70729002,miles_de_pesos_corrientes,False,
bcu,PIB-corriente-industrias-2006-2019.xlsx,Valores_C,pib_corriente_industrias,A.020,A.020,grupo_bcu,A,"Silvicultura, extracción de madera y actividades de servicios conexas",2014,4803251.2006982,miles_de_pesos_corrientes,False,
bcu,PIB-corriente-industrias-2006-2019.xlsx,Valores_C,pib_corriente_industrias,A.020,A.020,grupo_bcu,A,"Silvicultura, extracción de madera y actividades de servicios conexas",2015,7250593.03677084,miles_de_pesos_corrientes,False,
bcu,PIB-corriente-industrias-2006-2019.xlsx,Valores_C,pib_corriente_industrias,A.020,A.020,grupo_bcu,A,"Silvicultura, extracción de madera y actividades de servicios conexas",2016,7544701.28885949,miles_de_pesos_corrientes,False,
bcu,PIB-corriente-industrias-2006-2019.xlsx,Valores_C,pib_corriente_industrias,A.020,A.020,grupo_bcu,A,"Silvicultura, extracción de madera y actividades de servicios conexas",2017,7801442.78679514,miles_de_pesos_corrientes,True,
bcu,PIB-corriente-industrias-2006-2019.xlsx,Valores_C,pib_corriente_industrias,A.020,A.020,grupo_bcu,A,"Silvicultura, extracción de madera y actividades de servicios conexas",2018,8496446.0973731,miles_de_pesos_corrientes,True,
bcu,PIB-corriente-industrias-2006-2019.xlsx,Valores_C,pib_corriente_industrias,A.020,A.020,grupo_bcu,A,"Silvicultura, extracción de madera y actividades de servicios conexas",2019,9416015.93311144,miles_de_pesos_corrientes,True,
bcu,PIB-corriente-industrias-2006-2019.xlsx,Valores_C,pib_corriente_industrias,A.0200.0,A.0200.0,clase,A,"Silvicultura, extracción de madera y actividades de servicios conexas",2005,2298616.37766251,miles_de_pesos_corrientes,False,
bcu,PIB-corriente-industrias-2006-2019.xlsx,Valores_C,pib_corriente_industrias,A.0200.0,A.0200.0,clase,A,"Silvicultura, extracción de madera y actividades de servicios conexas",2006,2757444.41190342,miles_de_pesos_corrientes,False,
bcu,PIB-corriente-industrias-2006-2019.xlsx,Valores_C,pib_corriente_industrias,A.0200.0,A.0200.0,clase,A,"Silvicultura, extracción de madera y actividades de servicios conexas",2007,3173292.43669915,miles_de_pesos_corrientes,False,
bcu,PIB-corriente-industrias-2006-2019.xlsx,Valores_C,pib_corriente_industrias,A.0200.0,A.0200.0,clase,A,"Silvicultura, extracción de madera y actividades de servicios conexas",2008,4308011.63455678,miles_de_pesos_corrientes,False,
bcu,PIB-corriente-industrias-2006-2019.xlsx,Valores_C,pib_corriente_industrias,A.0200.0,A.0200.0,clase,A,"Silvicultura, extracción de madera y actividades de servicios conexas",2009,3099742.85577518,miles_de_pesos_corrientes,False,
bcu,PIB-corriente-industrias-2006-2019.xlsx,Valores_C,pib_corriente_industrias,A.0200.0,A.0200.0,clase,A,"Silvicultura, extracción de madera y actividades de servicios conexas",2010,5054139.6191709,miles_de_pesos_corrientes,False,
bcu,PIB-corriente-industrias-2006-2019.xlsx,Valores_C,pib_corriente_industrias,A.0200.0,A.0200.0,clase,A,"Silvicultura, extracción de madera y actividades de servicios conexas",2011,3535439.66545991,miles_de_pesos_corrientes,False,
bcu,PIB-corriente-industrias-2006-2019.xlsx,Valores_C,pib_corriente_industrias,A.0200.0,A.0200.0,clase,A,"Silvicultura, extracción de madera y actividades de servicios conexas",2012,2793464.46820837,miles_de_pesos_corrientes,False,
bcu,PIB-corriente-industrias-2006-2019.xlsx,Valores_C,pib_corriente_industrias,A.0200.0,A.0200.0,clase,A,"Silvicultura, extracción de madera y actividades de servicios conexas",2013,3604532.70729002,miles_de_pesos_corrientes,False,
bcu,PIB-corriente-industrias-2006-2019.xlsx,Valores_C,pib_corriente_industrias,A.0200.0,A.0200.0,clase,A,"Silvicultura, extracción de madera y actividades de servicios conexas",2014,4803251.2006982,miles_de_pesos_corrientes,False,
bcu,PIB-corriente-industrias-2006-2019.xlsx,Valores_C,pib_corriente_industrias,A.0200.0,A.0200.0,clase,A,"Silvicultura, extracción de madera y actividades de servicios conexas",2015,7250593.03677084,miles_de_pesos_corrientes,False,
bcu,PIB-corriente-industrias-2006-2019.xlsx,Valores_C,pib_corriente_industrias,A.0200.0,A.0200.0,clase,A,"Silvicultura, extracción de madera y actividades de servicios conexas",2016,7544701.28885949,miles_de_pesos_corrientes,False,
bcu,PIB-corriente-industrias-2006-2019.xlsx,Valores_C,pib_corriente_industrias,A.0200.0,A.0200.0,clase,A,"Silvicultura, extracción de madera y actividades de servicios conexas",2017,7801442.78679514,miles_de_pesos_corrientes,True,
bcu,PIB-corriente-industrias-2006-2019.xlsx,Valores_C,pib_corriente_industrias,A.0200.0,A.0200.0,clase,A,"Silvicultura, extracción de madera y actividades de servicios conexas",2018,8496446.0973731,miles_de_pesos_corrientes,True,
bcu,PIB-corriente-industrias-2006-2019.xlsx,Valores_C,pib_corriente_industrias,A.0200.0,A.0200.0,clase,A,"Silvicultura, extracción de madera y actividades de servicios conexas",2019,9416015.93311144,miles_de_pesos_corrientes,True,
bcu,PIB-corriente-industrias-2006-2019.xlsx,Valores_C,pib_corriente_industrias,B,B,seccion,B,PESCA,2005,934785.130167345,miles_de_pesos_corrientes,False,
bcu,PIB-corriente-industrias-2006-2019.xlsx,Valores_C,pib_corriente_industrias,B,B,seccion,B,PESCA,2006,1165296.04524571,miles_de_pesos_corrientes,False,
bcu,PIB-corriente-industrias-2006-2019.xlsx,Valores_C,pib_corriente_industrias,B,B,seccion,B,PESCA,2007,997176.535793574,miles_de_pesos_corrientes,False,
bcu,PIB-corriente-industrias-2006-2019.xlsx,Valores_C,pib_corriente_industrias,B,B,seccion,B,PESCA,2008,952805.743272774,miles_de_pesos_corrientes,False,
bcu,PIB-corriente-industrias-2006-2019.xlsx,Valores_C,pib_corriente_industrias,B,B,seccion,B,PESCA,2009,1264049.84914671,miles_de_pesos_corrientes,False,
bcu,PIB-corriente-industrias-2006-2019.xlsx,Valores_C,pib_corriente_industrias,B,B,seccion,B,PESCA,2010,1085892.40902987,miles_de_pesos_corrientes,False,
bcu,PIB-corriente-industrias-2006-2019.xlsx,Valores_C,pib_corriente_industrias,B,B,seccion,B,PESCA,2011,1229315.59618069,miles_de_pesos_corrientes,False,
bcu,PIB-corriente-industrias-2006-2019.xlsx,Valores_C,pib_corriente_industrias,B,B,seccion,B,PESCA,2012,1242092.53826713,miles_de_pesos_corrientes,False,
bcu,PIB-corriente-industrias-2006-2019.xlsx,Valores_C,pib_corriente_industrias,B,B,seccion,B,PESCA,2013,904015.67921707,miles_de_pesos_corrientes,False,
bcu,PIB-corriente-industrias-2006-2019.xlsx,Valores_C,pib_corriente_industrias,B,B,seccion,B,PESCA,2014,1006245.51154475,miles_de_pesos_corrientes,False,
bcu,PIB-corriente-industrias-2006-2019.xlsx,Valores_C,pib_corriente_industrias,B,B,seccion,B,PESCA,2015,729605.497220846,miles_de_pesos_corrientes,False,
bcu,PIB-corriente-industrias-2006-2019.xlsx,Valores_C,pib_corriente_industrias,B,B,seccion,B,PESCA,2016,502050.496238788,miles_de_pesos_corrientes,False,
bcu,PIB-corriente-industrias-2006-2019.xlsx,Valores_C,pib_corriente_industrias,B,B,seccion,B,PESCA,2017,583438.974007449,miles_de_pesos_corrientes,True,
bcu,PIB-corriente-industrias-2006-2019.xlsx,Valores_C,pib_corriente_industrias,B,B,seccion,B,PESCA,2018,772413.545843413,miles_de_pesos_corrientes,True,
bcu,PIB-corriente-industrias-2006-2019.xlsx,Valores_C,pib_corriente_industrias,B,B,seccion,B,PESCA,2019,1002927.31440439,miles_de_pesos_corrientes,True,
bcu,PIB-corriente-industrias-2006-2019.xlsx,Valores_C,pib_corriente_industrias,B.0500.0,B.0500.0,clase,B,"Pesca, explotación de criaderos de peces; actividades de servicios relacionados con la pesca",2005,934785.130167345,miles_de_pesos_corrientes,False,
bcu,PIB-corriente-industrias-2006-2019.xlsx,Valores_C,pib_corriente_industrias,B.0500.0,B.0500.0,clase,B,"Pesca, explotación de criaderos de peces; actividades de servicios relacionados con la pesca",2006,1165296.04524571,miles_de_pesos_corrientes,False,
bcu,PIB-corriente-industrias-2006-2019.xlsx,Valores_C,pib_corriente_industrias,B.0500.0,B.0500.0,clase,B,"Pesca, explotación de criaderos de peces; actividades de servicios relacionados con la pesca",2007,997176.535793574,miles_de_pesos_corrientes,False,
bcu,PIB-corriente-industrias-2006-2019.xlsx,Valores_C,pib_corriente_industrias,B.0500.0,B.0500.0,clase,B,"Pesca, explotación de criaderos de peces; actividades de servicios relacionados con la pesca",2008,952805.743272774,miles_de_pesos_corrientes,False,
bcu,PIB-corriente-industrias-2006-2019.xlsx,Valores_C,pib_corriente_industrias,B.0500.0,B.0500.0,clase,B,"Pesca, explotación de criaderos de peces; actividades de servicios relacionados con la pesca",2009,1264049.84914671,miles_de_pesos_corrientes,False,
bcu,PIB-corriente-industrias-2006-2019.xlsx,Valores_C,pib_corriente_industrias,B.0500.0,B.0500.0,clase,B,"Pesca, explotación de criaderos de peces; actividades de servicios relacionados con la pesca",2010,1085892.40902987,miles_de_pesos_corrientes,False,
bcu,PIB-corriente-industrias-2006-2019.xlsx,Valores_C,pib_corriente_industrias,B.0500.0,B.0500.0,clase,B,"Pesca, explotación de criaderos de peces; actividades de servicios relacionados con la pesca",2011,1229315.59618069,miles_de_pesos_corrientes,False,
bcu,PIB-corriente-industrias-2006-2019.xlsx,Valores_C,pib_corriente_industrias,B.0500.0,B.0500.0,clase,B,"Pesca, explotación de criaderos de peces; actividades de servicios relacionados con la pesca",2012,1242092.53826713,miles_de_pesos_corrientes,False,
bcu,PIB-corriente-industrias-2006-2019.xlsx,Valores_C,pib_corriente_industrias,B.0500.0,B.0500.0,clase,B,"Pesca, explotación de criaderos de peces; actividades de servicios relacionados con la pesca",2013,904015.67921707,miles_de_pesos_corrientes,False,
bcu,PIB-corriente-industrias-2006-2019.xlsx,Valores_C,pib_corriente_industrias,B.0500.0,B.0500.0,clase,B,"Pesca, explotación de criaderos de peces; actividades de servicios relacionados con la pesca",2014,1006245.51154475,miles_de_pesos_corrientes,False,
bcu,PIB-corriente-industrias-2006-2019.xlsx,Valores_C,pib_corriente_industrias,B.0500.0,B.0500.0,clase,B,"Pesca, explotación de criaderos de peces; actividades de servicios relacionados con la pesca",2015,729605.497220846,miles_de_pesos_corrientes,False,
bcu,PIB-corriente-industrias-2006-2019.xlsx,Valores_C,pib_corriente_industrias,B.0500.0,B.0500.0,clase,B,"Pesca, explotación de criaderos de peces; actividades de servicios relacionados con la pesca",2016,502050.496238788,miles_de_pesos_corrientes,False,
bcu,PIB-corriente-industrias-2006-2019.xlsx,Valores_C,pib_corriente_industrias,B.0500.0,B.0500.0,clase,B,"Pesca, explotación de criaderos de peces; actividades de servicios relacionados con la pesca",2017,583438.974007449,miles_de_pesos_corrientes,True,
bcu,PIB-corriente-industrias-2006-2019.xlsx,Valores_C,pib_corriente_industrias,B.0500.0,B.0500.0,clase,B,"Pesca, explotación de criaderos de peces; actividades de servicios relacionados con la pesca",2018,772413.545843413,miles_de_pesos_corrientes,True,
bcu,PIB-corriente-industrias-2006-2019.xlsx,Valores_C,pib_corriente_industrias,B.0500.0,B.0500.0,clase,B,"Pesca, explotación de criaderos de peces; actividades de servicios relacionados con la pesca",2019,1002927.31440439,miles_de_pesos_corrientes,True,
bcu,PIB-corriente-industrias-2006-2019.xlsx,Valores_C,pib_corriente_industrias,C,C,seccion,C,MINERIA,2005,1058505.06986518,miles_de_pesos_corrientes,False,
bcu,PIB-corriente-industrias-2006-2019.xlsx,Valores_C,pib_corriente_industrias,C,C,seccion,C,MINERIA,2006,1331300.93550826,miles_de_pesos_corrientes,False,
bcu,PIB-corriente-industrias-2006-2019.xlsx,Valores_C,pib_corriente_industrias,C,C,seccion,C,MINERIA,2007,1454680.83774659,miles_de_pesos_corrientes,False,
bcu,PIB-corriente-industrias-2006-2019.xlsx,Valores_C,pib_corriente_industrias,C,C,seccion,C,MINERIA,2008,1879810.06555077,miles_de_pesos_corrientes,False,
bcu,PIB-corriente-industrias-2006-2019.xlsx,Valores_C,pib_corriente_industrias,C,C,seccion,C,MINERIA,2009,3325724.28382879,miles_de_pesos_corrientes,False,
bcu,PIB-corriente-industrias-2006-2019.xlsx,Valores_C,pib_corriente_industrias,C,C,seccion,C,MINERIA,2010,3996235.05592853,miles_de_pesos_corrientes,False,
bcu,PIB-corriente-industrias-2006-2019.xlsx,Valores_C,pib_corriente_industrias,C,C,seccion,C,MINERIA,2011,4052588.53779532,miles_de_pesos_corrientes,False,
bcu,PIB-corriente-industrias-2006-2019.xlsx,Valores_C,pib_corriente_industrias,C,C,seccion,C,MINERIA,2012,4581017.210311,miles_de_pesos_corrientes,False,
bcu,PIB-corriente-industrias-2006-2019.xlsx,Valores_C,pib_corriente_industrias,C,C,seccion,C,MINERIA,2013,5802821.38515961,miles_de_pesos_corrientes,False,
bcu,PIB-corriente-industrias-2006-2019.xlsx,Valores_C,pib_corriente_industrias,C,C,seccion,C,MINERIA,2014,6128228.10857811,miles_de_pesos_corrientes,False,
bcu,PIB-corriente-industrias-2006-2019.xlsx,Valores_C,pib_corriente_industrias,C,C,seccion,C,MINERIA,2015,6229491.56977466,miles_de_pesos_corrientes,False,
bcu,PIB-corriente-industrias-2006-2019.xlsx,Valores_C,pib_corriente_industrias,C,C,seccion,C,MINERIA,2016,7163660.61558053,miles_de_pesos_corrientes,False,
bcu,PIB-corriente-industrias-2006-2019.xlsx,Valores_C,pib_corriente_industrias,C,C,seccion,C,MINERIA,2017,7115048.58979567,miles_de_pesos_corrientes,True,
bcu,PIB-corriente-industrias-2006-2019.xlsx,Valores_C,pib_corriente_industrias,C,C,seccion,C,MINERIA,2018,7651687.23077214,miles_de_pesos_corrientes,True,
bcu,PIB-corriente-industrias-2006-2019.xlsx,Valores_C,pib_corriente_industrias,C,C,seccion,C,MINERIA,2019,8189425.28118446,miles_de_pesos_corrientes,True,
bcu,PIB-corriente-industrias-2006-2019.xlsx,Valores_C,pib_corriente_industrias,C.TTTT.0,C.TTTT.0,total_seccion,C,Explotación de minas y canteras,2005,1058505.06986518,miles_de_pesos_corrientes,False,
bcu,PIB-corriente-industrias-2006-2019.xlsx,Valores_C,pib_corriente_industrias,C.TTTT.0,C.TTTT.0,total_seccion,C,Explotación de minas y canteras,2006,1331300.93550826,miles_de_pesos_corrientes,False,
bcu,PIB-corriente-industrias-2006-2019.xlsx,Valores_C,pib_corriente_industrias,C.TTTT.0,C.TTTT.0,total_seccion,C,Explotación de minas y canteras,2007,1454680.83774659,miles_de_pesos_corrientes,False,
bcu,PIB-corriente-industrias-2006-2019.xlsx,Valores_C,pib_corriente_industrias,C.TTTT.0,C.TTTT.0,total_seccion,C,Explotación de minas y canteras,2008,1879810.06555077,miles_de_pesos_corrientes,False,
bcu,PIB-corriente-industrias-2006-2019.xlsx,Valores_C,pib_corriente_industrias,C.TTTT.0,C.TTTT.0,total_seccion,C,Explotación de minas y canteras,2009,3325724.28382879,miles_de_pesos_corrientes,False,
bcu,PIB-corriente-industrias-2006-2019.xlsx,Valores_C,pib_corriente_industrias,C.TTTT.0,C.TTTT.0,total_seccion,C,Explotación de minas y canteras,2010,3996235.05592853,miles_de_pesos_corrientes,False,
bcu,PIB-corriente-industrias-2006-2019.xlsx,Valores_C,pib_corriente_industrias,C.TTTT.0,C.TTTT.0,total_seccion,C,Explotación de minas y canteras,2011,4052588.53779532,miles_de_pesos_corrientes,False,
bcu,PIB-corriente-industrias-2006-2019.xlsx,Valores_C,pib_corriente_industrias,C.TTTT.0,C.TTTT.0,total_seccion,C,Explotación de minas y canteras,2012,4581017.210311,miles_de_pesos_corrientes,False,
bcu,PIB-corriente-industrias-2006-2019.xlsx,Valores_C,pib_corriente_industrias,C.TTTT.0,C.TTTT.0,total_seccion,C,Explotación de minas y canteras,2013,5802821.38515961,miles_de_pesos_corrientes,False,
bcu,PIB-corriente-industrias-2006-2019.xlsx,Valores_C,pib_corriente_industrias,C.TTTT.0,C.TTTT.0,total_seccion,C,Explotación de minas y canteras,2014,6128228.10857811,miles_de_pesos_corrientes,False,
bcu,PIB-corriente-industrias-2006-2019.xlsx,Valores_C,pib_corriente_industrias,C.TTTT.0,C.TTTT.0,total_seccion,C,Explotación de minas y canteras,2015,6229491.56977466,miles_de_pesos_corrientes,False,
bcu,PIB-corriente-industrias-2006-2019.xlsx,Valores_C,pib_corriente_industrias,C.TTTT.0,C.TTTT.0,total_seccion,C,Explotación de minas y canteras,2016,7163660.61558053,miles_de_pesos_corrientes,False,
bcu,PIB-corriente-industrias-2006-2019.xlsx,Valores_C,pib_corriente_industrias,C.TTTT.0,C.TTTT.0,total_seccion,C,Explotación de minas y canteras,2017,7115048.58979567,miles_de_pesos_corrientes,True,
bcu,PIB-corriente-industrias-2006-2019.xlsx,Valores_C,pib_corriente_industrias,C.TTTT.0,C.TTTT.0,total_seccion,C,Explotación de minas y canteras,2018,7651687.23077214,miles_de_pesos_corrientes,True,
bcu,PIB-corriente-industrias-2006-2019.xlsx,Valores_C,pib_corriente_industrias,C.TTTT.0,C.TTTT.0,total_seccion,C,Explotación de minas y canteras,2019,8189425.28118446,miles_de_pesos_corrientes,True,
bcu,PIB-corriente-industrias-2006-2019.xlsx,Valores_C,pib_corriente_industrias,D (1),D,seccion,D,INDUSTRIAS MANUFACTURERAS,2005,63125725.2101627,miles_de_pesos_corrientes,False,"En el valor agregado bruto del sector D.23-Fabricacion de coque, productos de la refinacion del petroleo y combustible nuclear; se incluye la comercializacion del combustible mayorista importado realizada por ANCAP."
bcu,PIB-corriente-industrias-2006-2019.xlsx,Valores_C,pib_corriente_industrias,D (1),D,seccion,D,INDUSTRIAS MANUFACTURERAS,2006,68549417.731642,miles_de_pesos_corrientes,False,"En el valor agregado bruto del sector D.23-Fabricacion de coque, productos de la refinacion del petroleo y combustible nuclear; se incluye la comercializacion del combustible mayorista importado realizada por ANCAP."
bcu,PIB-corriente-industrias-2006-2019.xlsx,Valores_C,pib_corriente_industrias,D (1),D,seccion,D,INDUSTRIAS MANUFACTURERAS,2007,75470434.3810165,miles_de_pesos_corrientes,False,"En el valor agregado bruto del sector D.23-Fabricacion de coque, productos de la refinacion del petroleo y combustible nuclear; se incluye la comercializacion del combustible mayorista importado realizada por ANCAP."
bcu,PIB-corriente-industrias-2006-2019.xlsx,Valores_C,pib_corriente_industrias,D (1),D,seccion,D,INDUSTRIAS MANUFACTURERAS,2008,95084730.9735625,miles_de_pesos_corrientes,False,"En el valor agregado bruto del sector D.23-Fabricacion de coque, productos de la refinacion del petroleo y combustible nuclear; se incluye la comercializacion del combustible mayorista importado realizada por ANCAP."
bcu,PIB-corriente-industrias-2006-2019.xlsx,Valores_C,pib_corriente_industrias,D (1),D,seccion,D,INDUSTRIAS MANUFACTURERAS,2009,105882376.383152,miles_de_pesos_corrientes,False,"En el valor agregado bruto del sector D.23-Fabricacion de coque, productos de la refinacion del petroleo y combustible nuclear; se incluye la comercializacion del combustible mayorista importado realizada por ANCAP."
bcu,PIB-corriente-industrias-2006-2019.xlsx,Valores_C,pib_corriente_industrias,D (1),D,seccion,D,INDUSTRIAS MANUFACTURERAS,2010,109319474.930575,miles_de_pesos_corrientes,False,"En el valor agregado bruto del sector D.23-Fabricacion de coque, productos de la refinacion del petroleo y combustible nuclear; se incluye la comercializacion del combustible mayorista importado realizada por ANCAP."
bcu,PIB-corriente-industrias-2006-2019.xlsx,Valores_C,pib_corriente_industrias,D (1),D,seccion,D,INDUSTRIAS MANUFACTURERAS,2011,117956673.328699,miles_de_pesos_corrientes,False,"En el valor agregado bruto del sector D.23-Fabricacion de coque, productos de la refinacion del petroleo y combustible nuclear; se incluye la comercializacion del combustible mayorista importado realizada por ANCAP."
bcu,PIB-corriente-industrias-2006-2019.xlsx,Valores_C,pib_corriente_industrias,D (1),D,seccion,D,INDUSTRIAS MANUFACTURERAS,2012,126748189.710344,miles_de_pesos_corrientes,False,"En el valor agregado bruto del sector D.23-Fabricacion de coque, productos de la refinacion del petroleo y combustible nuclear; se incluye la comercializacion del combustible mayorista importado realizada por ANCAP."
bcu,PIB-corriente-industrias-2006-2019.xlsx,Valores_C,pib_corriente_industrias,D (1),D,seccion,D,INDUSTRIAS MANUFACTURERAS,2013,132753534.366728,miles_de_pesos_corrientes,False,"En el valor agregado bruto del sector D.23-Fabricacion de coque, productos de la refinacion del petroleo y combustible nuclear; se incluye la comercializacion del combustible mayorista importado realizada por ANCAP."
bcu,PIB-corriente-industrias-2006-2019.xlsx,Valores_C,pib_corriente_industrias,D (1),D,seccion,D,INDUSTRIAS MANUFACTURERAS,2014,161567650.59482,miles_de_pesos_corrientes,False,"En el valor agregado bruto del sector D.23-Fabricacion de coque, productos de la refinacion del petroleo y combustible nuclear; se incluye la comercializacion del combustible mayorista importado realizada por ANCAP."
bcu,PIB-corriente-industrias-2006-2019.xlsx,Valores_C,pib_corriente_industrias,D (1),D,seccion,D,INDUSTRIAS MANUFACTURERAS,2015,192793049.413468,miles_de_pesos_corrientes,False,"En el valor agregado bruto del sector D.23-Fabricacion de coque, productos de la refinacion del petroleo y combustible nuclear; se incluye la comercializacion del combustible mayorista importado realizada por ANCAP."
bcu,PIB-corriente-industrias-2006-2019.xlsx,Valores_C,pib_corriente_industrias,D (1),D,seccion,D,INDUSTRIAS MANUFACTURERAS,2016,203704139.812439,miles_de_pesos_corrientes,False,"En el valor agregado bruto del sector D.23-Fabricacion de coque, productos de la refinacion del petroleo y combustible nuclear; se incluye la comercializacion del combustible mayorista importado realizada por ANCAP."
bcu,PIB-corriente-industrias-2006-2019.xlsx,Valores_C,pib_corriente_industrias,D (1),D,seccion,D,INDUSTRIAS MANUFACTURERAS,2017,199796164.480582,miles_de_pesos_corrientes,True,"En el valor agregado bruto del sector D.23-Fabricacion de coque, productos de la refinacion del petroleo y combustible nuclear; se incluye la comercializacion del combustible mayorista importado realizada por ANCAP."
bcu,PIB-corriente-industrias-2006-2019.xlsx,Valores_C,pib_corriente_industrias,D (1),D,seccion,D,INDUSTRIAS MANUFACTURERAS,2018,213363704.097871,miles_de_pesos_corrientes,True,"En el valor agregado bruto del sector D.23-Fabricacion de coque, productos de la refinacion del petroleo y combustible nuclear; se incluye la comercializacion del combustible mayorista importado realizada por ANCAP."
bcu,PIB-corriente-industrias-2006-2019.xlsx,Valores_C,pib_corriente_industrias,D (1),D,seccion,D,INDUSTRIAS MANUFACTURERAS,2019,231932066.194295,miles_de_pesos_corrientes,True,"En el valor agregado bruto del sector D.23-Fabricacion de coque, productos de la refinacion del petroleo y combustible nuclear; se incluye la comercializacion del combustible mayorista importado realizada por ANCAP."
bcu,PIB-corriente-industrias-2006-2019.xlsx,Valores_C,pib_corriente_industrias,D.15-D.16,D.15-D.16,agregado_codigos,D,"Elaboración de productos alimenticios, bebidas y tabaco",2005,24831515.0440185,miles_de_pesos_corrientes,False,
bcu,PIB-corriente-industrias-2006-2019.xlsx,Valores_C,pib_corriente_industrias,D.15-D.16,D.15-D.16,agregado_codigos,D,"Elaboración de productos alimenticios, bebidas y tabaco",2006,30032998.723213,miles_de_pesos_corrientes,False,
bcu,PIB-corriente-industrias-2006-2019.xlsx,Valores_C,pib_corriente_industrias,D.15-D.16,D.15-D.16,agregado_codigos,D,"Elaboración de productos alimenticios, bebidas y tabaco",2007,32091098.2666658,miles_de_pesos_corrientes,False,
bcu,PIB-corriente-industrias-2006-2019.xlsx,Valores_C,pib_corriente_industrias,D.15-D.16,D.15-D.16,agregado_codigos,D,"Elaboración de productos alimenticios, bebidas y tabaco",2008,43796721.0118,miles_de_pesos_corrientes,False,
bcu,PIB-corriente-industrias-2006-2019.xlsx,Valores_C,pib_corriente_industrias,D.15-D.16,D.15-D.16,agregado_codigos,D,"Elaboración de productos alimenticios, bebidas y tabaco",2009,46498316.2256588,miles_de_pesos_corrientes,False,
bcu,PIB-corriente-industrias-2006-2019.xlsx,Valores_C,pib_corriente_industrias,D.15-D.16,D.15-D.16,agregado_codigos,D,"Elaboración de productos alimenticios, bebidas y tabaco",2010,48714308.47583,miles_de_pesos_corrientes,False,
bcu,PIB-corriente-industrias-2006-2019.xlsx,Valores_C,pib_corriente_industrias,D.15-D.16,D.15-D.16,agregado_codigos,D,"Elaboración de productos alimenticios, bebidas y tabaco",2011,54236201.1459442,miles_de_pesos_corrientes,False,
bcu,PIB-corriente-industrias-2006-2019.xlsx,Valores_C,pib_corriente_industrias,D.15-D.16,D.15-D.16,agregado_codigos,D,"Elaboración de productos alimenticios, bebidas y tabaco",2012,59548401.4686058,miles_de_pesos_corrientes,False,
bcu,PIB-corriente-industrias-2006-2019.xlsx,Valores_C,pib_corriente_industrias,D.15-D.16,D.15-D.16,agregado_codigos,D,"Elaboración de productos alimenticios, bebidas y tabaco",2013,62791671.3422627,miles_de_pesos_corrientes,False,
bcu,PIB-corriente-industrias-2006-2019.xlsx,Valores_C,pib_corriente_industrias,D.15-D.16,D.15-D.16,agregado_codigos,D,"Elaboración de productos alimenticios, bebidas y tabaco",2014,80135955.9373753,miles_de_pesos_corrientes,False,
bcu,PIB-corriente-industrias-2006-2019.xlsx,Valores_C,pib_corriente_industrias,D.15-D.16,D.15-D.16,agregado_codigos,D,"Elaboración de productos alimenticios, bebidas y tabaco",2015,87360409.146251,miles_de_pesos_corrientes,False,
bcu,PIB-corriente-industrias-2006-2019.xlsx,Valores_C,pib_corriente_industrias,D.15-D.16,D.15-D.16,agregado_codigos,D,"Elaboración de productos alimenticios, bebidas y tabaco",2016,95475539.0765482,miles_de_pesos_corrientes,False,
bcu,PIB-corriente-industrias-2006-2019.xlsx,Valores_C,pib_corriente_industrias,D.15-D.16,D.15-D.16,agregado_codigos,D,"Elaboración de productos alimenticios, bebidas y tabaco",2017,101149544.852367,miles_de_pesos_corrientes,True,
bcu,PIB-corriente-industrias-2006-2019.xlsx,Valores_C,pib_corriente_industrias,D.15-D.16,D.15-D.16,agregado_codigos,D,"Elaboración de productos alimenticios, bebidas y tabaco",2018,97290075.4130583,miles_de_pesos_corrientes,True,
bcu,PIB-corriente-industrias-2006-2019.xlsx,Valores_C,pib_corriente_industrias,D.15-D.16,D.15-D.16,agregado_codigos,D,"Elaboración de productos alimenticios, bebidas y tabaco",2019,108389813.138406,miles_de_pesos_corrientes,True,
bcu,PIB-corriente-industrias-2006-2019.xlsx,Valores_C,pib_corriente_industrias,D.1511.0,D.1511.0,clase,D,"Producción, procesamiento y conservación de carne y productos cárnicos",2005,6145366.86249639,miles_de_pesos_corrientes,False,
bcu,PIB-corriente-industrias-2006-2019.xlsx,Valores_C,pib_corriente_industrias,D.1511.0,D.1511.0,clase,D,"Producción, procesamiento y conservación de carne y productos cárnicos",2006,9076503.52094293,miles_de_pesos_corrientes,False,
bcu,PIB-corriente-industrias-2006-2019.xlsx,Valores_C,pib_corriente_industrias,D.1511.0,D.1511.0,clase,D,"Producción, procesamiento y conservación de carne y productos cárnicos",2007,6782097.79195873,miles_de_pesos_corrientes,False,
bcu,PIB-corriente-industrias-2006-2019.xlsx,Valores_C,pib_corriente_industrias,D.1511.0,D.1511.0,clase,D,"Producción, procesamiento y conservación de carne y productos cárnicos",2008,12293454.9767307,miles_de_pesos_corrientes,False,
bcu,PIB-corriente-industrias-2006-2019.xlsx,Valores_C,pib_corriente_industrias,D.1511.0,D.1511.0,clase,D,"Producción, procesamiento y conservación de carne y productos cárnicos",2009,11619414.281949,miles_de_pesos_corrientes,False,
bcu,PIB-corriente-industrias-2006-2019.xlsx,Valores_C,pib_corriente_industrias,D.1511.0,D.1511.0,clase,D,"Producción, procesamiento y conservación de carne y productos cárnicos",2010,11926510.9290061,miles_de_pesos_corrientes,False,
bcu,PIB-corriente-industrias-2006-2019.xlsx,Valores_C,pib_corriente_industrias,D.1511.0,D.1511.0,clase,D,"Producción, procesamiento y conservación de carne y productos cárnicos",2011,14031857.7003678,miles_de_pesos_corrientes,False,
bcu,PIB-corriente-industrias-2006-2019.xlsx,Valores_C,pib_corriente_industrias,D.1511.0,D.1511.0,clase,D,"Producción, procesamiento y conservación de carne y productos cárnicos",2012,13339420.6672648,miles_de_pesos_corrientes,False,
bcu,PIB-corriente-industrias-2006-2019.xlsx,Valores_C,pib_corriente_industrias,D.1511.0,D.1511.0,clase,D,"Producción, procesamiento y conservación de carne y productos cárnicos",2013,13607395.4114605,miles_de_pesos_corrientes,False,
bcu,PIB-corriente-industrias-2006-2019.xlsx,Valores_C,pib_corriente_industrias,D.1511.0,D.1511.0,clase,D,"Producción, procesamiento y conservación de carne y productos cárnicos",2014,20859334.2527593,miles_de_pesos_corrientes,False,
bcu,PIB-corriente-industrias-2006-2019.xlsx,Valores_C,pib_corriente_industrias,D.1511.0,D.1511.0,clase,D,"Producción, procesamiento y conservación de carne y productos cárnicos",2015,23233885.8527443,miles_de_pesos_corrientes,False,
bcu,PIB-corriente-industrias-2006-2019.xlsx,Valores_C,pib_corriente_industrias,D.1511.0,D.1511.0,clase,D,"Producción, procesamiento y conservación de carne y productos cárnicos",2016,26563824.4325435,miles_de_pesos_corrientes,False,
bcu,PIB-corriente-industrias-2006-2019.xlsx,Valores_C,pib_corriente_industrias,D.1511.0,D.1511.0,clase,D,"Producción, procesamiento y conservación de carne y productos cárnicos",2017,26350770.0240349,miles_de_pesos_corrientes,True,
bcu,PIB-corriente-industrias-2006-2019.xlsx,Valores_C,pib_corriente_industrias,D.1511.0,D.1511.0,clase,D,"Producción, procesamiento y conservación de carne y productos cárnicos",2018,23398644.1683908,miles_de_pesos_corrientes,True,
bcu,PIB-corriente-industrias-2006-2019.xlsx,Valores_C,pib_corriente_industrias,D.1511.0,D.1511.0,clase,D,"Producción, procesamiento y conservación de carne y productos cárnicos",2019,,miles_de_pesos_corrientes,True,"Debido a la priorizacion del cronograma del PLAE, para el ano 2019 no se dispone de estimaciones mas alla de los dos digitos de la CIIU Rev. 3."
bcu,PIB-corriente-industrias-2006-2019.xlsx,Valores_C,pib_corriente_industrias,D.151R.0,D.151R.0,grupo_bcu,D,"Producción, procesamiento y conservación de pescado, frutas, hortalizas y aceites",2005,2337329.9681052,miles_de_pesos_corrientes,False,
bcu,PIB-corriente-industrias-2006-2019.xlsx,Valores_C,pib_corriente_industrias,D.151R.0,D.151R.0,grupo_bcu,D,"Producción, procesamiento y conservación de pescado, frutas, hortalizas y aceites",2006,2353037.03573117,miles_de_pesos_corrientes,False,
bcu,PIB-corriente-industrias-2006-2019.xlsx,Valores_C,pib_corriente_industrias,D.151R.0,D.151R.0,grupo_bcu,D,"Producción, procesamiento y conservación de pescado, frutas, hortalizas y aceites",2007,2913280.00521929,miles_de_pesos_corrientes,False,
bcu,PIB-corriente-industrias-2006-2019.xlsx,Valores_C,pib_corriente_industrias,D.151R.0,D.151R.0,grupo_bcu,D,"Producción, procesamiento y conservación de pescado, frutas, hortalizas y aceites",2008,3151426.78926217,miles_de_pesos_corrientes,False,
bcu,PIB-corriente-industrias-2006-2019.xlsx,Valores_C,pib_corriente_industrias,D.151R.0,D.151R.0,grupo_bcu,D,"Producción, procesamiento y conservación de pescado, frutas, hortalizas y aceites",2009,3320716.76169654,miles_de_pesos_corrientes,False,
bcu,PIB-corriente-industrias-2006-2019.xlsx,Valores_C,pib_corriente_industrias,D.151R.0,D.151R.0,grupo_bcu,D,"Producción, procesamiento y conservación de pescado, frutas, hortalizas y aceites",2010,3255450.30235244,miles_de_pesos_corrientes,False,
bcu,PIB-corriente-industrias-2006-2019.xlsx,Valores_C,pib_corriente_industrias,D.151R.0,D.151R.0,grupo_bcu,D,"Producción, procesamiento y conservación de pescado, frutas, hortalizas y aceites",2011,3923815.39185899,miles_de_pesos_corrientes,False,
bcu,PIB-corriente-industrias-2006-2019.xlsx,Valores_C,pib_corriente_industrias,D.151R.0,D.151R.0,grupo_bcu,D,"Producción, procesamiento y conservación de pescado, frutas, hortalizas y aceites",2012,3968121.70673595,miles_de_pesos_corrientes,False,
bcu,PIB-corriente-industrias-2006-2019.xlsx,Valores_C,pib_corriente_industrias,D.151R.0,D.151R.0,grupo_bcu,D,"Producción, procesamiento y conservación de pescado, frutas, hortalizas y aceites",2013,3427563.62923929,miles_de_pesos_corrientes,False,
bcu,PIB-corriente-industrias-2006-2019.xlsx,Valores_C,pib_corriente_industrias,D.151R.0,D.151R.0,grupo_bcu,D,"Producción, procesamiento y conservación de pescado, frutas, hortalizas y aceites",2014,4309958.48049888,miles_de_pesos_corrientes,False,
bcu,PIB-corriente-industrias-2006-2019.xlsx,Valores_C,pib_corriente_industrias,D.151R.0,D.151R.0,grupo_bcu,D,"Producción, procesamiento y conservación de pescado, frutas, hortalizas y aceites",2015,4204646.9857453,miles_de_pesos_corrientes,False,
bcu,PIB-corriente-industrias-2006-2019.xlsx,Valores_C,pib_corriente_industrias,D.151R.0,D.151R.0,grupo_bcu,D,"Producción, procesamiento y conservación de pescado, frutas, hortalizas y aceites",2016,3826810.11636735,miles_de_pesos_corrientes,False,
bcu,PIB-corriente-industrias-2006-2019.xlsx,Valores_C,pib_corriente_industrias,D.151R.0,D.151R.0,grupo_bcu,D,"Producción, procesamiento y conservación de pescado, frutas, hortalizas y aceites",2017,4554105.36025776,miles_de_pesos_corrientes,True,
bcu,PIB-corriente-industrias-2006-2019.xlsx,Valores_C,pib_corriente_industrias,D.151R.0,D.151R.0,grupo_bcu,D,"Producción, procesamiento y conservación de pescado, frutas, hortalizas y aceites",2018,5158021.22634904,miles_de_pesos_corrientes,True,
bcu,PIB-corriente-industrias-2006-2019.xlsx,Valores_C,pib_corriente_industrias,D.151R.0,D.151R.0,grupo_bcu,D,"Producción, procesamiento y conservación de pescado, frutas, hortalizas y aceites",2019,,miles_de_pesos_corrientes,True,"Debido a la priorizacion del cronograma del PLAE, para el ano 2019 no se dispone de estimaciones mas alla de los dos digitos de la CIIU Rev. 3."
bcu,PIB-corriente-industrias-2006-2019.xlsx,Valores_C,pib_corriente_industrias,D.1520.0,D.1520.0,clase,D,Elaboración de productos lácteos,2005,3908170.95838163,miles_de_pesos_corrientes,False,
bcu,PIB-corriente-industrias-2006-2019.xlsx,Valores_C,pib_corriente_industrias,D.1520.0,D.1520.0,clase,D,Elaboración de productos lácteos,2006,3883595.37824777,miles_de_pesos_corrientes,False,
bcu,PIB-corriente-industrias-2006-2019.xlsx,Valores_C,pib_corriente_industrias,D.1520.0,D.1520.0,clase,D,Elaboración de productos lácteos,2007,4344023.29753252,miles_de_pesos_corrientes,False,
bcu,PIB-corriente-industrias-2006-2019.xlsx,Valores_C,pib_corriente_industrias,D.1520.0,D.1520.0,clase,D,Elaboración de productos lácteos,2008,6671929.63693309,miles_de_pesos_corrientes,False,
bcu,PIB-corriente-industrias-2006-2019.xlsx,Valores_C,pib_corriente_industrias,D.1520.0,D.1520.0,clase,D,Elaboración de productos lácteos,2009,5074929.70267951,miles_de_pesos_corrientes,False,
bcu,PIB-corriente-industrias-2006-2019.xlsx,Valores_C,pib_corriente_industrias,D.1520.0,D.1520.0,clase,D,Elaboración de productos lácteos,2010,6001834.56302648,miles_de_pesos_corrientes,False,
bcu,PIB-corriente-industrias-2006-2019.xlsx,Valores_C,pib_corriente_industrias,D.1520.0,D.1520.0,clase,D,Elaboración de productos lácteos,2011,6530512.32597815,miles_de_pesos_corrientes,False,
bcu,PIB-corriente-industrias-2006-2019.xlsx,Valores_C,pib_corriente_industrias,D.1520.0,D.1520.0,clase,D,Elaboración de productos lácteos,2012,8134959.48217971,miles_de_pesos_corrientes,False,
bcu,PIB-corriente-industrias-2006-2019.xlsx,Valores_C,pib_corriente_industrias,D.1520.0,D.1520.0,clase,D,Elaboración de productos lácteos,2013,9506359.47411126,miles_de_pesos_corrientes,False,
bcu,PIB-corriente-industrias-2006-2019.xlsx,Valores_C,pib_corriente_industrias,D.1520.0,D.1520.0,clase,D,Elaboración de productos lácteos,2014,11851434.0232999,miles_de_pesos_corrientes,False,
bcu,PIB-corriente-industrias-2006-2019.xlsx,Valores_C,pib_corriente_industrias,D.1520.0,D.1520.0,clase,D,Elaboración de productos lácteos,2015,11796975.4249663,miles_de_pesos_corrientes,False,
bcu,PIB-corriente-industrias-2006-2019.xlsx,Valores_C,pib_corriente_industrias,D.1520.0,D.1520.0,clase,D,Elaboración de productos lácteos,2016,9888525.11104627,miles_de_pesos_corrientes,False,
bcu,PIB-corriente-industrias-2006-2019.xlsx,Valores_C,pib_corriente_industrias,D.1520.0,D.1520.0,clase,D,Elaboración de productos lácteos,2017,13924364.8853815,miles_de_pesos_corrientes,True,
bcu,PIB-corriente-industrias-2006-2019.xlsx,Valores_C,pib_corriente_industrias,D.1520.0,D.1520.0,clase,D,Elaboración de productos lácteos,2018,14808049.6793153,miles_de_pesos_corrientes,True,
bcu,PIB-corriente-industrias-2006-2019.xlsx,Valores_C,pib_corriente_industrias,D.1520.0,D.1520.0,clase,D,Elaboración de productos lácteos,2019,,miles_de_pesos_corrientes,True,"Debido a la priorizacion del cronograma del PLAE, para el ano 2019 no se dispone de estimaciones mas alla de los dos digitos de la CIIU Rev. 3."
bcu,PIB-corriente-industrias-2006-2019.xlsx,Valores_C,pib_corriente_industrias,D.153T.0,D.153T.0,grupo_bcu,D,"Elaboración de productos de molinería, almidones y productos derivados del almidón, y de alimentos preparados para animales",2005,1693804.65888404,miles_de_pesos_corrientes,False,
bcu,PIB-corriente-industrias-2006-2019.xlsx,Valores_C,pib_corriente_industrias,D.153T.0,D.153T.0,grupo_bcu,D,"Elaboración de productos de molinería, almidones y productos derivados del almidón, y de alimentos preparados para animales",2006,2137407.45175148,miles_de_pesos_corrientes,False,
bcu,PIB-corriente-industrias-2006-2019.xlsx,Valores_C,pib_corriente_industrias,D.153T.0,D.153T.0,grupo_bcu,D,"Elaboración de productos de molinería, almidones y productos derivados del almidón, y de alimentos preparados para animales",2007,2726149.74158491,miles_de_pesos_corrientes,False,
bcu,PIB-corriente-industrias-2006-2019.xlsx,Valores_C,pib_corriente_industrias,D.153T.0,D.153T.0,grupo_bcu,D,"Elaboración de productos de molinería, almidones y productos derivados del almidón, y de alimentos preparados para animales",2008,4157732.56841411,miles_de_pesos_corrientes,False,
bcu,PIB-corriente-industrias-2006-2019.xlsx,Valores_C,pib_corriente_industrias,D.153T.0,D.153T.0,grupo_bcu,D,"Elaboración de productos de molinería, almidones y productos derivados del almidón, y de alimentos preparados para animales",2009,4367789.91689833,miles_de_pesos_corrientes,False,
bcu,PIB-corriente-industrias-2006-2019.xlsx,Valores_C,pib_corriente_industrias,D.153T.0,D.153T.0,grupo_bcu,D,"Elaboración de productos de molinería, almidones y productos derivados del almidón, y de alimentos preparados para animales",2010,3375154.97030404,miles_de_pesos_corrientes,False,
bcu,PIB-corriente-industrias-2006-2019.xlsx,Valores_C,pib_corriente_industrias,D.153T.0,D.153T.0,grupo_bcu,D,"Elaboración de productos de molinería, almidones y productos derivados del almidón, y de alimentos preparados para animales",2011,3596377.45600043,miles_de_pesos_corrientes,False,
bcu,PIB-corriente-industrias-2006-2019.xlsx,Valores_C,pib_corriente_industrias,D.153T.0,D.153T.0,grupo_bcu,D,"Elaboración de productos de molinería, almidones y productos derivados del almidón, y de alimentos preparados para animales",2012,3284366.2960101,miles_de_pesos_corrientes,False,
bcu,PIB-corriente-industrias-2006-2019.xlsx,Valores_C,pib_corriente_industrias,D.153T.0,D.153T.0,grupo_bcu,D,"Elaboración de productos de molinería, almidones y productos derivados del almidón, y de alimentos preparados para animales",2013,3743409.5751149,miles_de_pesos_corrientes,False,
bcu,PIB-corriente-industrias-2006-2019.xlsx,Valores_C,pib_corriente_industrias,D.153T.0,D.153T.0,grupo_bcu,D,"Elaboración de productos de molinería, almidones y productos derivados del almidón, y de alimentos preparados para animales",2014,5584528.7539067,miles_de_pesos_corrientes,False,
bcu,PIB-corriente-industrias-2006-2019.xlsx,Valores_C,pib_corriente_industrias,D.153T.0,D.153T.0,grupo_bcu,D,"Elaboración de productos de molinería, almidones y productos derivados del almidón, y de alimentos preparados para animales",2015,5985848.04980548,miles_de_pesos_corrientes,False,
bcu,PIB-corriente-industrias-2006-2019.xlsx,Valores_C,pib_corriente_industrias,D.153T.0,D.153T.0,grupo_bcu,D,"Elaboración de productos de molinería, almidones y productos derivados del almidón, y de alimentos preparados para animales",2016,7790474.58848699,miles_de_pesos_corrientes,False,
bcu,PIB-corriente-industrias-2006-2019.xlsx,Valores_C,pib_corriente_industrias,D.153T.0,D.153T.0,grupo_bcu,D,"Elaboración de productos de molinería, almidones y productos derivados del almidón, y de alimentos preparados para animales",2017,8103608.28602836,miles_de_pesos_corrientes,True,
bcu,PIB-corriente-industrias-2006-2019.xlsx,Valores_C,pib_corriente_industrias,D.153T.0,D.153T.0,grupo_bcu,D,"Elaboración de productos de molinería, almidones y productos derivados del almidón, y de alimentos preparados para animales",2018,8294000.75820722,miles_de_pesos_corrientes,True,
bcu,PIB-corriente-industrias-2006-2019.xlsx,Valores_C,pib_corriente_industrias,D.153T.0,D.153T.0,grupo_bcu,D,"Elaboración de productos de molinería, almidones y productos derivados del almidón, y de alimentos preparados para animales",2019,,miles_de_pesos_corrientes,True,"Debido a la priorizacion del cronograma del PLAE, para el ano 2019 no se dispone de estimaciones mas alla de los dos digitos de la CIIU Rev. 3."
bcu,PIB-corriente-industrias-2006-2019.xlsx,Valores_C,pib_corriente_industrias,D.154R.0,D.154R.0,grupo_bcu,D,Elaboración de productos de panadería y fideería,2005,2520627.53208043,miles_de_pesos_corrientes,False,
bcu,PIB-corriente-industrias-2006-2019.xlsx,Valores_C,pib_corriente_industrias,D.154R.0,D.154R.0,grupo_bcu,D,Elaboración de productos de panadería y fideería,2006,2899384.42531767,miles_de_pesos_corrientes,False,
bcu,PIB-corriente-industrias-2006-2019.xlsx,Valores_C,pib_corriente_industrias,D.154R.0,D.154R.0,grupo_bcu,D,Elaboración de productos de panadería y fideería,2007,4043530.61050818,miles_de_pesos_corrientes,False,
bcu,PIB-corriente-industrias-2006-2019.xlsx,Valores_C,pib_corriente_industrias,D.154R.0,D.154R.0,grupo_bcu,D,Elaboración de productos de panadería y fideería,2008,5341233.26297243,miles_de_pesos_corrientes,False,
bcu,PIB-corriente-industrias-2006-2019.xlsx,Valores_C,pib_corriente_industrias,D.154R.0,D.154R.0,grupo_bcu,D,Elaboración de productos de panadería y fideería,2009,6553739.20631133,miles_de_pesos_corrientes,False,
bcu,PIB-corriente-industrias-2006-2019.xlsx,Valores_C,pib_corriente_industrias,D.154R.0,D.154R.0,grupo_bcu,D,Elaboración de productos de panadería y fideería,2010,8369711.05165061,miles_de_pesos_corrientes,False,
bcu,PIB-corriente-industrias-2006-2019.xlsx,Valores_C,pib_corriente_industrias,D.154R.0,D.154R.0,grupo_bcu,D,Elaboración de productos de panadería y fideería,2011,8406710.58716304,miles_de_pesos_corrientes,False,
bcu,PIB-corriente-industrias-2006-2019.xlsx,Valores_C,pib_corriente_industrias,D.154R.0,D.154R.0,grupo_bcu,D,Elaboración de productos de panadería y fideería,2012,10530220.0714405,miles_de_pesos_corrientes,False,
bcu,PIB-corriente-industrias-2006-2019.xlsx,Valores_C,pib_corriente_industrias,D.154R.0,D.154R.0,grupo_bcu,D,Elaboración de productos de panadería y fideería,2013,12494111.3720801,miles_de_pesos_corrientes,False,
bcu,PIB-corriente-industrias-2006-2019.xlsx,Valores_C,pib_corriente_industrias,D.154R.0,D.154R.0,grupo_bcu,D,Elaboración de productos de panadería y fideería,2014,14898616.5201627,miles_de_pesos_corrientes,False,
bcu,PIB-corriente-industrias-2006-2019.xlsx,Valores_C,pib_corriente_industrias,D.154R.0,D.154R.0,grupo_bcu,D,Elaboración de productos de panadería y fideería,2015,16809930.7217521,miles_de_pesos_corrientes,False,
bcu,PIB-corriente-industrias-2006-2019.xlsx,Valores_C,pib_corriente_industrias,D.154R.0,D.154R.0,grupo_bcu,D,Elaboración de productos de panadería y fideería,2016,18899227.9957046,miles_de_pesos_corrientes,False,
bcu,PIB-corriente-industrias-2006-2019.xlsx,Valores_C,pib_corriente_industrias,D.154R.0,D.154R.0,grupo_bcu,D,Elaboración de productos de panadería y fideería,2017,20126402.3617623,miles_de_pesos_corrientes,True,
bcu,PIB-corriente-industrias-2006-2019.xlsx,Valores_C,pib_corriente_industrias,D.154R.0,D.154R.0,grupo_bcu,D,Elaboración de productos de panadería y fideería,2018,19129685.8237031,miles_de_pesos_corrientes,True,
bcu,PIB-corriente-industrias-2006-2019.xlsx,Valores_C,pib_corriente_industrias,D.154R.0,D.154R.0,grupo_bcu,D,Elaboración de productos de panadería y fideería,2019,,miles_de_pesos_corrientes,True,"Debido a la priorizacion del cronograma del PLAE, para el ano 2019 no se dispone de estimaciones mas alla de los dos digitos de la CIIU Rev. 3."
bcu,PIB-corriente-industrias-2006-2019.xlsx,Valores_C,pib_corriente_industrias,D.154S.0,D.154S.0,grupo_bcu,D,"Elaboración de azúcar, cacao, chocolate, productos de confitería y de otros productos alimenticios n.c.p.",2005,4597793.12725686,miles_de_pesos_corrientes,False,
bcu,PIB-corriente-industrias-2006-2019.xlsx,Valores_C,pib_corriente_industrias,D.154S.0,D.154S.0,grupo_bcu,D,"Elaboración de azúcar, cacao, chocolate, productos de confitería y de otros productos alimenticios n.c.p.",2006,5774981.6119571,miles_de_pesos_corrientes,False,
bcu,PIB-corriente-industrias-2006-2019.xlsx,Valores_C,pib_corriente_industrias,D.154S.0,D.154S.0,grupo_bcu,D,"Elaboración de azúcar, cacao, chocolate, productos de confitería y de otros productos alimenticios n.c.p.",2007,6871853.72175861,miles_de_pesos_corrientes,False,
bcu,PIB-corriente-industrias-2006-2019.xlsx,Valores_C,pib_corriente_industrias,D.154S.0,D.154S.0,grupo_bcu,D,"Elaboración de azúcar, cacao, chocolate, productos de confitería y de otros productos alimenticios n.c.p.",2008,6216354.05799208,miles_de_pesos_corrientes,False,
bcu,PIB-corriente-industrias-2006-2019.xlsx,Valores_C,pib_corriente_industrias,D.154S.0,D.154S.0,grupo_bcu,D,"Elaboración de azúcar, cacao, chocolate, productos de confitería y de otros productos alimenticios n.c.p.",2009,8166305.34250938,miles_de_pesos_corrientes,False,
bcu,PIB-corriente-industrias-2006-2019.xlsx,Valores_C,pib_corriente_industrias,D.154S.0,D.154S.0,grupo_bcu,D,"Elaboración de azúcar, cacao, chocolate, productos de confitería y de otros productos alimenticios n.c.p.",2010,7728595.9289842,miles_de_pesos_corrientes,False,
bcu,PIB-corriente-industrias-2006-2019.xlsx,Valores_C,pib_corriente_industrias,D.154S.0,D.154S.0,grupo_bcu,D,"Elaboración de azúcar, cacao, chocolate, productos de confitería y de otros productos alimenticios n.c.p.",2011,8403981.02982462,miles_de_pesos_corrientes,False,
bcu,PIB-corriente-industrias-2006-2019.xlsx,Valores_C,pib_corriente_industrias,D.154S.0,D.154S.0,grupo_bcu,D,"Elaboración de azúcar, cacao, chocolate, productos de confitería y de otros productos alimenticios n.c.p.",2012,9286995.35866306,miles_de_pesos_corrientes,False,
bcu,PIB-corriente-industrias-2006-2019.xlsx,Valores_C,pib_corriente_industrias,D.154S.0,D.154S.0,grupo_bcu,D,"Elaboración de azúcar, cacao, chocolate, productos de confitería y de otros productos alimenticios n.c.p.",2013,9647058.98311742,miles_de_pesos_corrientes,False,
bcu,PIB-corriente-industrias-2006-2019.xlsx,Valores_C,pib_corriente_industrias,D.154S.0,D.154S.0,grupo_bcu,D,"Elaboración de azúcar, cacao, chocolate, productos de confitería y de otros productos alimenticios n.c.p.",2014,11215275.1909108,miles_de_pesos_corrientes,False,
bcu,PIB-corriente-industrias-2006-2019.xlsx,Valores_C,pib_corriente_industrias,D.154S.0,D.154S.0,grupo_bcu,D,"Elaboración de azúcar, cacao, chocolate, productos de confitería y de otros productos alimenticios n.c.p.",2015,13337617.2061056,miles_de_pesos_corrientes,False,
bcu,PIB-corriente-industrias-2006-2019.xlsx,Valores_C,pib_corriente_industrias,D.154S.0,D.154S.0,grupo_bcu,D,"Elaboración de azúcar, cacao, chocolate, productos de confitería y de otros productos alimenticios n.c.p.",2016,15558275.4286793,miles_de_pesos_corrientes,False,
bcu,PIB-corriente-industrias-2006-2019.xlsx,Valores_C,pib_corriente_industrias,D.154S.0,D.154S.0,grupo_bcu,D,"Elaboración de azúcar, cacao, chocolate, productos de confitería y de otros productos alimenticios n.c.p.",2017,14102378.7029077,miles_de_pesos_corrientes,True,
bcu,PIB-corriente-industrias-2006-2019.xlsx,Valores_C,pib_corriente_industrias,D.154S.0,D.154S.0,grupo_bcu,D,"Elaboración de azúcar, cacao, chocolate, productos de confitería y de otros productos alimenticios n.c.p.",2018,13754051.6615487,miles_de_pesos_corrientes,True,
bcu,PIB-corriente-industrias-2006-2019.xlsx,Valores_C,pib_corriente_industrias,D.154S.0,D.154S.0,grupo_bcu,D,"Elaboración de azúcar, cacao, chocolate, productos de confitería y de otros productos alimenticios n.c.p.",2019,,miles_de_pesos_corrientes,True,"Debido a la priorizacion del cronograma del PLAE, para el ano 2019 no se dispone de estimaciones mas alla de los dos digitos de la CIIU Rev. 3."
bcu,PIB-corriente-industrias-2006-2019.xlsx,Valores_C,pib_corriente_industrias,D.155T.0 y D.1600.0,D.155T.0 y D.1600.0,agregado_codigos,D,Elaboración de bebidas y productos de tabaco,2005,3628421.93681395,miles_de_pesos_corrientes,False,
bcu,PIB-corriente-industrias-2006-2019.xlsx,Valores_C,pib_corriente_industrias,D.155T.0 y D.1600.0,D.155T.0 y D.1600.0,agregado_codigos,D,Elaboración de bebidas y productos de tabaco,2006,3908089.29926488,miles_de_pesos_corrientes,False,
bcu,PIB-corriente-industrias-2006-2019.xlsx,Valores_C,pib_corriente_industrias,D.155T.0 y D.1600.0,D.155T.0 y D.1600.0,agregado_codigos,D,Elaboración de bebidas y productos de tabaco,2007,4410163.09810359,miles_de_pesos_corrientes,False,
bcu,PIB-corriente-industrias-2006-2019.xlsx,Valores_C,pib_corriente_industrias,D.155T.0 y D.1600.0,D.155T.0 y D.1600.0,agregado_codigos,D,Elaboración de bebidas y productos de tabaco,2008,5964589.71949546,miles_de_pesos_corrientes,False,
bcu,PIB-corriente-industrias-2006-2019.xlsx,Valores_C,pib_corriente_industrias,D.155T.0 y D.1600.0,D.155T.0 y D.1600.0,agregado_codigos,D,Elaboración de bebidas y productos de tabaco,2009,7395421.01361476,miles_de_pesos_corrientes,False,
bcu,PIB-corriente-industrias-2006-2019.xlsx,Valores_C,pib_corriente_industrias,D.155T.0 y D.1600.0,D.155T.0 y D.1600.0,agregado_codigos,D,Elaboración de bebidas y productos de tabaco,2010,8057050.7305061,miles_de_pesos_corrientes,False,
bcu,PIB-corriente-industrias-2006-2019.xlsx,Valores_C,pib_corriente_industrias,D.155T.0 y D.1600.0,D.155T.0 y D.1600.0,agregado_codigos,D,Elaboración de bebidas y productos de tabaco,2011,9342946.65475122,miles_de_pesos_corrientes,False,
bcu,PIB-corriente-industrias-2006-2019.xlsx,Valores_C,pib_corriente_industrias,D.155T.0 y D.1600.0,D.155T.0 y D.1600.0,agregado_codigos,D,Elaboración de bebidas y productos de tabaco,2012,11004317.8863116,miles_de_pesos_corrientes,False,
bcu,PIB-corriente-industrias-2006-2019.xlsx,Valores_C,pib_corriente_industrias,D.155T.0 y D.1600.0,D.155T.0 y D.1600.0,agregado_codigos,D,Elaboración de bebidas y productos de tabaco,2013,10365772.8971393,miles_de_pesos_corrientes,False,
bcu,PIB-corriente-industrias-2006-2019.xlsx,Valores_C,pib_corriente_industrias,D.155T.0 y D.1600.0,D.155T.0 y D.1600.0,agregado_codigos,D,Elaboración de bebidas y productos de tabaco,2014,11416808.7158369,miles_de_pesos_corrientes,False,
bcu,PIB-corriente-industrias-2006-2019.xlsx,Valores_C,pib_corriente_industrias,D.155T.0 y D.1600.0,D.155T.0 y D.1600.0,agregado_codigos,D,Elaboración de bebidas y productos de tabaco,2015,11991504.9051319,miles_de_pesos_corrientes,False,
bcu,PIB-corriente-industrias-2006-2019.xlsx,Valores_C,pib_corriente_industrias,D.155T.0 y D.1600.0,D.155T.0 y D.1600.0,agregado_codigos,D,Elaboración de bebidas y productos de tabaco,2016,12948401.4037202,miles_de_pesos_corrientes,False,
bcu,PIB-corriente-industrias-2006-2019.xlsx,Valores_C,pib_corriente_industrias,D.155T.0 y D.1600.0,D.155T.0 y D.1600.0,agregado_codigos,D,Elaboración de bebidas y productos de tabaco,2017,13987915.2319944,miles_de_pesos_corrientes,True,
bcu,PIB-corriente-industrias-2006-2019.xlsx,Valores_C,pib_corriente_industrias,D.155T.0 y D.1600.0,D.155T.0 y D.1600.0,agregado_codigos,D,Elaboración de bebidas y productos de tabaco,2018,12747622.0955441,miles_de_pesos_corrientes,True,
bcu,PIB-corriente-industrias-2006-2019.xlsx,Valores_C,pib_corriente_industrias,D.155T.0 y D.1600.0,D.155T.0 y D.1600.0,agregado_codigos,D,Elaboración de bebidas y productos de tabaco,2019,,miles_de_pesos_corrientes,True,"Debido a la priorizacion del cronograma del PLAE, para el ano 2019 no se dispone de estimaciones mas alla de los dos digitos de la CIIU Rev. 3."
bcu,PIB-corriente-industrias-2006-2019.xlsx,Valores_C,pib_corriente_industrias,D.17 a D.19,D.17 a D.19,agregado_codigos,D,Fabricación de productos textiles y prendas de vestir; curtido y adobo de pieles y cueros; productos de cuero y calzado,2005,6980817.13590003,miles_de_pesos_corrientes,False,
bcu,PIB-corriente-industrias-2006-2019.xlsx,Valores_C,pib_corriente_industrias,D.17 a D.19,D.17 a D.19,agregado_codigos,D,Fabricación de productos textiles y prendas de vestir; curtido y adobo de pieles y cueros; productos de cuero y calzado,2006,7813379.92565926,miles_de_pesos_corrientes,False,
bcu,PIB-corriente-industrias-2006-2019.xlsx,Valores_C,pib_corriente_industrias,D.17 a D.19,D.17 a D.19,agregado_codigos,D,Fabricación de productos textiles y prendas de vestir; curtido y adobo de pieles y cueros; productos de cuero y calzado,2007,7342084.84218035,miles_de_pesos_corrientes,False,
bcu,PIB-corriente-industrias-2006-2019.xlsx,Valores_C,pib_corriente_industrias,D.17 a D.19,D.17 a D.19,agregado_codigos,D,Fabricación de productos textiles y prendas de vestir; curtido y adobo de pieles y cueros; productos de cuero y calzado,2008,6831092.8627499,miles_de_pesos_corrientes,False,
bcu,PIB-corriente-industrias-2006-2019.xlsx,Valores_C,pib_corriente_industrias,D.17 a D.19,D.17 a D.19,agregado_codigos,D,Fabricación de productos textiles y prendas de vestir; curtido y adobo de pieles y cueros; productos de cuero y calzado,2009,6168575.5377901,miles_de_pesos_corrientes,False,
bcu,PIB-corriente-industrias-2006-2019.xlsx,Valores_C,pib_corriente_industrias,D.17 a D.19,D.17 a D.19,agregado_codigos,D,Fabricación de productos textiles y prendas de vestir; curtido y adobo de pieles y cueros; productos de cuero y calzado,2010,5732309.34946929,miles_de_pesos_corrientes,False,
bcu,PIB-corriente-industrias-2006-2019.xlsx,Valores_C,pib_corriente_industrias,D.17 a D.19,D.17 a D.19,agregado_codigos,D,Fabricación de productos textiles y prendas de vestir; curtido y adobo de pieles y cueros; productos de cuero y calzado,2011,5424424.87736239,miles_de_pesos_corrientes,False,
bcu,PIB-corriente-industrias-2006-2019.xlsx,Valores_C,pib_corriente_industrias,D.17 a D.19,D.17 a D.19,agregado_codigos,D,Fabricación de productos textiles y prendas de vestir; curtido y adobo de pieles y cueros; productos de cuero y calzado,2012,5581380.92067441,miles_de_pesos_corrientes,False,
bcu,PIB-corriente-industrias-2006-2019.xlsx,Valores_C,pib_corriente_industrias,D.17 a D.19,D.17 a D.19,agregado_codigos,D,Fabricación de productos textiles y prendas de vestir; curtido y adobo de pieles y cueros; productos de cuero y calzado,2013,5323014.11684487,miles_de_pesos_corrientes,False,
bcu,PIB-corriente-industrias-2006-2019.xlsx,Valores_C,pib_corriente_industrias,D.17 a D.19,D.17 a D.19,agregado_codigos,D,Fabricación de productos textiles y prendas de vestir; curtido y adobo de pieles y cueros; productos de cuero y calzado,2014,5611087.62278384,miles_de_pesos_corrientes,False,
bcu,PIB-corriente-industrias-2006-2019.xlsx,Valores_C,pib_corriente_industrias,D.17 a D.19,D.17 a D.19,agregado_codigos,D,Fabricación de productos textiles y prendas de vestir; curtido y adobo de pieles y cueros; productos de cuero y calzado,2015,5377474.23485256,miles_de_pesos_corrientes,False,
bcu,PIB-corriente-industrias-2006-2019.xlsx,Valores_C,pib_corriente_industrias,D.17 a D.19,D.17 a D.19,agregado_codigos,D,Fabricación de productos textiles y prendas de vestir; curtido y adobo de pieles y cueros; productos de cuero y calzado,2016,5650894.0326573,miles_de_pesos_corrientes,False,
bcu,PIB-corriente-industrias-2006-2019.xlsx,Valores_C,pib_corriente_industrias,D.17 a D.19,D.17 a D.19,agregado_codigos,D,Fabricación de productos textiles y prendas de vestir; curtido y adobo de pieles y cueros; productos de cuero y calzado,2017,5167945.00580892,miles_de_pesos_corrientes,True,
bcu,PIB-corriente-industrias-2006-2019.xlsx,Valores_C,pib_corriente_industrias,D.17 a D.19,D.17 a D.19,agregado_codigos,D,Fabricación de productos textiles y prendas de vestir; curtido y adobo de pieles y cueros; productos de cuero y calzado,2018,6009773.22373472,miles_de_pesos_corrientes,True,
bcu,PIB-corriente-industrias-2006-2019.xlsx,Valores_C,pib_corriente_industrias,D.17 a D.19,D.17 a D.19,agregado_codigos,D,Fabricación de productos textiles y prendas de vestir; curtido y adobo de pieles y cueros; productos de cuero y calzado,2019,5829185.58593441,miles_de_pesos_corrientes,True,
bcu,PIB-corriente-industrias-2006-2019.xlsx,Valores_C,pib_corriente_industrias,D.17TT.0,D.17TT.0,grupo_bcu,D,Fabricación de productos textiles,2005,3018546.16866678,miles_de_pesos_corrientes,False,
bcu,PIB-corriente-industrias-2006-2019.xlsx,Valores_C,pib_corriente_industrias,D.17TT.0,D.17TT.0,grupo_bcu,D,Fabricación de productos textiles,2006,2923867.21523218,miles_de_pesos_corrientes,False,
bcu,PIB-corriente-industrias-2006-2019.xlsx,Valores_C,pib_corriente_industrias,D.17TT.0,D.17TT.0,grupo_bcu,D,Fabricación de productos textiles,2007,2888501.41198774,miles_de_pesos_corrientes,False,
bcu,PIB-corriente-industrias-2006-2019.xlsx,Valores_C,pib_corriente_industrias,D.17TT.0,D.17TT.0,grupo_bcu,D,Fabricación de productos textiles,2008,2467890.54195104,miles_de_pesos_corrientes,False,
bcu,PIB-corriente-industrias-2006-2019.xlsx,Valores_C,pib_corriente_industrias,D.17TT.0,D.17TT.0,grupo_bcu,D,Fabricación de productos textiles,2009,2640565.56995305,miles_de_pesos_corrientes,False,
bcu,PIB-corriente-industrias-2006-2019.xlsx,Valores_C,pib_corriente_industrias,D.17TT.0,D.17TT.0,grupo_bcu,D,Fabricación de productos textiles,2010,2506862.26383435,miles_de_pesos_corrientes,False,
bcu,PIB-corriente-industrias-2006-2019.xlsx,Valores_C,pib_corriente_industrias,D.17TT.0,D.17TT.0,grupo_bcu,D,Fabricación de productos textiles,2011,2638953.7340195,miles_de_pesos_corrientes,False,
bcu,PIB-corriente-industrias-2006-2019.xlsx,Valores_C,pib_corriente_industrias,D.17TT.0,D.17TT.0,grupo_bcu,D,Fabricación de productos textiles,2012,2662136.50901285,miles_de_pesos_corrientes,False,
bcu,PIB-corriente-industrias-2006-2019.xlsx,Valores_C,pib_corriente_industrias,D.17TT.0,D.17TT.0,grupo_bcu,D,Fabricación de productos textiles,2013,2526184.21049081,miles_de_pesos_corrientes,False,
bcu,PIB-corriente-industrias-2006-2019.xlsx,Valores_C,pib_corriente_industrias,D.17TT.0,D.17TT.0,grupo_bcu,D,Fabricación de productos textiles,2014,2748624.93956928,miles_de_pesos_corrientes,False,
bcu,PIB-corriente-industrias-2006-2019.xlsx,Valores_C,pib_corriente_industrias,D.17TT.0,D.17TT.0,grupo_bcu,D,Fabricación de productos textiles,2015,3314682.10474355,miles_de_pesos_corrientes,False,
bcu,PIB-corriente-industrias-2006-2019.xlsx,Valores_C,pib_corriente_industrias,D.17TT.0,D.17TT.0,grupo_bcu,D,Fabricación de productos textiles,2016,3645769.80610403,miles_de_pesos_corrientes,False,
bcu,PIB-corriente-industrias-2006-2019.xlsx,Valores_C,pib_corriente_industrias,D.17TT.0,D.17TT.0,grupo_bcu,D,Fabricación de productos textiles,2017,3178030.91730306,miles_de_pesos_corrientes,True,
bcu,PIB-corriente-industrias-2006-2019.xlsx,Valores_C,pib_corriente_industrias,D.17TT.0,D.17TT.0,grupo_bcu,D,Fabricación de productos textiles,2018,4352569.83128599,miles_de_pesos_corrientes,True,
bcu,PIB-corriente-industrias-2006-2019.xlsx,Valores_C,pib_corriente_industrias,D.17TT.0,D.17TT.0,grupo_bcu,D,Fabricación de productos textiles,2019,,miles_de_pesos_corrientes,True,"Debido a la priorizacion del cronograma del PLAE, para el ano 2019 no se dispone de estimaciones mas alla de los dos digitos de la CIIU Rev. 3."
bcu,PIB-corriente-industrias-2006-2019.xlsx,Valores_C,pib_corriente_industrias,D.18TT.0,D.18TT.0,grupo_bcu,D,Fabricación de prendas de vestir; adobo y teñido de pieles,2005,2633377.22447602,miles_de_pesos_corrientes,False,
bcu,PIB-corriente-industrias-2006-2019.xlsx,Valores_C,pib_corriente_industrias,D.18TT.0,D.18TT.0,grupo_bcu,D,Fabricación de prendas de vestir; adobo y teñido de pieles,2006,2965486.8186317,miles_de_pesos_corrientes,False,
bcu,PIB-corriente-industrias-2006-2019.xlsx,Valores_C,pib_corriente_industrias,D.18TT.0,D.18TT.0,grupo_bcu,D,Fabricación de prendas de vestir; adobo y teñido de pieles,2007,2956137.80877098,miles_de_pesos_corrientes,False,
bcu,PIB-corriente-industrias-2006-2019.xlsx,Valores_C,pib_corriente_industrias,D.18TT.0,D.18TT.0,grupo_bcu,D,Fabricación de prendas de vestir; adobo y teñido de pieles,2008,2916111.82120989,miles_de_pesos_corrientes,False,
bcu,PIB-corriente-industrias-2006-2019.xlsx,Valores_C,pib_corriente_industrias,D.18TT.0,D.18TT.0,grupo_bcu,D,Fabricación de prendas de vestir; adobo y teñido de pieles,2009,2464514.01097263,miles_de_pesos_corrientes,False,
bcu,PIB-corriente-industrias-2006-2019.xlsx,Valores_C,pib_corriente_industrias,D.18TT.0,D.18TT.0,grupo_bcu,D,Fabricación de prendas de vestir; adobo y teñido de pieles,2010,2377695.20971134,miles_de_pesos_corrientes,False,
bcu,PIB-corriente-industrias-2006-2019.xlsx,Valores_C,pib_corriente_industrias,D.18TT.0,D.18TT.0,grupo_bcu,D,Fabricación de prendas de vestir; adobo y teñido de pieles,2011,2084000.76265584,miles_de_pesos_corrientes,False,
bcu,PIB-corriente-industrias-2006-2019.xlsx,Valores_C,pib_corriente_industrias,D.18TT.0,D.18TT.0,grupo_bcu,D,Fabricación de prendas de vestir; adobo y teñido de pieles,2012,2148561.01700127,miles_de_pesos_corrientes,False,
bcu,PIB-corriente-industrias-2006-2019.xlsx,Valores_C,pib_corriente_industrias,D.18TT.0,D.18TT.0,grupo_bcu,D,Fabricación de prendas de vestir; adobo y teñido de pieles,2013,2030623.95980154,miles_de_pesos_corrientes,False,
bcu,PIB-corriente-industrias-2006-2019.xlsx,Valores_C,pib_corriente_industrias,D.18TT.0,D.18TT.0,grupo_bcu,D,Fabricación de prendas de vestir; adobo y teñido de pieles,2014,1456422.38748059,miles_de_pesos_corrientes,False,
bcu,PIB-corriente-industrias-2006-2019.xlsx,Valores_C,pib_corriente_industrias,D.18TT.0,D.18TT.0,grupo_bcu,D,Fabricación de prendas de vestir; adobo y teñido de pieles,2015,939302.167789972,miles_de_pesos_corrientes,False,
bcu,PIB-corriente-industrias-2006-2019.xlsx,Valores_C,pib_corriente_industrias,D.18TT.0,D.18TT.0,grupo_bcu,D,Fabricación de prendas de vestir; adobo y teñido de pieles,2016,684145.656141044,miles_de_pesos_corrientes,False,
bcu,PIB-corriente-industrias-2006-2019.xlsx,Valores_C,pib_corriente_industrias,D.18TT.0,D.18TT.0,grupo_bcu,D,Fabricación de prendas de vestir; adobo y teñido de pieles,2017,672024.736776013,miles_de_pesos_corrientes,True,
bcu,PIB-corriente-industrias-2006-2019.xlsx,Valores_C,pib_corriente_industrias,D.18TT.0,D.18TT.0,grupo_bcu,D,Fabricación de prendas de vestir; adobo y teñido de pieles,2018,579311.103279825,miles_de_pesos_corrientes,True,
bcu,PIB-corriente-industrias-2006-2019.xlsx,Valores_C,pib_corriente_industrias,D.18TT.0,D.18TT.0,grupo_bcu,D,Fabricación de prendas de vestir; adobo y teñido de pieles,2019,,miles_de_pesos_corrientes,True,"Debido a la priorizacion del cronograma del PLAE, para el ano 2019 no se dispone de estimaciones mas alla de los dos digitos de la CIIU Rev. 3."
bcu,PIB-corriente-industrias-2006-2019.xlsx,Valores_C,pib_corriente_industrias,D.19TT.0,D.19TT.0,grupo_bcu,D,"Curtido y adobo de cueros; fabricación de maletas, bolsos de mano, artículos de talabartería y guarnicionería, y calzado",2005,1328893.74275723,miles_de_pesos_corrientes,False,
bcu,PIB-corriente-industrias-2006-2019.xlsx,Valores_C,pib_corriente_industrias,D.19TT.0,D.19TT.0,grupo_bcu,D,"Curtido y adobo de cueros; fabricación de maletas, bolsos de mano, artículos de talabartería y guarnicionería, y calzado",2006,1924025.89179538,miles_de_pesos_corrientes,False,
bcu,PIB-corriente-industrias-2006-2019.xlsx,Valores_C,pib_corriente_industrias,D.19TT.0,D.19TT.0,grupo_bcu,D,"Curtido y adobo de cueros; fabricación de maletas, bolsos de mano, artículos de talabartería y guarnicionería, y calzado",2007,1497445.62142163,miles_de_pesos_corrientes,False,
bcu,PIB-corriente-industrias-2006-2019.xlsx,Valores_C,pib_corriente_industrias,D.19TT.0,D.19TT.0,grupo_bcu,D,"Curtido y adobo de cueros; fabricación de maletas, bolsos de mano, artículos de talabartería y guarnicionería, y calzado",2008,1447090.49958896,miles_de_pesos_corrientes,False,
bcu,PIB-corriente-industrias-2006-2019.xlsx,Valores_C,pib_corriente_industrias,D.19TT.0,D.19TT.0,grupo_bcu,D,"Curtido y adobo de cueros; fabricación de maletas, bolsos de mano, artículos de talabartería y guarnicionería, y calzado",2009,1063495.95686441,miles_de_pesos_corrientes,False,
bcu,PIB-corriente-industrias-2006-2019.xlsx,Valores_C,pib_corriente_industrias,D.19TT.0,D.19TT.0,grupo_bcu,D,"Curtido y adobo de cueros; fabricación de maletas, bolsos de mano, artículos de talabartería y guarnicionería, y calzado",2010,847751.875923604,miles_de_pesos_corrientes,False,
bcu,PIB-corriente-industrias-2006-2019.xlsx,Valores_C,pib_corriente_industrias,D.19TT.0,D.19TT.0,grupo_bcu,D,"Curtido y adobo de cueros; fabricación de maletas, bolsos de mano, artículos de talabartería y guarnicionería, y calzado",2011,701470.380687052,miles_de_pesos_corrientes,False,
bcu,PIB-corriente-industrias-2006-2019.xlsx,Valores_C,pib_corriente_industrias,D.19TT.0,D.19TT.0,grupo_bcu,D,"Curtido y adobo de cueros; fabricación de maletas, bolsos de mano, artículos de talabartería y guarnicionería, y calzado",2012,770683.394660282,miles_de_pesos_corrientes,False,
bcu,PIB-corriente-industrias-2006-2019.xlsx,Valores_C,pib_corriente_industrias,D.19TT.0,D.19TT.0,grupo_bcu,D,"Curtido y adobo de cueros; fabricación de maletas, bolsos de mano, artículos de talabartería y guarnicionería, y calzado",2013,766205.94655252,miles_de_pesos_corrientes,False,
bcu,PIB-corriente-industrias-2006-2019.xlsx,Valores_C,pib_corriente_industrias,D.19TT.0,D.19TT.0,grupo_bcu,D,"Curtido y adobo de cueros; fabricación de maletas, bolsos de mano, artículos de talabartería y guarnicionería, y calzado",2014,1406040.29573396,miles_de_pesos_corrientes,False,
bcu,PIB-corriente-industrias-2006-2019.xlsx,Valores_C,pib_corriente_industrias,D.19TT.0,D.19TT.0,grupo_bcu,D,"Curtido y adobo de cueros; fabricación de maletas, bolsos de mano, artículos de talabartería y guarnicionería, y calzado",2015,1123489.96231903,miles_de_pesos_corrientes,False,
bcu,PIB-corriente-industrias-2006-2019.xlsx,Valores_C,pib_corriente_industrias,D.19TT.0,D.19TT.0,grupo_bcu,D,"Curtido y adobo de cueros; fabricación de maletas, bolsos de mano, artículos de talabartería y guarnicionería, y calzado",2016,1320978.57041222,miles_de_pesos_corrientes,False,
bcu,PIB-corriente-industrias-2006-2019.xlsx,Valores_C,pib_corriente_industrias,D.19TT.0,D.19TT.0,grupo_bcu,D,"Curtido y adobo de cueros; fabricación de maletas, bolsos de mano, artículos de talabartería y guarnicionería, y calzado",2017,1317889.35172985,miles_de_pesos_corrientes,True,
bcu,PIB-corriente-industrias-2006-2019.xlsx,Valores_C,pib_corriente_industrias,D.19TT.0,D.19TT.0,grupo_bcu,D,"Curtido y adobo de cueros; fabricación de maletas, bolsos de mano, artículos de talabartería y guarnicionería, y calzado",2018,1077892.2891689,miles_de_pesos_corrientes,True,
bcu,PIB-corriente-industrias-2006-2019.xlsx,Valores_C,pib_corriente_industrias,D.19TT.0,D.19TT.0,grupo_bcu,D,"Curtido y adobo de cueros; fabricación de maletas, bolsos de mano, artículos de talabartería y guarnicionería, y calzado",2019,,miles_de_pesos_corrientes,True,"Debido a la priorizacion del cronograma del PLAE, para el ano 2019 no se dispone de estimaciones mas alla de los dos digitos de la CIIU Rev. 3."
bcu,PIB-corriente-industrias-2006-2019.xlsx,Valores_C,pib_corriente_industrias,D.20 a D.22,D.20 a D.22,agregado_codigos,D,"Fabricación de madera y productos de madera, papel y productos del papel e imprentas",2005,5601552.02706501,miles_de_pesos_corrientes,False,
bcu,PIB-corriente-industrias-2006-2019.xlsx,Valores_C,pib_corriente_industrias,D.20 a D.22,D.20 a D.22,agregado_codigos,D,"Fabricación de madera y productos de madera, papel y productos del papel e imprentas",2006,6193244.33400373,miles_de_pesos_corrientes,False,
bcu,PIB-corriente-industrias-2006-2019.xlsx,Valores_C,pib_corriente_industrias,D.20 a D.22,D.20 a D.22,agregado_codigos,D,"Fabricación de madera y productos de madera, papel y productos del papel e imprentas",2007,7411375.95339789,miles_de_pesos_corrientes,False,
bcu,PIB-corriente-industrias-2006-2019.xlsx,Valores_C,pib_corriente_industrias,D.20 a D.22,D.20 a D.22,agregado_codigos,D,"Fabricación de madera y productos de madera, papel y productos del papel e imprentas",2008,16102559.783477,miles_de_pesos_corrientes,False,
bcu,PIB-corriente-industrias-2006-2019.xlsx,Valores_C,pib_corriente_industrias,D.20 a D.22,D.20 a D.22,agregado_codigos,D,"Fabricación de madera y productos de madera, papel y productos del papel e imprentas",2009,13723884.1671391,miles_de_pesos_corrientes,False,
bcu,PIB-corriente-industrias-2006-2019.xlsx,Valores_C,pib_corriente_industrias,D.20 a D.22,D.20 a D.22,agregado_codigos,D,"Fabricación de madera y productos de madera, papel y productos del papel e imprentas",2010,17558014.5796492,miles_de_pesos_corrientes,False,
bcu,PIB-corriente-industrias-2006-2019.xlsx,Valores_C,pib_corriente_industrias,D.20 a D.22,D.20 a D.22,agregado_codigos,D,"Fabricación de madera y productos de madera, papel y productos del papel e imprentas",2011,17398988.5753099,miles_de_pesos_corrientes,False,
bcu,PIB-corriente-industrias-2006-2019.xlsx,Valores_C,pib_corriente_industrias,D.20 a D.22,D.20 a D.22,agregado_codigos,D,"Fabricación de madera y productos de madera, papel y productos del papel e imprentas",2012,16461940.4889835,miles_de_pesos_corrientes,False,
bcu,PIB-corriente-industrias-2006-2019.xlsx,Valores_C,pib_corriente_industrias,D.20 a D.22,D.20 a D.22,agregado_codigos,D,"Fabricación de madera y productos de madera, papel y productos del papel e imprentas",2013,19021160.8436596,miles_de_pesos_corrientes,False,
bcu,PIB-corriente-industrias-2006-2019.xlsx,Valores_C,pib_corriente_industrias,D.20 a D.22,D.20 a D.22,agregado_codigos,D,"Fabricación de madera y productos de madera, papel y productos del papel e imprentas",2014,22785912.8528745,miles_de_pesos_corrientes,False,
bcu,PIB-corriente-industrias-2006-2019.xlsx,Valores_C,pib_corriente_industrias,D.20 a D.22,D.20 a D.22,agregado_codigos,D,"Fabricación de madera y productos de madera, papel y productos del papel e imprentas",2015,29314701.4669222,miles_de_pesos_corrientes,False,
bcu,PIB-corriente-industrias-2006-2019.xlsx,Valores_C,pib_corriente_industrias,D.20 a D.22,D.20 a D.22,agregado_codigos,D,"Fabricación de madera y productos de madera, papel y productos del papel e imprentas",2016,26779325.1496057,miles_de_pesos_corrientes,False,
bcu,PIB-corriente-industrias-2006-2019.xlsx,Valores_C,pib_corriente_industrias,D.20 a D.22,D.20 a D.22,agregado_codigos,D,"Fabricación de madera y productos de madera, papel y productos del papel e imprentas",2017,25712904.9040538,miles_de_pesos_corrientes,True,
bcu,PIB-corriente-industrias-2006-2019.xlsx,Valores_C,pib_corriente_industrias,D.20 a D.22,D.20 a D.22,agregado_codigos,D,"Fabricación de madera y productos de madera, papel y productos del papel e imprentas",2018,40798584.5192574,miles_de_pesos_corrientes,True,
bcu,PIB-corriente-industrias-2006-2019.xlsx,Valores_C,pib_corriente_industrias,D.20 a D.22,D.20 a D.22,agregado_codigos,D,"Fabricación de madera y productos de madera, papel y productos del papel e imprentas",2019,42591908.5687598,miles_de_pesos_corrientes,True,
bcu,PIB-corriente-industrias-2006-2019.xlsx,Valores_C,pib_corriente_industrias,D.20TT.0,D.20TT.0,grupo_bcu,D,Producción de madera y fabricación de productos de madera y corcho excepto muebles; fabricación de artículos de paja y de materiales trenzables,2005,2441136.50731117,miles_de_pesos_corrientes,False,
bcu,PIB-corriente-industrias-2006-2019.xlsx,Valores_C,pib_corriente_industrias,D.20TT.0,D.20TT.0,grupo_bcu,D,Producción de madera y fabricación de productos de madera y corcho excepto muebles; fabricación de artículos de paja y de materiales trenzables,2006,2995732.57506519,miles_de_pesos_corrientes,False,
bcu,PIB-corriente-industrias-2006-2019.xlsx,Valores_C,pib_corriente_industrias,D.20TT.0,D.20TT.0,grupo_bcu,D,Producción de madera y fabricación de productos de madera y corcho excepto muebles; fabricación de artículos de paja y de materiales trenzables,2007,3062036.34842645,miles_de_pesos_corrientes,False,
bcu,PIB-corriente-industrias-2006-2019.xlsx,Valores_C,pib_corriente_industrias,D.20TT.0,D.20TT.0,grupo_bcu,D,Producción de madera y fabricación de productos de madera y corcho excepto muebles; fabricación de artículos de paja y de materiales trenzables,2008,4833346.74684359,miles_de_pesos_corrientes,False,
bcu,PIB-corriente-industrias-2006-2019.xlsx,Valores_C,pib_corriente_industrias,D.20TT.0,D.20TT.0,grupo_bcu,D,Producción de madera y fabricación de productos de madera y corcho excepto muebles; fabricación de artículos de paja y de materiales trenzables,2009,3805562.61865277,miles_de_pesos_corrientes,False,
bcu,PIB-corriente-industrias-2006-2019.xlsx,Valores_C,pib_corriente_industrias,D.20TT.0,D.20TT.0,grupo_bcu,D,Producción de madera y fabricación de productos de madera y corcho excepto muebles; fabricación de artículos de paja y de materiales trenzables,2010,3907219.32424823,miles_de_pesos_corrientes,False,
bcu,PIB-corriente-industrias-2006-2019.xlsx,Valores_C,pib_corriente_industrias,D.20TT.0,D.20TT.0,grupo_bcu,D,Producción de madera y fabricación de productos de madera y corcho excepto muebles; fabricación de artículos de paja y de materiales trenzables,2011,4927243.97478595,miles_de_pesos_corrientes,False,
bcu,PIB-corriente-industrias-2006-2019.xlsx,Valores_C,pib_corriente_industrias,D.20TT.0,D.20TT.0,grupo_bcu,D,Producción de madera y fabricación de productos de madera y corcho excepto muebles; fabricación de artículos de paja y de materiales trenzables,2012,4835387.61525518,miles_de_pesos_corrientes,False,
bcu,PIB-corriente-industrias-2006-2019.xlsx,Valores_C,pib_corriente_industrias,D.20TT.0,D.20TT.0,grupo_bcu,D,Producción de madera y fabricación de productos de madera y corcho excepto muebles; fabricación de artículos de paja y de materiales trenzables,2013,5393368.13005329,miles_de_pesos_corrientes,False,
bcu,PIB-corriente-industrias-2006-2019.xlsx,Valores_C,pib_corriente_industrias,D.20TT.0,D.20TT.0,grupo_bcu,D,Producción de madera y fabricación de productos de madera y corcho excepto muebles; fabricación de artículos de paja y de materiales trenzables,2014,6864577.69151273,miles_de_pesos_corrientes,False,
bcu,PIB-corriente-industrias-2006-2019.xlsx,Valores_C,pib_corriente_industrias,D.20TT.0,D.20TT.0,grupo_bcu,D,Producción de madera y fabricación de productos de madera y corcho excepto muebles; fabricación de artículos de paja y de materiales trenzables,2015,6456619.76952783,miles_de_pesos_corrientes,False,
bcu,PIB-corriente-industrias-2006-2019.xlsx,Valores_C,pib_corriente_industrias,D.20TT.0,D.20TT.0,grupo_bcu,D,Producción de madera y fabricación de productos de madera y corcho excepto muebles; fabricación de artículos de paja y de materiales trenzables,2016,6401211.80336061,miles_de_pesos_corrientes,False,
bcu,PIB-corriente-industrias-2006-2019.xlsx,Valores_C,pib_corriente_industrias,D.20TT.0,D.20TT.0,grupo_bcu,D,Producción de madera y fabricación de productos de madera y corcho excepto muebles; fabricación de artículos de paja y de materiales trenzables,2017,6758481.85079835,miles_de_pesos_corrientes,True,
bcu,PIB-corriente-industrias-2006-2019.xlsx,Valores_C,pib_corriente_industrias,D.20TT.0,D.20TT.0,grupo_bcu,D,Producción de madera y fabricación de productos de madera y corcho excepto muebles; fabricación de artículos de paja y de materiales trenzables,2018,7829262.95912035,miles_de_pesos_corrientes,True,
bcu,PIB-corriente-industrias-2006-2019.xlsx,Valores_C,pib_corriente_industrias,D.20TT.0,D.20TT.0,grupo_bcu,D,Producción de madera y fabricación de productos de madera y corcho excepto muebles; fabricación de artículos de paja y de materiales trenzables,2019,,miles_de_pesos_corrientes,True,"Debido a la priorizacion del cronograma del PLAE, para el ano 2019 no se dispone de estimaciones mas alla de los dos digitos de la CIIU Rev. 3."
bcu,PIB-corriente-industrias-2006-2019.xlsx,Valores_C,pib_corriente_industrias,D.210T.0,D.210T.0,grupo_bcu,D,Fabricación de papel y de productos de papel y cartón,2005,1046398.87792408,miles_de_pesos_corrientes,False,
bcu,PIB-corriente-industrias-2006-2019.xlsx,Valores_C,pib_corriente_industrias,D.210T.0,D.210T.0,grupo_bcu,D,Fabricación de papel y de productos de papel y cartón,2006,1000415.29627627,miles_de_pesos_corrientes,False,
bcu,PIB-corriente-industrias-2006-2019.xlsx,Valores_C,pib_corriente_industrias,D.210T.0,D.210T.0,grupo_bcu,D,Fabricación de papel y de productos de papel y cartón,2007,2031919.12390801,miles_de_pesos_corrientes,False,
bcu,PIB-corriente-industrias-2006-2019.xlsx,Valores_C,pib_corriente_industrias,D.210T.0,D.210T.0,grupo_bcu,D,Fabricación de papel y de productos de papel y cartón,2008,8606942.33287294,miles_de_pesos_corrientes,False,
bcu,PIB-corriente-industrias-2006-2019.xlsx,Valores_C,pib_corriente_industrias,D.210T.0,D.210T.0,grupo_bcu,D,Fabricación de papel y de productos de papel y cartón,2009,6729493.81785515,miles_de_pesos_corrientes,False,
bcu,PIB-corriente-industrias-2006-2019.xlsx,Valores_C,pib_corriente_industrias,D.210T.0,D.210T.0,grupo_bcu,D,Fabricación de papel y de productos de papel y cartón,2010,10690370.4590271,miles_de_pesos_corrientes,False,
bcu,PIB-corriente-industrias-2006-2019.xlsx,Valores_C,pib_corriente_industrias,D.210T.0,D.210T.0,grupo_bcu,D,Fabricación de papel y de productos de papel y cartón,2011,8862726.96450472,miles_de_pesos_corrientes,False,
bcu,PIB-corriente-industrias-2006-2019.xlsx,Valores_C,pib_corriente_industrias,D.210T.0,D.210T.0,grupo_bcu,D,Fabricación de papel y de productos de papel y cartón,2012,7877281.71611103,miles_de_pesos_corrientes,False,
bcu,PIB-corriente-industrias-2006-2019.xlsx,Valores_C,pib_corriente_industrias,D.210T.0,D.210T.0,grupo_bcu,D,Fabricación de papel y de productos de papel y cartón,2013,9212290.15321821,miles_de_pesos_corrientes,False,
bcu,PIB-corriente-industrias-2006-2019.xlsx,Valores_C,pib_corriente_industrias,D.210T.0,D.210T.0,grupo_bcu,D,Fabricación de papel y de productos de papel y cartón,2014,11469545.1475774,miles_de_pesos_corrientes,False,
bcu,PIB-corriente-industrias-2006-2019.xlsx,Valores_C,pib_corriente_industrias,D.210T.0,D.210T.0,grupo_bcu,D,Fabricación de papel y de productos de papel y cartón,2015,18367818.6462147,miles_de_pesos_corrientes,False,
bcu,PIB-corriente-industrias-2006-2019.xlsx,Valores_C,pib_corriente_industrias,D.210T.0,D.210T.0,grupo_bcu,D,Fabricación de papel y de productos de papel y cartón,2016,15572065.3906408,miles_de_pesos_corrientes,False,
bcu,PIB-corriente-industrias-2006-2019.xlsx,Valores_C,pib_corriente_industrias,D.210T.0,D.210T.0,grupo_bcu,D,Fabricación de papel y de productos de papel y cartón,2017,14201495.8147273,miles_de_pesos_corrientes,True,
bcu,PIB-corriente-industrias-2006-2019.xlsx,Valores_C,pib_corriente_industrias,D.210T.0,D.210T.0,grupo_bcu,D,Fabricación de papel y de productos de papel y cartón,2018,27707544.0036795,miles_de_pesos_corrientes,True,
bcu,PIB-corriente-industrias-2006-2019.xlsx,Valores_C,pib_corriente_industrias,D.210T.0,D.210T.0,grupo_bcu,D,Fabricación de papel y de productos de papel y cartón,2019,,miles_de_pesos_corrientes,True,"Debido a la priorizacion del cronograma del PLAE, para el ano 2019 no se dispone de estimaciones mas alla de los dos digitos de la CIIU Rev. 3."
bcu,PIB-corriente-industrias-2006-2019.xlsx,Valores_C,pib_corriente_industrias,D.22TT.0,D.22TT.0,grupo_bcu,D,Actividades de edición e impresión y de reproducción de grabaciones,2005,2114016.64182977,miles_de_pesos_corrientes,False,
bcu,PIB-corriente-industrias-2006-2019.xlsx,Valores_C,pib_corriente_industrias,D.22TT.0,D.22TT.0,grupo_bcu,D,Actividades de edición e impresión y de reproducción de grabaciones,2006,2197096.46266227,miles_de_pesos_corrientes,False,
bcu,PIB-corriente-industrias-2006-2019.xlsx,Valores_C,pib_corriente_industrias,D.22TT.0,D.22TT.0,grupo_bcu,D,Actividades de edición e impresión y de reproducción de grabaciones,2007,2317420.48106343,miles_de_pesos_corrientes,False,
bcu,PIB-corriente-industrias-2006-2019.xlsx,Valores_C,pib_corriente_industrias,D.22TT.0,D.22TT.0,grupo_bcu,D,Actividades de edición e impresión y de reproducción de grabaciones,2008,2662270.70376042,miles_de_pesos_corrientes,False,
bcu,PIB-corriente-industrias-2006-2019.xlsx,Valores_C,pib_corriente_industrias,D.22TT.0,D.22TT.0,grupo_bcu,D,Actividades de edición e impresión y de reproducción de grabaciones,2009,3188827.73063115,miles_de_pesos_corrientes,False,
bcu,PIB-corriente-industrias-2006-2019.xlsx,Valores_C,pib_corriente_industrias,D.22TT.0,D.22TT.0,grupo_bcu,D,Actividades de edición e impresión y de reproducción de grabaciones,2010,2960424.79637385,miles_de_pesos_corrientes,False,
bcu,PIB-corriente-industrias-2006-2019.xlsx,Valores_C,pib_corriente_industrias,D.22TT.0,D.22TT.0,grupo_bcu,D,Actividades de edición e impresión y de reproducción de grabaciones,2011,3609017.63601922,miles_de_pesos_corrientes,False,
bcu,PIB-corriente-industrias-2006-2019.xlsx,Valores_C,pib_corriente_industrias,D.22TT.0,D.22TT.0,grupo_bcu,D,Actividades de edición e impresión y de reproducción de grabaciones,2012,3749271.15761729,miles_de_pesos_corrientes,False,
bcu,PIB-corriente-industrias-2006-2019.xlsx,Valores_C,pib_corriente_industrias,D.22TT.0,D.22TT.0,grupo_bcu,D,Actividades de edición e impresión y de reproducción de grabaciones,2013,4415502.56038807,miles_de_pesos_corrientes,False,
bcu,PIB-corriente-industrias-2006-2019.xlsx,Valores_C,pib_corriente_industrias,D.22TT.0,D.22TT.0,grupo_bcu,D,Actividades de edición e impresión y de reproducción de grabaciones,2014,4451790.01378443,miles_de_pesos_corrientes,False,
bcu,PIB-corriente-industrias-2006-2019.xlsx,Valores_C,pib_corriente_industrias,D.22TT.0,D.22TT.0,grupo_bcu,D,Actividades de edición e impresión y de reproducción de grabaciones,2015,4490263.05117973,miles_de_pesos_corrientes,False,
bcu,PIB-corriente-industrias-2006-2019.xlsx,Valores_C,pib_corriente_industrias,D.22TT.0,D.22TT.0,grupo_bcu,D,Actividades de edición e impresión y de reproducción de grabaciones,2016,4806047.95560424,miles_de_pesos_corrientes,False,
bcu,PIB-corriente-industrias-2006-2019.xlsx,Valores_C,pib_corriente_industrias,D.22TT.0,D.22TT.0,grupo_bcu,D,Actividades de edición e impresión y de reproducción de grabaciones,2017,4752927.23852818,miles_de_pesos_corrientes,True,
bcu,PIB-corriente-industrias-2006-2019.xlsx,Valores_C,pib_corriente_industrias,D.22TT.0,D.22TT.0,grupo_bcu,D,Actividades de edición e impresión y de reproducción de grabaciones,2018,5261777.55645756,miles_de_pesos_corrientes,True,
bcu,PIB-corriente-industrias-2006-2019.xlsx,Valores_C,pib_corriente_industrias,D.22TT.0,D.22TT.0,grupo_bcu,D,Actividades de edición e impresión y de reproducción de grabaciones,2019,,miles_de_pesos_corrientes,True,"Debido a la priorizacion del cronograma del PLAE, para el ano 2019 no se dispone de estimaciones mas alla de los dos digitos de la CIIU Rev. 3."
bcu,PIB-corriente-industrias-2006-2019.xlsx,Valores_C,pib_corriente_industrias,D.23 (1),D.23,division,D,"Fabricación de coque, productos de la refinación del petróleo y combustible nuclear",2005,5840657.4675263,miles_de_pesos_corrientes,False,"En el valor agregado bruto del sector D.23-Fabricacion de coque, productos de la refinacion del petroleo y combustible nuclear; se incluye la comercializacion del combustible mayorista importado realizada por ANCAP."
bcu,PIB-corriente-industrias-2006-2019.xlsx,Valores_C,pib_corriente_industrias,D.23 (1),D.23,division,D,"Fabricación de coque, productos de la refinación del petróleo y combustible nuclear",2006,2816521.35026489,miles_de_pesos_corrientes,False,"En el valor agregado bruto del sector D.23-Fabricacion de coque, productos de la refinacion del petroleo y combustible nuclear; se incluye la comercializacion del combustible mayorista importado realizada por ANCAP."
bcu,PIB-corriente-industrias-2006-2019.xlsx,Valores_C,pib_corriente_industrias,D.23 (1),D.23,division,D,"Fabricación de coque, productos de la refinación del petróleo y combustible nuclear",2007,4016659.84146703,miles_de_pesos_corrientes,False,"En el valor agregado bruto del sector D.23-Fabricacion de coque, productos de la refinacion del petroleo y combustible nuclear; se incluye la comercializacion del combustible mayorista importado realizada por ANCAP."
bcu,PIB-corriente-industrias-2006-2019.xlsx,Valores_C,pib_corriente_industrias,D.23 (1),D.23,division,D,"Fabricación de coque, productos de la refinación del petróleo y combustible nuclear",2008,993478.770293675,miles_de_pesos_corrientes,False,"En el valor agregado bruto del sector D.23-Fabricacion de coque, productos de la refinacion del petroleo y combustible nuclear; se incluye la comercializacion del combustible mayorista importado realizada por ANCAP."
bcu,PIB-corriente-industrias-2006-2019.xlsx,Valores_C,pib_corriente_industrias,D.23 (1),D.23,division,D,"Fabricación de coque, productos de la refinación del petróleo y combustible nuclear",2009,6840051.38117641,miles_de_pesos_corrientes,False,"En el valor agregado bruto del sector D.23-Fabricacion de coque, productos de la refinacion del petroleo y combustible nuclear; se incluye la comercializacion del combustible mayorista importado realizada por ANCAP."
bcu,PIB-corriente-industrias-2006-2019.xlsx,Valores_C,pib_corriente_industrias,D.23 (1),D.23,division,D,"Fabricación de coque, productos de la refinación del petróleo y combustible nuclear",2010,5304522.83629287,miles_de_pesos_corrientes,False,"En el valor agregado bruto del sector D.23-Fabricacion de coque, productos de la refinacion del petroleo y combustible nuclear; se incluye la comercializacion del combustible mayorista importado realizada por ANCAP."
bcu,PIB-corriente-industrias-2006-2019.xlsx,Valores_C,pib_corriente_industrias,D.23 (1),D.23,division,D,"Fabricación de coque, productos de la refinación del petróleo y combustible nuclear",2011,3721276.86345262,miles_de_pesos_corrientes,False,"En el valor agregado bruto del sector D.23-Fabricacion de coque, productos de la refinacion del petroleo y combustible nuclear; se incluye la comercializacion del combustible mayorista importado realizada por ANCAP."
bcu,PIB-corriente-industrias-2006-2019.xlsx,Valores_C,pib_corriente_industrias,D.23 (1),D.23,division,D,"Fabricación de coque, productos de la refinación del petróleo y combustible nuclear",2012,5498991.16611201,miles_de_pesos_corrientes,False,"En el valor agregado bruto del sector D.23-Fabricacion de coque, productos de la refinacion del petroleo y combustible nuclear; se incluye la comercializacion del combustible mayorista importado realizada por ANCAP."
bcu,PIB-corriente-industrias-2006-2019.xlsx,Valores_C,pib_corriente_industrias,D.23 (1),D.23,division,D,"Fabricación de coque, productos de la refinación del petróleo y combustible nuclear",2013,5003201.91052981,miles_de_pesos_corrientes,False,"En el valor agregado bruto del sector D.23-Fabricacion de coque, productos de la refinacion del petroleo y combustible nuclear; se incluye la comercializacion del combustible mayorista importado realizada por ANCAP."
bcu,PIB-corriente-industrias-2006-2019.xlsx,Valores_C,pib_corriente_industrias,D.23 (1),D.23,division,D,"Fabricación de coque, productos de la refinación del petróleo y combustible nuclear",2014,6646922.45944276,miles_de_pesos_corrientes,False,"En el valor agregado bruto del sector D.23-Fabricacion de coque, productos de la refinacion del petroleo y combustible nuclear; se incluye la comercializacion del combustible mayorista importado realizada por ANCAP."
bcu,PIB-corriente-industrias-2006-2019.xlsx,Valores_C,pib_corriente_industrias,D.23 (1),D.23,division,D,"Fabricación de coque, productos de la refinación del petróleo y combustible nuclear",2015,17868302.1003877,miles_de_pesos_corrientes,False,"En el valor agregado bruto del sector D.23-Fabricacion de coque, productos de la refinacion del petroleo y combustible nuclear; se incluye la comercializacion del combustible mayorista importado realizada por ANCAP."
bcu,PIB-corriente-industrias-2006-2019.xlsx,Valores_C,pib_corriente_industrias,D.23 (1),D.23,division,D,"Fabricación de coque, productos de la refinación del petróleo y combustible nuclear",2016,22604742.2109389,miles_de_pesos_corrientes,False,"En el valor agregado bruto del sector D.23-Fabricacion de coque, productos de la refinacion del petroleo y combustible nuclear; se incluye la comercializacion del combustible mayorista importado realizada por ANCAP."
bcu,PIB-corriente-industrias-2006-2019.xlsx,Valores_C,pib_corriente_industrias,D.23 (1),D.23,division,D,"Fabricación de coque, productos de la refinación del petróleo y combustible nuclear",2017,12643740.3774943,miles_de_pesos_corrientes,True,"En el valor agregado bruto del sector D.23-Fabricacion de coque, productos de la refinacion del petroleo y combustible nuclear; se incluye la comercializacion del combustible mayorista importado realizada por ANCAP."
bcu,PIB-corriente-industrias-2006-2019.xlsx,Valores_C,pib_corriente_industrias,D.23 (1),D.23,division,D,"Fabricación de coque, productos de la refinación del petróleo y combustible nuclear",2018,17065360.962481,miles_de_pesos_corrientes,True,"En el valor agregado bruto del sector D.23-Fabricacion de coque, productos de la refinacion del petroleo y combustible nuclear; se incluye la comercializacion del combustible mayorista importado realizada por ANCAP."
bcu,PIB-corriente-industrias-2006-2019.xlsx,Valores_C,pib_corriente_industrias,D.23 (1),D.23,division,D,"Fabricación de coque, productos de la refinación del petróleo y combustible nuclear",2019,18703407.6541396,miles_de_pesos_corrientes,True,"En el valor agregado bruto del sector D.23-Fabricacion de coque, productos de la refinacion del petroleo y combustible nuclear; se incluye la comercializacion del combustible mayorista importado realizada por ANCAP."
bcu,PIB-corriente-industrias-2006-2019.xlsx,Valores_C,pib_corriente_industrias,D.23TT.0,D.23TT.0,grupo_bcu,D,"Fabricación de coque, productos de la refinación del petróleo y combustible nuclear",2005,5840657.4675263,miles_de_pesos_corrientes,False,
bcu,PIB-corriente-industrias-2006-2019.xlsx,Valores_C,pib_corriente_industrias,D.23TT.0,D.23TT.0,grupo_bcu,D,"Fabricación de coque, productos de la refinación del petróleo y combustible nuclear",2006,2816521.35026489,miles_de_pesos_corrientes,False,
bcu,PIB-corriente-industrias-2006-2019.xlsx,Valores_C,pib_corriente_industrias,D.23TT.0,D.23TT.0,grupo_bcu,D,"Fabricación de coque, productos de la refinación del petróleo y combustible nuclear",2007,4016659.84146703,miles_de_pesos_corrientes,False,
bcu,PIB-corriente-industrias-2006-2019.xlsx,Valores_C,pib_corriente_industrias,D.23TT.0,D.23TT.0,grupo_bcu,D,"Fabricación de coque, productos de la refinación del petróleo y combustible nuclear",2008,993478.770293675,miles_de_pesos_corrientes,False,
bcu,PIB-corriente-industrias-2006-2019.xlsx,Valores_C,pib_corriente_industrias,D.23TT.0,D.23TT.0,grupo_bcu,D,"Fabricación de coque, productos de la refinación del petróleo y combustible nuclear",2009,6840051.38117641,miles_de_pesos_corrientes,False,
bcu,PIB-corriente-industrias-2006-2019.xlsx,Valores_C,pib_corriente_industrias,D.23TT.0,D.23TT.0,grupo_bcu,D,"Fabricación de coque, productos de la refinación del petróleo y combustible nuclear",2010,5304522.83629287,miles_de_pesos_corrientes,False,
bcu,PIB-corriente-industrias-2006-2019.xlsx,Valores_C,pib_corriente_industrias,D.23TT.0,D.23TT.0,grupo_bcu,D,"Fabricación de coque, productos de la refinación del petróleo y combustible nuclear",2011,3721276.86345262,miles_de_pesos_corrientes,False,
bcu,PIB-corriente-industrias-2006-2019.xlsx,Valores_C,pib_corriente_industrias,D.23TT.0,D.23TT.0,grupo_bcu,D,"Fabricación de coque, productos de la refinación del petróleo y combustible nuclear",2012,5498991.16611201,miles_de_pesos_corrientes,False,
bcu,PIB-corriente-industrias-2006-2019.xlsx,Valores_C,pib_corriente_industrias,D.23TT.0,D.23TT.0,grupo_bcu,D,"Fabricación de coque, productos de la refinación del petróleo y combustible nuclear",2013,5003201.91052981,miles_de_pesos_corrientes,False,
bcu,PIB-corriente-industrias-2006-2019.xlsx,Valores_C,pib_corriente_industrias,D.23TT.0,D.23TT.0,grupo_bcu,D,"Fabricación de coque, productos de la refinación del petróleo y combustible nuclear",2014,6646922.45944276,miles_de_pesos_corrientes,False,
bcu,PIB-corriente-industrias-2006-2019.xlsx,Valores_C,pib_corriente_industrias,D.23TT.0,D.23TT.0,grupo_bcu,D,"Fabricación de coque, productos de la refinación del petróleo y combustible nuclear",2015,17868302.1003877,miles_de_pesos_corrientes,False,
bcu,PIB-corriente-industrias-2006-2019.xlsx,Valores_C,pib_corriente_industrias,D.23TT.0,D.23TT.0,grupo_bcu,D,"Fabricación de coque, productos de la refinación del petróleo y combustible nuclear",2016,22604742.2109389,miles_de_pesos_corrientes,False,
bcu,PIB-corriente-industrias-2006-2019.xlsx,Valores_C,pib_corriente_industrias,D.23TT.0,D.23TT.0,grupo_bcu,D,"Fabricación de coque, productos de la refinación del petróleo y combustible nuclear",2017,12643740.3774943,miles_de_pesos_corrientes,True,
bcu,PIB-corriente-industrias-2006-2019.xlsx,Valores_C,pib_corriente_industrias,D.23TT.0,D.23TT.0,grupo_bcu,D,"Fabricación de coque, productos de la refinación del petróleo y combustible nuclear",2018,17065360.962481,miles_de_pesos_corrientes,True,
bcu,PIB-corriente-industrias-2006-2019.xlsx,Valores_C,pib_corriente_industrias,D.23TT.0,D.23TT.0,grupo_bcu,D,"Fabricación de coque, productos de la refinación del petróleo y combustible nuclear",2019,18703407.6541396,miles_de_pesos_corrientes,True,
bcu,PIB-corriente-industrias-2006-2019.xlsx,Valores_C,pib_corriente_industrias,D.24 - D.25,D.24 - D.25,agregado_codigos,D,"Fabricación de sustancias y productos químicos, y productos de caucho y plástico",2005,7584405.69834836,miles_de_pesos_corrientes,False,
bcu,PIB-corriente-industrias-2006-2019.xlsx,Valores_C,pib_corriente_industrias,D.24 - D.25,D.24 - D.25,agregado_codigos,D,"Fabricación de sustancias y productos químicos, y productos de caucho y plástico",2006,7316969.35956619,miles_de_pesos_corrientes,False,
bcu,PIB-corriente-industrias-2006-2019.xlsx,Valores_C,pib_corriente_industrias,D.24 - D.25,D.24 - D.25,agregado_codigos,D,"Fabricación de sustancias y productos químicos, y productos de caucho y plástico",2007,7519733.61811333,miles_de_pesos_corrientes,False,
bcu,PIB-corriente-industrias-2006-2019.xlsx,Valores_C,pib_corriente_industrias,D.24 - D.25,D.24 - D.25,agregado_codigos,D,"Fabricación de sustancias y productos químicos, y productos de caucho y plástico",2008,9197632.06369359,miles_de_pesos_corrientes,False,
bcu,PIB-corriente-industrias-2006-2019.xlsx,Valores_C,pib_corriente_industrias,D.24 - D.25,D.24 - D.25,agregado_codigos,D,"Fabricación de sustancias y productos químicos, y productos de caucho y plástico",2009,11683106.007819,miles_de_pesos_corrientes,False,
bcu,PIB-corriente-industrias-2006-2019.xlsx,Valores_C,pib_corriente_industrias,D.24 - D.25,D.24 - D.25,agregado_codigos,D,"Fabricación de sustancias y productos químicos, y productos de caucho y plástico",2010,11370421.4481298,miles_de_pesos_corrientes,False,
bcu,PIB-corriente-industrias-2006-2019.xlsx,Valores_C,pib_corriente_industrias,D.24 - D.25,D.24 - D.25,agregado_codigos,D,"Fabricación de sustancias y productos químicos, y productos de caucho y plástico",2011,14838723.7269032,miles_de_pesos_corrientes,False,
bcu,PIB-corriente-industrias-2006-2019.xlsx,Valores_C,pib_corriente_industrias,D.24 - D.25,D.24 - D.25,agregado_codigos,D,"Fabricación de sustancias y productos químicos, y productos de caucho y plástico",2012,16843147.0152571,miles_de_pesos_corrientes,False,
bcu,PIB-corriente-industrias-2006-2019.xlsx,Valores_C,pib_corriente_industrias,D.24 - D.25,D.24 - D.25,agregado_codigos,D,"Fabricación de sustancias y productos químicos, y productos de caucho y plástico",2013,15824174.8138231,miles_de_pesos_corrientes,False,
bcu,PIB-corriente-industrias-2006-2019.xlsx,Valores_C,pib_corriente_industrias,D.24 - D.25,D.24 - D.25,agregado_codigos,D,"Fabricación de sustancias y productos químicos, y productos de caucho y plástico",2014,18017383.1616159,miles_de_pesos_corrientes,False,
bcu,PIB-corriente-industrias-2006-2019.xlsx,Valores_C,pib_corriente_industrias,D.24 - D.25,D.24 - D.25,agregado_codigos,D,"Fabricación de sustancias y productos químicos, y productos de caucho y plástico",2015,23478982.526265,miles_de_pesos_corrientes,False,
bcu,PIB-corriente-industrias-2006-2019.xlsx,Valores_C,pib_corriente_industrias,D.24 - D.25,D.24 - D.25,agregado_codigos,D,"Fabricación de sustancias y productos químicos, y productos de caucho y plástico",2016,25488758.7959009,miles_de_pesos_corrientes,False,
bcu,PIB-corriente-industrias-2006-2019.xlsx,Valores_C,pib_corriente_industrias,D.24 - D.25,D.24 - D.25,agregado_codigos,D,"Fabricación de sustancias y productos químicos, y productos de caucho y plástico",2017,27107514.6136142,miles_de_pesos_corrientes,True,
bcu,PIB-corriente-industrias-2006-2019.xlsx,Valores_C,pib_corriente_industrias,D.24 - D.25,D.24 - D.25,agregado_codigos,D,"Fabricación de sustancias y productos químicos, y productos de caucho y plástico",2018,26052248.0660413,miles_de_pesos_corrientes,True,
bcu,PIB-corriente-industrias-2006-2019.xlsx,Valores_C,pib_corriente_industrias,D.24 - D.25,D.24 - D.25,agregado_codigos,D,"Fabricación de sustancias y productos químicos, y productos de caucho y plástico",2019,27939497.1475023,miles_de_pesos_corrientes,True,
bcu,PIB-corriente-industrias-2006-2019.xlsx,Valores_C,pib_corriente_industrias,D.24RT.0,D.24RT.0,grupo_bcu,D,"Fabricación de abonos y compuestos de nitrógeno, plaguicidas y otros productos químicos de uso agropecuario",2005,662832.353183051,miles_de_pesos_corrientes,False,
bcu,PIB-corriente-industrias-2006-2019.xlsx,Valores_C,pib_corriente_industrias,D.24RT.0,D.24RT.0,grupo_bcu,D,"Fabricación de abonos y compuestos de nitrógeno, plaguicidas y otros productos químicos de uso agropecuario",2006,485970.137818268,miles_de_pesos_corrientes,False,
bcu,PIB-corriente-industrias-2006-2019.xlsx,Valores_C,pib_corriente_industrias,D.24RT.0,D.24RT.0,grupo_bcu,D,"Fabricación de abonos y compuestos de nitrógeno, plaguicidas y otros productos químicos de uso agropecuario",2007,784536.531683881,miles_de_pesos_corrientes,False,
bcu,PIB-corriente-industrias-2006-2019.xlsx,Valores_C,pib_corriente_industrias,D.24RT.0,D.24RT.0,grupo_bcu,D,"Fabricación de abonos y compuestos de nitrógeno, plaguicidas y otros productos químicos de uso agropecuario",2008,1917262.45877041,miles_de_pesos_corrientes,False,
bcu,PIB-corriente-industrias-2006-2019.xlsx,Valores_C,pib_corriente_industrias,D.24RT.0,D.24RT.0,grupo_bcu,D,"Fabricación de abonos y compuestos de nitrógeno, plaguicidas y otros productos químicos de uso agropecuario",2009,1790376.35246384,miles_de_pesos_corrientes,False,
bcu,PIB-corriente-industrias-2006-2019.xlsx,Valores_C,pib_corriente_industrias,D.24RT.0,D.24RT.0,grupo_bcu,D,"Fabricación de abonos y compuestos de nitrógeno, plaguicidas y otros productos químicos de uso agropecuario",2010,1542011.95675862,miles_de_pesos_corrientes,False,
bcu,PIB-corriente-industrias-2006-2019.xlsx,Valores_C,pib_corriente_industrias,D.24RT.0,D.24RT.0,grupo_bcu,D,"Fabricación de abonos y compuestos de nitrógeno, plaguicidas y otros productos químicos de uso agropecuario",2011,2520714.3852208,miles_de_pesos_corrientes,False,
bcu,PIB-corriente-industrias-2006-2019.xlsx,Valores_C,pib_corriente_industrias,D.24RT.0,D.24RT.0,grupo_bcu,D,"Fabricación de abonos y compuestos de nitrógeno, plaguicidas y otros productos químicos de uso agropecuario",2012,2754398.09564559,miles_de_pesos_corrientes,False,
bcu,PIB-corriente-industrias-2006-2019.xlsx,Valores_C,pib_corriente_industrias,D.24RT.0,D.24RT.0,grupo_bcu,D,"Fabricación de abonos y compuestos de nitrógeno, plaguicidas y otros productos químicos de uso agropecuario",2013,2221327.74415171,miles_de_pesos_corrientes,False,
bcu,PIB-corriente-industrias-2006-2019.xlsx,Valores_C,pib_corriente_industrias,D.24RT.0,D.24RT.0,grupo_bcu,D,"Fabricación de abonos y compuestos de nitrógeno, plaguicidas y otros productos químicos de uso agropecuario",2014,2435400.11491953,miles_de_pesos_corrientes,False,
bcu,PIB-corriente-industrias-2006-2019.xlsx,Valores_C,pib_corriente_industrias,D.24RT.0,D.24RT.0,grupo_bcu,D,"Fabricación de abonos y compuestos de nitrógeno, plaguicidas y otros productos químicos de uso agropecuario",2015,3265352.79082787,miles_de_pesos_corrientes,False,
bcu,PIB-corriente-industrias-2006-2019.xlsx,Valores_C,pib_corriente_industrias,D.24RT.0,D.24RT.0,grupo_bcu,D,"Fabricación de abonos y compuestos de nitrógeno, plaguicidas y otros productos químicos de uso agropecuario",2016,2516357.00696493,miles_de_pesos_corrientes,False,
bcu,PIB-corriente-industrias-2006-2019.xlsx,Valores_C,pib_corriente_industrias,D.24RT.0,D.24RT.0,grupo_bcu,D,"Fabricación de abonos y compuestos de nitrógeno, plaguicidas y otros productos químicos de uso agropecuario",2017,2293859.90152776,miles_de_pesos_corrientes,True,
bcu,PIB-corriente-industrias-2006-2019.xlsx,Valores_C,pib_corriente_industrias,D.24RT.0,D.24RT.0,grupo_bcu,D,"Fabricación de abonos y compuestos de nitrógeno, plaguicidas y otros productos químicos de uso agropecuario",2018,2264073.78273331,miles_de_pesos_corrientes,True,
bcu,PIB-corriente-industrias-2006-2019.xlsx,Valores_C,pib_corriente_industrias,D.24RT.0,D.24RT.0,grupo_bcu,D,"Fabricación de abonos y compuestos de nitrógeno, plaguicidas y otros productos químicos de uso agropecuario",2019,,miles_de_pesos_corrientes,True,"Debido a la priorizacion del cronograma del PLAE, para el ano 2019 no se dispone de estimaciones mas alla de los dos digitos de la CIIU Rev. 3."
bcu,PIB-corriente-industrias-2006-2019.xlsx,Valores_C,pib_corriente_industrias,D.24ST.0,D.24ST.0,grupo_bcu,D,"Fabricación de productos farmacéuticos, sustancias químicas medicinales y productos botánicos, de uso humano y animal",2005,1731777.48242066,miles_de_pesos_corrientes,False,
bcu,PIB-corriente-industrias-2006-2019.xlsx,Valores_C,pib_corriente_industrias,D.24ST.0,D.24ST.0,grupo_bcu,D,"Fabricación de productos farmacéuticos, sustancias químicas medicinales y productos botánicos, de uso humano y animal",2006,1714050.8711041,miles_de_pesos_corrientes,False,
bcu,PIB-corriente-industrias-2006-2019.xlsx,Valores_C,pib_corriente_industrias,D.24ST.0,D.24ST.0,grupo_bcu,D,"Fabricación de productos farmacéuticos, sustancias químicas medicinales y productos botánicos, de uso humano y animal",2007,1713097.89757946,miles_de_pesos_corrientes,False,
bcu,PIB-corriente-industrias-2006-2019.xlsx,Valores_C,pib_corriente_industrias,D.24ST.0,D.24ST.0,grupo_bcu,D,"Fabricación de productos farmacéuticos, sustancias químicas medicinales y productos botánicos, de uso humano y animal",2008,1894206.50593841,miles_de_pesos_corrientes,False,
bcu,PIB-corriente-industrias-2006-2019.xlsx,Valores_C,pib_corriente_industrias,D.24ST.0,D.24ST.0,grupo_bcu,D,"Fabricación de productos farmacéuticos, sustancias químicas medicinales y productos botánicos, de uso humano y animal",2009,2364485.96260474,miles_de_pesos_corrientes,False,
bcu,PIB-corriente-industrias-2006-2019.xlsx,Valores_C,pib_corriente_industrias,D.24ST.0,D.24ST.0,grupo_bcu,D,"Fabricación de productos farmacéuticos, sustancias químicas medicinales y productos botánicos, de uso humano y animal",2010,2019973.8058753,miles_de_pesos_corrientes,False,
bcu,PIB-corriente-industrias-2006-2019.xlsx,Valores_C,pib_corriente_industrias,D.24ST.0,D.24ST.0,grupo_bcu,D,"Fabricación de productos farmacéuticos, sustancias químicas medicinales y productos botánicos, de uso humano y animal",2011,3011255.08641679,miles_de_pesos_corrientes,False,
bcu,PIB-corriente-industrias-2006-2019.xlsx,Valores_C,pib_corriente_industrias,D.24ST.0,D.24ST.0,grupo_bcu,D,"Fabricación de productos farmacéuticos, sustancias químicas medicinales y productos botánicos, de uso humano y animal",2012,3430919.96921142,miles_de_pesos_corrientes,False,
bcu,PIB-corriente-industrias-2006-2019.xlsx,Valores_C,pib_corriente_industrias,D.24ST.0,D.24ST.0,grupo_bcu,D,"Fabricación de productos farmacéuticos, sustancias químicas medicinales y productos botánicos, de uso humano y animal",2013,3699532.11429897,miles_de_pesos_corrientes,False,
bcu,PIB-corriente-industrias-2006-2019.xlsx,Valores_C,pib_corriente_industrias,D.24ST.0,D.24ST.0,grupo_bcu,D,"Fabricación de productos farmacéuticos, sustancias químicas medicinales y productos botánicos, de uso humano y animal",2014,4110993.09576547,miles_de_pesos_corrientes,False,
bcu,PIB-corriente-industrias-2006-2019.xlsx,Valores_C,pib_corriente_industrias,D.24ST.0,D.24ST.0,grupo_bcu,D,"Fabricación de productos farmacéuticos, sustancias químicas medicinales y productos botánicos, de uso humano y animal",2015,5195236.18185844,miles_de_pesos_corrientes,False,
bcu,PIB-corriente-industrias-2006-2019.xlsx,Valores_C,pib_corriente_industrias,D.24ST.0,D.24ST.0,grupo_bcu,D,"Fabricación de productos farmacéuticos, sustancias químicas medicinales y productos botánicos, de uso humano y animal",2016,6210258.1745505,miles_de_pesos_corrientes,False,
bcu,PIB-corriente-industrias-2006-2019.xlsx,Valores_C,pib_corriente_industrias,D.24ST.0,D.24ST.0,grupo_bcu,D,"Fabricación de productos farmacéuticos, sustancias químicas medicinales y productos botánicos, de uso humano y animal",2017,7980524.37673132,miles_de_pesos_corrientes,True,
bcu,PIB-corriente-industrias-2006-2019.xlsx,Valores_C,pib_corriente_industrias,D.24ST.0,D.24ST.0,grupo_bcu,D,"Fabricación de productos farmacéuticos, sustancias químicas medicinales y productos botánicos, de uso humano y animal",2018,9402749.6505274,miles_de_pesos_corrientes,True,
bcu,PIB-corriente-industrias-2006-2019.xlsx,Valores_C,pib_corriente_industrias,D.24ST.0,D.24ST.0,grupo_bcu,D,"Fabricación de productos farmacéuticos, sustancias químicas medicinales y productos botánicos, de uso humano y animal",2019,,miles_de_pesos_corrientes,True,"Debido a la priorizacion del cronograma del PLAE, para el ano 2019 no se dispone de estimaciones mas alla de los dos digitos de la CIIU Rev. 3."
bcu,PIB-corriente-industrias-2006-2019.xlsx,Valores_C,pib_corriente_industrias,D.24UT.0,D.24UT.0,grupo_bcu,D,Fabricación de sustancias y productos químicos excepto abonos y plaguicidas y productos farmacéuticos,2005,2812915.73229212,miles_de_pesos_corrientes,False,
bcu,PIB-corriente-industrias-2006-2019.xlsx,Valores_C,pib_corriente_industrias,D.24UT.0,D.24UT.0,grupo_bcu,D,Fabricación de sustancias y productos químicos excepto abonos y plaguicidas y productos farmacéuticos,2006,2807736.28978606,miles_de_pesos_corrientes,False,
bcu,PIB-corriente-industrias-2006-2019.xlsx,Valores_C,pib_corriente_industrias,D.24UT.0,D.24UT.0,grupo_bcu,D,Fabricación de sustancias y productos químicos excepto abonos y plaguicidas y productos farmacéuticos,2007,2671684.21600741,miles_de_pesos_corrientes,False,
bcu,PIB-corriente-industrias-2006-2019.xlsx,Valores_C,pib_corriente_industrias,D.24UT.0,D.24UT.0,grupo_bcu,D,Fabricación de sustancias y productos químicos excepto abonos y plaguicidas y productos farmacéuticos,2008,2998646.74696162,miles_de_pesos_corrientes,False,
bcu,PIB-corriente-industrias-2006-2019.xlsx,Valores_C,pib_corriente_industrias,D.24UT.0,D.24UT.0,grupo_bcu,D,Fabricación de sustancias y productos químicos excepto abonos y plaguicidas y productos farmacéuticos,2009,4702230.18923804,miles_de_pesos_corrientes,False,
bcu,PIB-corriente-industrias-2006-2019.xlsx,Valores_C,pib_corriente_industrias,D.24UT.0,D.24UT.0,grupo_bcu,D,Fabricación de sustancias y productos químicos excepto abonos y plaguicidas y productos farmacéuticos,2010,3912009.99855342,miles_de_pesos_corrientes,False,
bcu,PIB-corriente-industrias-2006-2019.xlsx,Valores_C,pib_corriente_industrias,D.24UT.0,D.24UT.0,grupo_bcu,D,Fabricación de sustancias y productos químicos excepto abonos y plaguicidas y productos farmacéuticos,2011,4553969.10294449,miles_de_pesos_corrientes,False,
bcu,PIB-corriente-industrias-2006-2019.xlsx,Valores_C,pib_corriente_industrias,D.24UT.0,D.24UT.0,grupo_bcu,D,Fabricación de sustancias y productos químicos excepto abonos y plaguicidas y productos farmacéuticos,2012,5585224.88479779,miles_de_pesos_corrientes,False,
bcu,PIB-corriente-industrias-2006-2019.xlsx,Valores_C,pib_corriente_industrias,D.24UT.0,D.24UT.0,grupo_bcu,D,Fabricación de sustancias y productos químicos excepto abonos y plaguicidas y productos farmacéuticos,2013,5587671.45074711,miles_de_pesos_corrientes,False,
bcu,PIB-corriente-industrias-2006-2019.xlsx,Valores_C,pib_corriente_industrias,D.24UT.0,D.24UT.0,grupo_bcu,D,Fabricación de sustancias y productos químicos excepto abonos y plaguicidas y productos farmacéuticos,2014,6843765.05426313,miles_de_pesos_corrientes,False,
bcu,PIB-corriente-industrias-2006-2019.xlsx,Valores_C,pib_corriente_industrias,D.24UT.0,D.24UT.0,grupo_bcu,D,Fabricación de sustancias y productos químicos excepto abonos y plaguicidas y productos farmacéuticos,2015,9983246.75873771,miles_de_pesos_corrientes,False,
bcu,PIB-corriente-industrias-2006-2019.xlsx,Valores_C,pib_corriente_industrias,D.24UT.0,D.24UT.0,grupo_bcu,D,Fabricación de sustancias y productos químicos excepto abonos y plaguicidas y productos farmacéuticos,2016,12234438.964941,miles_de_pesos_corrientes,False,
bcu,PIB-corriente-industrias-2006-2019.xlsx,Valores_C,pib_corriente_industrias,D.24UT.0,D.24UT.0,grupo_bcu,D,Fabricación de sustancias y productos químicos excepto abonos y plaguicidas y productos farmacéuticos,2017,12738663.396519,miles_de_pesos_corrientes,True,
bcu,PIB-corriente-industrias-2006-2019.xlsx,Valores_C,pib_corriente_industrias,D.24UT.0,D.24UT.0,grupo_bcu,D,Fabricación de sustancias y productos químicos excepto abonos y plaguicidas y productos farmacéuticos,2018,10377816.2204735,miles_de_pesos_corrientes,True,
bcu,PIB-corriente-industrias-2006-2019.xlsx,Valores_C,pib_corriente_industrias,D.24UT.0,D.24UT.0,grupo_bcu,D,Fabricación de sustancias y productos químicos excepto abonos y plaguicidas y productos farmacéuticos,2019,,miles_de_pesos_corrientes,True,"Debido a la priorizacion del cronograma del PLAE, para el ano 2019 no se dispone de estimaciones mas alla de los dos digitos de la CIIU Rev. 3."
bcu,PIB-corriente-industrias-2006-2019.xlsx,Valores_C,pib_corriente_industrias,D.25TT.0,D.25TT.0,grupo_bcu,D,Fabricación de productos de caucho y plástico,2005,2376880.13045253,miles_de_pesos_corrientes,False,
bcu,PIB-corriente-industrias-2006-2019.xlsx,Valores_C,pib_corriente_industrias,D.25TT.0,D.25TT.0,grupo_bcu,D,Fabricación de productos de caucho y plástico,2006,2309212.06085776,miles_de_pesos_corrientes,False,
bcu,PIB-corriente-industrias-2006-2019.xlsx,Valores_C,pib_corriente_industrias,D.25TT.0,D.25TT.0,grupo_bcu,D,Fabricación de productos de caucho y plástico,2007,2350414.97284258,miles_de_pesos_corrientes,False,
bcu,PIB-corriente-industrias-2006-2019.xlsx,Valores_C,pib_corriente_industrias,D.25TT.0,D.25TT.0,grupo_bcu,D,Fabricación de productos de caucho y plástico,2008,2387516.35202315,miles_de_pesos_corrientes,False,
bcu,PIB-corriente-industrias-2006-2019.xlsx,Valores_C,pib_corriente_industrias,D.25TT.0,D.25TT.0,grupo_bcu,D,Fabricación de productos de caucho y plástico,2009,2826013.5035124,miles_de_pesos_corrientes,False,
bcu,PIB-corriente-industrias-2006-2019.xlsx,Valores_C,pib_corriente_industrias,D.25TT.0,D.25TT.0,grupo_bcu,D,Fabricación de productos de caucho y plástico,2010,3896425.68694243,miles_de_pesos_corrientes,False,
bcu,PIB-corriente-industrias-2006-2019.xlsx,Valores_C,pib_corriente_industrias,D.25TT.0,D.25TT.0,grupo_bcu,D,Fabricación de productos de caucho y plástico,2011,4752785.15232111,miles_de_pesos_corrientes,False,
bcu,PIB-corriente-industrias-2006-2019.xlsx,Valores_C,pib_corriente_industrias,D.25TT.0,D.25TT.0,grupo_bcu,D,Fabricación de productos de caucho y plástico,2012,5072604.06560231,miles_de_pesos_corrientes,False,
bcu,PIB-corriente-industrias-2006-2019.xlsx,Valores_C,pib_corriente_industrias,D.25TT.0,D.25TT.0,grupo_bcu,D,Fabricación de productos de caucho y plástico,2013,4315643.5046253,miles_de_pesos_corrientes,False,
bcu,PIB-corriente-industrias-2006-2019.xlsx,Valores_C,pib_corriente_industrias,D.25TT.0,D.25TT.0,grupo_bcu,D,Fabricación de productos de caucho y plástico,2014,4627224.89666774,miles_de_pesos_corrientes,False,
bcu,PIB-corriente-industrias-2006-2019.xlsx,Valores_C,pib_corriente_industrias,D.25TT.0,D.25TT.0,grupo_bcu,D,Fabricación de productos de caucho y plástico,2015,5035146.79484101,miles_de_pesos_corrientes,False,
bcu,PIB-corriente-industrias-2006-2019.xlsx,Valores_C,pib_corriente_industrias,D.25TT.0,D.25TT.0,grupo_bcu,D,Fabricación de productos de caucho y plástico,2016,4527704.64944444,miles_de_pesos_corrientes,False,
bcu,PIB-corriente-industrias-2006-2019.xlsx,Valores_C,pib_corriente_industrias,D.25TT.0,D.25TT.0,grupo_bcu,D,Fabricación de productos de caucho y plástico,2017,4094466.93883614,miles_de_pesos_corrientes,True,
bcu,PIB-corriente-industrias-2006-2019.xlsx,Valores_C,pib_corriente_industrias,D.25TT.0,D.25TT.0,grupo_bcu,D,Fabricación de productos de caucho y plástico,2018,4007608.41230713,miles_de_pesos_corrientes,True,
bcu,PIB-corriente-industrias-2006-2019.xlsx,Valores_C,pib_corriente_industrias,D.25TT.0,D.25TT.0,grupo_bcu,D,Fabricación de productos de caucho y plástico,2019,,miles_de_pesos_corrientes,True,"Debido a la priorizacion del cronograma del PLAE, para el ano 2019 no se dispone de estimaciones mas alla de los dos digitos de la CIIU Rev. 3."
bcu,PIB-corriente-industrias-2006-2019.xlsx,Valores_C,pib_corriente_industrias,D.26,D.26,division,D,Fabricación de otros productos minerales no metálicos,2005,1919084.30747058,miles_de_pesos_corrientes,False,
bcu,PIB-corriente-industrias-2006-2019.xlsx,Valores_C,pib_corriente_industrias,D.26,D.26,division,D,Fabricación de otros productos minerales no metálicos,2006,2068431.37831131,miles_de_pesos_corrientes,False,
bcu,PIB-corriente-industrias-2006-2019.xlsx,Valores_C,pib_corriente_industrias,D.26,D.26,division,D,Fabricación de otros productos minerales no metálicos,2007,2241872.26532048,miles_de_pesos_corrientes,False,
bcu,PIB-corriente-industrias-2006-2019.xlsx,Valores_C,pib_corriente_industrias,D.26,D.26,division,D,Fabricación de otros productos minerales no metálicos,2008,2517730.72579163,miles_de_pesos_corrientes,False,
bcu,PIB-corriente-industrias-2006-2019.xlsx,Valores_C,pib_corriente_industrias,D.26,D.26,division,D,Fabricación de otros productos minerales no metálicos,2009,3356784.60013231,miles_de_pesos_corrientes,False,
bcu,PIB-corriente-industrias-2006-2019.xlsx,Valores_C,pib_corriente_industrias,D.26,D.26,division,D,Fabricación de otros productos minerales no metálicos,2010,3585347.93982486,miles_de_pesos_corrientes,False,
bcu,PIB-corriente-industrias-2006-2019.xlsx,Valores_C,pib_corriente_industrias,D.26,D.26,division,D,Fabricación de otros productos minerales no metálicos,2011,4638494.42838007,miles_de_pesos_corrientes,False,
bcu,PIB-corriente-industrias-2006-2019.xlsx,Valores_C,pib_corriente_industrias,D.26,D.26,division,D,Fabricación de otros productos minerales no metálicos,2012,5096957.9078677,miles_de_pesos_corrientes,False,
bcu,PIB-corriente-industrias-2006-2019.xlsx,Valores_C,pib_corriente_industrias,D.26,D.26,division,D,Fabricación de otros productos minerales no metálicos,2013,5481718.19312533,miles_de_pesos_corrientes,False,
bcu,PIB-corriente-industrias-2006-2019.xlsx,Valores_C,pib_corriente_industrias,D.26,D.26,division,D,Fabricación de otros productos minerales no metálicos,2014,5781096.80594137,miles_de_pesos_corrientes,False,
bcu,PIB-corriente-industrias-2006-2019.xlsx,Valores_C,pib_corriente_industrias,D.26,D.26,division,D,Fabricación de otros productos minerales no metálicos,2015,5794885.32549698,miles_de_pesos_corrientes,False,
bcu,PIB-corriente-industrias-2006-2019.xlsx,Valores_C,pib_corriente_industrias,D.26,D.26,division,D,Fabricación de otros productos minerales no metálicos,2016,5291360.81080978,miles_de_pesos_corrientes,False,
bcu,PIB-corriente-industrias-2006-2019.xlsx,Valores_C,pib_corriente_industrias,D.26,D.26,division,D,Fabricación de otros productos minerales no metálicos,2017,5620222.51212182,miles_de_pesos_corrientes,True,
bcu,PIB-corriente-industrias-2006-2019.xlsx,Valores_C,pib_corriente_industrias,D.26,D.26,division,D,Fabricación de otros productos minerales no metálicos,2018,6586013.2050393,miles_de_pesos_corrientes,True,
bcu,PIB-corriente-industrias-2006-2019.xlsx,Valores_C,pib_corriente_industrias,D.26,D.26,division,D,Fabricación de otros productos minerales no metálicos,2019,7345246.43120175,miles_de_pesos_corrientes,True,
bcu,PIB-corriente-industrias-2006-2019.xlsx,Valores_C,pib_corriente_industrias,D.26TT.0,D.26TT.0,grupo_bcu,D,Fabricación de otros productos minerales no metálicos,2005,1919084.30747058,miles_de_pesos_corrientes,False,
bcu,PIB-corriente-industrias-2006-2019.xlsx,Valores_C,pib_corriente_industrias,D.26TT.0,D.26TT.0,grupo_bcu,D,Fabricación de otros productos minerales no metálicos,2006,2068431.37831131,miles_de_pesos_corrientes,False,
bcu,PIB-corriente-industrias-2006-2019.xlsx,Valores_C,pib_corriente_industrias,D.26TT.0,D.26TT.0,grupo_bcu,D,Fabricación de otros productos minerales no metálicos,2007,2241872.26532048,miles_de_pesos_corrientes,False,
bcu,PIB-corriente-industrias-2006-2019.xlsx,Valores_C,pib_corriente_industrias,D.26TT.0,D.26TT.0,grupo_bcu,D,Fabricación de otros productos minerales no metálicos,2008,2517730.72579163,miles_de_pesos_corrientes,False,
bcu,PIB-corriente-industrias-2006-2019.xlsx,Valores_C,pib_corriente_industrias,D.26TT.0,D.26TT.0,grupo_bcu,D,Fabricación de otros productos minerales no metálicos,2009,3356784.60013231,miles_de_pesos_corrientes,False,
bcu,PIB-corriente-industrias-2006-2019.xlsx,Valores_C,pib_corriente_industrias,D.26TT.0,D.26TT.0,grupo_bcu,D,Fabricación de otros productos minerales no metálicos,2010,3585347.93982486,miles_de_pesos_corrientes,False,
bcu,PIB-corriente-industrias-2006-2019.xlsx,Valores_C,pib_corriente_industrias,D.26TT.0,D.26TT.0,grupo_bcu,D,Fabricación de otros productos minerales no metálicos,2011,4638494.42838007,miles_de_pesos_corrientes,False,
bcu,PIB-corriente-industrias-2006-2019.xlsx,Valores_C,pib_corriente_industrias,D.26TT.0,D.26TT.0,grupo_bcu,D,Fabricación de otros productos minerales no metálicos,2012,5096957.9078677,miles_de_pesos_corrientes,False,
bcu,PIB-corriente-industrias-2006-2019.xlsx,Valores_C,pib_corriente_industrias,D.26TT.0,D.26TT.0,grupo_bcu,D,Fabricación de otros productos minerales no metálicos,2013,5481718.19312533,miles_de_pesos_corrientes,False,
bcu,PIB-corriente-industrias-2006-2019.xlsx,Valores_C,pib_corriente_industrias,D.26TT.0,D.26TT.0,grupo_bcu,D,Fabricación de otros productos minerales no metálicos,2014,5781096.80594137,miles_de_pesos_corrientes,False,
bcu,PIB-corriente-industrias-2006-2019.xlsx,Valores_C,pib_corriente_industrias,D.26TT.0,D.26TT.0,grupo_bcu,D,Fabricación de otros productos minerales no metálicos,2015,5794885.32549698,miles_de_pesos_corrientes,False,
bcu,PIB-corriente-industrias-2006-2019.xlsx,Valores_C,pib_corriente_industrias,D.26TT.0,D.26TT.0,grupo_bcu,D,Fabricación de otros productos minerales no metálicos,2016,5291360.81080978,miles_de_pesos_corrientes,False,
bcu,PIB-corriente-industrias-2006-2019.xlsx,Valores_C,pib_corriente_industrias,D.26TT.0,D.26TT.0,grupo_bcu,D,Fabricación de otros productos minerales no metálicos,2017,5620222.51212182,miles_de_pesos_corrientes,True,
bcu,PIB-corriente-industrias-2006-2019.xlsx,Valores_C,pib_corriente_industrias,D.26TT.0,D.26TT.0,grupo_bcu,D,Fabricación de otros productos minerales no metálicos,2018,6586013.2050393,miles_de_pesos_corrientes,True,
bcu,PIB-corriente-industrias-2006-2019.xlsx,Valores_C,pib_corriente_industrias,D.26TT.0,D.26TT.0,grupo_bcu,D,Fabricación de otros productos minerales no metálicos,2019,7345246.43120175,miles_de_pesos_corrientes,True,
bcu,PIB-corriente-industrias-2006-2019.xlsx,Valores_C,pib_corriente_industrias,D.RR,D.RR,grupo_bcu,D,"Fabricación de metálicas básicas, de maquinaria y equipo, metálica, eléctrica y de instrumentos de precisión",2005,6584785.12359467,miles_de_pesos_corrientes,False,
bcu,PIB-corriente-industrias-2006-2019.xlsx,Valores_C,pib_corriente_industrias,D.RR,D.RR,grupo_bcu,D,"Fabricación de metálicas básicas, de maquinaria y equipo, metálica, eléctrica y de instrumentos de precisión",2006,8247077.1911231,miles_de_pesos_corrientes,False,
bcu,PIB-corriente-industrias-2006-2019.xlsx,Valores_C,pib_corriente_industrias,D.RR,D.RR,grupo_bcu,D,"Fabricación de metálicas básicas, de maquinaria y equipo, metálica, eléctrica y de instrumentos de precisión",2007,10245717.7803719,miles_de_pesos_corrientes,False,
bcu,PIB-corriente-industrias-2006-2019.xlsx,Valores_C,pib_corriente_industrias,D.RR,D.RR,grupo_bcu,D,"Fabricación de metálicas básicas, de maquinaria y equipo, metálica, eléctrica y de instrumentos de precisión",2008,10967312.7081674,miles_de_pesos_corrientes,False,
bcu,PIB-corriente-industrias-2006-2019.xlsx,Valores_C,pib_corriente_industrias,D.RR,D.RR,grupo_bcu,D,"Fabricación de metálicas básicas, de maquinaria y equipo, metálica, eléctrica y de instrumentos de precisión",2009,11919665.6774846,miles_de_pesos_corrientes,False,
bcu,PIB-corriente-industrias-2006-2019.xlsx,Valores_C,pib_corriente_industrias,D.RR,D.RR,grupo_bcu,D,"Fabricación de metálicas básicas, de maquinaria y equipo, metálica, eléctrica y de instrumentos de precisión",2010,12044766.6525356,miles_de_pesos_corrientes,False,
bcu,PIB-corriente-industrias-2006-2019.xlsx,Valores_C,pib_corriente_industrias,D.RR,D.RR,grupo_bcu,D,"Fabricación de metálicas básicas, de maquinaria y equipo, metálica, eléctrica y de instrumentos de precisión",2011,12410610.2291885,miles_de_pesos_corrientes,False,
bcu,PIB-corriente-industrias-2006-2019.xlsx,Valores_C,pib_corriente_industrias,D.RR,D.RR,grupo_bcu,D,"Fabricación de metálicas básicas, de maquinaria y equipo, metálica, eléctrica y de instrumentos de precisión",2012,13082060.7636481,miles_de_pesos_corrientes,False,
bcu,PIB-corriente-industrias-2006-2019.xlsx,Valores_C,pib_corriente_industrias,D.RR,D.RR,grupo_bcu,D,"Fabricación de metálicas básicas, de maquinaria y equipo, metálica, eléctrica y de instrumentos de precisión",2013,12994193.592947,miles_de_pesos_corrientes,False,
bcu,PIB-corriente-industrias-2006-2019.xlsx,Valores_C,pib_corriente_industrias,D.RR,D.RR,grupo_bcu,D,"Fabricación de metálicas básicas, de maquinaria y equipo, metálica, eléctrica y de instrumentos de precisión",2014,15337757.7164322,miles_de_pesos_corrientes,False,
bcu,PIB-corriente-industrias-2006-2019.xlsx,Valores_C,pib_corriente_industrias,D.RR,D.RR,grupo_bcu,D,"Fabricación de metálicas básicas, de maquinaria y equipo, metálica, eléctrica y de instrumentos de precisión",2015,15322693.2600647,miles_de_pesos_corrientes,False,
bcu,PIB-corriente-industrias-2006-2019.xlsx,Valores_C,pib_corriente_industrias,D.RR,D.RR,grupo_bcu,D,"Fabricación de metálicas básicas, de maquinaria y equipo, metálica, eléctrica y de instrumentos de precisión",2016,16128957.8625572,miles_de_pesos_corrientes,False,
bcu,PIB-corriente-industrias-2006-2019.xlsx,Valores_C,pib_corriente_industrias,D.RR,D.RR,grupo_bcu,D,"Fabricación de metálicas básicas, de maquinaria y equipo, metálica, eléctrica y de instrumentos de precisión",2017,15967080.5713779,miles_de_pesos_corrientes,True,
bcu,PIB-corriente-industrias-2006-2019.xlsx,Valores_C,pib_corriente_industrias,D.RR,D.RR,grupo_bcu,D,"Fabricación de metálicas básicas, de maquinaria y equipo, metálica, eléctrica y de instrumentos de precisión",2018,14986206.1736879,miles_de_pesos_corrientes,True,
bcu,PIB-corriente-industrias-2006-2019.xlsx,Valores_C,pib_corriente_industrias,D.RR,D.RR,grupo_bcu,D,"Fabricación de metálicas básicas, de maquinaria y equipo, metálica, eléctrica y de instrumentos de precisión",2019,16339204.8119415,miles_de_pesos_corrientes,True,
bcu,PIB-corriente-industrias-2006-2019.xlsx,Valores_C,pib_corriente_industrias,D.RRTT.0,D.RRTT.0,grupo_bcu,D,"Fabricación de metales comunes, productos elaborados de metal, maquinaria especial y de uso general; maquinaria de oficina, contabilidad e informática; aparatos eléctricos, de radio, televisión y comunicaciones; partes y piezas",2005,6584785.12359467,miles_de_pesos_corrientes,False,
bcu,PIB-corriente-industrias-2006-2019.xlsx,Valores_C,pib_corriente_industrias,D.RRTT.0,D.RRTT.0,grupo_bcu,D,"Fabricación de metales comunes, productos elaborados de metal, maquinaria especial y de uso general; maquinaria de oficina, contabilidad e informática; aparatos eléctricos, de radio, televisión y comunicaciones; partes y piezas",2006,8247077.1911231,miles_de_pesos_corrientes,False,
bcu,PIB-corriente-industrias-2006-2019.xlsx,Valores_C,pib_corriente_industrias,D.RRTT.0,D.RRTT.0,grupo_bcu,D,"Fabricación de metales comunes, productos elaborados de metal, maquinaria especial y de uso general; maquinaria de oficina, contabilidad e informática; aparatos eléctricos, de radio, televisión y comunicaciones; partes y piezas",2007,10245717.7803719,miles_de_pesos_corrientes,False,
bcu,PIB-corriente-industrias-2006-2019.xlsx,Valores_C,pib_corriente_industrias,D.RRTT.0,D.RRTT.0,grupo_bcu,D,"Fabricación de metales comunes, productos elaborados de metal, maquinaria especial y de uso general; maquinaria de oficina, contabilidad e informática; aparatos eléctricos, de radio, televisión y comunicaciones; partes y piezas",2008,10967312.7081674,miles_de_pesos_corrientes,False,
bcu,PIB-corriente-industrias-2006-2019.xlsx,Valores_C,pib_corriente_industrias,D.RRTT.0,D.RRTT.0,grupo_bcu,D,"Fabricación de metales comunes, productos elaborados de metal, maquinaria especial y de uso general; maquinaria de oficina, contabilidad e informática; aparatos eléctricos, de radio, televisión y comunicaciones; partes y piezas",2009,11919665.6774846,miles_de_pesos_corrientes,False,
bcu,PIB-corriente-industrias-2006-2019.xlsx,Valores_C,pib_corriente_industrias,D.RRTT.0,D.RRTT.0,grupo_bcu,D,"Fabricación de metales comunes, productos elaborados de metal, maquinaria especial y de uso general; maquinaria de oficina, contabilidad e informática; aparatos eléctricos, de radio, televisión y comunicaciones; partes y piezas",2010,12044766.6525356,miles_de_pesos_corrientes,False,
bcu,PIB-corriente-industrias-2006-2019.xlsx,Valores_C,pib_corriente_industrias,D.RRTT.0,D.RRTT.0,grupo_bcu,D,"Fabricación de metales comunes, productos elaborados de metal, maquinaria especial y de uso general; maquinaria de oficina, contabilidad e informática; aparatos eléctricos, de radio, televisión y comunicaciones; partes y piezas",2011,12410610.2291885,miles_de_pesos_corrientes,False,
bcu,PIB-corriente-industrias-2006-2019.xlsx,Valores_C,pib_corriente_industrias,D.RRTT.0,D.RRTT.0,grupo_bcu,D,"Fabricación de metales comunes, productos elaborados de metal, maquinaria especial y de uso general; maquinaria de oficina, contabilidad e informática; aparatos eléctricos, de radio, televisión y comunicaciones; partes y piezas",2012,13082060.7636481,miles_de_pesos_corrientes,False,
bcu,PIB-corriente-industrias-2006-2019.xlsx,Valores_C,pib_corriente_industrias,D.RRTT.0,D.RRTT.0,grupo_bcu,D,"Fabricación de metales comunes, productos elaborados de metal, maquinaria especial y de uso general; maquinaria de oficina, contabilidad e informática; aparatos eléctricos, de radio, televisión y comunicaciones; partes y piezas",2013,12994193.592947,miles_de_pesos_corrientes,False,
bcu,PIB-corriente-industrias-2006-2019.xlsx,Valores_C,pib_corriente_industrias,D.RRTT.0,D.RRTT.0,grupo_bcu,D,"Fabricación de metales comunes, productos elaborados de metal, maquinaria especial y de uso general; maquinaria de oficina, contabilidad e informática; aparatos eléctricos, de radio, televisión y comunicaciones; partes y piezas",2014,15337757.7164322,miles_de_pesos_corrientes,False,
bcu,PIB-corriente-industrias-2006-2019.xlsx,Valores_C,pib_corriente_industrias,D.RRTT.0,D.RRTT.0,grupo_bcu,D,"Fabricación de metales comunes, productos elaborados de metal, maquinaria especial y de uso general; maquinaria de oficina, contabilidad e informática; aparatos eléctricos, de radio, televisión y comunicaciones; partes y piezas",2015,15322693.2600647,miles_de_pesos_corrientes,False,
bcu,PIB-corriente-industrias-2006-2019.xlsx,Valores_C,pib_corriente_industrias,D.RRTT.0,D.RRTT.0,grupo_bcu,D,"Fabricación de metales comunes, productos elaborados de metal, maquinaria especial y de uso general; maquinaria de oficina, contabilidad e informática; aparatos eléctricos, de radio, televisión y comunicaciones; partes y piezas",2016,16128957.8625572,miles_de_pesos_corrientes,False,
bcu,PIB-corriente-industrias-2006-2019.xlsx,Valores_C,pib_corriente_industrias,D.RRTT.0,D.RRTT.0,grupo_bcu,D,"Fabricación de metales comunes, productos elaborados de metal, maquinaria especial y de uso general; maquinaria de oficina, contabilidad e informática; aparatos eléctricos, de radio, televisión y comunicaciones; partes y piezas",2017,15967080.5713779,miles_de_pesos_corrientes,True,
bcu,PIB-corriente-industrias-2006-2019.xlsx,Valores_C,pib_corriente_industrias,D.RRTT.0,D.RRTT.0,grupo_bcu,D,"Fabricación de metales comunes, productos elaborados de metal, maquinaria especial y de uso general; maquinaria de oficina, contabilidad e informática; aparatos eléctricos, de radio, televisión y comunicaciones; partes y piezas",2018,14986206.1736879,miles_de_pesos_corrientes,True,
bcu,PIB-corriente-industrias-2006-2019.xlsx,Valores_C,pib_corriente_industrias,D.RRTT.0,D.RRTT.0,grupo_bcu,D,"Fabricación de metales comunes, productos elaborados de metal, maquinaria especial y de uso general; maquinaria de oficina, contabilidad e informática; aparatos eléctricos, de radio, televisión y comunicaciones; partes y piezas",2019,16339204.8119415,miles_de_pesos_corrientes,True,
bcu,PIB-corriente-industrias-2006-2019.xlsx,Valores_C,pib_corriente_industrias,D.SS,D.SS,grupo_bcu,D,Fabricación de material de transporte,2005,1635040.84603226,miles_de_pesos_corrientes,False,
bcu,PIB-corriente-industrias-2006-2019.xlsx,Valores_C,pib_corriente_industrias,D.SS,D.SS,grupo_bcu,D,Fabricación de material de transporte,2006,1984776.2956584,miles_de_pesos_corrientes,False,
bcu,PIB-corriente-industrias-2006-2019.xlsx,Valores_C,pib_corriente_industrias,D.SS,D.SS,grupo_bcu,D,Fabricación de material de transporte,2007,2240614.16741374,miles_de_pesos_corrientes,False,
bcu,PIB-corriente-industrias-2006-2019.xlsx,Valores_C,pib_corriente_industrias,D.SS,D.SS,grupo_bcu,D,Fabricación de material de transporte,2008,2070765.17757699,miles_de_pesos_corrientes,False,
bcu,PIB-corriente-industrias-2006-2019.xlsx,Valores_C,pib_corriente_industrias,D.SS,D.SS,grupo_bcu,D,Fabricación de material de transporte,2009,1870572.65316903,miles_de_pesos_corrientes,False,
bcu,PIB-corriente-industrias-2006-2019.xlsx,Valores_C,pib_corriente_industrias,D.SS,D.SS,grupo_bcu,D,Fabricación de material de transporte,2010,2026290.48153094,miles_de_pesos_corrientes,False,
bcu,PIB-corriente-industrias-2006-2019.xlsx,Valores_C,pib_corriente_industrias,D.SS,D.SS,grupo_bcu,D,Fabricación de material de transporte,2011,2436373.11567475,miles_de_pesos_corrientes,False,
bcu,PIB-corriente-industrias-2006-2019.xlsx,Valores_C,pib_corriente_industrias,D.SS,D.SS,grupo_bcu,D,Fabricación de material de transporte,2012,1707577.92553135,miles_de_pesos_corrientes,False,
bcu,PIB-corriente-industrias-2006-2019.xlsx,Valores_C,pib_corriente_industrias,D.SS,D.SS,grupo_bcu,D,Fabricación de material de transporte,2013,2110757.07651591,miles_de_pesos_corrientes,False,
bcu,PIB-corriente-industrias-2006-2019.xlsx,Valores_C,pib_corriente_industrias,D.SS,D.SS,grupo_bcu,D,Fabricación de material de transporte,2014,2044138.59372966,miles_de_pesos_corrientes,False,
bcu,PIB-corriente-industrias-2006-2019.xlsx,Valores_C,pib_corriente_industrias,D.SS,D.SS,grupo_bcu,D,Fabricación de material de transporte,2015,2273859.40727551,miles_de_pesos_corrientes,False,
bcu,PIB-corriente-industrias-2006-2019.xlsx,Valores_C,pib_corriente_industrias,D.SS,D.SS,grupo_bcu,D,Fabricación de material de transporte,2016,609931.950330934,miles_de_pesos_corrientes,False,
bcu,PIB-corriente-industrias-2006-2019.xlsx,Valores_C,pib_corriente_industrias,D.SS,D.SS,grupo_bcu,D,Fabricación de material de transporte,2017,902733.153477066,miles_de_pesos_corrientes,True,
bcu,PIB-corriente-industrias-2006-2019.xlsx,Valores_C,pib_corriente_industrias,D.SS,D.SS,grupo_bcu,D,Fabricación de material de transporte,2018,548746.415056422,miles_de_pesos_corrientes,True,
bcu,PIB-corriente-industrias-2006-2019.xlsx,Valores_C,pib_corriente_industrias,D.SS,D.SS,grupo_bcu,D,Fabricación de material de transporte,2019,624379.688726783,miles_de_pesos_corrientes,True,
bcu,PIB-corriente-industrias-2006-2019.xlsx,Valores_C,pib_corriente_industrias,D.SSTT.0,D.SSTT.0,grupo_bcu,D,"Fabricación de vehículos automotores, remolques y semirremolques y de otros tipos de equipo de transporte",2005,1635040.84603226,miles_de_pesos_corrientes,False,
bcu,PIB-corriente-industrias-2006-2019.xlsx,Valores_C,pib_corriente_industrias,D.SSTT.0,D.SSTT.0,grupo_bcu,D,"Fabricación de vehículos automotores, remolques y semirremolques y de otros tipos de equipo de transporte",2006,1984776.2956584,miles_de_pesos_corrientes,False,
bcu,PIB-corriente-industrias-2006-2019.xlsx,Valores_C,pib_corriente_industrias,D.SSTT.0,D.SSTT.0,grupo_bcu,D,"Fabricación de vehículos automotores, remolques y semirremolques y de otros tipos de equipo de transporte",2007,2240614.16741374,miles_de_pesos_corrientes,False,
bcu,PIB-corriente-industrias-2006-2019.xlsx,Valores_C,pib_corriente_industrias,D.SSTT.0,D.SSTT.0,grupo_bcu,D,"Fabricación de vehículos automotores, remolques y semirremolques y de otros tipos de equipo de transporte",2008,2070765.17757699,miles_de_pesos_corrientes,False,
bcu,PIB-corriente-industrias-2006-2019.xlsx,Valores_C,pib_corriente_industrias,D.SSTT.0,D.SSTT.0,grupo_bcu,D,"Fabricación de vehículos automotores, remolques y semirremolques y de otros tipos de equipo de transporte",2009,1870572.65316903,miles_de_pesos_corrientes,False,
bcu,PIB-corriente-industrias-2006-2019.xlsx,Valores_C,pib_corriente_industrias,D.SSTT.0,D.SSTT.0,grupo_bcu,D,"Fabricación de vehículos automotores, remolques y semirremolques y de otros tipos de equipo de transporte",2010,2026290.48153094,miles_de_pesos_corrientes,False,
bcu,PIB-corriente-industrias-2006-2019.xlsx,Valores_C,pib_corriente_industrias,D.SSTT.0,D.SSTT.0,grupo_bcu,D,"Fabricación de vehículos automotores, remolques y semirremolques y de otros tipos de equipo de transporte",2011,2436373.11567475,miles_de_pesos_corrientes,False,
bcu,PIB-corriente-industrias-2006-2019.xlsx,Valores_C,pib_corriente_industrias,D.SSTT.0,D.SSTT.0,grupo_bcu,D,"Fabricación de vehículos automotores, remolques y semirremolques y de otros tipos de equipo de transporte",2012,1707577.92553135,miles_de_pesos_corrientes,False,
bcu,PIB-corriente-industrias-2006-2019.xlsx,Valores_C,pib_corriente_industrias,D.SSTT.0,D.SSTT.0,grupo_bcu,D,"Fabricación de vehículos automotores, remolques y semirremolques y de otros tipos de equipo de transporte",2013,2110757.07651591,miles_de_pesos_corrientes,False,
bcu,PIB-corriente-industrias-2006-2019.xlsx,Valores_C,pib_corriente_industrias,D.SSTT.0,D.SSTT.0,grupo_bcu,D,"Fabricación de vehículos automotores, remolques y semirremolques y de otros tipos de equipo de transporte",2014,2044138.59372966,miles_de_pesos_corrientes,False,
bcu,PIB-corriente-industrias-2006-2019.xlsx,Valores_C,pib_corriente_industrias,D.SSTT.0,D.SSTT.0,grupo_bcu,D,"Fabricación de vehículos automotores, remolques y semirremolques y de otros tipos de equipo de transporte",2015,2273859.40727551,miles_de_pesos_corrientes,False,
bcu,PIB-corriente-industrias-2006-2019.xlsx,Valores_C,pib_corriente_industrias,D.SSTT.0,D.SSTT.0,grupo_bcu,D,"Fabricación de vehículos automotores, remolques y semirremolques y de otros tipos de equipo de transporte",2016,609931.950330934,miles_de_pesos_corrientes,False,
bcu,PIB-corriente-industrias-2006-2019.xlsx,Valores_C,pib_corriente_industrias,D.SSTT.0,D.SSTT.0,grupo_bcu,D,"Fabricación de vehículos automotores, remolques y semirremolques y de otros tipos de equipo de transporte",2017,902733.153477066,miles_de_pesos_corrientes,True,
bcu,PIB-corriente-industrias-2006-2019.xlsx,Valores_C,pib_corriente_industrias,D.SSTT.0,D.SSTT.0,grupo_bcu,D,"Fabricación de vehículos automotores, remolques y semirremolques y de otros tipos de equipo de transporte",2018,548746.415056422,miles_de_pesos_corrientes,True,
bcu,PIB-corriente-industrias-2006-2019.xlsx,Valores_C,pib_corriente_industrias,D.SSTT.0,D.SSTT.0,grupo_bcu,D,"Fabricación de vehículos automotores, remolques y semirremolques y de otros tipos de equipo de transporte",2019,624379.688726783,miles_de_pesos_corrientes,True,
bcu,PIB-corriente-industrias-2006-2019.xlsx,Valores_C,pib_corriente_industrias,D.UU,D.UU,grupo_bcu,D,Otras industrias manufactureras,2005,2147867.56020696,miles_de_pesos_corrientes,False,
bcu,PIB-corriente-industrias-2006-2019.xlsx,Valores_C,pib_corriente_industrias,D.UU,D.UU,grupo_bcu,D,Otras industrias manufactureras,2006,2076019.17384217,miles_de_pesos_corrientes,False,
bcu,PIB-corriente-industrias-2006-2019.xlsx,Valores_C,pib_corriente_industrias,D.UU,D.UU,grupo_bcu,D,Otras industrias manufactureras,2007,2361277.64608602,miles_de_pesos_corrientes,False,
bcu,PIB-corriente-industrias-2006-2019.xlsx,Valores_C,pib_corriente_industrias,D.UU,D.UU,grupo_bcu,D,Otras industrias manufactureras,2008,2607437.87001237,miles_de_pesos_corrientes,False,
bcu,PIB-corriente-industrias-2006-2019.xlsx,Valores_C,pib_corriente_industrias,D.UU,D.UU,grupo_bcu,D,Otras industrias manufactureras,2009,3821420.13278313,miles_de_pesos_corrientes,False,
bcu,PIB-corriente-industrias-2006-2019.xlsx,Valores_C,pib_corriente_industrias,D.UU,D.UU,grupo_bcu,D,Otras industrias manufactureras,2010,2983493.16731292,miles_de_pesos_corrientes,False,
bcu,PIB-corriente-industrias-2006-2019.xlsx,Valores_C,pib_corriente_industrias,D.UU,D.UU,grupo_bcu,D,Otras industrias manufactureras,2011,2851580.36648368,miles_de_pesos_corrientes,False,
bcu,PIB-corriente-industrias-2006-2019.xlsx,Valores_C,pib_corriente_industrias,D.UU,D.UU,grupo_bcu,D,Otras industrias manufactureras,2012,2927732.05366437,miles_de_pesos_corrientes,False,
bcu,PIB-corriente-industrias-2006-2019.xlsx,Valores_C,pib_corriente_industrias,D.UU,D.UU,grupo_bcu,D,Otras industrias manufactureras,2013,4203642.47701975,miles_de_pesos_corrientes,False,
bcu,PIB-corriente-industrias-2006-2019.xlsx,Valores_C,pib_corriente_industrias,D.UU,D.UU,grupo_bcu,D,Otras industrias manufactureras,2014,5207395.44462473,miles_de_pesos_corrientes,False,
bcu,PIB-corriente-industrias-2006-2019.xlsx,Valores_C,pib_corriente_industrias,D.UU,D.UU,grupo_bcu,D,Otras industrias manufactureras,2015,6001741.94595235,miles_de_pesos_corrientes,False,
bcu,PIB-corriente-industrias-2006-2019.xlsx,Valores_C,pib_corriente_industrias,D.UU,D.UU,grupo_bcu,D,Otras industrias manufactureras,2016,5674629.9230897,miles_de_pesos_corrientes,False,
bcu,PIB-corriente-industrias-2006-2019.xlsx,Valores_C,pib_corriente_industrias,D.UU,D.UU,grupo_bcu,D,Otras industrias manufactureras,2017,5524478.49026678,miles_de_pesos_corrientes,True,
bcu,PIB-corriente-industrias-2006-2019.xlsx,Valores_C,pib_corriente_industrias,D.UU,D.UU,grupo_bcu,D,Otras industrias manufactureras,2018,4026696.11951463,miles_de_pesos_corrientes,True,
bcu,PIB-corriente-industrias-2006-2019.xlsx,Valores_C,pib_corriente_industrias,D.UU,D.UU,grupo_bcu,D,Otras industrias manufactureras,2019,4169423.16768242,miles_de_pesos_corrientes,True,
bcu,PIB-corriente-industrias-2006-2019.xlsx,Valores_C,pib_corriente_industrias,D.UUTT.0,D.UUTT.0,grupo_bcu,D,Fabricación de muebles; industrias manufactureras n.c.p.; reciclamiento,2005,2147867.56020696,miles_de_pesos_corrientes,False,
bcu,PIB-corriente-industrias-2006-2019.xlsx,Valores_C,pib_corriente_industrias,D.UUTT.0,D.UUTT.0,grupo_bcu,D,Fabricación de muebles; industrias manufactureras n.c.p.; reciclamiento,2006,2076019.17384217,miles_de_pesos_corrientes,False,
bcu,PIB-corriente-industrias-2006-2019.xlsx,Valores_C,pib_corriente_industrias,D.UUTT.0,D.UUTT.0,grupo_bcu,D,Fabricación de muebles; industrias manufactureras n.c.p.; reciclamiento,2007,2361277.64608602,miles_de_pesos_corrientes,False,
bcu,PIB-corriente-industrias-2006-2019.xlsx,Valores_C,pib_corriente_industrias,D.UUTT.0,D.UUTT.0,grupo_bcu,D,Fabricación de muebles; industrias manufactureras n.c.p.; reciclamiento,2008,2607437.87001237,miles_de_pesos_corrientes,False,
bcu,PIB-corriente-industrias-2006-2019.xlsx,Valores_C,pib_corriente_industrias,D.UUTT.0,D.UUTT.0,grupo_bcu,D,Fabricación de muebles; industrias manufactureras n.c.p.; reciclamiento,2009,3821420.13278313,miles_de_pesos_corrientes,False,
bcu,PIB-corriente-industrias-2006-2019.xlsx,Valores_C,pib_corriente_industrias,D.UUTT.0,D.UUTT.0,grupo_bcu,D,Fabricación de muebles; industrias manufactureras n.c.p.; reciclamiento,2010,2983493.16731292,miles_de_pesos_corrientes,False,
bcu,PIB-corriente-industrias-2006-2019.xlsx,Valores_C,pib_corriente_industrias,D.UUTT.0,D.UUTT.0,grupo_bcu,D,Fabricación de muebles; industrias manufactureras n.c.p.; reciclamiento,2011,2851580.36648368,miles_de_pesos_corrientes,False,
bcu,PIB-corriente-industrias-2006-2019.xlsx,Valores_C,pib_corriente_industrias,D.UUTT.0,D.UUTT.0,grupo_bcu,D,Fabricación de muebles; industrias manufactureras n.c.p.; reciclamiento,2012,2927732.05366437,miles_de_pesos_corrientes,False,
bcu,PIB-corriente-industrias-2006-2019.xlsx,Valores_C,pib_corriente_industrias,D.UUTT.0,D.UUTT.0,grupo_bcu,D,Fabricación de muebles; industrias manufactureras n.c.p.; reciclamiento,2013,4203642.47701975,miles_de_pesos_corrientes,False,
bcu,PIB-corriente-industrias-2006-2019.xlsx,Valores_C,pib_corriente_industrias,D.UUTT.0,D.UUTT.0,grupo_bcu,D,Fabricación de muebles; industrias manufactureras n.c.p.; reciclamiento,2014,5207395.44462473,miles_de_pesos_corrientes,False,
bcu,PIB-corriente-industrias-2006-2019.xlsx,Valores_C,pib_corriente_industrias,D.UUTT.0,D.UUTT.0,grupo_bcu,D,Fabricación de muebles; industrias manufactureras n.c.p.; reciclamiento,2015,6001741.94595235,miles_de_pesos_corrientes,False,
bcu,PIB-corriente-industrias-2006-2019.xlsx,Valores_C,pib_corriente_industrias,D.UUTT.0,D.UUTT.0,grupo_bcu,D,Fabricación de muebles; industrias manufactureras n.c.p.; reciclamiento,2016,5674629.9230897,miles_de_pesos_corrientes,False,
bcu,PIB-corriente-industrias-2006-2019.xlsx,Valores_C,pib_corriente_industrias,D.UUTT.0,D.UUTT.0,grupo_bcu,D,Fabricación de muebles; industrias manufactureras n.c.p.; reciclamiento,2017,5524478.49026678,miles_de_pesos_corrientes,True,
bcu,PIB-corriente-industrias-2006-2019.xlsx,Valores_C,pib_corriente_industrias,D.UUTT.0,D.UUTT.0,grupo_bcu,D,Fabricación de muebles; industrias manufactureras n.c.p.; reciclamiento,2018,4026696.11951463,miles_de_pesos_corrientes,True,
bcu,PIB-corriente-industrias-2006-2019.xlsx,Valores_C,pib_corriente_industrias,D.UUTT.0,D.UUTT.0,grupo_bcu,D,Fabricación de muebles; industrias manufactureras n.c.p.; reciclamiento,2019,4169423.16768242,miles_de_pesos_corrientes,True,
bcu,PIB-corriente-industrias-2006-2019.xlsx,Valores_C,pib_corriente_industrias,E,E,seccion,E,"SUMINISTRO DE ELECTRICIDAD, GAS Y AGUA",2005,13323287.0826385,miles_de_pesos_corrientes,False,
bcu,PIB-corriente-industrias-2006-2019.xlsx,Valores_C,pib_corriente_industrias,E,E,seccion,E,"SUMINISTRO DE ELECTRICIDAD, GAS Y AGUA",2006,9743410.83196109,miles_de_pesos_corrientes,False,
bcu,PIB-corriente-industrias-2006-2019.xlsx,Valores_C,pib_corriente_industrias,E,E,seccion,E,"SUMINISTRO DE ELECTRICIDAD, GAS Y AGUA",2007,17707534.1208988,miles_de_pesos_corrientes,False,
bcu,PIB-corriente-industrias-2006-2019.xlsx,Valores_C,pib_corriente_industrias,E,E,seccion,E,"SUMINISTRO DE ELECTRICIDAD, GAS Y AGUA",2008,4779922.30573579,miles_de_pesos_corrientes,False,
bcu,PIB-corriente-industrias-2006-2019.xlsx,Valores_C,pib_corriente_industrias,E,E,seccion,E,"SUMINISTRO DE ELECTRICIDAD, GAS Y AGUA",2009,9879524.5734872,miles_de_pesos_corrientes,False,
bcu,PIB-corriente-industrias-2006-2019.xlsx,Valores_C,pib_corriente_industrias,E,E,seccion,E,"SUMINISTRO DE ELECTRICIDAD, GAS Y AGUA",2010,25377294.7855389,miles_de_pesos_corrientes,False,
bcu,PIB-corriente-industrias-2006-2019.xlsx,Valores_C,pib_corriente_industrias,E,E,seccion,E,"SUMINISTRO DE ELECTRICIDAD, GAS Y AGUA",2011,17685139.7588202,miles_de_pesos_corrientes,False,
bcu,PIB-corriente-industrias-2006-2019.xlsx,Valores_C,pib_corriente_industrias,E,E,seccion,E,"SUMINISTRO DE ELECTRICIDAD, GAS Y AGUA",2012,10841854.50031,miles_de_pesos_corrientes,False,
bcu,PIB-corriente-industrias-2006-2019.xlsx,Valores_C,pib_corriente_industrias,E,E,seccion,E,"SUMINISTRO DE ELECTRICIDAD, GAS Y AGUA",2013,26211804.1533038,miles_de_pesos_corrientes,False,
bcu,PIB-corriente-industrias-2006-2019.xlsx,Valores_C,pib_corriente_industrias,E,E,seccion,E,"SUMINISTRO DE ELECTRICIDAD, GAS Y AGUA",2014,31142490.2052507,miles_de_pesos_corrientes,False,
bcu,PIB-corriente-industrias-2006-2019.xlsx,Valores_C,pib_corriente_industrias,E,E,seccion,E,"SUMINISTRO DE ELECTRICIDAD, GAS Y AGUA",2015,32288091.3765231,miles_de_pesos_corrientes,False,
bcu,PIB-corriente-industrias-2006-2019.xlsx,Valores_C,pib_corriente_industrias,E,E,seccion,E,"SUMINISTRO DE ELECTRICIDAD, GAS Y AGUA",2016,42158753.1411988,miles_de_pesos_corrientes,False,
bcu,PIB-corriente-industrias-2006-2019.xlsx,Valores_C,pib_corriente_industrias,E,E,seccion,E,"SUMINISTRO DE ELECTRICIDAD, GAS Y AGUA",2017,46661993.8073468,miles_de_pesos_corrientes,True,
bcu,PIB-corriente-industrias-2006-2019.xlsx,Valores_C,pib_corriente_industrias,E,E,seccion,E,"SUMINISTRO DE ELECTRICIDAD, GAS Y AGUA",2018,45994854.7357396,miles_de_pesos_corrientes,True,
bcu,PIB-corriente-industrias-2006-2019.xlsx,Valores_C,pib_corriente_industrias,E,E,seccion,E,"SUMINISTRO DE ELECTRICIDAD, GAS Y AGUA",2019,45146420.7891185,miles_de_pesos_corrientes,True,
bcu,PIB-corriente-industrias-2006-2019.xlsx,Valores_C,pib_corriente_industrias,E.TTTT.0,E.TTTT.0,total_seccion,E,"Suministro de electricidad, gas, vapor y agua caliente; Captación, depuración y distribución de agua",2005,13323287.0826385,miles_de_pesos_corrientes,False,
bcu,PIB-corriente-industrias-2006-2019.xlsx,Valores_C,pib_corriente_industrias,E.TTTT.0,E.TTTT.0,total_seccion,E,"Suministro de electricidad, gas, vapor y agua caliente; Captación, depuración y distribución de agua",2006,9743410.83196109,miles_de_pesos_corrientes,False,
bcu,PIB-corriente-industrias-2006-2019.xlsx,Valores_C,pib_corriente_industrias,E.TTTT.0,E.TTTT.0,total_seccion,E,"Suministro de electricidad, gas, vapor y agua caliente; Captación, depuración y distribución de agua",2007,17707534.1208988,miles_de_pesos_corrientes,False,
bcu,PIB-corriente-industrias-2006-2019.xlsx,Valores_C,pib_corriente_industrias,E.TTTT.0,E.TTTT.0,total_seccion,E,"Suministro de electricidad, gas, vapor y agua caliente; Captación, depuración y distribución de agua",2008,4779922.30573579,miles_de_pesos_corrientes,False,
bcu,PIB-corriente-industrias-2006-2019.xlsx,Valores_C,pib_corriente_industrias,E.TTTT.0,E.TTTT.0,total_seccion,E,"Suministro de electricidad, gas, vapor y agua caliente; Captación, depuración y distribución de agua",2009,9879524.5734872,miles_de_pesos_corrientes,False,
bcu,PIB-corriente-industrias-2006-2019.xlsx,Valores_C,pib_corriente_industrias,E.TTTT.0,E.TTTT.0,total_seccion,E,"Suministro de electricidad, gas, vapor y agua caliente; Captación, depuración y distribución de agua",2010,25377294.7855389,miles_de_pesos_corrientes,False,
bcu,PIB-corriente-industrias-2006-2019.xlsx,Valores_C,pib_corriente_industrias,E.TTTT.0,E.TTTT.0,total_seccion,E,"Suministro de electricidad, gas, vapor y agua caliente; Captación, depuración y distribución de agua",2011,17685139.7588202,miles_de_pesos_corrientes,False,
bcu,PIB-corriente-industrias-2006-2019.xlsx,Valores_C,pib_corriente_industrias,E.TTTT.0,E.TTTT.0,total_seccion,E,"Suministro de electricidad, gas, vapor y agua caliente; Captación, depuración y distribución de agua",2012,10841854.50031,miles_de_pesos_corrientes,False,
bcu,PIB-corriente-industrias-2006-2019.xlsx,Valores_C,pib_corriente_industrias,E.TTTT.0,E.TTTT.0,total_seccion,E,"Suministro de electricidad, gas, vapor y agua caliente; Captación, depuración y distribución de agua",2013,26211804.1533038,miles_de_pesos_corrientes,False,
bcu,PIB-corriente-industrias-2006-2019.xlsx,Valores_C,pib_corriente_industrias,E.TTTT.0,E.TTTT.0,total_seccion,E,"Suministro de electricidad, gas, vapor y agua caliente; Captación, depuración y distribución de agua",2014,31142490.2052507,miles_de_pesos_corrientes,False,
bcu,PIB-corriente-industrias-2006-2019.xlsx,Valores_C,pib_corriente_industrias,E.TTTT.0,E.TTTT.0,total_seccion,E,"Suministro de electricidad, gas, vapor y agua caliente; Captación, depuración y distribución de agua",2015,32288091.3765231,miles_de_pesos_corrientes,False,
bcu,PIB-corriente-industrias-2006-2019.xlsx,Valores_C,pib_corriente_industrias,E.TTTT.0,E.TTTT.0,total_seccion,E,"Suministro de electricidad, gas, vapor y agua caliente; Captación, depuración y distribución de agua",2016,42158753.1411988,miles_de_pesos_corrientes,False,
bcu,PIB-corriente-industrias-2006-2019.xlsx,Valores_C,pib_corriente_industrias,E.TTTT.0,E.TTTT.0,total_seccion,E,"Suministro de electricidad, gas, vapor y agua caliente; Captación, depuración y distribución de agua",2017,46661993.8073468,miles_de_pesos_corrientes,True,
bcu,PIB-corriente-industrias-2006-2019.xlsx,Valores_C,pib_corriente_industrias,E.TTTT.0,E.TTTT.0,total_seccion,E,"Suministro de electricidad, gas, vapor y agua caliente; Captación, depuración y distribución de agua",2018,45994854.7357396,miles_de_pesos_corrientes,True,
bcu,PIB-corriente-industrias-2006-2019.xlsx,Valores_C,pib_corriente_industrias,E.TTTT.0,E.TTTT.0,total_seccion,E,"Suministro de electricidad, gas, vapor y agua caliente; Captación, depuración y distribución de agua",2019,45146420.7891185,miles_de_pesos_corrientes,True,
bcu,PIB-corriente-industrias-2006-2019.xlsx,Valores_C,pib_corriente_industrias,F,F,seccion,F,CONSTRUCCION,2005,23542050.4343007,miles_de_pesos_corrientes,False,
bcu,PIB-corriente-industrias-2006-2019.xlsx,Valores_C,pib_corriente_industrias,F,F,seccion,F,CONSTRUCCION,2006,28297282.3527129,miles_de_pesos_corrientes,False,
bcu,PIB-corriente-industrias-2006-2019.xlsx,Valores_C,pib_corriente_industrias,F,F,seccion,F,CONSTRUCCION,2007,35284198.3179952,miles_de_pesos_corrientes,False,
bcu,PIB-corriente-industrias-2006-2019.xlsx,Valores_C,pib_corriente_industrias,F,F,seccion,F,CONSTRUCCION,2008,43090248.86519,miles_de_pesos_corrientes,False,
bcu,PIB-corriente-industrias-2006-2019.xlsx,Valores_C,pib_corriente_industrias,F,F,seccion,F,CONSTRUCCION,2009,52965383.6333393,miles_de_pesos_corrientes,False,
bcu,PIB-corriente-industrias-2006-2019.xlsx,Valores_C,pib_corriente_industrias,F,F,seccion,F,CONSTRUCCION,2010,59519405.1986927,miles_de_pesos_corrientes,False,
bcu,PIB-corriente-industrias-2006-2019.xlsx,Valores_C,pib_corriente_industrias,F,F,seccion,F,CONSTRUCCION,2011,70635875.0642728,miles_de_pesos_corrientes,False,
bcu,PIB-corriente-industrias-2006-2019.xlsx,Valores_C,pib_corriente_industrias,F,F,seccion,F,CONSTRUCCION,2012,95872871.7170779,miles_de_pesos_corrientes,False,
bcu,PIB-corriente-industrias-2006-2019.xlsx,Valores_C,pib_corriente_industrias,F,F,seccion,F,CONSTRUCCION,2013,114134004.344185,miles_de_pesos_corrientes,False,
bcu,PIB-corriente-industrias-2006-2019.xlsx,Valores_C,pib_corriente_industrias,F,F,seccion,F,CONSTRUCCION,2014,129805726.607379,miles_de_pesos_corrientes,False,
bcu,PIB-corriente-industrias-2006-2019.xlsx,Valores_C,pib_corriente_industrias,F,F,seccion,F,CONSTRUCCION,2015,139082749.727181,miles_de_pesos_corrientes,False,
bcu,PIB-corriente-industrias-2006-2019.xlsx,Valores_C,pib_corriente_industrias,F,F,seccion,F,CONSTRUCCION,2016,152842472.834767,miles_de_pesos_corrientes,False,
bcu,PIB-corriente-industrias-2006-2019.xlsx,Valores_C,pib_corriente_industrias,F,F,seccion,F,CONSTRUCCION,2017,168975686.805741,miles_de_pesos_corrientes,True,
bcu,PIB-corriente-industrias-2006-2019.xlsx,Valores_C,pib_corriente_industrias,F,F,seccion,F,CONSTRUCCION,2018,181487450.267939,miles_de_pesos_corrientes,True,
bcu,PIB-corriente-industrias-2006-2019.xlsx,Valores_C,pib_corriente_industrias,F,F,seccion,F,CONSTRUCCION,2019,192445799.031548,miles_de_pesos_corrientes,True,
bcu,PIB-corriente-industrias-2006-2019.xlsx,Valores_C,pib_corriente_industrias,F.45TT.0,F.45TT.0,grupo_bcu,F,Construcción de edificios y otras construcciones,2005,23542050.4343007,miles_de_pesos_corrientes,False,
bcu,PIB-corriente-industrias-2006-2019.xlsx,Valores_C,pib_corriente_industrias,F.45TT.0,F.45TT.0,grupo_bcu,F,Construcción de edificios y otras construcciones,2006,28297282.3527129,miles_de_pesos_corrientes,False,
bcu,PIB-corriente-industrias-2006-2019.xlsx,Valores_C,pib_corriente_industrias,F.45TT.0,F.45TT.0,grupo_bcu,F,Construcción de edificios y otras construcciones,2007,35284198.3179952,miles_de_pesos_corrientes,False,
bcu,PIB-corriente-industrias-2006-2019.xlsx,Valores_C,pib_corriente_industrias,F.45TT.0,F.45TT.0,grupo_bcu,F,Construcción de edificios y otras construcciones,2008,43090248.86519,miles_de_pesos_corrientes,False,
bcu,PIB-corriente-industrias-2006-2019.xlsx,Valores_C,pib_corriente_industrias,F.45TT.0,F.45TT.0,grupo_bcu,F,Construcción de edificios y otras construcciones,2009,52965383.6333393,miles_de_pesos_corrientes,False,
bcu,PIB-corriente-industrias-2006-2019.xlsx,Valores_C,pib_corriente_industrias,F.45TT.0,F.45TT.0,grupo_bcu,F,Construcción de edificios y otras construcciones,2010,59519405.1986927,miles_de_pesos_corrientes,False,
bcu,PIB-corriente-industrias-2006-2019.xlsx,Valores_C,pib_corriente_industrias,F.45TT.0,F.45TT.0,grupo_bcu,F,Construcción de edificios y otras construcciones,2011,70635875.0642728,miles_de_pesos_corrientes,False,
bcu,PIB-corriente-industrias-2006-2019.xlsx,Valores_C,pib_corriente_industrias,F.45TT.0,F.45TT.0,grupo_bcu,F,Construcción de edificios y otras construcciones,2012,95872871.7170779,miles_de_pesos_corrientes,False,
bcu,PIB-corriente-industrias-2006-2019.xlsx,Valores_C,pib_corriente_industrias,F.45TT.0,F.45TT.0,grupo_bcu,F,Construcción de edificios y otras construcciones,2013,114134004.344185,miles_de_pesos_corrientes,False,
bcu,PIB-corriente-industrias-2006-2019.xlsx,Valores_C,pib_corriente_industrias,F.45TT.0,F.45TT.0,grupo_bcu,F,Construcción de edificios y otras construcciones,2014,129805726.607379,miles_de_pesos_corrientes,False,
bcu,PIB-corriente-industrias-2006-2019.xlsx,Valores_C,pib_corriente_industrias,F.45TT.0,F.45TT.0,grupo_bcu,F,Construcción de edificios y otras construcciones,2015,139082749.727181,miles_de_pesos_corrientes,False,
bcu,PIB-corriente-industrias-2006-2019.xlsx,Valores_C,pib_corriente_industrias,F.45TT.0,F.45TT.0,grupo_bcu,F,Construcción de edificios y otras construcciones,2016,152842472.834767,miles_de_pesos_corrientes,False,
bcu,PIB-corriente-industrias-2006-2019.xlsx,Valores_C,pib_corriente_industrias,F.45TT.0,F.45TT.0,grupo_bcu,F,Construcción de edificios y otras construcciones,2017,168975686.805741,miles_de_pesos_corrientes,True,
bcu,PIB-corriente-industrias-2006-2019.xlsx,Valores_C,pib_corriente_industrias,F.45TT.0,F.45TT.0,grupo_bcu,F,Construcción de edificios y otras construcciones,2018,181487450.267939,miles_de_pesos_corrientes,True,
bcu,PIB-corriente-industrias-2006-2019.xlsx,Valores_C,pib_corriente_industrias,F.45TT.0,F.45TT.0,grupo_bcu,F,Construcción de edificios y otras construcciones,2019,192445799.031548,miles_de_pesos_corrientes,True,
bcu,PIB-corriente-industrias-2006-2019.xlsx,Valores_C,pib_corriente_industrias,G-H,G-H,agregado_secciones,G,"COMERCIO, REPARACIONES, RESTAURANTES Y HOTELES",2005,54072143.8647973,miles_de_pesos_corrientes,False,
bcu,PIB-corriente-industrias-2006-2019.xlsx,Valores_C,pib_corriente_industrias,G-H,G-H,agregado_secciones,G,"COMERCIO, REPARACIONES, RESTAURANTES Y HOTELES",2006,59789446.1728542,miles_de_pesos_corrientes,False,
bcu,PIB-corriente-industrias-2006-2019.xlsx,Valores_C,pib_corriente_industrias,G-H,G-H,agregado_secciones,G,"COMERCIO, REPARACIONES, RESTAURANTES Y HOTELES",2007,74542140.0047227,miles_de_pesos_corrientes,False,
bcu,PIB-corriente-industrias-2006-2019.xlsx,Valores_C,pib_corriente_industrias,G-H,G-H,agregado_secciones,G,"COMERCIO, REPARACIONES, RESTAURANTES Y HOTELES",2008,91719540.3903628,miles_de_pesos_corrientes,False,
bcu,PIB-corriente-industrias-2006-2019.xlsx,Valores_C,pib_corriente_industrias,G-H,G-H,agregado_secciones,G,"COMERCIO, REPARACIONES, RESTAURANTES Y HOTELES",2009,99849384.3811207,miles_de_pesos_corrientes,False,
bcu,PIB-corriente-industrias-2006-2019.xlsx,Valores_C,pib_corriente_industrias,G-H,G-H,agregado_secciones,G,"COMERCIO, REPARACIONES, RESTAURANTES Y HOTELES",2010,110492686.620621,miles_de_pesos_corrientes,False,
bcu,PIB-corriente-industrias-2006-2019.xlsx,Valores_C,pib_corriente_industrias,G-H,G-H,agregado_secciones,G,"COMERCIO, REPARACIONES, RESTAURANTES Y HOTELES",2011,127497037.986154,miles_de_pesos_corrientes,False,
bcu,PIB-corriente-industrias-2006-2019.xlsx,Valores_C,pib_corriente_industrias,G-H,G-H,agregado_secciones,G,"COMERCIO, REPARACIONES, RESTAURANTES Y HOTELES",2012,144511385.9031,miles_de_pesos_corrientes,False,
bcu,PIB-corriente-industrias-2006-2019.xlsx,Valores_C,pib_corriente_industrias,G-H,G-H,agregado_secciones,G,"COMERCIO, REPARACIONES, RESTAURANTES Y HOTELES",2013,161861764.807451,miles_de_pesos_corrientes,False,
bcu,PIB-corriente-industrias-2006-2019.xlsx,Valores_C,pib_corriente_industrias,G-H,G-H,agregado_secciones,G,"COMERCIO, REPARACIONES, RESTAURANTES Y HOTELES",2014,178331279.689346,miles_de_pesos_corrientes,False,
bcu,PIB-corriente-industrias-2006-2019.xlsx,Valores_C,pib_corriente_industrias,G-H,G-H,agregado_secciones,G,"COMERCIO, REPARACIONES, RESTAURANTES Y HOTELES",2015,189784513.132005,miles_de_pesos_corrientes,False,
bcu,PIB-corriente-industrias-2006-2019.xlsx,Valores_C,pib_corriente_industrias,G-H,G-H,agregado_secciones,G,"COMERCIO, REPARACIONES, RESTAURANTES Y HOTELES",2016,206708009.88164,miles_de_pesos_corrientes,False,
bcu,PIB-corriente-industrias-2006-2019.xlsx,Valores_C,pib_corriente_industrias,G-H,G-H,agregado_secciones,G,"COMERCIO, REPARACIONES, RESTAURANTES Y HOTELES",2017,236715601.053455,miles_de_pesos_corrientes,True,
bcu,PIB-corriente-industrias-2006-2019.xlsx,Valores_C,pib_corriente_industrias,G-H,G-H,agregado_secciones,G,"COMERCIO, REPARACIONES, RESTAURANTES Y HOTELES",2018,251013703.0025,miles_de_pesos_corrientes,True,
bcu,PIB-corriente-industrias-2006-2019.xlsx,Valores_C,pib_corriente_industrias,G-H,G-H,agregado_secciones,G,"COMERCIO, REPARACIONES, RESTAURANTES Y HOTELES",2019,268274329.576365,miles_de_pesos_corrientes,True,
bcu,PIB-corriente-industrias-2006-2019.xlsx,Valores_C,pib_corriente_industrias,G,G,seccion,G,COMERCIO Y REPARACIONES,2005,44388144.6976264,miles_de_pesos_corrientes,False,
bcu,PIB-corriente-industrias-2006-2019.xlsx,Valores_C,pib_corriente_industrias,G,G,seccion,G,COMERCIO Y REPARACIONES,2006,48652668.7671131,miles_de_pesos_corrientes,False,
bcu,PIB-corriente-industrias-2006-2019.xlsx,Valores_C,pib_corriente_industrias,G,G,seccion,G,COMERCIO Y REPARACIONES,2007,60642599.5454627,miles_de_pesos_corrientes,False,
bcu,PIB-corriente-industrias-2006-2019.xlsx,Valores_C,pib_corriente_industrias,G,G,seccion,G,COMERCIO Y REPARACIONES,2008,73554570.087381,miles_de_pesos_corrientes,False,
bcu,PIB-corriente-industrias-2006-2019.xlsx,Valores_C,pib_corriente_industrias,G,G,seccion,G,COMERCIO Y REPARACIONES,2009,77091403.2700419,miles_de_pesos_corrientes,False,
bcu,PIB-corriente-industrias-2006-2019.xlsx,Valores_C,pib_corriente_industrias,G,G,seccion,G,COMERCIO Y REPARACIONES,2010,84815897.7109542,miles_de_pesos_corrientes,False,
bcu,PIB-corriente-industrias-2006-2019.xlsx,Valores_C,pib_corriente_industrias,G,G,seccion,G,COMERCIO Y REPARACIONES,2011,95694167.7430716,miles_de_pesos_corrientes,False,
bcu,PIB-corriente-industrias-2006-2019.xlsx,Valores_C,pib_corriente_industrias,G,G,seccion,G,COMERCIO Y REPARACIONES,2012,107886722.670896,miles_de_pesos_corrientes,False,
bcu,PIB-corriente-industrias-2006-2019.xlsx,Valores_C,pib_corriente_industrias,G,G,seccion,G,COMERCIO Y REPARACIONES,2013,120333655.689386,miles_de_pesos_corrientes,False,
bcu,PIB-corriente-industrias-2006-2019.xlsx,Valores_C,pib_corriente_industrias,G,G,seccion,G,COMERCIO Y REPARACIONES,2014,132138024.587349,miles_de_pesos_corrientes,False,
bcu,PIB-corriente-industrias-2006-2019.xlsx,Valores_C,pib_corriente_industrias,G,G,seccion,G,COMERCIO Y REPARACIONES,2015,137283065.068149,miles_de_pesos_corrientes,False,
bcu,PIB-corriente-industrias-2006-2019.xlsx,Valores_C,pib_corriente_industrias,G,G,seccion,G,COMERCIO Y REPARACIONES,2016,147948829.970963,miles_de_pesos_corrientes,False,
bcu,PIB-corriente-industrias-2006-2019.xlsx,Valores_C,pib_corriente_industrias,G,G,seccion,G,COMERCIO Y REPARACIONES,2017,167931968.860706,miles_de_pesos_corrientes,True,
bcu,PIB-corriente-industrias-2006-2019.xlsx,Valores_C,pib_corriente_industrias,G,G,seccion,G,COMERCIO Y REPARACIONES,2018,178239639.420004,miles_de_pesos_corrientes,True,
bcu,PIB-corriente-industrias-2006-2019.xlsx,Valores_C,pib_corriente_industrias,G,G,seccion,G,COMERCIO Y REPARACIONES,2019,192040896.282008,miles_de_pesos_corrientes,True,
bcu,PIB-corriente-industrias-2006-2019.xlsx,Valores_C,pib_corriente_industrias,G.TTTT.0,G.TTTT.0,total_seccion,G,"Comercio al por mayor y al por menor, reparación de vehículos automotores, motocicletas, efectos personales y enseres domésticos.",2005,44388144.6976264,miles_de_pesos_corrientes,False,
bcu,PIB-corriente-industrias-2006-2019.xlsx,Valores_C,pib_corriente_industrias,G.TTTT.0,G.TTTT.0,total_seccion,G,"Comercio al por mayor y al por menor, reparación de vehículos automotores, motocicletas, efectos personales y enseres domésticos.",2006,48652668.7671131,miles_de_pesos_corrientes,False,
bcu,PIB-corriente-industrias-2006-2019.xlsx,Valores_C,pib_corriente_industrias,G.TTTT.0,G.TTTT.0,total_seccion,G,"Comercio al por mayor y al por menor, reparación de vehículos automotores, motocicletas, efectos personales y enseres domésticos.",2007,60642599.5454627,miles_de_pesos_corrientes,False,
bcu,PIB-corriente-industrias-2006-2019.xlsx,Valores_C,pib_corriente_industrias,G.TTTT.0,G.TTTT.0,total_seccion,G,"Comercio al por mayor y al por menor, reparación de vehículos automotores, motocicletas, efectos personales y enseres domésticos.",2008,73554570.087381,miles_de_pesos_corrientes,False,
bcu,PIB-corriente-industrias-2006-2019.xlsx,Valores_C,pib_corriente_industrias,G.TTTT.0,G.TTTT.0,total_seccion,G,"Comercio al por mayor y al por menor, reparación de vehículos automotores, motocicletas, efectos personales y enseres domésticos.",2009,77091403.2700419,miles_de_pesos_corrientes,False,
bcu,PIB-corriente-industrias-2006-2019.xlsx,Valores_C,pib_corriente_industrias,G.TTTT.0,G.TTTT.0,total_seccion,G,"Comercio al por mayor y al por menor, reparación de vehículos automotores, motocicletas, efectos personales y enseres domésticos.",2010,84815897.7109542,miles_de_pesos_corrientes,False,
bcu,PIB-corriente-industrias-2006-2019.xlsx,Valores_C,pib_corriente_industrias,G.TTTT.0,G.TTTT.0,total_seccion,G,"Comercio al por mayor y al por menor, reparación de vehículos automotores, motocicletas, efectos personales y enseres domésticos.",2011,95694167.7430716,miles_de_pesos_corrientes,False,
bcu,PIB-corriente-industrias-2006-2019.xlsx,Valores_C,pib_corriente_industrias,G.TTTT.0,G.TTTT.0,total_seccion,G,"Comercio al por mayor y al por menor, reparación de vehículos automotores, motocicletas, efectos personales y enseres domésticos.",2012,107886722.670896,miles_de_pesos_corrientes,False,
bcu,PIB-corriente-industrias-2006-2019.xlsx,Valores_C,pib_corriente_industrias,G.TTTT.0,G.TTTT.0,total_seccion,G,"Comercio al por mayor y al por menor, reparación de vehículos automotores, motocicletas, efectos personales y enseres domésticos.",2013,120333655.689386,miles_de_pesos_corrientes,False,
bcu,PIB-corriente-industrias-2006-2019.xlsx,Valores_C,pib_corriente_industrias,G.TTTT.0,G.TTTT.0,total_seccion,G,"Comercio al por mayor y al por menor, reparación de vehículos automotores, motocicletas, efectos personales y enseres domésticos.",2014,132138024.587349,miles_de_pesos_corrientes,False,
bcu,PIB-corriente-industrias-2006-2019.xlsx,Valores_C,pib_corriente_industrias,G.TTTT.0,G.TTTT.0,total_seccion,G,"Comercio al por mayor y al por menor, reparación de vehículos automotores, motocicletas, efectos personales y enseres domésticos.",2015,137283065.068149,miles_de_pesos_corrientes,False,
bcu,PIB-corriente-industrias-2006-2019.xlsx,Valores_C,pib_corriente_industrias,G.TTTT.0,G.TTTT.0,total_seccion,G,"Comercio al por mayor y al por menor, reparación de vehículos automotores, motocicletas, efectos personales y enseres domésticos.",2016,147948829.970963,miles_de_pesos_corrientes,False,
bcu,PIB-corriente-industrias-2006-2019.xlsx,Valores_C,pib_corriente_industrias,G.TTTT.0,G.TTTT.0,total_seccion,G,"Comercio al por mayor y al por menor, reparación de vehículos automotores, motocicletas, efectos personales y enseres domésticos.",2017,167931968.860706,miles_de_pesos_corrientes,True,
bcu,PIB-corriente-industrias-2006-2019.xlsx,Valores_C,pib_corriente_industrias,G.TTTT.0,G.TTTT.0,total_seccion,G,"Comercio al por mayor y al por menor, reparación de vehículos automotores, motocicletas, efectos personales y enseres domésticos.",2018,178239639.420004,miles_de_pesos_corrientes,True,
bcu,PIB-corriente-industrias-2006-2019.xlsx,Valores_C,pib_corriente_industrias,G.TTTT.0,G.TTTT.0,total_seccion,G,"Comercio al por mayor y al por menor, reparación de vehículos automotores, motocicletas, efectos personales y enseres domésticos.",2019,192040896.282008,miles_de_pesos_corrientes,True,
bcu,PIB-corriente-industrias-2006-2019.xlsx,Valores_C,pib_corriente_industrias,H,H,seccion,H,RESTAURANTES Y HOTELES,2005,9683999.16717093,miles_de_pesos_corrientes,False,
bcu,PIB-corriente-industrias-2006-2019.xlsx,Valores_C,pib_corriente_industrias,H,H,seccion,H,RESTAURANTES Y HOTELES,2006,11136777.4057411,miles_de_pesos_corrientes,False,
bcu,PIB-corriente-industrias-2006-2019.xlsx,Valores_C,pib_corriente_industrias,H,H,seccion,H,RESTAURANTES Y HOTELES,2007,13899540.4592599,miles_de_pesos_corrientes,False,
bcu,PIB-corriente-industrias-2006-2019.xlsx,Valores_C,pib_corriente_industrias,H,H,seccion,H,RESTAURANTES Y HOTELES,2008,18164970.3029818,miles_de_pesos_corrientes,False,
bcu,PIB-corriente-industrias-2006-2019.xlsx,Valores_C,pib_corriente_industrias,H,H,seccion,H,RESTAURANTES Y HOTELES,2009,22757981.1110788,miles_de_pesos_corrientes,False,
bcu,PIB-corriente-industrias-2006-2019.xlsx,Valores_C,pib_corriente_industrias,H,H,seccion,H,RESTAURANTES Y HOTELES,2010,25676788.9096669,miles_de_pesos_corrientes,False,
bcu,PIB-corriente-industrias-2006-2019.xlsx,Valores_C,pib_corriente_industrias,H,H,seccion,H,RESTAURANTES Y HOTELES,2011,31802870.243082,miles_de_pesos_corrientes,False,
bcu,PIB-corriente-industrias-2006-2019.xlsx,Valores_C,pib_corriente_industrias,H,H,seccion,H,RESTAURANTES Y HOTELES,2012,36624663.2322034,miles_de_pesos_corrientes,False,
bcu,PIB-corriente-industrias-2006-2019.xlsx,Valores_C,pib_corriente_industrias,H,H,seccion,H,RESTAURANTES Y HOTELES,2013,41528109.1180647,miles_de_pesos_corrientes,False,
bcu,PIB-corriente-industrias-2006-2019.xlsx,Valores_C,pib_corriente_industrias,H,H,seccion,H,RESTAURANTES Y HOTELES,2014,46193255.1019975,miles_de_pesos_corrientes,False,
bcu,PIB-corriente-industrias-2006-2019.xlsx,Valores_C,pib_corriente_industrias,H,H,seccion,H,RESTAURANTES Y HOTELES,2015,52501448.0638555,miles_de_pesos_corrientes,False,
bcu,PIB-corriente-industrias-2006-2019.xlsx,Valores_C,pib_corriente_industrias,H,H,seccion,H,RESTAURANTES Y HOTELES,2016,58759179.9106769,miles_de_pesos_corrientes,False,
bcu,PIB-corriente-industrias-2006-2019.xlsx,Valores_C,pib_corriente_industrias,H,H,seccion,H,RESTAURANTES Y HOTELES,2017,68783632.1927484,miles_de_pesos_corrientes,True,
bcu,PIB-corriente-industrias-2006-2019.xlsx,Valores_C,pib_corriente_industrias,H,H,seccion,H,RESTAURANTES Y HOTELES,2018,72774063.5824955,miles_de_pesos_corrientes,True,
bcu,PIB-corriente-industrias-2006-2019.xlsx,Valores_C,pib_corriente_industrias,H,H,seccion,H,RESTAURANTES Y HOTELES,2019,76233433.2943569,miles_de_pesos_corrientes,True,
bcu,PIB-corriente-industrias-2006-2019.xlsx,Valores_C,pib_corriente_industrias,H.55TT.0,H.55TT.0,grupo_bcu,H,Hoteles y restaurantes,2005,9683999.16717093,miles_de_pesos_corrientes,False,
bcu,PIB-corriente-industrias-2006-2019.xlsx,Valores_C,pib_corriente_industrias,H.55TT.0,H.55TT.0,grupo_bcu,H,Hoteles y restaurantes,2006,11136777.4057411,miles_de_pesos_corrientes,False,
bcu,PIB-corriente-industrias-2006-2019.xlsx,Valores_C,pib_corriente_industrias,H.55TT.0,H.55TT.0,grupo_bcu,H,Hoteles y restaurantes,2007,13899540.4592599,miles_de_pesos_corrientes,False,
bcu,PIB-corriente-industrias-2006-2019.xlsx,Valores_C,pib_corriente_industrias,H.55TT.0,H.55TT.0,grupo_bcu,H,Hoteles y restaurantes,2008,18164970.3029818,miles_de_pesos_corrientes,False,
bcu,PIB-corriente-industrias-2006-2019.xlsx,Valores_C,pib_corriente_industrias,H.55TT.0,H.55TT.0,grupo_bcu,H,Hoteles y restaurantes,2009,22757981.1110788,miles_de_pesos_corrientes,False,
bcu,PIB-corriente-industrias-2006-2019.xlsx,Valores_C,pib_corriente_industrias,H.55TT.0,H.55TT.0,grupo_bcu,H,Hoteles y restaurantes,2010,25676788.9096669,miles_de_pesos_corrientes,False,
bcu,PIB-corriente-industrias-2006-2019.xlsx,Valores_C,pib_corriente_industrias,H.55TT.0,H.55TT.0,grupo_bcu,H,Hoteles y restaurantes,2011,31802870.243082,miles_de_pesos_corrientes,False,
bcu,PIB-corriente-industrias-2006-2019.xlsx,Valores_C,pib_corriente_industrias,H.55TT.0,H.55TT.0,grupo_bcu,H,Hoteles y restaurantes,2012,36624663.2322034,miles_de_pesos_corrientes,False,
bcu,PIB-corriente-industrias-2006-2019.xlsx,Valores_C,pib_corriente_industrias,H.55TT.0,H.55TT.0,grupo_bcu,H,Hoteles y restaurantes,2013,41528109.1180647,miles_de_pesos_corrientes,False,
bcu,PIB-corriente-industrias-2006-2019.xlsx,Valores_C,pib_corriente_industrias,H.55TT.0,H.55TT.0,grupo_bcu,H,Hoteles y restaurantes,2014,46193255.1019975,miles_de_pesos_corrientes,False,
bcu,PIB-corriente-industrias-2006-2019.xlsx,Valores_C,pib_corriente_industrias,H.55TT.0,H.55TT.0,grupo_bcu,H,Hoteles y restaurantes,2015,52501448.0638555,miles_de_pesos_corrientes,False,
bcu,PIB-corriente-industrias-2006-2019.xlsx,Valores_C,pib_corriente_industrias,H.55TT.0,H.55TT.0,grupo_bcu,H,Hoteles y restaurantes,2016,58759179.9106769,miles_de_pesos_corrientes,False,
bcu,PIB-corriente-industrias-2006-2019.xlsx,Valores_C,pib_corriente_industrias,H.55TT.0,H.55TT.0,grupo_bcu,H,Hoteles y restaurantes,2017,68783632.1927484,miles_de_pesos_corrientes,True,
bcu,PIB-corriente-industrias-2006-2019.xlsx,Valores_C,pib_corriente_industrias,H.55TT.0,H.55TT.0,grupo_bcu,H,Hoteles y restaurantes,2018,72774063.5824955,miles_de_pesos_corrientes,True,
bcu,PIB-corriente-industrias-2006-2019.xlsx,Valores_C,pib_corriente_industrias,H.55TT.0,H.55TT.0,grupo_bcu,H,Hoteles y restaurantes,2019,76233433.2943569,miles_de_pesos_corrientes,True,
bcu,PIB-corriente-industrias-2006-2019.xlsx,Valores_C,pib_corriente_industrias,I,I,seccion,I,"TRANSPORTE, ALMACENAMIENTO Y COMUNICACIONES",2005,35172988.1045474,miles_de_pesos_corrientes,False,
bcu,PIB-corriente-industrias-2006-2019.xlsx,Valores_C,pib_corriente_industrias,I,I,seccion,I,"TRANSPORTE, ALMACENAMIENTO Y COMUNICACIONES",2006,38358646.413727,miles_de_pesos_corrientes,False,
bcu,PIB-corriente-industrias-2006-2019.xlsx,Valores_C,pib_corriente_industrias,I,I,seccion,I,"TRANSPORTE, ALMACENAMIENTO Y COMUNICACIONES",2007,42683663.0935651,miles_de_pesos_corrientes,False,
bcu,PIB-corriente-industrias-2006-2019.xlsx,Valores_C,pib_corriente_industrias,I,I,seccion,I,"TRANSPORTE, ALMACENAMIENTO Y COMUNICACIONES",2008,47877605.6826341,miles_de_pesos_corrientes,False,
bcu,PIB-corriente-industrias-2006-2019.xlsx,Valores_C,pib_corriente_industrias,I,I,seccion,I,"TRANSPORTE, ALMACENAMIENTO Y COMUNICACIONES",2009,51311653.7150261,miles_de_pesos_corrientes,False,
bcu,PIB-corriente-industrias-2006-2019.xlsx,Valores_C,pib_corriente_industrias,I,I,seccion,I,"TRANSPORTE, ALMACENAMIENTO Y COMUNICACIONES",2010,57139531.7032198,miles_de_pesos_corrientes,False,
bcu,PIB-corriente-industrias-2006-2019.xlsx,Valores_C,pib_corriente_industrias,I,I,seccion,I,"TRANSPORTE, ALMACENAMIENTO Y COMUNICACIONES",2011,62132574.516588,miles_de_pesos_corrientes,False,
bcu,PIB-corriente-industrias-2006-2019.xlsx,Valores_C,pib_corriente_industrias,I,I,seccion,I,"TRANSPORTE, ALMACENAMIENTO Y COMUNICACIONES",2012,68127574.8769892,miles_de_pesos_corrientes,False,
bcu,PIB-corriente-industrias-2006-2019.xlsx,Valores_C,pib_corriente_industrias,I,I,seccion,I,"TRANSPORTE, ALMACENAMIENTO Y COMUNICACIONES",2013,70586461.2999215,miles_de_pesos_corrientes,False,
bcu,PIB-corriente-industrias-2006-2019.xlsx,Valores_C,pib_corriente_industrias,I,I,seccion,I,"TRANSPORTE, ALMACENAMIENTO Y COMUNICACIONES",2014,75902567.5406263,miles_de_pesos_corrientes,False,
bcu,PIB-corriente-industrias-2006-2019.xlsx,Valores_C,pib_corriente_industrias,I,I,seccion,I,"TRANSPORTE, ALMACENAMIENTO Y COMUNICACIONES",2015,81400119.8341079,miles_de_pesos_corrientes,False,
bcu,PIB-corriente-industrias-2006-2019.xlsx,Valores_C,pib_corriente_industrias,I,I,seccion,I,"TRANSPORTE, ALMACENAMIENTO Y COMUNICACIONES",2016,85563840.3889395,miles_de_pesos_corrientes,False,
bcu,PIB-corriente-industrias-2006-2019.xlsx,Valores_C,pib_corriente_industrias,I,I,seccion,I,"TRANSPORTE, ALMACENAMIENTO Y COMUNICACIONES",2017,94289869.1986819,miles_de_pesos_corrientes,True,
bcu,PIB-corriente-industrias-2006-2019.xlsx,Valores_C,pib_corriente_industrias,I,I,seccion,I,"TRANSPORTE, ALMACENAMIENTO Y COMUNICACIONES",2018,98494181.5653143,miles_de_pesos_corrientes,True,
bcu,PIB-corriente-industrias-2006-2019.xlsx,Valores_C,pib_corriente_industrias,I,I,seccion,I,"TRANSPORTE, ALMACENAMIENTO Y COMUNICACIONES",2019,106674086.527749,miles_de_pesos_corrientes,True,
bcu,PIB-corriente-industrias-2006-2019.xlsx,Valores_C,pib_corriente_industrias,I.60 - I.63,I.60 - I.63,agregado_codigos,I,Transporte y almacenamiento,2005,21576066.5997993,miles_de_pesos_corrientes,False,
bcu,PIB-corriente-industrias-2006-2019.xlsx,Valores_C,pib_corriente_industrias,I.60 - I.63,I.60 - I.63,agregado_codigos,I,Transporte y almacenamiento,2006,22565921.976965,miles_de_pesos_corrientes,False,
bcu,PIB-corriente-industrias-2006-2019.xlsx,Valores_C,pib_corriente_industrias,I.60 - I.63,I.60 - I.63,agregado_codigos,I,Transporte y almacenamiento,2007,26084780.9465622,miles_de_pesos_corrientes,False,
bcu,PIB-corriente-industrias-2006-2019.xlsx,Valores_C,pib_corriente_industrias,I.60 - I.63,I.60 - I.63,agregado_codigos,I,Transporte y almacenamiento,2008,31011790.9144253,miles_de_pesos_corrientes,False,
bcu,PIB-corriente-industrias-2006-2019.xlsx,Valores_C,pib_corriente_industrias,I.60 - I.63,I.60 - I.63,agregado_codigos,I,Transporte y almacenamiento,2009,33250222.0152958,miles_de_pesos_corrientes,False,
bcu,PIB-corriente-industrias-2006-2019.xlsx,Valores_C,pib_corriente_industrias,I.60 - I.63,I.60 - I.63,agregado_codigos,I,Transporte y almacenamiento,2010,37401152.6890217,miles_de_pesos_corrientes,False,
bcu,PIB-corriente-industrias-2006-2019.xlsx,Valores_C,pib_corriente_industrias,I.60 - I.63,I.60 - I.63,agregado_codigos,I,Transporte y almacenamiento,2011,41003381.569438,miles_de_pesos_corrientes,False,
bcu,PIB-corriente-industrias-2006-2019.xlsx,Valores_C,pib_corriente_industrias,I.60 - I.63,I.60 - I.63,agregado_codigos,I,Transporte y almacenamiento,2012,46188588.3774752,miles_de_pesos_corrientes,False,
bcu,PIB-corriente-industrias-2006-2019.xlsx,Valores_C,pib_corriente_industrias,I.60 - I.63,I.60 - I.63,agregado_codigos,I,Transporte y almacenamiento,2013,47674142.0272441,miles_de_pesos_corrientes,False,
bcu,PIB-corriente-industrias-2006-2019.xlsx,Valores_C,pib_corriente_industrias,I.60 - I.63,I.60 - I.63,agregado_codigos,I,Transporte y almacenamiento,2014,52979166.5911694,miles_de_pesos_corrientes,False,
bcu,PIB-corriente-industrias-2006-2019.xlsx,Valores_C,pib_corriente_industrias,I.60 - I.63,I.60 - I.63,agregado_codigos,I,Transporte y almacenamiento,2015,56051689.4599066,miles_de_pesos_corrientes,False,
bcu,PIB-corriente-industrias-2006-2019.xlsx,Valores_C,pib_corriente_industrias,I.60 - I.63,I.60 - I.63,agregado_codigos,I,Transporte y almacenamiento,2016,57622405.305198,miles_de_pesos_corrientes,False,
bcu,PIB-corriente-industrias-2006-2019.xlsx,Valores_C,pib_corriente_industrias,I.60 - I.63,I.60 - I.63,agregado_codigos,I,Transporte y almacenamiento,2017,63913603.8421216,miles_de_pesos_corrientes,True,
bcu,PIB-corriente-industrias-2006-2019.xlsx,Valores_C,pib_corriente_industrias,I.60 - I.63,I.60 - I.63,agregado_codigos,I,Transporte y almacenamiento,2018,65048315.9463812,miles_de_pesos_corrientes,True,
bcu,PIB-corriente-industrias-2006-2019.xlsx,Valores_C,pib_corriente_industrias,I.60 - I.63,I.60 - I.63,agregado_codigos,I,Transporte y almacenamiento,2019,69436197.5543079,miles_de_pesos_corrientes,True,
bcu,PIB-corriente-industrias-2006-2019.xlsx,Valores_C,pib_corriente_industrias,I.60,I.60,division,I,Transporte por vía terrestre y tuberías,2005,11910707.8262043,miles_de_pesos_corrientes,False,
bcu,PIB-corriente-industrias-2006-2019.xlsx,Valores_C,pib_corriente_industrias,I.60,I.60,division,I,Transporte por vía terrestre y tuberías,2006,12911127.3400195,miles_de_pesos_corrientes,False,
bcu,PIB-corriente-industrias-2006-2019.xlsx,Valores_C,pib_corriente_industrias,I.60,I.60,division,I,Transporte por vía terrestre y tuberías,2007,14824385.9877581,miles_de_pesos_corrientes,False,
bcu,PIB-corriente-industrias-2006-2019.xlsx,Valores_C,pib_corriente_industrias,I.60,I.60,division,I,Transporte por vía terrestre y tuberías,2008,17023964.8417574,miles_de_pesos_corrientes,False,
bcu,PIB-corriente-industrias-2006-2019.xlsx,Valores_C,pib_corriente_industrias,I.60,I.60,division,I,Transporte por vía terrestre y tuberías,2009,20068393.775028,miles_de_pesos_corrientes,False,
bcu,PIB-corriente-industrias-2006-2019.xlsx,Valores_C,pib_corriente_industrias,I.60,I.60,division,I,Transporte por vía terrestre y tuberías,2010,22426171.5309369,miles_de_pesos_corrientes,False,
bcu,PIB-corriente-industrias-2006-2019.xlsx,Valores_C,pib_corriente_industrias,I.60,I.60,division,I,Transporte por vía terrestre y tuberías,2011,23754610.833331,miles_de_pesos_corrientes,False,
bcu,PIB-corriente-industrias-2006-2019.xlsx,Valores_C,pib_corriente_industrias,I.60,I.60,division,I,Transporte por vía terrestre y tuberías,2012,27673742.2812584,miles_de_pesos_corrientes,False,
bcu,PIB-corriente-industrias-2006-2019.xlsx,Valores_C,pib_corriente_industrias,I.60,I.60,division,I,Transporte por vía terrestre y tuberías,2013,28551252.8409353,miles_de_pesos_corrientes,False,
bcu,PIB-corriente-industrias-2006-2019.xlsx,Valores_C,pib_corriente_industrias,I.60,I.60,division,I,Transporte por vía terrestre y tuberías,2014,31650279.8881778,miles_de_pesos_corrientes,False,
bcu,PIB-corriente-industrias-2006-2019.xlsx,Valores_C,pib_corriente_industrias,I.60,I.60,division,I,Transporte por vía terrestre y tuberías,2015,33447037.0790427,miles_de_pesos_corrientes,False,
bcu,PIB-corriente-industrias-2006-2019.xlsx,Valores_C,pib_corriente_industrias,I.60,I.60,division,I,Transporte por vía terrestre y tuberías,2016,34007489.0899582,miles_de_pesos_corrientes,False,
bcu,PIB-corriente-industrias-2006-2019.xlsx,Valores_C,pib_corriente_industrias,I.60,I.60,division,I,Transporte por vía terrestre y tuberías,2017,37172186.455905,miles_de_pesos_corrientes,True,
bcu,PIB-corriente-industrias-2006-2019.xlsx,Valores_C,pib_corriente_industrias,I.60,I.60,division,I,Transporte por vía terrestre y tuberías,2018,38595538.8998177,miles_de_pesos_corrientes,True,
bcu,PIB-corriente-industrias-2006-2019.xlsx,Valores_C,pib_corriente_industrias,I.60,I.60,division,I,Transporte por vía terrestre y tuberías,2019,41824689.5361564,miles_de_pesos_corrientes,True,
bcu,PIB-corriente-industrias-2006-2019.xlsx,Valores_C,pib_corriente_industrias,I.60TT.0,I.60TT.0,grupo_bcu,I,Transporte por vía terrestre y por tuberías,2005,11910707.8262043,miles_de_pesos_corrientes,False,
bcu,PIB-corriente-industrias-2006-2019.xlsx,Valores_C,pib_corriente_industrias,I.60TT.0,I.60TT.0,grupo_bcu,I,Transporte por vía terrestre y por tuberías,2006,12911127.3400195,miles_de_pesos_corrientes,False,
bcu,PIB-corriente-industrias-2006-2019.xlsx,Valores_C,pib_corriente_industrias,I.60TT.0,I.60TT.0,grupo_bcu,I,Transporte por vía terrestre y por tuberías,2007,14824385.9877581,miles_de_pesos_corrientes,False,
bcu,PIB-corriente-industrias-2006-2019.xlsx,Valores_C,pib_corriente_industrias,I.60TT.0,I.60TT.0,grupo_bcu,I,Transporte por vía terrestre y por tuberías,2008,17023964.8417574,miles_de_pesos_corrientes,False,
bcu,PIB-corriente-industrias-2006-2019.xlsx,Valores_C,pib_corriente_industrias,I.60TT.0,I.60TT.0,grupo_bcu,I,Transporte por vía terrestre y por tuberías,2009,20068393.775028,miles_de_pesos_corrientes,False,
bcu,PIB-corriente-industrias-2006-2019.xlsx,Valores_C,pib_corriente_industrias,I.60TT.0,I.60TT.0,grupo_bcu,I,Transporte por vía terrestre y por tuberías,2010,22426171.5309369,miles_de_pesos_corrientes,False,
bcu,PIB-corriente-industrias-2006-2019.xlsx,Valores_C,pib_corriente_industrias,I.60TT.0,I.60TT.0,grupo_bcu,I,Transporte por vía terrestre y por tuberías,2011,23754610.833331,miles_de_pesos_corrientes,False,
bcu,PIB-corriente-industrias-2006-2019.xlsx,Valores_C,pib_corriente_industrias,I.60TT.0,I.60TT.0,grupo_bcu,I,Transporte por vía terrestre y por tuberías,2012,27673742.2812584,miles_de_pesos_corrientes,False,
bcu,PIB-corriente-industrias-2006-2019.xlsx,Valores_C,pib_corriente_industrias,I.60TT.0,I.60TT.0,grupo_bcu,I,Transporte por vía terrestre y por tuberías,2013,28551252.8409353,miles_de_pesos_corrientes,False,
bcu,PIB-corriente-industrias-2006-2019.xlsx,Valores_C,pib_corriente_industrias,I.60TT.0,I.60TT.0,grupo_bcu,I,Transporte por vía terrestre y por tuberías,2014,31650279.8881778,miles_de_pesos_corrientes,False,
bcu,PIB-corriente-industrias-2006-2019.xlsx,Valores_C,pib_corriente_industrias,I.60TT.0,I.60TT.0,grupo_bcu,I,Transporte por vía terrestre y por tuberías,2015,33447037.0790427,miles_de_pesos_corrientes,False,
bcu,PIB-corriente-industrias-2006-2019.xlsx,Valores_C,pib_corriente_industrias,I.60TT.0,I.60TT.0,grupo_bcu,I,Transporte por vía terrestre y por tuberías,2016,34007489.0899582,miles_de_pesos_corrientes,False,
bcu,PIB-corriente-industrias-2006-2019.xlsx,Valores_C,pib_corriente_industrias,I.60TT.0,I.60TT.0,grupo_bcu,I,Transporte por vía terrestre y por tuberías,2017,37172186.455905,miles_de_pesos_corrientes,True,
bcu,PIB-corriente-industrias-2006-2019.xlsx,Valores_C,pib_corriente_industrias,I.60TT.0,I.60TT.0,grupo_bcu,I,Transporte por vía terrestre y por tuberías,2018,38595538.8998177,miles_de_pesos_corrientes,True,
bcu,PIB-corriente-industrias-2006-2019.xlsx,Valores_C,pib_corriente_industrias,I.60TT.0,I.60TT.0,grupo_bcu,I,Transporte por vía terrestre y por tuberías,2019,41824689.5361564,miles_de_pesos_corrientes,True,
bcu,PIB-corriente-industrias-2006-2019.xlsx,Valores_C,pib_corriente_industrias,I.6R,I.6R,grupo_bcu,I,Transporte por vía aérea y marítima,2005,2967726.55202118,miles_de_pesos_corrientes,False,
bcu,PIB-corriente-industrias-2006-2019.xlsx,Valores_C,pib_corriente_industrias,I.6R,I.6R,grupo_bcu,I,Transporte por vía aérea y marítima,2006,1711525.52616144,miles_de_pesos_corrientes,False,
bcu,PIB-corriente-industrias-2006-2019.xlsx,Valores_C,pib_corriente_industrias,I.6R,I.6R,grupo_bcu,I,Transporte por vía aérea y marítima,2007,1931374.46965493,miles_de_pesos_corrientes,False,
bcu,PIB-corriente-industrias-2006-2019.xlsx,Valores_C,pib_corriente_industrias,I.6R,I.6R,grupo_bcu,I,Transporte por vía aérea y marítima,2008,2627381.64034665,miles_de_pesos_corrientes,False,
bcu,PIB-corriente-industrias-2006-2019.xlsx,Valores_C,pib_corriente_industrias,I.6R,I.6R,grupo_bcu,I,Transporte por vía aérea y marítima,2009,2573397.71633202,miles_de_pesos_corrientes,False,
bcu,PIB-corriente-industrias-2006-2019.xlsx,Valores_C,pib_corriente_industrias,I.6R,I.6R,grupo_bcu,I,Transporte por vía aérea y marítima,2010,3125154.53799402,miles_de_pesos_corrientes,False,
bcu,PIB-corriente-industrias-2006-2019.xlsx,Valores_C,pib_corriente_industrias,I.6R,I.6R,grupo_bcu,I,Transporte por vía aérea y marítima,2011,2914643.75343667,miles_de_pesos_corrientes,False,
bcu,PIB-corriente-industrias-2006-2019.xlsx,Valores_C,pib_corriente_industrias,I.6R,I.6R,grupo_bcu,I,Transporte por vía aérea y marítima,2012,2647351.37433749,miles_de_pesos_corrientes,False,
bcu,PIB-corriente-industrias-2006-2019.xlsx,Valores_C,pib_corriente_industrias,I.6R,I.6R,grupo_bcu,I,Transporte por vía aérea y marítima,2013,1818546.2783008,miles_de_pesos_corrientes,False,
bcu,PIB-corriente-industrias-2006-2019.xlsx,Valores_C,pib_corriente_industrias,I.6R,I.6R,grupo_bcu,I,Transporte por vía aérea y marítima,2014,1552437.78918465,miles_de_pesos_corrientes,False,
bcu,PIB-corriente-industrias-2006-2019.xlsx,Valores_C,pib_corriente_industrias,I.6R,I.6R,grupo_bcu,I,Transporte por vía aérea y marítima,2015,2443165.7908585,miles_de_pesos_corrientes,False,
bcu,PIB-corriente-industrias-2006-2019.xlsx,Valores_C,pib_corriente_industrias,I.6R,I.6R,grupo_bcu,I,Transporte por vía aérea y marítima,2016,2514960.94914438,miles_de_pesos_corrientes,False,
bcu,PIB-corriente-industrias-2006-2019.xlsx,Valores_C,pib_corriente_industrias,I.6R,I.6R,grupo_bcu,I,Transporte por vía aérea y marítima,2017,2591221.67681203,miles_de_pesos_corrientes,True,
bcu,PIB-corriente-industrias-2006-2019.xlsx,Valores_C,pib_corriente_industrias,I.6R,I.6R,grupo_bcu,I,Transporte por vía aérea y marítima,2018,2136073.41132248,miles_de_pesos_corrientes,True,
bcu,PIB-corriente-industrias-2006-2019.xlsx,Valores_C,pib_corriente_industrias,I.6R,I.6R,grupo_bcu,I,Transporte por vía aérea y marítima,2019,1938510.068561,miles_de_pesos_corrientes,True,
bcu,PIB-corriente-industrias-2006-2019.xlsx,Valores_C,pib_corriente_industrias,I.6RTT.0,I.6RTT.0,grupo_bcu,I,Transporte por vía acuática y vía aérea,2005,2967726.55202118,miles_de_pesos_corrientes,False,
bcu,PIB-corriente-industrias-2006-2019.xlsx,Valores_C,pib_corriente_industrias,I.6RTT.0,I.6RTT.0,grupo_bcu,I,Transporte por vía acuática y vía aérea,2006,1711525.52616144,miles_de_pesos_corrientes,False,
bcu,PIB-corriente-industrias-2006-2019.xlsx,Valores_C,pib_corriente_industrias,I.6RTT.0,I.6RTT.0,grupo_bcu,I,Transporte por vía acuática y vía aérea,2007,1931374.46965493,miles_de_pesos_corrientes,False,
bcu,PIB-corriente-industrias-2006-2019.xlsx,Valores_C,pib_corriente_industrias,I.6RTT.0,I.6RTT.0,grupo_bcu,I,Transporte por vía acuática y vía aérea,2008,2627381.64034665,miles_de_pesos_corrientes,False,
bcu,PIB-corriente-industrias-2006-2019.xlsx,Valores_C,pib_corriente_industrias,I.6RTT.0,I.6RTT.0,grupo_bcu,I,Transporte por vía acuática y vía aérea,2009,2573397.71633202,miles_de_pesos_corrientes,False,
bcu,PIB-corriente-industrias-2006-2019.xlsx,Valores_C,pib_corriente_industrias,I.6RTT.0,I.6RTT.0,grupo_bcu,I,Transporte por vía acuática y vía aérea,2010,3125154.53799402,miles_de_pesos_corrientes,False,
bcu,PIB-corriente-industrias-2006-2019.xlsx,Valores_C,pib_corriente_industrias,I.6RTT.0,I.6RTT.0,grupo_bcu,I,Transporte por vía acuática y vía aérea,2011,2914643.75343667,miles_de_pesos_corrientes,False,
bcu,PIB-corriente-industrias-2006-2019.xlsx,Valores_C,pib_corriente_industrias,I.6RTT.0,I.6RTT.0,grupo_bcu,I,Transporte por vía acuática y vía aérea,2012,2647351.37433749,miles_de_pesos_corrientes,False,
bcu,PIB-corriente-industrias-2006-2019.xlsx,Valores_C,pib_corriente_industrias,I.6RTT.0,I.6RTT.0,grupo_bcu,I,Transporte por vía acuática y vía aérea,2013,1818546.2783008,miles_de_pesos_corrientes,False,
bcu,PIB-corriente-industrias-2006-2019.xlsx,Valores_C,pib_corriente_industrias,I.6RTT.0,I.6RTT.0,grupo_bcu,I,Transporte por vía acuática y vía aérea,2014,1552437.78918465,miles_de_pesos_corrientes,False,
bcu,PIB-corriente-industrias-2006-2019.xlsx,Valores_C,pib_corriente_industrias,I.6RTT.0,I.6RTT.0,grupo_bcu,I,Transporte por vía acuática y vía aérea,2015,2443165.7908585,miles_de_pesos_corrientes,False,
bcu,PIB-corriente-industrias-2006-2019.xlsx,Valores_C,pib_corriente_industrias,I.6RTT.0,I.6RTT.0,grupo_bcu,I,Transporte por vía acuática y vía aérea,2016,2514960.94914438,miles_de_pesos_corrientes,False,
bcu,PIB-corriente-industrias-2006-2019.xlsx,Valores_C,pib_corriente_industrias,I.6RTT.0,I.6RTT.0,grupo_bcu,I,Transporte por vía acuática y vía aérea,2017,2591221.67681203,miles_de_pesos_corrientes,True,
bcu,PIB-corriente-industrias-2006-2019.xlsx,Valores_C,pib_corriente_industrias,I.6RTT.0,I.6RTT.0,grupo_bcu,I,Transporte por vía acuática y vía aérea,2018,2136073.41132248,miles_de_pesos_corrientes,True,
bcu,PIB-corriente-industrias-2006-2019.xlsx,Valores_C,pib_corriente_industrias,I.6RTT.0,I.6RTT.0,grupo_bcu,I,Transporte por vía acuática y vía aérea,2019,1938510.068561,miles_de_pesos_corrientes,True,
bcu,PIB-corriente-industrias-2006-2019.xlsx,Valores_C,pib_corriente_industrias,I.63,I.63,division,I,Servicios complementarios y auxilares del transporte,2005,6697632.22157379,miles_de_pesos_corrientes,False,
bcu,PIB-corriente-industrias-2006-2019.xlsx,Valores_C,pib_corriente_industrias,I.63,I.63,division,I,Servicios complementarios y auxilares del transporte,2006,7943269.11078409,miles_de_pesos_corrientes,False,
bcu,PIB-corriente-industrias-2006-2019.xlsx,Valores_C,pib_corriente_industrias,I.63,I.63,division,I,Servicios complementarios y auxilares del transporte,2007,9329020.48914918,miles_de_pesos_corrientes,False,
bcu,PIB-corriente-industrias-2006-2019.xlsx,Valores_C,pib_corriente_industrias,I.63,I.63,division,I,Servicios complementarios y auxilares del transporte,2008,11360444.4323213,miles_de_pesos_corrientes,False,
bcu,PIB-corriente-industrias-2006-2019.xlsx,Valores_C,pib_corriente_industrias,I.63,I.63,division,I,Servicios complementarios y auxilares del transporte,2009,10608430.5239357,miles_de_pesos_corrientes,False,
bcu,PIB-corriente-industrias-2006-2019.xlsx,Valores_C,pib_corriente_industrias,I.63,I.63,division,I,Servicios complementarios y auxilares del transporte,2010,11849826.6200908,miles_de_pesos_corrientes,False,
bcu,PIB-corriente-industrias-2006-2019.xlsx,Valores_C,pib_corriente_industrias,I.63,I.63,division,I,Servicios complementarios y auxilares del transporte,2011,14334126.9826703,miles_de_pesos_corrientes,False,
bcu,PIB-corriente-industrias-2006-2019.xlsx,Valores_C,pib_corriente_industrias,I.63,I.63,division,I,Servicios complementarios y auxilares del transporte,2012,15867494.7218793,miles_de_pesos_corrientes,False,
bcu,PIB-corriente-industrias-2006-2019.xlsx,Valores_C,pib_corriente_industrias,I.63,I.63,division,I,Servicios complementarios y auxilares del transporte,2013,17304342.908008,miles_de_pesos_corrientes,False,
bcu,PIB-corriente-industrias-2006-2019.xlsx,Valores_C,pib_corriente_industrias,I.63,I.63,division,I,Servicios complementarios y auxilares del transporte,2014,19776448.913807,miles_de_pesos_corrientes,False,
bcu,PIB-corriente-industrias-2006-2019.xlsx,Valores_C,pib_corriente_industrias,I.63,I.63,division,I,Servicios complementarios y auxilares del transporte,2015,20161486.5900055,miles_de_pesos_corrientes,False,
bcu,PIB-corriente-industrias-2006-2019.xlsx,Valores_C,pib_corriente_industrias,I.63,I.63,division,I,Servicios complementarios y auxilares del transporte,2016,21099955.2660955,miles_de_pesos_corrientes,False,
bcu,PIB-corriente-industrias-2006-2019.xlsx,Valores_C,pib_corriente_industrias,I.63,I.63,division,I,Servicios complementarios y auxilares del transporte,2017,24150195.7094045,miles_de_pesos_corrientes,True,
bcu,PIB-corriente-industrias-2006-2019.xlsx,Valores_C,pib_corriente_industrias,I.63,I.63,division,I,Servicios complementarios y auxilares del transporte,2018,24316703.6352411,miles_de_pesos_corrientes,True,
bcu,PIB-corriente-industrias-2006-2019.xlsx,Valores_C,pib_corriente_industrias,I.63,I.63,division,I,Servicios complementarios y auxilares del transporte,2019,25672997.9495905,miles_de_pesos_corrientes,True,
bcu,PIB-corriente-industrias-2006-2019.xlsx,Valores_C,pib_corriente_industrias,I.63TT.0,I.63TT.0,grupo_bcu,I,Actividades de transporte complementarias y auxiliares; actividades de agencias de viajes,2005,6697632.22157379,miles_de_pesos_corrientes,False,
bcu,PIB-corriente-industrias-2006-2019.xlsx,Valores_C,pib_corriente_industrias,I.63TT.0,I.63TT.0,grupo_bcu,I,Actividades de transporte complementarias y auxiliares; actividades de agencias de viajes,2006,7943269.11078409,miles_de_pesos_corrientes,False,
bcu,PIB-corriente-industrias-2006-2019.xlsx,Valores_C,pib_corriente_industrias,I.63TT.0,I.63TT.0,grupo_bcu,I,Actividades de transporte complementarias y auxiliares; actividades de agencias de viajes,2007,9329020.48914918,miles_de_pesos_corrientes,False,
bcu,PIB-corriente-industrias-2006-2019.xlsx,Valores_C,pib_corriente_industrias,I.63TT.0,I.63TT.0,grupo_bcu,I,Actividades de transporte complementarias y auxiliares; actividades de agencias de viajes,2008,11360444.4323213,miles_de_pesos_corrientes,False,
bcu,PIB-corriente-industrias-2006-2019.xlsx,Valores_C,pib_corriente_industrias,I.63TT.0,I.63TT.0,grupo_bcu,I,Actividades de transporte complementarias y auxiliares; actividades de agencias de viajes,2009,10608430.5239357,miles_de_pesos_corrientes,False,
bcu,PIB-corriente-industrias-2006-2019.xlsx,Valores_C,pib_corriente_industrias,I.63TT.0,I.63TT.0,grupo_bcu,I,Actividades de transporte complementarias y auxiliares; actividades de agencias de viajes,2010,11849826.6200908,miles_de_pesos_corrientes,False,
bcu,PIB-corriente-industrias-2006-2019.xlsx,Valores_C,pib_corriente_industrias,I.63TT.0,I.63TT.0,grupo_bcu,I,Actividades de transporte complementarias y auxiliares; actividades de agencias de viajes,2011,14334126.9826703,miles_de_pesos_corrientes,False,
bcu,PIB-corriente-industrias-2006-2019.xlsx,Valores_C,pib_corriente_industrias,I.63TT.0,I.63TT.0,grupo_bcu,I,Actividades de transporte complementarias y auxiliares; actividades de agencias de viajes,2012,15867494.7218793,miles_de_pesos_corrientes,False,
bcu,PIB-corriente-industrias-2006-2019.xlsx,Valores_C,pib_corriente_industrias,I.63TT.0,I.63TT.0,grupo_bcu,I,Actividades de transporte complementarias y auxiliares; actividades de agencias de viajes,2013,17304342.908008,miles_de_pesos_corrientes,False,
bcu,PIB-corriente-industrias-2006-2019.xlsx,Valores_C,pib_corriente_industrias,I.63TT.0,I.63TT.0,grupo_bcu,I,Actividades de transporte complementarias y auxiliares; actividades de agencias de viajes,2014,19776448.913807,miles_de_pesos_corrientes,False,
bcu,PIB-corriente-industrias-2006-2019.xlsx,Valores_C,pib_corriente_industrias,I.63TT.0,I.63TT.0,grupo_bcu,I,Actividades de transporte complementarias y auxiliares; actividades de agencias de viajes,2015,20161486.5900055,miles_de_pesos_corrientes,False,
bcu,PIB-corriente-industrias-2006-2019.xlsx,Valores_C,pib_corriente_industrias,I.63TT.0,I.63TT.0,grupo_bcu,I,Actividades de transporte complementarias y auxiliares; actividades de agencias de viajes,2016,21099955.2660955,miles_de_pesos_corrientes,False,
bcu,PIB-corriente-industrias-2006-2019.xlsx,Valores_C,pib_corriente_industrias,I.63TT.0,I.63TT.0,grupo_bcu,I,Actividades de transporte complementarias y auxiliares; actividades de agencias de viajes,2017,24150195.7094045,miles_de_pesos_corrientes,True,
bcu,PIB-corriente-industrias-2006-2019.xlsx,Valores_C,pib_corriente_industrias,I.63TT.0,I.63TT.0,grupo_bcu,I,Actividades de transporte complementarias y auxiliares; actividades de agencias de viajes,2018,24316703.6352411,miles_de_pesos_corrientes,True,
bcu,PIB-corriente-industrias-2006-2019.xlsx,Valores_C,pib_corriente_industrias,I.63TT.0,I.63TT.0,grupo_bcu,I,Actividades de transporte complementarias y auxiliares; actividades de agencias de viajes,2019,25672997.9495905,miles_de_pesos_corrientes,True,
bcu,PIB-corriente-industrias-2006-2019.xlsx,Valores_C,pib_corriente_industrias,I.64,I.64,division,I,Comunicaciones,2005,13596921.5047481,miles_de_pesos_corrientes,False,
bcu,PIB-corriente-industrias-2006-2019.xlsx,Valores_C,pib_corriente_industrias,I.64,I.64,division,I,Comunicaciones,2006,15792724.436762,miles_de_pesos_corrientes,False,
bcu,PIB-corriente-industrias-2006-2019.xlsx,Valores_C,pib_corriente_industrias,I.64,I.64,division,I,Comunicaciones,2007,16598882.1470029,miles_de_pesos_corrientes,False,
bcu,PIB-corriente-industrias-2006-2019.xlsx,Valores_C,pib_corriente_industrias,I.64,I.64,division,I,Comunicaciones,2008,16865814.7682088,miles_de_pesos_corrientes,False,
bcu,PIB-corriente-industrias-2006-2019.xlsx,Valores_C,pib_corriente_industrias,I.64,I.64,division,I,Comunicaciones,2009,18061431.6997304,miles_de_pesos_corrientes,False,
bcu,PIB-corriente-industrias-2006-2019.xlsx,Valores_C,pib_corriente_industrias,I.64,I.64,division,I,Comunicaciones,2010,19738379.014198,miles_de_pesos_corrientes,False,
bcu,PIB-corriente-industrias-2006-2019.xlsx,Valores_C,pib_corriente_industrias,I.64,I.64,division,I,Comunicaciones,2011,21129192.94715,miles_de_pesos_corrientes,False,
bcu,PIB-corriente-industrias-2006-2019.xlsx,Valores_C,pib_corriente_industrias,I.64,I.64,division,I,Comunicaciones,2012,21938986.4995139,miles_de_pesos_corrientes,False,
bcu,PIB-corriente-industrias-2006-2019.xlsx,Valores_C,pib_corriente_industrias,I.64,I.64,division,I,Comunicaciones,2013,22912319.2726774,miles_de_pesos_corrientes,False,
bcu,PIB-corriente-industrias-2006-2019.xlsx,Valores_C,pib_corriente_industrias,I.64,I.64,division,I,Comunicaciones,2014,22923400.9494569,miles_de_pesos_corrientes,False,
bcu,PIB-corriente-industrias-2006-2019.xlsx,Valores_C,pib_corriente_industrias,I.64,I.64,division,I,Comunicaciones,2015,25348430.3742012,miles_de_pesos_corrientes,False,
bcu,PIB-corriente-industrias-2006-2019.xlsx,Valores_C,pib_corriente_industrias,I.64,I.64,division,I,Comunicaciones,2016,27941435.0837415,miles_de_pesos_corrientes,False,
bcu,PIB-corriente-industrias-2006-2019.xlsx,Valores_C,pib_corriente_industrias,I.64,I.64,division,I,Comunicaciones,2017,30376265.3565603,miles_de_pesos_corrientes,True,
bcu,PIB-corriente-industrias-2006-2019.xlsx,Valores_C,pib_corriente_industrias,I.64,I.64,division,I,Comunicaciones,2018,33445865.6189331,miles_de_pesos_corrientes,True,
bcu,PIB-corriente-industrias-2006-2019.xlsx,Valores_C,pib_corriente_industrias,I.64,I.64,division,I,Comunicaciones,2019,37237888.9734409,miles_de_pesos_corrientes,True,
bcu,PIB-corriente-industrias-2006-2019.xlsx,Valores_C,pib_corriente_industrias,I.641T.0,I.641T.0,grupo_bcu,I,Correo,2005,444036.421977047,miles_de_pesos_corrientes,False,
bcu,PIB-corriente-industrias-2006-2019.xlsx,Valores_C,pib_corriente_industrias,I.641T.0,I.641T.0,grupo_bcu,I,Correo,2006,434978.020902448,miles_de_pesos_corrientes,False,
bcu,PIB-corriente-industrias-2006-2019.xlsx,Valores_C,pib_corriente_industrias,I.641T.0,I.641T.0,grupo_bcu,I,Correo,2007,429625.21683642,miles_de_pesos_corrientes,False,
bcu,PIB-corriente-industrias-2006-2019.xlsx,Valores_C,pib_corriente_industrias,I.641T.0,I.641T.0,grupo_bcu,I,Correo,2008,508126.141105861,miles_de_pesos_corrientes,False,
bcu,PIB-corriente-industrias-2006-2019.xlsx,Valores_C,pib_corriente_industrias,I.641T.0,I.641T.0,grupo_bcu,I,Correo,2009,629904.975561234,miles_de_pesos_corrientes,False,
bcu,PIB-corriente-industrias-2006-2019.xlsx,Valores_C,pib_corriente_industrias,I.641T.0,I.641T.0,grupo_bcu,I,Correo,2010,654806.761954132,miles_de_pesos_corrientes,False,
bcu,PIB-corriente-industrias-2006-2019.xlsx,Valores_C,pib_corriente_industrias,I.641T.0,I.641T.0,grupo_bcu,I,Correo,2011,746911.113114771,miles_de_pesos_corrientes,False,
bcu,PIB-corriente-industrias-2006-2019.xlsx,Valores_C,pib_corriente_industrias,I.641T.0,I.641T.0,grupo_bcu,I,Correo,2012,761764.61628285,miles_de_pesos_corrientes,False,
bcu,PIB-corriente-industrias-2006-2019.xlsx,Valores_C,pib_corriente_industrias,I.641T.0,I.641T.0,grupo_bcu,I,Correo,2013,973983.087598429,miles_de_pesos_corrientes,False,
bcu,PIB-corriente-industrias-2006-2019.xlsx,Valores_C,pib_corriente_industrias,I.641T.0,I.641T.0,grupo_bcu,I,Correo,2014,1062924.97832113,miles_de_pesos_corrientes,False,
bcu,PIB-corriente-industrias-2006-2019.xlsx,Valores_C,pib_corriente_industrias,I.641T.0,I.641T.0,grupo_bcu,I,Correo,2015,1014680.13832901,miles_de_pesos_corrientes,False,
bcu,PIB-corriente-industrias-2006-2019.xlsx,Valores_C,pib_corriente_industrias,I.641T.0,I.641T.0,grupo_bcu,I,Correo,2016,1090167.86460147,miles_de_pesos_corrientes,False,
bcu,PIB-corriente-industrias-2006-2019.xlsx,Valores_C,pib_corriente_industrias,I.641T.0,I.641T.0,grupo_bcu,I,Correo,2017,1089170.53335509,miles_de_pesos_corrientes,True,
bcu,PIB-corriente-industrias-2006-2019.xlsx,Valores_C,pib_corriente_industrias,I.641T.0,I.641T.0,grupo_bcu,I,Correo,2018,1098349.81868735,miles_de_pesos_corrientes,True,
bcu,PIB-corriente-industrias-2006-2019.xlsx,Valores_C,pib_corriente_industrias,I.641T.0,I.641T.0,grupo_bcu,I,Correo,2019,,miles_de_pesos_corrientes,True,"Debido a la priorizacion del cronograma del PLAE, para el ano 2019 no se dispone de estimaciones mas alla de los dos digitos de la CIIU Rev. 3."
bcu,PIB-corriente-industrias-2006-2019.xlsx,Valores_C,pib_corriente_industrias,I.642T.0,I.642T.0,grupo_bcu,I,Telecomunicaciones,2005,13152885.082771,miles_de_pesos_corrientes,False,
bcu,PIB-corriente-industrias-2006-2019.xlsx,Valores_C,pib_corriente_industrias,I.642T.0,I.642T.0,grupo_bcu,I,Telecomunicaciones,2006,15357746.4158596,miles_de_pesos_corrientes,False,
bcu,PIB-corriente-industrias-2006-2019.xlsx,Valores_C,pib_corriente_industrias,I.642T.0,I.642T.0,grupo_bcu,I,Telecomunicaciones,2007,16169256.9301665,miles_de_pesos_corrientes,False,
bcu,PIB-corriente-industrias-2006-2019.xlsx,Valores_C,pib_corriente_industrias,I.642T.0,I.642T.0,grupo_bcu,I,Telecomunicaciones,2008,16357688.627103,miles_de_pesos_corrientes,False,
bcu,PIB-corriente-industrias-2006-2019.xlsx,Valores_C,pib_corriente_industrias,I.642T.0,I.642T.0,grupo_bcu,I,Telecomunicaciones,2009,17431526.7241692,miles_de_pesos_corrientes,False,
bcu,PIB-corriente-industrias-2006-2019.xlsx,Valores_C,pib_corriente_industrias,I.642T.0,I.642T.0,grupo_bcu,I,Telecomunicaciones,2010,19083572.2522439,miles_de_pesos_corrientes,False,
bcu,PIB-corriente-industrias-2006-2019.xlsx,Valores_C,pib_corriente_industrias,I.642T.0,I.642T.0,grupo_bcu,I,Telecomunicaciones,2011,20382281.8340352,miles_de_pesos_corrientes,False,
bcu,PIB-corriente-industrias-2006-2019.xlsx,Valores_C,pib_corriente_industrias,I.642T.0,I.642T.0,grupo_bcu,I,Telecomunicaciones,2012,21177221.8832311,miles_de_pesos_corrientes,False,
bcu,PIB-corriente-industrias-2006-2019.xlsx,Valores_C,pib_corriente_industrias,I.642T.0,I.642T.0,grupo_bcu,I,Telecomunicaciones,2013,21938336.185079,miles_de_pesos_corrientes,False,
bcu,PIB-corriente-industrias-2006-2019.xlsx,Valores_C,pib_corriente_industrias,I.642T.0,I.642T.0,grupo_bcu,I,Telecomunicaciones,2014,21860475.9711357,miles_de_pesos_corrientes,False,
bcu,PIB-corriente-industrias-2006-2019.xlsx,Valores_C,pib_corriente_industrias,I.642T.0,I.642T.0,grupo_bcu,I,Telecomunicaciones,2015,24333750.2358722,miles_de_pesos_corrientes,False,
bcu,PIB-corriente-industrias-2006-2019.xlsx,Valores_C,pib_corriente_industrias,I.642T.0,I.642T.0,grupo_bcu,I,Telecomunicaciones,2016,26851267.21914,miles_de_pesos_corrientes,False,
bcu,PIB-corriente-industrias-2006-2019.xlsx,Valores_C,pib_corriente_industrias,I.642T.0,I.642T.0,grupo_bcu,I,Telecomunicaciones,2017,29287094.8232052,miles_de_pesos_corrientes,True,
bcu,PIB-corriente-industrias-2006-2019.xlsx,Valores_C,pib_corriente_industrias,I.642T.0,I.642T.0,grupo_bcu,I,Telecomunicaciones,2018,32347515.8002457,miles_de_pesos_corrientes,True,
bcu,PIB-corriente-industrias-2006-2019.xlsx,Valores_C,pib_corriente_industrias,I.642T.0,I.642T.0,grupo_bcu,I,Telecomunicaciones,2019,,miles_de_pesos_corrientes,True,"Debido a la priorizacion del cronograma del PLAE, para el ano 2019 no se dispone de estimaciones mas alla de los dos digitos de la CIIU Rev. 3."
bcu,PIB-corriente-industrias-2006-2019.xlsx,Valores_C,pib_corriente_industrias,J a P,J a P,agregado_secciones,J,OTROS SERVICIOS,2005,151794290.253563,miles_de_pesos_corrientes,False,
bcu,PIB-corriente-industrias-2006-2019.xlsx,Valores_C,pib_corriente_industrias,J a P,J a P,agregado_secciones,J,OTROS SERVICIOS,2006,169542939.539677,miles_de_pesos_corrientes,False,
bcu,PIB-corriente-industrias-2006-2019.xlsx,Valores_C,pib_corriente_industrias,J a P,J a P,agregado_secciones,J,OTROS SERVICIOS,2007,195288576.139923,miles_de_pesos_corrientes,False,
bcu,PIB-corriente-industrias-2006-2019.xlsx,Valores_C,pib_corriente_industrias,J a P,J a P,agregado_secciones,J,OTROS SERVICIOS,2008,227079135.933261,miles_de_pesos_corrientes,False,
bcu,PIB-corriente-industrias-2006-2019.xlsx,Valores_C,pib_corriente_industrias,J a P,J a P,agregado_secciones,J,OTROS SERVICIOS,2009,265935995.392834,miles_de_pesos_corrientes,False,
bcu,PIB-corriente-industrias-2006-2019.xlsx,Valores_C,pib_corriente_industrias,J a P,J a P,agregado_secciones,J,OTROS SERVICIOS,2010,303027199.187006,miles_de_pesos_corrientes,False,
bcu,PIB-corriente-industrias-2006-2019.xlsx,Valores_C,pib_corriente_industrias,J a P,J a P,agregado_secciones,J,OTROS SERVICIOS,2011,350352556.94711,miles_de_pesos_corrientes,False,
bcu,PIB-corriente-industrias-2006-2019.xlsx,Valores_C,pib_corriente_industrias,J a P,J a P,agregado_secciones,J,OTROS SERVICIOS,2012,405205491.69373,miles_de_pesos_corrientes,False,
bcu,PIB-corriente-industrias-2006-2019.xlsx,Valores_C,pib_corriente_industrias,J a P,J a P,agregado_secciones,J,OTROS SERVICIOS,2013,463979470.292631,miles_de_pesos_corrientes,False,
bcu,PIB-corriente-industrias-2006-2019.xlsx,Valores_C,pib_corriente_industrias,J a P,J a P,agregado_secciones,J,OTROS SERVICIOS,2014,532038792.482157,miles_de_pesos_corrientes,False,
bcu,PIB-corriente-industrias-2006-2019.xlsx,Valores_C,pib_corriente_industrias,J a P,J a P,agregado_secciones,J,OTROS SERVICIOS,2015,592504177.637788,miles_de_pesos_corrientes,False,
bcu,PIB-corriente-industrias-2006-2019.xlsx,Valores_C,pib_corriente_industrias,J a P,J a P,agregado_secciones,J,OTROS SERVICIOS,2016,656358635.212366,miles_de_pesos_corrientes,False,
bcu,PIB-corriente-industrias-2006-2019.xlsx,Valores_C,pib_corriente_industrias,J a P,J a P,agregado_secciones,J,OTROS SERVICIOS,2017,710002488.103212,miles_de_pesos_corrientes,True,
bcu,PIB-corriente-industrias-2006-2019.xlsx,Valores_C,pib_corriente_industrias,J a P,J a P,agregado_secciones,J,OTROS SERVICIOS,2018,763424176.177934,miles_de_pesos_corrientes,True,
bcu,PIB-corriente-industrias-2006-2019.xlsx,Valores_C,pib_corriente_industrias,J a P,J a P,agregado_secciones,J,OTROS SERVICIOS,2019,828539628.935749,miles_de_pesos_corrientes,True,
bcu,PIB-corriente-industrias-2006-2019.xlsx,Valores_C,pib_corriente_industrias,J,J,seccion,J,INTERMEDIACION FINANCIERA,2005,22830608.5546458,miles_de_pesos_corrientes,False,
bcu,PIB-corriente-industrias-2006-2019.xlsx,Valores_C,pib_corriente_industrias,J,J,seccion,J,INTERMEDIACION FINANCIERA,2006,24426991.2232656,miles_de_pesos_corrientes,False,
bcu,PIB-corriente-industrias-2006-2019.xlsx,Valores_C,pib_corriente_industrias,J,J,seccion,J,INTERMEDIACION FINANCIERA,2007,26644214.3889765,miles_de_pesos_corrientes,False,
bcu,PIB-corriente-industrias-2006-2019.xlsx,Valores_C,pib_corriente_industrias,J,J,seccion,J,INTERMEDIACION FINANCIERA,2008,27653485.9887904,miles_de_pesos_corrientes,False,
bcu,PIB-corriente-industrias-2006-2019.xlsx,Valores_C,pib_corriente_industrias,J,J,seccion,J,INTERMEDIACION FINANCIERA,2009,30713707.9831749,miles_de_pesos_corrientes,False,
bcu,PIB-corriente-industrias-2006-2019.xlsx,Valores_C,pib_corriente_industrias,J,J,seccion,J,INTERMEDIACION FINANCIERA,2010,34762241.2759996,miles_de_pesos_corrientes,False,
bcu,PIB-corriente-industrias-2006-2019.xlsx,Valores_C,pib_corriente_industrias,J,J,seccion,J,INTERMEDIACION FINANCIERA,2011,39828896.1826784,miles_de_pesos_corrientes,False,
bcu,PIB-corriente-industrias-2006-2019.xlsx,Valores_C,pib_corriente_industrias,J,J,seccion,J,INTERMEDIACION FINANCIERA,2012,46239754.0121172,miles_de_pesos_corrientes,False,
bcu,PIB-corriente-industrias-2006-2019.xlsx,Valores_C,pib_corriente_industrias,J,J,seccion,J,INTERMEDIACION FINANCIERA,2013,51727117.358514,miles_de_pesos_corrientes,False,
bcu,PIB-corriente-industrias-2006-2019.xlsx,Valores_C,pib_corriente_industrias,J,J,seccion,J,INTERMEDIACION FINANCIERA,2014,59237916.6900007,miles_de_pesos_corrientes,False,
bcu,PIB-corriente-industrias-2006-2019.xlsx,Valores_C,pib_corriente_industrias,J,J,seccion,J,INTERMEDIACION FINANCIERA,2015,66864934.1028378,miles_de_pesos_corrientes,False,
bcu,PIB-corriente-industrias-2006-2019.xlsx,Valores_C,pib_corriente_industrias,J,J,seccion,J,INTERMEDIACION FINANCIERA,2016,75610916.033936,miles_de_pesos_corrientes,False,
bcu,PIB-corriente-industrias-2006-2019.xlsx,Valores_C,pib_corriente_industrias,J,J,seccion,J,INTERMEDIACION FINANCIERA,2017,81922426.148942,miles_de_pesos_corrientes,True,
bcu,PIB-corriente-industrias-2006-2019.xlsx,Valores_C,pib_corriente_industrias,J,J,seccion,J,INTERMEDIACION FINANCIERA,2018,92527886.9975892,miles_de_pesos_corrientes,True,
bcu,PIB-corriente-industrias-2006-2019.xlsx,Valores_C,pib_corriente_industrias,J,J,seccion,J,INTERMEDIACION FINANCIERA,2019,101405274.82365,miles_de_pesos_corrientes,True,
bcu,PIB-corriente-industrias-2006-2019.xlsx,Valores_C,pib_corriente_industrias,J.TTTT.0,J.TTTT.0,total_seccion,J,Intermediación financiera,2005,22830608.5546458,miles_de_pesos_corrientes,False,
bcu,PIB-corriente-industrias-2006-2019.xlsx,Valores_C,pib_corriente_industrias,J.TTTT.0,J.TTTT.0,total_seccion,J,Intermediación financiera,2006,24426991.2232656,miles_de_pesos_corrientes,False,
bcu,PIB-corriente-industrias-2006-2019.xlsx,Valores_C,pib_corriente_industrias,J.TTTT.0,J.TTTT.0,total_seccion,J,Intermediación financiera,2007,26644214.3889765,miles_de_pesos_corrientes,False,
bcu,PIB-corriente-industrias-2006-2019.xlsx,Valores_C,pib_corriente_industrias,J.TTTT.0,J.TTTT.0,total_seccion,J,Intermediación financiera,2008,27653485.9887904,miles_de_pesos_corrientes,False,
bcu,PIB-corriente-industrias-2006-2019.xlsx,Valores_C,pib_corriente_industrias,J.TTTT.0,J.TTTT.0,total_seccion,J,Intermediación financiera,2009,30713707.9831749,miles_de_pesos_corrientes,False,
bcu,PIB-corriente-industrias-2006-2019.xlsx,Valores_C,pib_corriente_industrias,J.TTTT.0,J.TTTT.0,total_seccion,J,Intermediación financiera,2010,34762241.2759996,miles_de_pesos_corrientes,False,
bcu,PIB-corriente-industrias-2006-2019.xlsx,Valores_C,pib_corriente_industrias,J.TTTT.0,J.TTTT.0,total_seccion,J,Intermediación financiera,2011,39828896.1826784,miles_de_pesos_corrientes,False,
bcu,PIB-corriente-industrias-2006-2019.xlsx,Valores_C,pib_corriente_industrias,J.TTTT.0,J.TTTT.0,total_seccion,J,Intermediación financiera,2012,46239754.0121172,miles_de_pesos_corrientes,False,
bcu,PIB-corriente-industrias-2006-2019.xlsx,Valores_C,pib_corriente_industrias,J.TTTT.0,J.TTTT.0,total_seccion,J,Intermediación financiera,2013,51727117.358514,miles_de_pesos_corrientes,False,
bcu,PIB-corriente-industrias-2006-2019.xlsx,Valores_C,pib_corriente_industrias,J.TTTT.0,J.TTTT.0,total_seccion,J,Intermediación financiera,2014,59237916.6900007,miles_de_pesos_corrientes,False,
bcu,PIB-corriente-industrias-2006-2019.xlsx,Valores_C,pib_corriente_industrias,J.TTTT.0,J.TTTT.0,total_seccion,J,Intermediación financiera,2015,66864934.1028378,miles_de_pesos_corrientes,False,
bcu,PIB-corriente-industrias-2006-2019.xlsx,Valores_C,pib_corriente_industrias,J.TTTT.0,J.TTTT.0,total_seccion,J,Intermediación financiera,2016,75610916.033936,miles_de_pesos_corrientes,False,
bcu,PIB-corriente-industrias-2006-2019.xlsx,Valores_C,pib_corriente_industrias,J.TTTT.0,J.TTTT.0,total_seccion,J,Intermediación financiera,2017,81922426.148942,miles_de_pesos_corrientes,True,
bcu,PIB-corriente-industrias-2006-2019.xlsx,Valores_C,pib_corriente_industrias,J.TTTT.0,J.TTTT.0,total_seccion,J,Intermediación financiera,2018,92527886.9975892,miles_de_pesos_corrientes,True,
bcu,PIB-corriente-industrias-2006-2019.xlsx,Valores_C,pib_corriente_industrias,J.TTTT.0,J.TTTT.0,total_seccion,J,Intermediación financiera,2019,101405274.82365,miles_de_pesos_corrientes,True,
bcu,PIB-corriente-industrias-2006-2019.xlsx,Valores_C,pib_corriente_industrias,K,K,seccion,K,"ACTIVIDADES INMOBILIARIAS, EMPRESARIALES Y DE ALQUILER",2005,58271636.683461,miles_de_pesos_corrientes,False,
bcu,PIB-corriente-industrias-2006-2019.xlsx,Valores_C,pib_corriente_industrias,K,K,seccion,K,"ACTIVIDADES INMOBILIARIAS, EMPRESARIALES Y DE ALQUILER",2006,64763028.8827962,miles_de_pesos_corrientes,False,
bcu,PIB-corriente-industrias-2006-2019.xlsx,Valores_C,pib_corriente_industrias,K,K,seccion,K,"ACTIVIDADES INMOBILIARIAS, EMPRESARIALES Y DE ALQUILER",2007,75734905.7615369,miles_de_pesos_corrientes,False,
bcu,PIB-corriente-industrias-2006-2019.xlsx,Valores_C,pib_corriente_industrias,K,K,seccion,K,"ACTIVIDADES INMOBILIARIAS, EMPRESARIALES Y DE ALQUILER",2008,88494695.3873453,miles_de_pesos_corrientes,False,
bcu,PIB-corriente-industrias-2006-2019.xlsx,Valores_C,pib_corriente_industrias,K,K,seccion,K,"ACTIVIDADES INMOBILIARIAS, EMPRESARIALES Y DE ALQUILER",2009,103096160.844409,miles_de_pesos_corrientes,False,
bcu,PIB-corriente-industrias-2006-2019.xlsx,Valores_C,pib_corriente_industrias,K,K,seccion,K,"ACTIVIDADES INMOBILIARIAS, EMPRESARIALES Y DE ALQUILER",2010,120809416.275671,miles_de_pesos_corrientes,False,
bcu,PIB-corriente-industrias-2006-2019.xlsx,Valores_C,pib_corriente_industrias,K,K,seccion,K,"ACTIVIDADES INMOBILIARIAS, EMPRESARIALES Y DE ALQUILER",2011,139721141.990341,miles_de_pesos_corrientes,False,
bcu,PIB-corriente-industrias-2006-2019.xlsx,Valores_C,pib_corriente_industrias,K,K,seccion,K,"ACTIVIDADES INMOBILIARIAS, EMPRESARIALES Y DE ALQUILER",2012,164975778.973802,miles_de_pesos_corrientes,False,
bcu,PIB-corriente-industrias-2006-2019.xlsx,Valores_C,pib_corriente_industrias,K,K,seccion,K,"ACTIVIDADES INMOBILIARIAS, EMPRESARIALES Y DE ALQUILER",2013,189635312.931713,miles_de_pesos_corrientes,False,
bcu,PIB-corriente-industrias-2006-2019.xlsx,Valores_C,pib_corriente_industrias,K,K,seccion,K,"ACTIVIDADES INMOBILIARIAS, EMPRESARIALES Y DE ALQUILER",2014,217012842.379673,miles_de_pesos_corrientes,False,
bcu,PIB-corriente-industrias-2006-2019.xlsx,Valores_C,pib_corriente_industrias,K,K,seccion,K,"ACTIVIDADES INMOBILIARIAS, EMPRESARIALES Y DE ALQUILER",2015,244299933.835799,miles_de_pesos_corrientes,False,
bcu,PIB-corriente-industrias-2006-2019.xlsx,Valores_C,pib_corriente_industrias,K,K,seccion,K,"ACTIVIDADES INMOBILIARIAS, EMPRESARIALES Y DE ALQUILER",2016,264769699.385269,miles_de_pesos_corrientes,False,
bcu,PIB-corriente-industrias-2006-2019.xlsx,Valores_C,pib_corriente_industrias,K,K,seccion,K,"ACTIVIDADES INMOBILIARIAS, EMPRESARIALES Y DE ALQUILER",2017,284916615.470485,miles_de_pesos_corrientes,True,
bcu,PIB-corriente-industrias-2006-2019.xlsx,Valores_C,pib_corriente_industrias,K,K,seccion,K,"ACTIVIDADES INMOBILIARIAS, EMPRESARIALES Y DE ALQUILER",2018,300690343.232167,miles_de_pesos_corrientes,True,
bcu,PIB-corriente-industrias-2006-2019.xlsx,Valores_C,pib_corriente_industrias,K,K,seccion,K,"ACTIVIDADES INMOBILIARIAS, EMPRESARIALES Y DE ALQUILER",2019,319302093.321909,miles_de_pesos_corrientes,True,
bcu,PIB-corriente-industrias-2006-2019.xlsx,Valores_C,pib_corriente_industrias,K.70TT.0,K.70TT.0,grupo_bcu,K,Actividades inmobiliarias,2005,43340243.8798676,miles_de_pesos_corrientes,False,
bcu,PIB-corriente-industrias-2006-2019.xlsx,Valores_C,pib_corriente_industrias,K.70TT.0,K.70TT.0,grupo_bcu,K,Actividades inmobiliarias,2006,46999196.625407,miles_de_pesos_corrientes,False,
bcu,PIB-corriente-industrias-2006-2019.xlsx,Valores_C,pib_corriente_industrias,K.70TT.0,K.70TT.0,grupo_bcu,K,Actividades inmobiliarias,2007,53582539.539865,miles_de_pesos_corrientes,False,
bcu,PIB-corriente-industrias-2006-2019.xlsx,Valores_C,pib_corriente_industrias,K.70TT.0,K.70TT.0,grupo_bcu,K,Actividades inmobiliarias,2008,61304135.6590586,miles_de_pesos_corrientes,False,
bcu,PIB-corriente-industrias-2006-2019.xlsx,Valores_C,pib_corriente_industrias,K.70TT.0,K.70TT.0,grupo_bcu,K,Actividades inmobiliarias,2009,71244685.209594,miles_de_pesos_corrientes,False,
bcu,PIB-corriente-industrias-2006-2019.xlsx,Valores_C,pib_corriente_industrias,K.70TT.0,K.70TT.0,grupo_bcu,K,Actividades inmobiliarias,2010,82986057.9924465,miles_de_pesos_corrientes,False,
bcu,PIB-corriente-industrias-2006-2019.xlsx,Valores_C,pib_corriente_industrias,K.70TT.0,K.70TT.0,grupo_bcu,K,Actividades inmobiliarias,2011,95713055.1382698,miles_de_pesos_corrientes,False,
bcu,PIB-corriente-industrias-2006-2019.xlsx,Valores_C,pib_corriente_industrias,K.70TT.0,K.70TT.0,grupo_bcu,K,Actividades inmobiliarias,2012,112098963.199373,miles_de_pesos_corrientes,False,
bcu,PIB-corriente-industrias-2006-2019.xlsx,Valores_C,pib_corriente_industrias,K.70TT.0,K.70TT.0,grupo_bcu,K,Actividades inmobiliarias,2013,128035745.845727,miles_de_pesos_corrientes,False,
bcu,PIB-corriente-industrias-2006-2019.xlsx,Valores_C,pib_corriente_industrias,K.70TT.0,K.70TT.0,grupo_bcu,K,Actividades inmobiliarias,2014,145402879.678391,miles_de_pesos_corrientes,False,
bcu,PIB-corriente-industrias-2006-2019.xlsx,Valores_C,pib_corriente_industrias,K.70TT.0,K.70TT.0,grupo_bcu,K,Actividades inmobiliarias,2015,163725029.549542,miles_de_pesos_corrientes,False,
bcu,PIB-corriente-industrias-2006-2019.xlsx,Valores_C,pib_corriente_industrias,K.70TT.0,K.70TT.0,grupo_bcu,K,Actividades inmobiliarias,2016,179998557.874016,miles_de_pesos_corrientes,False,
bcu,PIB-corriente-industrias-2006-2019.xlsx,Valores_C,pib_corriente_industrias,K.70TT.0,K.70TT.0,grupo_bcu,K,Actividades inmobiliarias,2017,197559154.803507,miles_de_pesos_corrientes,True,
bcu,PIB-corriente-industrias-2006-2019.xlsx,Valores_C,pib_corriente_industrias,K.70TT.0,K.70TT.0,grupo_bcu,K,Actividades inmobiliarias,2018,209489900.231183,miles_de_pesos_corrientes,True,
bcu,PIB-corriente-industrias-2006-2019.xlsx,Valores_C,pib_corriente_industrias,K.70TT.0,K.70TT.0,grupo_bcu,K,Actividades inmobiliarias,2019,,miles_de_pesos_corrientes,True,"Debido a la priorizacion del cronograma del PLAE, para el ano 2019 no se dispone de estimaciones mas alla de los dos digitos de la CIIU Rev. 3."
bcu,PIB-corriente-industrias-2006-2019.xlsx,Valores_C,pib_corriente_industrias,K.RRTT.0,K.RRTT.0,grupo_bcu,K,Alquiler de maquinaria y equipo sin operarios; informática y actividades conexas; actividades de investigación y desarrollo y otras actividades empresariales,2005,14931392.8035935,miles_de_pesos_corrientes,False,
bcu,PIB-corriente-industrias-2006-2019.xlsx,Valores_C,pib_corriente_industrias,K.RRTT.0,K.RRTT.0,grupo_bcu,K,Alquiler de maquinaria y equipo sin operarios; informática y actividades conexas; actividades de investigación y desarrollo y otras actividades empresariales,2006,17763832.2573892,miles_de_pesos_corrientes,False,
bcu,PIB-corriente-industrias-2006-2019.xlsx,Valores_C,pib_corriente_industrias,K.RRTT.0,K.RRTT.0,grupo_bcu,K,Alquiler de maquinaria y equipo sin operarios; informática y actividades conexas; actividades de investigación y desarrollo y otras actividades empresariales,2007,22152366.2216719,miles_de_pesos_corrientes,False,
bcu,PIB-corriente-industrias-2006-2019.xlsx,Valores_C,pib_corriente_industrias,K.RRTT.0,K.RRTT.0,grupo_bcu,K,Alquiler de maquinaria y equipo sin operarios; informática y actividades conexas; actividades de investigación y desarrollo y otras actividades empresariales,2008,27190559.7282867,miles_de_pesos_corrientes,False,
bcu,PIB-corriente-industrias-2006-2019.xlsx,Valores_C,pib_corriente_industrias,K.RRTT.0,K.RRTT.0,grupo_bcu,K,Alquiler de maquinaria y equipo sin operarios; informática y actividades conexas; actividades de investigación y desarrollo y otras actividades empresariales,2009,31851475.6348147,miles_de_pesos_corrientes,False,
bcu,PIB-corriente-industrias-2006-2019.xlsx,Valores_C,pib_corriente_industrias,K.RRTT.0,K.RRTT.0,grupo_bcu,K,Alquiler de maquinaria y equipo sin operarios; informática y actividades conexas; actividades de investigación y desarrollo y otras actividades empresariales,2010,37823358.2832245,miles_de_pesos_corrientes,False,
bcu,PIB-corriente-industrias-2006-2019.xlsx,Valores_C,pib_corriente_industrias,K.RRTT.0,K.RRTT.0,grupo_bcu,K,Alquiler de maquinaria y equipo sin operarios; informática y actividades conexas; actividades de investigación y desarrollo y otras actividades empresariales,2011,44008086.852071,miles_de_pesos_corrientes,False,
bcu,PIB-corriente-industrias-2006-2019.xlsx,Valores_C,pib_corriente_industrias,K.RRTT.0,K.RRTT.0,grupo_bcu,K,Alquiler de maquinaria y equipo sin operarios; informática y actividades conexas; actividades de investigación y desarrollo y otras actividades empresariales,2012,52876815.7744288,miles_de_pesos_corrientes,False,
bcu,PIB-corriente-industrias-2006-2019.xlsx,Valores_C,pib_corriente_industrias,K.RRTT.0,K.RRTT.0,grupo_bcu,K,Alquiler de maquinaria y equipo sin operarios; informática y actividades conexas; actividades de investigación y desarrollo y otras actividades empresariales,2013,61599567.085986,miles_de_pesos_corrientes,False,
bcu,PIB-corriente-industrias-2006-2019.xlsx,Valores_C,pib_corriente_industrias,K.RRTT.0,K.RRTT.0,grupo_bcu,K,Alquiler de maquinaria y equipo sin operarios; informática y actividades conexas; actividades de investigación y desarrollo y otras actividades empresariales,2014,71609962.7012819,miles_de_pesos_corrientes,False,
bcu,PIB-corriente-industrias-2006-2019.xlsx,Valores_C,pib_corriente_industrias,K.RRTT.0,K.RRTT.0,grupo_bcu,K,Alquiler de maquinaria y equipo sin operarios; informática y actividades conexas; actividades de investigación y desarrollo y otras actividades empresariales,2015,80574904.2862562,miles_de_pesos_corrientes,False,
bcu,PIB-corriente-industrias-2006-2019.xlsx,Valores_C,pib_corriente_industrias,K.RRTT.0,K.RRTT.0,grupo_bcu,K,Alquiler de maquinaria y equipo sin operarios; informática y actividades conexas; actividades de investigación y desarrollo y otras actividades empresariales,2016,84771141.5112538,miles_de_pesos_corrientes,False,
bcu,PIB-corriente-industrias-2006-2019.xlsx,Valores_C,pib_corriente_industrias,K.RRTT.0,K.RRTT.0,grupo_bcu,K,Alquiler de maquinaria y equipo sin operarios; informática y actividades conexas; actividades de investigación y desarrollo y otras actividades empresariales,2017,87357460.6669783,miles_de_pesos_corrientes,True,
bcu,PIB-corriente-industrias-2006-2019.xlsx,Valores_C,pib_corriente_industrias,K.RRTT.0,K.RRTT.0,grupo_bcu,K,Alquiler de maquinaria y equipo sin operarios; informática y actividades conexas; actividades de investigación y desarrollo y otras actividades empresariales,2018,91200443.0009839,miles_de_pesos_corrientes,True,
bcu,PIB-corriente-industrias-2006-2019.xlsx,Valores_C,pib_corriente_industrias,K.RRTT.0,K.RRTT.0,grupo_bcu,K,Alquiler de maquinaria y equipo sin operarios; informática y actividades conexas; actividades de investigación y desarrollo y otras actividades empresariales,2019,,miles_de_pesos_corrientes,True,"Debido a la priorizacion del cronograma del PLAE, para el ano 2019 no se dispone de estimaciones mas alla de los dos digitos de la CIIU Rev. 3."
bcu,PIB-corriente-industrias-2006-2019.xlsx,Valores_C,pib_corriente_industrias,L,L,seccion,L,"ADMINISTRACION PUBLICA Y DEFENSA, PLANES DE SEGURIDAD SOCIAL DE AFILIACION OBLIGATORIA",2005,20818125.4643834,miles_de_pesos_corrientes,False,
bcu,PIB-corriente-industrias-2006-2019.xlsx,Valores_C,pib_corriente_industrias,L,L,seccion,L,"ADMINISTRACION PUBLICA Y DEFENSA, PLANES DE SEGURIDAD SOCIAL DE AFILIACION OBLIGATORIA",2006,23921621.8085194,miles_de_pesos_corrientes,False,
bcu,PIB-corriente-industrias-2006-2019.xlsx,Valores_C,pib_corriente_industrias,L,L,seccion,L,"ADMINISTRACION PUBLICA Y DEFENSA, PLANES DE SEGURIDAD SOCIAL DE AFILIACION OBLIGATORIA",2007,28051377.2965659,miles_de_pesos_corrientes,False,
bcu,PIB-corriente-industrias-2006-2019.xlsx,Valores_C,pib_corriente_industrias,L,L,seccion,L,"ADMINISTRACION PUBLICA Y DEFENSA, PLANES DE SEGURIDAD SOCIAL DE AFILIACION OBLIGATORIA",2008,31278265.7143669,miles_de_pesos_corrientes,False,
bcu,PIB-corriente-industrias-2006-2019.xlsx,Valores_C,pib_corriente_industrias,L,L,seccion,L,"ADMINISTRACION PUBLICA Y DEFENSA, PLANES DE SEGURIDAD SOCIAL DE AFILIACION OBLIGATORIA",2009,37379598.9553229,miles_de_pesos_corrientes,False,
bcu,PIB-corriente-industrias-2006-2019.xlsx,Valores_C,pib_corriente_industrias,L,L,seccion,L,"ADMINISTRACION PUBLICA Y DEFENSA, PLANES DE SEGURIDAD SOCIAL DE AFILIACION OBLIGATORIA",2010,40830533.8118078,miles_de_pesos_corrientes,False,
bcu,PIB-corriente-industrias-2006-2019.xlsx,Valores_C,pib_corriente_industrias,L,L,seccion,L,"ADMINISTRACION PUBLICA Y DEFENSA, PLANES DE SEGURIDAD SOCIAL DE AFILIACION OBLIGATORIA",2011,46886315.5988996,miles_de_pesos_corrientes,False,
bcu,PIB-corriente-industrias-2006-2019.xlsx,Valores_C,pib_corriente_industrias,L,L,seccion,L,"ADMINISTRACION PUBLICA Y DEFENSA, PLANES DE SEGURIDAD SOCIAL DE AFILIACION OBLIGATORIA",2012,52571883.6956807,miles_de_pesos_corrientes,False,
bcu,PIB-corriente-industrias-2006-2019.xlsx,Valores_C,pib_corriente_industrias,L,L,seccion,L,"ADMINISTRACION PUBLICA Y DEFENSA, PLANES DE SEGURIDAD SOCIAL DE AFILIACION OBLIGATORIA",2013,59291560.8515437,miles_de_pesos_corrientes,False,
bcu,PIB-corriente-industrias-2006-2019.xlsx,Valores_C,pib_corriente_industrias,L,L,seccion,L,"ADMINISTRACION PUBLICA Y DEFENSA, PLANES DE SEGURIDAD SOCIAL DE AFILIACION OBLIGATORIA",2014,67470717.1960954,miles_de_pesos_corrientes,False,
bcu,PIB-corriente-industrias-2006-2019.xlsx,Valores_C,pib_corriente_industrias,L,L,seccion,L,"ADMINISTRACION PUBLICA Y DEFENSA, PLANES DE SEGURIDAD SOCIAL DE AFILIACION OBLIGATORIA",2015,73094806.541559,miles_de_pesos_corrientes,False,
bcu,PIB-corriente-industrias-2006-2019.xlsx,Valores_C,pib_corriente_industrias,L,L,seccion,L,"ADMINISTRACION PUBLICA Y DEFENSA, PLANES DE SEGURIDAD SOCIAL DE AFILIACION OBLIGATORIA",2016,81612656.0056666,miles_de_pesos_corrientes,False,
bcu,PIB-corriente-industrias-2006-2019.xlsx,Valores_C,pib_corriente_industrias,L,L,seccion,L,"ADMINISTRACION PUBLICA Y DEFENSA, PLANES DE SEGURIDAD SOCIAL DE AFILIACION OBLIGATORIA",2017,87160903.8645595,miles_de_pesos_corrientes,True,
bcu,PIB-corriente-industrias-2006-2019.xlsx,Valores_C,pib_corriente_industrias,L,L,seccion,L,"ADMINISTRACION PUBLICA Y DEFENSA, PLANES DE SEGURIDAD SOCIAL DE AFILIACION OBLIGATORIA",2018,94858453.8370925,miles_de_pesos_corrientes,True,
bcu,PIB-corriente-industrias-2006-2019.xlsx,Valores_C,pib_corriente_industrias,L,L,seccion,L,"ADMINISTRACION PUBLICA Y DEFENSA, PLANES DE SEGURIDAD SOCIAL DE AFILIACION OBLIGATORIA",2019,106136993.953718,miles_de_pesos_corrientes,True,
bcu,PIB-corriente-industrias-2006-2019.xlsx,Valores_C,pib_corriente_industrias,L.75TT.0,L.75TT.0,grupo_bcu,L,Administración pública y defensa; planes de seguridad social de afiliación obligatoria,2005,20818125.4643834,miles_de_pesos_corrientes,False,
bcu,PIB-corriente-industrias-2006-2019.xlsx,Valores_C,pib_corriente_industrias,L.75TT.0,L.75TT.0,grupo_bcu,L,Administración pública y defensa; planes de seguridad social de afiliación obligatoria,2006,23921621.8085194,miles_de_pesos_corrientes,False,
bcu,PIB-corriente-industrias-2006-2019.xlsx,Valores_C,pib_corriente_industrias,L.75TT.0,L.75TT.0,grupo_bcu,L,Administración pública y defensa; planes de seguridad social de afiliación obligatoria,2007,28051377.2965659,miles_de_pesos_corrientes,False,
bcu,PIB-corriente-industrias-2006-2019.xlsx,Valores_C,pib_corriente_industrias,L.75TT.0,L.75TT.0,grupo_bcu,L,Administración pública y defensa; planes de seguridad social de afiliación obligatoria,2008,31278265.7143669,miles_de_pesos_corrientes,False,
bcu,PIB-corriente-industrias-2006-2019.xlsx,Valores_C,pib_corriente_industrias,L.75TT.0,L.75TT.0,grupo_bcu,L,Administración pública y defensa; planes de seguridad social de afiliación obligatoria,2009,37379598.9553229,miles_de_pesos_corrientes,False,
bcu,PIB-corriente-industrias-2006-2019.xlsx,Valores_C,pib_corriente_industrias,L.75TT.0,L.75TT.0,grupo_bcu,L,Administración pública y defensa; planes de seguridad social de afiliación obligatoria,2010,40830533.8118078,miles_de_pesos_corrientes,False,
bcu,PIB-corriente-industrias-2006-2019.xlsx,Valores_C,pib_corriente_industrias,L.75TT.0,L.75TT.0,grupo_bcu,L,Administración pública y defensa; planes de seguridad social de afiliación obligatoria,2011,46886315.5988996,miles_de_pesos_corrientes,False,
bcu,PIB-corriente-industrias-2006-2019.xlsx,Valores_C,pib_corriente_industrias,L.75TT.0,L.75TT.0,grupo_bcu,L,Administración pública y defensa; planes de seguridad social de afiliación obligatoria,2012,52571883.6956807,miles_de_pesos_corrientes,False,
bcu,PIB-corriente-industrias-2006-2019.xlsx,Valores_C,pib_corriente_industrias,L.75TT.0,L.75TT.0,grupo_bcu,L,Administración pública y defensa; planes de seguridad social de afiliación obligatoria,2013,59291560.8515437,miles_de_pesos_corrientes,False,
bcu,PIB-corriente-industrias-2006-2019.xlsx,Valores_C,pib_corriente_industrias,L.75TT.0,L.75TT.0,grupo_bcu,L,Administración pública y defensa; planes de seguridad social de afiliación obligatoria,2014,67470717.1960954,miles_de_pesos_corrientes,False,
bcu,PIB-corriente-industrias-2006-2019.xlsx,Valores_C,pib_corriente_industrias,L.75TT.0,L.75TT.0,grupo_bcu,L,Administración pública y defensa; planes de seguridad social de afiliación obligatoria,2015,73094806.541559,miles_de_pesos_corrientes,False,
bcu,PIB-corriente-industrias-2006-2019.xlsx,Valores_C,pib_corriente_industrias,L.75TT.0,L.75TT.0,grupo_bcu,L,Administración pública y defensa; planes de seguridad social de afiliación obligatoria,2016,81612656.0056666,miles_de_pesos_corrientes,False,
bcu,PIB-corriente-industrias-2006-2019.xlsx,Valores_C,pib_corriente_industrias,L.75TT.0,L.75TT.0,grupo_bcu,L,Administración pública y defensa; planes de seguridad social de afiliación obligatoria,2017,87160903.8645595,miles_de_pesos_corrientes,True,
bcu,PIB-corriente-industrias-2006-2019.xlsx,Valores_C,pib_corriente_industrias,L.75TT.0,L.75TT.0,grupo_bcu,L,Administración pública y defensa; planes de seguridad social de afiliación obligatoria,2018,94858453.8370925,miles_de_pesos_corrientes,True,
bcu,PIB-corriente-industrias-2006-2019.xlsx,Valores_C,pib_corriente_industrias,L.75TT.0,L.75TT.0,grupo_bcu,L,Administración pública y defensa; planes de seguridad social de afiliación obligatoria,2019,106136993.953718,miles_de_pesos_corrientes,True,
bcu,PIB-corriente-industrias-2006-2019.xlsx,Valores_C,pib_corriente_industrias,M,M,seccion,M,ENSEÑANZA,2005,14477553.0217574,miles_de_pesos_corrientes,False,
bcu,PIB-corriente-industrias-2006-2019.xlsx,Valores_C,pib_corriente_industrias,M,M,seccion,M,ENSEÑANZA,2006,16590358.5709498,miles_de_pesos_corrientes,False,
bcu,PIB-corriente-industrias-2006-2019.xlsx,Valores_C,pib_corriente_industrias,M,M,seccion,M,ENSEÑANZA,2007,19634338.2064872,miles_de_pesos_corrientes,False,
bcu,PIB-corriente-industrias-2006-2019.xlsx,Valores_C,pib_corriente_industrias,M,M,seccion,M,ENSEÑANZA,2008,24494975.3540336,miles_de_pesos_corrientes,False,
bcu,PIB-corriente-industrias-2006-2019.xlsx,Valores_C,pib_corriente_industrias,M,M,seccion,M,ENSEÑANZA,2009,29941993.6209522,miles_de_pesos_corrientes,False,
bcu,PIB-corriente-industrias-2006-2019.xlsx,Valores_C,pib_corriente_industrias,M,M,seccion,M,ENSEÑANZA,2010,32780103.2149047,miles_de_pesos_corrientes,False,
bcu,PIB-corriente-industrias-2006-2019.xlsx,Valores_C,pib_corriente_industrias,M,M,seccion,M,ENSEÑANZA,2011,38301857.9278257,miles_de_pesos_corrientes,False,
bcu,PIB-corriente-industrias-2006-2019.xlsx,Valores_C,pib_corriente_industrias,M,M,seccion,M,ENSEÑANZA,2012,44097198.2610131,miles_de_pesos_corrientes,False,
bcu,PIB-corriente-industrias-2006-2019.xlsx,Valores_C,pib_corriente_industrias,M,M,seccion,M,ENSEÑANZA,2013,51146270.4491198,miles_de_pesos_corrientes,False,
bcu,PIB-corriente-industrias-2006-2019.xlsx,Valores_C,pib_corriente_industrias,M,M,seccion,M,ENSEÑANZA,2014,59622443.050428,miles_de_pesos_corrientes,False,
bcu,PIB-corriente-industrias-2006-2019.xlsx,Valores_C,pib_corriente_industrias,M,M,seccion,M,ENSEÑANZA,2015,65635804.0605864,miles_de_pesos_corrientes,False,
bcu,PIB-corriente-industrias-2006-2019.xlsx,Valores_C,pib_corriente_industrias,M,M,seccion,M,ENSEÑANZA,2016,74697714.2195738,miles_de_pesos_corrientes,False,
bcu,PIB-corriente-industrias-2006-2019.xlsx,Valores_C,pib_corriente_industrias,M,M,seccion,M,ENSEÑANZA,2017,80275277.1091484,miles_de_pesos_corrientes,True,
bcu,PIB-corriente-industrias-2006-2019.xlsx,Valores_C,pib_corriente_industrias,M,M,seccion,M,ENSEÑANZA,2018,87433246.9709935,miles_de_pesos_corrientes,True,
bcu,PIB-corriente-industrias-2006-2019.xlsx,Valores_C,pib_corriente_industrias,M,M,seccion,M,ENSEÑANZA,2019,96679182.2389017,miles_de_pesos_corrientes,True,
bcu,PIB-corriente-industrias-2006-2019.xlsx,Valores_C,pib_corriente_industrias,M.80TT.0,M.80TT.0,grupo_bcu,M,Enseñanza,2005,14477553.0217574,miles_de_pesos_corrientes,False,
bcu,PIB-corriente-industrias-2006-2019.xlsx,Valores_C,pib_corriente_industrias,M.80TT.0,M.80TT.0,grupo_bcu,M,Enseñanza,2006,16590358.5709498,miles_de_pesos_corrientes,False,
bcu,PIB-corriente-industrias-2006-2019.xlsx,Valores_C,pib_corriente_industrias,M.80TT.0,M.80TT.0,grupo_bcu,M,Enseñanza,2007,19634338.2064872,miles_de_pesos_corrientes,False,
bcu,PIB-corriente-industrias-2006-2019.xlsx,Valores_C,pib_corriente_industrias,M.80TT.0,M.80TT.0,grupo_bcu,M,Enseñanza,2008,24494975.3540336,miles_de_pesos_corrientes,False,
bcu,PIB-corriente-industrias-2006-2019.xlsx,Valores_C,pib_corriente_industrias,M.80TT.0,M.80TT.0,grupo_bcu,M,Enseñanza,2009,29941993.6209522,miles_de_pesos_corrientes,False,
bcu,PIB-corriente-industrias-2006-2019.xlsx,Valores_C,pib_corriente_industrias,M.80TT.0,M.80TT.0,grupo_bcu,M,Enseñanza,2010,32780103.2149047,miles_de_pesos_corrientes,False,
bcu,PIB-corriente-industrias-2006-2019.xlsx,Valores_C,pib_corriente_industrias,M.80TT.0,M.80TT.0,grupo_bcu,M,Enseñanza,2011,38301857.9278257,miles_de_pesos_corrientes,False,
bcu,PIB-corriente-industrias-2006-2019.xlsx,Valores_C,pib_corriente_industrias,M.80TT.0,M.80TT.0,grupo_bcu,M,Enseñanza,2012,44097198.2610131,miles_de_pesos_corrientes,False,
bcu,PIB-corriente-industrias-2006-2019.xlsx,Valores_C,pib_corriente_industrias,M.80TT.0,M.80TT.0,grupo_bcu,M,Enseñanza,2013,51146270.4491198,miles_de_pesos_corrientes,False,
bcu,PIB-corriente-industrias-2006-2019.xlsx,Valores_C,pib_corriente_industrias,M.80TT.0,M.80TT.0,grupo_bcu,M,Enseñanza,2014,59622443.050428,miles_de_pesos_corrientes,False,
bcu,PIB-corriente-industrias-2006-2019.xlsx,Valores_C,pib_corriente_industrias,M.80TT.0,M.80TT.0,grupo_bcu,M,Enseñanza,2015,65635804.0605864,miles_de_pesos_corrientes,False,
bcu,PIB-corriente-industrias-2006-2019.xlsx,Valores_C,pib_corriente_industrias,M.80TT.0,M.80TT.0,grupo_bcu,M,Enseñanza,2016,74697714.2195738,miles_de_pesos_corrientes,False,
bcu,PIB-corriente-industrias-2006-2019.xlsx,Valores_C,pib_corriente_industrias,M.80TT.0,M.80TT.0,grupo_bcu,M,Enseñanza,2017,80275277.1091484,miles_de_pesos_corrientes,True,
bcu,PIB-corriente-industrias-2006-2019.xlsx,Valores_C,pib_corriente_industrias,M.80TT.0,M.80TT.0,grupo_bcu,M,Enseñanza,2018,87433246.9709935,miles_de_pesos_corrientes,True,
bcu,PIB-corriente-industrias-2006-2019.xlsx,Valores_C,pib_corriente_industrias,M.80TT.0,M.80TT.0,grupo_bcu,M,Enseñanza,2019,96679182.2389017,miles_de_pesos_corrientes,True,
bcu,PIB-corriente-industrias-2006-2019.xlsx,Valores_C,pib_corriente_industrias,N,N,seccion,N,SALUD,2005,19566988.0758277,miles_de_pesos_corrientes,False,
bcu,PIB-corriente-industrias-2006-2019.xlsx,Valores_C,pib_corriente_industrias,N,N,seccion,N,SALUD,2006,22001115.2593551,miles_de_pesos_corrientes,False,
bcu,PIB-corriente-industrias-2006-2019.xlsx,Valores_C,pib_corriente_industrias,N,N,seccion,N,SALUD,2007,24853329.7511377,miles_de_pesos_corrientes,False,
bcu,PIB-corriente-industrias-2006-2019.xlsx,Valores_C,pib_corriente_industrias,N,N,seccion,N,SALUD,2008,31234353.1932743,miles_de_pesos_corrientes,False,
bcu,PIB-corriente-industrias-2006-2019.xlsx,Valores_C,pib_corriente_industrias,N,N,seccion,N,SALUD,2009,38140360.7621075,miles_de_pesos_corrientes,False,
bcu,PIB-corriente-industrias-2006-2019.xlsx,Valores_C,pib_corriente_industrias,N,N,seccion,N,SALUD,2010,43532646.8957279,miles_de_pesos_corrientes,False,
bcu,PIB-corriente-industrias-2006-2019.xlsx,Valores_C,pib_corriente_industrias,N,N,seccion,N,SALUD,2011,50796974.7639498,miles_de_pesos_corrientes,False,
bcu,PIB-corriente-industrias-2006-2019.xlsx,Valores_C,pib_corriente_industrias,N,N,seccion,N,SALUD,2012,58960214.0665974,miles_de_pesos_corrientes,False,
bcu,PIB-corriente-industrias-2006-2019.xlsx,Valores_C,pib_corriente_industrias,N,N,seccion,N,SALUD,2013,68371005.510844,miles_de_pesos_corrientes,False,
bcu,PIB-corriente-industrias-2006-2019.xlsx,Valores_C,pib_corriente_industrias,N,N,seccion,N,SALUD,2014,79081009.0126333,miles_de_pesos_corrientes,False,
bcu,PIB-corriente-industrias-2006-2019.xlsx,Valores_C,pib_corriente_industrias,N,N,seccion,N,SALUD,2015,88508197.6676422,miles_de_pesos_corrientes,False,
bcu,PIB-corriente-industrias-2006-2019.xlsx,Valores_C,pib_corriente_industrias,N,N,seccion,N,SALUD,2016,100292726.336639,miles_de_pesos_corrientes,False,
bcu,PIB-corriente-industrias-2006-2019.xlsx,Valores_C,pib_corriente_industrias,N,N,seccion,N,SALUD,2017,110303842.454116,miles_de_pesos_corrientes,True,
bcu,PIB-corriente-industrias-2006-2019.xlsx,Valores_C,pib_corriente_industrias,N,N,seccion,N,SALUD,2018,116385292.673452,miles_de_pesos_corrientes,True,
bcu,PIB-corriente-industrias-2006-2019.xlsx,Valores_C,pib_corriente_industrias,N,N,seccion,N,SALUD,2019,128010714.457735,miles_de_pesos_corrientes,True,
bcu,PIB-corriente-industrias-2006-2019.xlsx,Valores_C,pib_corriente_industrias,N.85TT.0,N.85TT.0,grupo_bcu,N,Servicios sociales y de salud,2005,19566988.0758277,miles_de_pesos_corrientes,False,
bcu,PIB-corriente-industrias-2006-2019.xlsx,Valores_C,pib_corriente_industrias,N.85TT.0,N.85TT.0,grupo_bcu,N,Servicios sociales y de salud,2006,22001115.2593551,miles_de_pesos_corrientes,False,
bcu,PIB-corriente-industrias-2006-2019.xlsx,Valores_C,pib_corriente_industrias,N.85TT.0,N.85TT.0,grupo_bcu,N,Servicios sociales y de salud,2007,24853329.7511377,miles_de_pesos_corrientes,False,
bcu,PIB-corriente-industrias-2006-2019.xlsx,Valores_C,pib_corriente_industrias,N.85TT.0,N.85TT.0,grupo_bcu,N,Servicios sociales y de salud,2008,31234353.1932743,miles_de_pesos_corrientes,False,
bcu,PIB-corriente-industrias-2006-2019.xlsx,Valores_C,pib_corriente_industrias,N.85TT.0,N.85TT.0,grupo_bcu,N,Servicios sociales y de salud,2009,38140360.7621075,miles_de_pesos_corrientes,False,
bcu,PIB-corriente-industrias-2006-2019.xlsx,Valores_C,pib_corriente_industrias,N.85TT.0,N.85TT.0,grupo_bcu,N,Servicios sociales y de salud,2010,43532646.8957279,miles_de_pesos_corrientes,False,
bcu,PIB-corriente-industrias-2006-2019.xlsx,Valores_C,pib_corriente_industrias,N.85TT.0,N.85TT.0,grupo_bcu,N,Servicios sociales y de salud,2011,50796974.7639498,miles_de_pesos_corrientes,False,
bcu,PIB-corriente-industrias-2006-2019.xlsx,Valores_C,pib_corriente_industrias,N.85TT.0,N.85TT.0,grupo_bcu,N,Servicios sociales y de salud,2012,58960214.0665974,miles_de_pesos_corrientes,False,
bcu,PIB-corriente-industrias-2006-2019.xlsx,Valores_C,pib_corriente_industrias,N.85TT.0,N.85TT.0,grupo_bcu,N,Servicios sociales y de salud,2013,68371005.510844,miles_de_pesos_corrientes,False,
bcu,PIB-corriente-industrias-2006-2019.xlsx,Valores_C,pib_corriente_industrias,N.85TT.0,N.85TT.0,grupo_bcu,N,Servicios sociales y de salud,2014,79081009.0126333,miles_de_pesos_corrientes,False,
bcu,PIB-corriente-industrias-2006-2019.xlsx,Valores_C,pib_corriente_industrias,N.85TT.0,N.85TT.0,grupo_bcu,N,Servicios sociales y de salud,2015,88508197.6676422,miles_de_pesos_corrientes,False,
bcu,PIB-corriente-industrias-2006-2019.xlsx,Valores_C,pib_corriente_industrias,N.85TT.0,N.85TT.0,grupo_bcu,N,Servicios sociales y de salud,2016,100292726.336639,miles_de_pesos_corrientes,False,
bcu,PIB-corriente-industrias-2006-2019.xlsx,Valores_C,pib_corriente_industrias,N.85TT.0,N.85TT.0,grupo_bcu,N,Servicios sociales y de salud,2017,110303842.454116,miles_de_pesos_corrientes,True,
bcu,PIB-corriente-industrias-2006-2019.xlsx,Valores_C,pib_corriente_industrias,N.85TT.0,N.85TT.0,grupo_bcu,N,Servicios sociales y de salud,2018,116385292.673452,miles_de_pesos_corrientes,True,
bcu,PIB-corriente-industrias-2006-2019.xlsx,Valores_C,pib_corriente_industrias,N.85TT.0,N.85TT.0,grupo_bcu,N,Servicios sociales y de salud,2019,128010714.457735,miles_de_pesos_corrientes,True,
bcu,PIB-corriente-industrias-2006-2019.xlsx,Valores_C,pib_corriente_industrias,O - P,O - P,agregado_secciones,O,SERVICIOS PERSONALES Y HOGARES CON SERVICIO DOMESTICO,2005,15829378.4534874,miles_de_pesos_corrientes,False,
bcu,PIB-corriente-industrias-2006-2019.xlsx,Valores_C,pib_corriente_industrias,O - P,O - P,agregado_secciones,O,SERVICIOS PERSONALES Y HOGARES CON SERVICIO DOMESTICO,2006,17839823.7947907,miles_de_pesos_corrientes,False,
bcu,PIB-corriente-industrias-2006-2019.xlsx,Valores_C,pib_corriente_industrias,O - P,O - P,agregado_secciones,O,SERVICIOS PERSONALES Y HOGARES CON SERVICIO DOMESTICO,2007,20370410.7352183,miles_de_pesos_corrientes,False,
bcu,PIB-corriente-industrias-2006-2019.xlsx,Valores_C,pib_corriente_industrias,O - P,O - P,agregado_secciones,O,SERVICIOS PERSONALES Y HOGARES CON SERVICIO DOMESTICO,2008,23923360.2954504,miles_de_pesos_corrientes,False,
bcu,PIB-corriente-industrias-2006-2019.xlsx,Valores_C,pib_corriente_industrias,O - P,O - P,agregado_secciones,O,SERVICIOS PERSONALES Y HOGARES CON SERVICIO DOMESTICO,2009,26664173.2268683,miles_de_pesos_corrientes,False,
bcu,PIB-corriente-industrias-2006-2019.xlsx,Valores_C,pib_corriente_industrias,O - P,O - P,agregado_secciones,O,SERVICIOS PERSONALES Y HOGARES CON SERVICIO DOMESTICO,2010,30312257.712895,miles_de_pesos_corrientes,False,
bcu,PIB-corriente-industrias-2006-2019.xlsx,Valores_C,pib_corriente_industrias,O - P,O - P,agregado_secciones,O,SERVICIOS PERSONALES Y HOGARES CON SERVICIO DOMESTICO,2011,34817370.4834158,miles_de_pesos_corrientes,False,
bcu,PIB-corriente-industrias-2006-2019.xlsx,Valores_C,pib_corriente_industrias,O - P,O - P,agregado_secciones,O,SERVICIOS PERSONALES Y HOGARES CON SERVICIO DOMESTICO,2012,38360662.6845189,miles_de_pesos_corrientes,False,
bcu,PIB-corriente-industrias-2006-2019.xlsx,Valores_C,pib_corriente_industrias,O - P,O - P,agregado_secciones,O,SERVICIOS PERSONALES Y HOGARES CON SERVICIO DOMESTICO,2013,43808203.1908973,miles_de_pesos_corrientes,False,
bcu,PIB-corriente-industrias-2006-2019.xlsx,Valores_C,pib_corriente_industrias,O - P,O - P,agregado_secciones,O,SERVICIOS PERSONALES Y HOGARES CON SERVICIO DOMESTICO,2014,49613864.1533272,miles_de_pesos_corrientes,False,
bcu,PIB-corriente-industrias-2006-2019.xlsx,Valores_C,pib_corriente_industrias,O - P,O - P,agregado_secciones,O,SERVICIOS PERSONALES Y HOGARES CON SERVICIO DOMESTICO,2015,54100501.4293642,miles_de_pesos_corrientes,False,
bcu,PIB-corriente-industrias-2006-2019.xlsx,Valores_C,pib_corriente_industrias,O - P,O - P,agregado_secciones,O,SERVICIOS PERSONALES Y HOGARES CON SERVICIO DOMESTICO,2016,59374923.2312811,miles_de_pesos_corrientes,False,
bcu,PIB-corriente-industrias-2006-2019.xlsx,Valores_C,pib_corriente_industrias,O - P,O - P,agregado_secciones,O,SERVICIOS PERSONALES Y HOGARES CON SERVICIO DOMESTICO,2017,65423423.0559614,miles_de_pesos_corrientes,True,
bcu,PIB-corriente-industrias-2006-2019.xlsx,Valores_C,pib_corriente_industrias,O - P,O - P,agregado_secciones,O,SERVICIOS PERSONALES Y HOGARES CON SERVICIO DOMESTICO,2018,71528952.4666408,miles_de_pesos_corrientes,True,
bcu,PIB-corriente-industrias-2006-2019.xlsx,Valores_C,pib_corriente_industrias,O - P,O - P,agregado_secciones,O,SERVICIOS PERSONALES Y HOGARES CON SERVICIO DOMESTICO,2019,77005370.1398351,miles_de_pesos_corrientes,True,
bcu,PIB-corriente-industrias-2006-2019.xlsx,Valores_C,pib_corriente_industrias,O.TTTT.0,O.TTTT.0,total_seccion,O,"Otras actividades de servicios comunitarios, sociales y personales",2005,11138431.812525,miles_de_pesos_corrientes,False,
bcu,PIB-corriente-industrias-2006-2019.xlsx,Valores_C,pib_corriente_industrias,O.TTTT.0,O.TTTT.0,total_seccion,O,"Otras actividades de servicios comunitarios, sociales y personales",2006,12500627.8558546,miles_de_pesos_corrientes,False,
bcu,PIB-corriente-industrias-2006-2019.xlsx,Valores_C,pib_corriente_industrias,O.TTTT.0,O.TTTT.0,total_seccion,O,"Otras actividades de servicios comunitarios, sociales y personales",2007,14428930.2731655,miles_de_pesos_corrientes,False,
bcu,PIB-corriente-industrias-2006-2019.xlsx,Valores_C,pib_corriente_industrias,O.TTTT.0,O.TTTT.0,total_seccion,O,"Otras actividades de servicios comunitarios, sociales y personales",2008,16911634.7202627,miles_de_pesos_corrientes,False,
bcu,PIB-corriente-industrias-2006-2019.xlsx,Valores_C,pib_corriente_industrias,O.TTTT.0,O.TTTT.0,total_seccion,O,"Otras actividades de servicios comunitarios, sociales y personales",2009,18578541.2443984,miles_de_pesos_corrientes,False,
bcu,PIB-corriente-industrias-2006-2019.xlsx,Valores_C,pib_corriente_industrias,O.TTTT.0,O.TTTT.0,total_seccion,O,"Otras actividades de servicios comunitarios, sociales y personales",2010,21451549.9494216,miles_de_pesos_corrientes,False,
bcu,PIB-corriente-industrias-2006-2019.xlsx,Valores_C,pib_corriente_industrias,O.TTTT.0,O.TTTT.0,total_seccion,O,"Otras actividades de servicios comunitarios, sociales y personales",2011,24130235.5076512,miles_de_pesos_corrientes,False,
bcu,PIB-corriente-industrias-2006-2019.xlsx,Valores_C,pib_corriente_industrias,O.TTTT.0,O.TTTT.0,total_seccion,O,"Otras actividades de servicios comunitarios, sociales y personales",2012,26067810.5194739,miles_de_pesos_corrientes,False,
bcu,PIB-corriente-industrias-2006-2019.xlsx,Valores_C,pib_corriente_industrias,O.TTTT.0,O.TTTT.0,total_seccion,O,"Otras actividades de servicios comunitarios, sociales y personales",2013,29397728.7201268,miles_de_pesos_corrientes,False,
bcu,PIB-corriente-industrias-2006-2019.xlsx,Valores_C,pib_corriente_industrias,O.TTTT.0,O.TTTT.0,total_seccion,O,"Otras actividades de servicios comunitarios, sociales y personales",2014,32654786.1331977,miles_de_pesos_corrientes,False,
bcu,PIB-corriente-industrias-2006-2019.xlsx,Valores_C,pib_corriente_industrias,O.TTTT.0,O.TTTT.0,total_seccion,O,"Otras actividades de servicios comunitarios, sociales y personales",2015,34994303.328111,miles_de_pesos_corrientes,False,
bcu,PIB-corriente-industrias-2006-2019.xlsx,Valores_C,pib_corriente_industrias,O.TTTT.0,O.TTTT.0,total_seccion,O,"Otras actividades de servicios comunitarios, sociales y personales",2016,38187790.1264976,miles_de_pesos_corrientes,False,
bcu,PIB-corriente-industrias-2006-2019.xlsx,Valores_C,pib_corriente_industrias,O.TTTT.0,O.TTTT.0,total_seccion,O,"Otras actividades de servicios comunitarios, sociales y personales",2017,41315276.347827,miles_de_pesos_corrientes,True,
bcu,PIB-corriente-industrias-2006-2019.xlsx,Valores_C,pib_corriente_industrias,O.TTTT.0,O.TTTT.0,total_seccion,O,"Otras actividades de servicios comunitarios, sociales y personales",2018,45126706.4527519,miles_de_pesos_corrientes,True,
bcu,PIB-corriente-industrias-2006-2019.xlsx,Valores_C,pib_corriente_industrias,O.TTTT.0,O.TTTT.0,total_seccion,O,"Otras actividades de servicios comunitarios, sociales y personales",2019,,miles_de_pesos_corrientes,True,"Debido a la priorizacion del cronograma del PLAE, para el ano 2019 no se dispone de estimaciones mas alla de los dos digitos de la CIIU Rev. 3."
bcu,PIB-corriente-industrias-2006-2019.xlsx,Valores_C,pib_corriente_industrias,P.9500.0,P.9500.0,clase,P,Hogares privados con servicio doméstico,2005,4690946.64096243,miles_de_pesos_corrientes,False,
bcu,PIB-corriente-industrias-2006-2019.xlsx,Valores_C,pib_corriente_industrias,P.9500.0,P.9500.0,clase,P,Hogares privados con servicio doméstico,2006,5339195.93893616,miles_de_pesos_corrientes,False,
bcu,PIB-corriente-industrias-2006-2019.xlsx,Valores_C,pib_corriente_industrias,P.9500.0,P.9500.0,clase,P,Hogares privados con servicio doméstico,2007,5941480.46205275,miles_de_pesos_corrientes,False,
bcu,PIB-corriente-industrias-2006-2019.xlsx,Valores_C,pib_corriente_industrias,P.9500.0,P.9500.0,clase,P,Hogares privados con servicio doméstico,2008,7011725.57518774,miles_de_pesos_corrientes,False,
bcu,PIB-corriente-industrias-2006-2019.xlsx,Valores_C,pib_corriente_industrias,P.9500.0,P.9500.0,clase,P,Hogares privados con servicio doméstico,2009,8085631.98246984,miles_de_pesos_corrientes,False,
bcu,PIB-corriente-industrias-2006-2019.xlsx,Valores_C,pib_corriente_industrias,P.9500.0,P.9500.0,clase,P,Hogares privados con servicio doméstico,2010,8860707.76347333,miles_de_pesos_corrientes,False,
bcu,PIB-corriente-industrias-2006-2019.xlsx,Valores_C,pib_corriente_industrias,P.9500.0,P.9500.0,clase,P,Hogares privados con servicio doméstico,2011,10687134.9757646,miles_de_pesos_corrientes,False,
bcu,PIB-corriente-industrias-2006-2019.xlsx,Valores_C,pib_corriente_industrias,P.9500.0,P.9500.0,clase,P,Hogares privados con servicio doméstico,2012,12292852.165045,miles_de_pesos_corrientes,False,
bcu,PIB-corriente-industrias-2006-2019.xlsx,Valores_C,pib_corriente_industrias,P.9500.0,P.9500.0,clase,P,Hogares privados con servicio doméstico,2013,14410474.4707705,miles_de_pesos_corrientes,False,
bcu,PIB-corriente-industrias-2006-2019.xlsx,Valores_C,pib_corriente_industrias,P.9500.0,P.9500.0,clase,P,Hogares privados con servicio doméstico,2014,16959078.0201295,miles_de_pesos_corrientes,False,
bcu,PIB-corriente-industrias-2006-2019.xlsx,Valores_C,pib_corriente_industrias,P.9500.0,P.9500.0,clase,P,Hogares privados con servicio doméstico,2015,19106198.1012532,miles_de_pesos_corrientes,False,
bcu,PIB-corriente-industrias-2006-2019.xlsx,Valores_C,pib_corriente_industrias,P.9500.0,P.9500.0,clase,P,Hogares privados con servicio doméstico,2016,21187133.1047836,miles_de_pesos_corrientes,False,
bcu,PIB-corriente-industrias-2006-2019.xlsx,Valores_C,pib_corriente_industrias,P.9500.0,P.9500.0,clase,P,Hogares privados con servicio doméstico,2017,24108146.7081345,miles_de_pesos_corrientes,True,
bcu,PIB-corriente-industrias-2006-2019.xlsx,Valores_C,pib_corriente_industrias,P.9500.0,P.9500.0,clase,P,Hogares privados con servicio doméstico,2018,26402246.0138889,miles_de_pesos_corrientes,True,
bcu,PIB-corriente-industrias-2006-2019.xlsx,Valores_C,pib_corriente_industrias,P.9500.0,P.9500.0,clase,P,Hogares privados con servicio doméstico,2019,,miles_de_pesos_corrientes,True,"Debido a la priorizacion del cronograma del PLAE, para el ano 2019 no se dispone de estimaciones mas alla de los dos digitos de la CIIU Rev. 3."
bcu,PIB-corriente-industrias-2006-2019.xlsx,Valores_C,pib_corriente_industrias,,,agregado_sin_codigo,,VALOR AGREGADO BRUTO DE LOS SECTORES DE ACTIVIDAD,2005,379260409.627961,miles_de_pesos_corrientes,False,
bcu,PIB-corriente-industrias-2006-2019.xlsx,Valores_C,pib_corriente_industrias,,,agregado_sin_codigo,,VALOR AGREGADO BRUTO DE LOS SECTORES DE ACTIVIDAD,2006,417627329.681136,miles_de_pesos_corrientes,False,
bcu,PIB-corriente-industrias-2006-2019.xlsx,Valores_C,pib_corriente_industrias,,,agregado_sin_codigo,,VALOR AGREGADO BRUTO DE LOS SECTORES DE ACTIVIDAD,2007,489132645.061915,miles_de_pesos_corrientes,False,
bcu,PIB-corriente-industrias-2006-2019.xlsx,Valores_C,pib_corriente_industrias,,,agregado_sin_codigo,,VALOR AGREGADO BRUTO DE LOS SECTORES DE ACTIVIDAD,2008,569839187.773955,miles_de_pesos_corrientes,False,
bcu,PIB-corriente-industrias-2006-2019.xlsx,Valores_C,pib_corriente_industrias,,,agregado_sin_codigo,,VALOR AGREGADO BRUTO DE LOS SECTORES DE ACTIVIDAD,2009,645504478.62586,miles_de_pesos_corrientes,False,
bcu,PIB-corriente-industrias-2006-2019.xlsx,Valores_C,pib_corriente_industrias,,,agregado_sin_codigo,,VALOR AGREGADO BRUTO DE LOS SECTORES DE ACTIVIDAD,2010,727070162.490577,miles_de_pesos_corrientes,False,
bcu,PIB-corriente-industrias-2006-2019.xlsx,Valores_C,pib_corriente_industrias,,,agregado_sin_codigo,,VALOR AGREGADO BRUTO DE LOS SECTORES DE ACTIVIDAD,2011,832101930.811575,miles_de_pesos_corrientes,False,
bcu,PIB-corriente-industrias-2006-2019.xlsx,Valores_C,pib_corriente_industrias,,,agregado_sin_codigo,,VALOR AGREGADO BRUTO DE LOS SECTORES DE ACTIVIDAD,2012,940453135.350551,miles_de_pesos_corrientes,False,
bcu,PIB-corriente-industrias-2006-2019.xlsx,Valores_C,pib_corriente_industrias,,,agregado_sin_codigo,,VALOR AGREGADO BRUTO DE LOS SECTORES DE ACTIVIDAD,2013,1065073967.61016,miles_de_pesos_corrientes,False,
bcu,PIB-corriente-industrias-2006-2019.xlsx,Valores_C,pib_corriente_industrias,,,agregado_sin_codigo,,VALOR AGREGADO BRUTO DE LOS SECTORES DE ACTIVIDAD,2014,1204532622.56024,miles_de_pesos_corrientes,False,
bcu,PIB-corriente-industrias-2006-2019.xlsx,Valores_C,pib_corriente_industrias,,,agregado_sin_codigo,,VALOR AGREGADO BRUTO DE LOS SECTORES DE ACTIVIDAD,2015,1323346681.19475,miles_de_pesos_corrientes,False,
bcu,PIB-corriente-industrias-2006-2019.xlsx,Valores_C,pib_corriente_industrias,,,agregado_sin_codigo,,VALOR AGREGADO BRUTO DE LOS SECTORES DE ACTIVIDAD,2016,1448133945.47582,miles_de_pesos_corrientes,False,
bcu,PIB-corriente-industrias-2006-2019.xlsx,Valores_C,pib_corriente_industrias,,,agregado_sin_codigo,,VALOR AGREGADO BRUTO DE LOS SECTORES DE ACTIVIDAD,2017,1550770267.81754,miles_de_pesos_corrientes,True,
bcu,PIB-corriente-industrias-2006-2019.xlsx,Valores_C,pib_corriente_industrias,,,agregado_sin_codigo,,VALOR AGREGADO BRUTO DE LOS SECTORES DE ACTIVIDAD,2018,1664783254.01944,miles_de_pesos_corrientes,True,
bcu,PIB-corriente-industrias-2006-2019.xlsx,Valores_C,pib_corriente_industrias,,,agregado_sin_codigo,,VALOR AGREGADO BRUTO DE LOS SECTORES DE ACTIVIDAD,2019,1797773600.5423,miles_de_pesos_corrientes,True,
bcu,PIB-corriente-industrias-2006-2019.xlsx,Valores_C,pib_corriente_industrias,,,agregado_sin_codigo,,Servicios de Intermediación Financiera Medidos Indirectamente no distribuidos,2005,-10691846.1256494,miles_de_pesos_corrientes,False,
bcu,PIB-corriente-industrias-2006-2019.xlsx,Valores_C,pib_corriente_industrias,,,agregado_sin_codigo,,Servicios de Intermediación Financiera Medidos Indirectamente no distribuidos,2006,-13700817.8970404,miles_de_pesos_corrientes,False,
bcu,PIB-corriente-industrias-2006-2019.xlsx,Valores_C,pib_corriente_industrias,,,agregado_sin_codigo,,Servicios de Intermediación Financiera Medidos Indirectamente no distribuidos,2007,-16496366.3963237,miles_de_pesos_corrientes,False,
bcu,PIB-corriente-industrias-2006-2019.xlsx,Valores_C,pib_corriente_industrias,,,agregado_sin_codigo,,Servicios de Intermediación Financiera Medidos Indirectamente no distribuidos,2008,-16339922.7692775,miles_de_pesos_corrientes,False,
bcu,PIB-corriente-industrias-2006-2019.xlsx,Valores_C,pib_corriente_industrias,,,agregado_sin_codigo,,Servicios de Intermediación Financiera Medidos Indirectamente no distribuidos,2009,-18147358.5892401,miles_de_pesos_corrientes,False,
bcu,PIB-corriente-industrias-2006-2019.xlsx,Valores_C,pib_corriente_industrias,,,agregado_sin_codigo,,Servicios de Intermediación Financiera Medidos Indirectamente no distribuidos,2010,-20710448.1972544,miles_de_pesos_corrientes,False,
bcu,PIB-corriente-industrias-2006-2019.xlsx,Valores_C,pib_corriente_industrias,,,agregado_sin_codigo,,Servicios de Intermediación Financiera Medidos Indirectamente no distribuidos,2011,-23645536.1491238,miles_de_pesos_corrientes,False,
bcu,PIB-corriente-industrias-2006-2019.xlsx,Valores_C,pib_corriente_industrias,,,agregado_sin_codigo,,Servicios de Intermediación Financiera Medidos Indirectamente no distribuidos,2012,-28551498.0386053,miles_de_pesos_corrientes,False,
bcu,PIB-corriente-industrias-2006-2019.xlsx,Valores_C,pib_corriente_industrias,,,agregado_sin_codigo,,Servicios de Intermediación Financiera Medidos Indirectamente no distribuidos,2013,-31515187.4398377,miles_de_pesos_corrientes,False,
bcu,PIB-corriente-industrias-2006-2019.xlsx,Valores_C,pib_corriente_industrias,,,agregado_sin_codigo,,Servicios de Intermediación Financiera Medidos Indirectamente no distribuidos,2014,-35722084.6283654,miles_de_pesos_corrientes,False,
bcu,PIB-corriente-industrias-2006-2019.xlsx,Valores_C,pib_corriente_industrias,,,agregado_sin_codigo,,Servicios de Intermediación Financiera Medidos Indirectamente no distribuidos,2015,-41445836.3804374,miles_de_pesos_corrientes,False,
bcu,PIB-corriente-industrias-2006-2019.xlsx,Valores_C,pib_corriente_industrias,,,agregado_sin_codigo,,Servicios de Intermediación Financiera Medidos Indirectamente no distribuidos,2016,-45995033.3090336,miles_de_pesos_corrientes,False,
bcu,PIB-corriente-industrias-2006-2019.xlsx,Valores_C,pib_corriente_industrias,,,agregado_sin_codigo,,Servicios de Intermediación Financiera Medidos Indirectamente no distribuidos,2017,-49107849.365262,miles_de_pesos_corrientes,True,
bcu,PIB-corriente-industrias-2006-2019.xlsx,Valores_C,pib_corriente_industrias,,,agregado_sin_codigo,,Servicios de Intermediación Financiera Medidos Indirectamente no distribuidos,2018,-58008126.7582067,miles_de_pesos_corrientes,True,
bcu,PIB-corriente-industrias-2006-2019.xlsx,Valores_C,pib_corriente_industrias,,,agregado_sin_codigo,,Servicios de Intermediación Financiera Medidos Indirectamente no distribuidos,2019,-64142742.0339703,miles_de_pesos_corrientes,True,
bcu,PIB-corriente-industrias-2006-2019.xlsx,Valores_C,pib_corriente_industrias,D.21-D.31,D.21-D.31,agregado_codigos,D,Impuestos menos subvenciones sobre los productos,2005,56449884.6225358,miles_de_pesos_corrientes,False,
bcu,PIB-corriente-industrias-2006-2019.xlsx,Valores_C,pib_corriente_industrias,D.21-D.31,D.21-D.31,agregado_codigos,D,Impuestos menos subvenciones sobre los productos,2006,67417611.5846236,miles_de_pesos_corrientes,False,
bcu,PIB-corriente-industrias-2006-2019.xlsx,Valores_C,pib_corriente_industrias,D.21-D.31,D.21-D.31,agregado_codigos,D,Impuestos menos subvenciones sobre los productos,2007,76833271.6103161,miles_de_pesos_corrientes,False,
bcu,PIB-corriente-industrias-2006-2019.xlsx,Valores_C,pib_corriente_industrias,D.21-D.31,D.21-D.31,agregado_codigos,D,Impuestos menos subvenciones sobre los productos,2008,82651643.4767785,miles_de_pesos_corrientes,False,
bcu,PIB-corriente-industrias-2006-2019.xlsx,Valores_C,pib_corriente_industrias,D.21-D.31,D.21-D.31,agregado_codigos,D,Impuestos menos subvenciones sobre los productos,2009,87166325.6979816,miles_de_pesos_corrientes,False,
bcu,PIB-corriente-industrias-2006-2019.xlsx,Valores_C,pib_corriente_industrias,D.21-D.31,D.21-D.31,agregado_codigos,D,Impuestos menos subvenciones sobre los productos,2010,101718788.537412,miles_de_pesos_corrientes,False,
bcu,PIB-corriente-industrias-2006-2019.xlsx,Valores_C,pib_corriente_industrias,D.21-D.31,D.21-D.31,agregado_codigos,D,Impuestos menos subvenciones sobre los productos,2011,117899750.517097,miles_de_pesos_corrientes,False,
bcu,PIB-corriente-industrias-2006-2019.xlsx,Valores_C,pib_corriente_industrias,D.21-D.31,D.21-D.31,agregado_codigos,D,Impuestos menos subvenciones sobre los productos,2012,129308884.54214,miles_de_pesos_corrientes,False,
bcu,PIB-corriente-industrias-2006-2019.xlsx,Valores_C,pib_corriente_industrias,D.21-D.31,D.21-D.31,agregado_codigos,D,Impuestos menos subvenciones sobre los productos,2013,144772928.8358,miles_de_pesos_corrientes,False,
bcu,PIB-corriente-industrias-2006-2019.xlsx,Valores_C,pib_corriente_industrias,D.21-D.31,D.21-D.31,agregado_codigos,D,Impuestos menos subvenciones sobre los productos,2014,161697822.304945,miles_de_pesos_corrientes,False,
bcu,PIB-corriente-industrias-2006-2019.xlsx,Valores_C,pib_corriente_industrias,D.21-D.31,D.21-D.31,agregado_codigos,D,Impuestos menos subvenciones sobre los productos,2015,173947376.386976,miles_de_pesos_corrientes,False,
bcu,PIB-corriente-industrias-2006-2019.xlsx,Valores_C,pib_corriente_industrias,D.21-D.31,D.21-D.31,agregado_codigos,D,Impuestos menos subvenciones sobre los productos,2016,187056461.452351,miles_de_pesos_corrientes,False,
bcu,PIB-corriente-industrias-2006-2019.xlsx,Valores_C,pib_corriente_industrias,D.21-D.31,D.21-D.31,agregado_codigos,D,Impuestos menos subvenciones sobre los productos,2017,205446212.47964,miles_de_pesos_corrientes,True,
bcu,PIB-corriente-industrias-2006-2019.xlsx,Valores_C,pib_corriente_industrias,D.21-D.31,D.21-D.31,agregado_codigos,D,Impuestos menos subvenciones sobre los productos,2018,224357044.17739,miles_de_pesos_corrientes,True,
bcu,PIB-corriente-industrias-2006-2019.xlsx,Valores_C,pib_corriente_industrias,D.21-D.31,D.21-D.31,agregado_codigos,D,Impuestos menos subvenciones sobre los productos,2019,242290221.013918,miles_de_pesos_corrientes,True,
bcu,PIB-corriente-industrias-2006-2019.xlsx,Valores_C,pib_corriente_industrias,B.1b,B.1b,grupo_bcu,B,PRODUCTO INTERNO BRUTO,2005,425018448.124847,miles_de_pesos_corrientes,False,
bcu,PIB-corriente-industrias-2006-2019.xlsx,Valores_C,pib_corriente_industrias,B.1b,B.1b,grupo_bcu,B,PRODUCTO INTERNO BRUTO,2006,471344123.368719,miles_de_pesos_corrientes,False,
bcu,PIB-corriente-industrias-2006-2019.xlsx,Valores_C,pib_corriente_industrias,B.1b,B.1b,grupo_bcu,B,PRODUCTO INTERNO BRUTO,2007,549469550.275907,miles_de_pesos_corrientes,False,
bcu,PIB-corriente-industrias-2006-2019.xlsx,Valores_C,pib_corriente_industrias,B.1b,B.1b,grupo_bcu,B,PRODUCTO INTERNO BRUTO,2008,636150908.481456,miles_de_pesos_corrientes,False,
bcu,PIB-corriente-industrias-2006-2019.xlsx,Valores_C,pib_corriente_industrias,B.1b,B.1b,grupo_bcu,B,PRODUCTO INTERNO BRUTO,2009,714523445.734602,miles_de_pesos_corrientes,False,
bcu,PIB-corriente-industrias-2006-2019.xlsx,Valores_C,pib_corriente_industrias,B.1b,B.1b,grupo_bcu,B,PRODUCTO INTERNO BRUTO,2010,808078502.830735,miles_de_pesos_corrientes,False,
bcu,PIB-corriente-industrias-2006-2019.xlsx,Valores_C,pib_corriente_industrias,B.1b,B.1b,grupo_bcu,B,PRODUCTO INTERNO BRUTO,2011,926356145.179547,miles_de_pesos_corrientes,False,
bcu,PIB-corriente-industrias-2006-2019.xlsx,Valores_C,pib_corriente_industrias,B.1b,B.1b,grupo_bcu,B,PRODUCTO INTERNO BRUTO,2012,1041210521.85409,miles_de_pesos_corrientes,False,
bcu,PIB-corriente-industrias-2006-2019.xlsx,Valores_C,pib_corriente_industrias,B.1b,B.1b,grupo_bcu,B,PRODUCTO INTERNO BRUTO,2013,1178331709.00612,miles_de_pesos_corrientes,False,
bcu,PIB-corriente-industrias-2006-2019.xlsx,Valores_C,pib_corriente_industrias,B.1b,B.1b,grupo_bcu,B,PRODUCTO INTERNO BRUTO,2014,1330508360.23682,miles_de_pesos_corrientes,False,
bcu,PIB-corriente-industrias-2006-2019.xlsx,Valores_C,pib_corriente_industrias,B.1b,B.1b,grupo_bcu,B,PRODUCTO INTERNO BRUTO,2015,1455848221.20128,miles_de_pesos_corrientes,False,
bcu,PIB-corriente-industrias-2006-2019.xlsx,Valores_C,pib_corriente_industrias,B.1b,B.1b,grupo_bcu,B,PRODUCTO INTERNO BRUTO,2016,1589195373.61914,miles_de_pesos_corrientes,False,
bcu,PIB-corriente-industrias-2006-2019.xlsx,Valores_C,pib_corriente_industrias,B.1b,B.1b,grupo_bcu,B,PRODUCTO INTERNO BRUTO,2017,1707108630.93191,miles_de_pesos_corrientes,True,
bcu,PIB-corriente-industrias-2006-2019.xlsx,Valores_C,pib_corriente_industrias,B.1b,B.1b,grupo_bcu,B,PRODUCTO INTERNO BRUTO,2018,1831132171.43862,miles_de_pesos_corrientes,True,
bcu,PIB-corriente-industrias-2006-2019.xlsx,Valores_C,pib_corriente_industrias,B.1b,B.1b,grupo_bcu,B,PRODUCTO INTERNO BRUTO,2019,1975921079.52225,miles_de_pesos_corrientes,True,
