fuente,archivo,pagina,tabla,rama_codigo,rama_descripcion,anno,periodo,valor,unidad
ciu,6_Evolucion-Sectorial-Indicadores-Oct-2025.pdf,2-3,produccion_industrial_ivf_rama,1011,Matanza de ganado y otros animales (excepto aves). Conservación y preparación de carnes.,2014,anio,91.0,indice_2018_100
ciu,6_Evolucion-Sectorial-Indicadores-Oct-2025.pdf,2-3,produccion_industrial_ivf_rama,1011,Matanza de ganado y otros animales (excepto aves). Conservación y preparación de carnes.,2015,anio,91.0,indice_2018_100
ciu,6_Evolucion-Sectorial-Indicadores-Oct-2025.pdf,2-3,produccion_industrial_ivf_rama,1011,Matanza de ganado y otros animales (excepto aves). Conservación y preparación de carnes.,2016,anio,98.0,indice_2018_100
ciu,6_Evolucion-Sectorial-Indicadores-Oct-2025.pdf,2-3,produccion_industrial_ivf_rama,1011,Matanza de ganado y otros animales (excepto aves). Conservación y preparación de carnes.,2017,anio,102.0,indice_2018_100
ciu,6_Evolucion-Sectorial-Indicadores-Oct-2025.pdf,2-3,produccion_industrial_ivf_rama,1011,Matanza de ganado y otros animales (excepto aves). Conservación y preparación de carnes.,2018,anio,100.0,indice_2018_100
ciu,6_Evolucion-Sectorial-Indicadores-Oct-2025.pdf,2-3,produccion_industrial_ivf_rama,1011,Matanza de ganado y otros animales (excepto aves). Conservación y preparación de carnes.,2019,anio,95.0,indice_2018_100
ciu,6_Evolucion-Sectorial-Indicadores-Oct-2025.pdf,2-3,produccion_industrial_ivf_rama,1011,Matanza de ganado y otros animales (excepto aves). Conservación y preparación de carnes.,2020,anio,91.0,indice_2018_100
ciu,6_Evolucion-Sectorial-Indicadores-Oct-2025.pdf,2-3,produccion_industrial_ivf_rama,1011,Matanza de ganado y otros animales (excepto aves). Conservación y preparación de carnes.,2021,anio,122.0,indice_2018_100
ciu,6_Evolucion-Sectorial-Indicadores-Oct-2025.pdf,2-3,produccion_industrial_ivf_rama,1011,Matanza de ganado y otros animales (excepto aves). Conservación y preparación de carnes.,2022,anio,114.0,indice_2018_100
ciu,6_Evolucion-Sectorial-Indicadores-Oct-2025.pdf,2-3,produccion_industrial_ivf_rama,1011,Matanza de ganado y otros animales (excepto aves). Conservación y preparación de carnes.,2023,anio,110.0,indice_2018_100
ciu,6_Evolucion-Sectorial-Indicadores-Oct-2025.pdf,2-3,produccion_industrial_ivf_rama,1011,Matanza de ganado y otros animales (excepto aves). Conservación y preparación de carnes.,2024,anio,108.0,indice_2018_100
ciu,6_Evolucion-Sectorial-Indicadores-Oct-2025.pdf,2-3,produccion_industrial_ivf_rama,1011,Matanza de ganado y otros animales (excepto aves). Conservación y preparación de carnes.,2025,ene_jul,112.0,indice_2018_100
ciu,6_Evolucion-Sectorial-Indicadores-Oct-2025.pdf,2-3,produccion_industrial_ivf_rama,1012,Elaboración de fiambres y chacinados.,2014,anio,89.0,indice_2018_100
ciu,6_Evolucion-Sectorial-Indicadores-Oct-2025.pdf,2-3,produccion_industrial_ivf_rama,1012,Elaboración de fiambres y chacinados.,2015,anio,89.0,indice_2018_100
ciu,6_Evolucion-Sectorial-Indicadores-Oct-2025.pdf,2-3,produccion_industrial_ivf_rama,1012,Elaboración de fiambres y chacinados.,2016,anio,96.0,indice_2018_100
ciu,6_Evolucion-Sectorial-Indicadores-Oct-2025.pdf,2-3,produccion_industrial_ivf_rama,1012,Elaboración de fiambres y chacinados.,2017,anio,99.0,indice_2018_100
ciu,6_Evolucion-Sectorial-Indicadores-Oct-2025.pdf,2-3,produccion_industrial_ivf_rama,1012,Elaboración de fiambres y chacinados.,2018,anio,100.0,indice_2018_100
ciu,6_Evolucion-Sectorial-Indicadores-Oct-2025.pdf,2-3,produccion_industrial_ivf_rama,1012,Elaboración de fiambres y chacinados.,2019,anio,100.0,indice_2018_100
ciu,6_Evolucion-Sectorial-Indicadores-Oct-2025.pdf,2-3,produccion_industrial_ivf_rama,1012,Elaboración de fiambres y chacinados.,2020,anio,108.0,indice_2018_100
ciu,6_Evolucion-Sectorial-Indicadores-Oct-2025.pdf,2-3,produccion_industrial_ivf_rama,1012,Elaboración de fiambres y chacinados.,2021,anio,115.0,indice_2018_100
ciu,6_Evolucion-Sectorial-Indicadores-Oct-2025.pdf,2-3,produccion_industrial_ivf_rama,1012,Elaboración de fiambres y chacinados.,2022,anio,115.0,indice_2018_100
ciu,6_Evolucion-Sectorial-Indicadores-Oct-2025.pdf,2-3,produccion_industrial_ivf_rama,1012,Elaboración de fiambres y chacinados.,2023,anio,113.0,indice_2018_100
ciu,6_Evolucion-Sectorial-Indicadores-Oct-2025.pdf,2-3,produccion_industrial_ivf_rama,1012,Elaboración de fiambres y chacinados.,2024,anio,117.0,indice_2018_100
ciu,6_Evolucion-Sectorial-Indicadores-Oct-2025.pdf,2-3,produccion_industrial_ivf_rama,1012,Elaboración de fiambres y chacinados.,2025,ene_jul,114.0,indice_2018_100
ciu,6_Evolucion-Sectorial-Indicadores-Oct-2025.pdf,2-3,produccion_industrial_ivf_rama,1013,"Matanza, preparación y conservación de pollos y gallinas.",2014,anio,82.0,indice_2018_100
ciu,6_Evolucion-Sectorial-Indicadores-Oct-2025.pdf,2-3,produccion_industrial_ivf_rama,1013,"Matanza, preparación y conservación de pollos y gallinas.",2015,anio,82.0,indice_2018_100
ciu,6_Evolucion-Sectorial-Indicadores-Oct-2025.pdf,2-3,produccion_industrial_ivf_rama,1013,"Matanza, preparación y conservación de pollos y gallinas.",2016,anio,88.0,indice_2018_100
ciu,6_Evolucion-Sectorial-Indicadores-Oct-2025.pdf,2-3,produccion_industrial_ivf_rama,1013,"Matanza, preparación y conservación de pollos y gallinas.",2017,anio,91.0,indice_2018_100
ciu,6_Evolucion-Sectorial-Indicadores-Oct-2025.pdf,2-3,produccion_industrial_ivf_rama,1013,"Matanza, preparación y conservación de pollos y gallinas.",2018,anio,100.0,indice_2018_100
ciu,6_Evolucion-Sectorial-Indicadores-Oct-2025.pdf,2-3,produccion_industrial_ivf_rama,1013,"Matanza, preparación y conservación de pollos y gallinas.",2019,anio,95.0,indice_2018_100
ciu,6_Evolucion-Sectorial-Indicadores-Oct-2025.pdf,2-3,produccion_industrial_ivf_rama,1013,"Matanza, preparación y conservación de pollos y gallinas.",2020,anio,100.0,indice_2018_100
ciu,6_Evolucion-Sectorial-Indicadores-Oct-2025.pdf,2-3,produccion_industrial_ivf_rama,1013,"Matanza, preparación y conservación de pollos y gallinas.",2021,anio,118.0,indice_2018_100
ciu,6_Evolucion-Sectorial-Indicadores-Oct-2025.pdf,2-3,produccion_industrial_ivf_rama,1013,"Matanza, preparación y conservación de pollos y gallinas.",2022,anio,126.0,indice_2018_100
ciu,6_Evolucion-Sectorial-Indicadores-Oct-2025.pdf,2-3,produccion_industrial_ivf_rama,1013,"Matanza, preparación y conservación de pollos y gallinas.",2023,anio,130.0,indice_2018_100
ciu,6_Evolucion-Sectorial-Indicadores-Oct-2025.pdf,2-3,produccion_industrial_ivf_rama,1013,"Matanza, preparación y conservación de pollos y gallinas.",2024,anio,146.0,indice_2018_100
ciu,6_Evolucion-Sectorial-Indicadores-Oct-2025.pdf,2-3,produccion_industrial_ivf_rama,1013,"Matanza, preparación y conservación de pollos y gallinas.",2025,ene_jul,150.0,indice_2018_100
ciu,6_Evolucion-Sectorial-Indicadores-Oct-2025.pdf,2-3,produccion_industrial_ivf_rama,1020,"Procesamiento y conservación de pescados, crustáceos y moluscos.",2014,anio,212.0,indice_2018_100
ciu,6_Evolucion-Sectorial-Indicadores-Oct-2025.pdf,2-3,produccion_industrial_ivf_rama,1020,"Procesamiento y conservación de pescados, crustáceos y moluscos.",2015,anio,134.0,indice_2018_100
ciu,6_Evolucion-Sectorial-Indicadores-Oct-2025.pdf,2-3,produccion_industrial_ivf_rama,1020,"Procesamiento y conservación de pescados, crustáceos y moluscos.",2016,anio,88.0,indice_2018_100
ciu,6_Evolucion-Sectorial-Indicadores-Oct-2025.pdf,2-3,produccion_industrial_ivf_rama,1020,"Procesamiento y conservación de pescados, crustáceos y moluscos.",2017,anio,107.0,indice_2018_100
ciu,6_Evolucion-Sectorial-Indicadores-Oct-2025.pdf,2-3,produccion_industrial_ivf_rama,1020,"Procesamiento y conservación de pescados, crustáceos y moluscos.",2018,anio,100.0,indice_2018_100
ciu,6_Evolucion-Sectorial-Indicadores-Oct-2025.pdf,2-3,produccion_industrial_ivf_rama,1020,"Procesamiento y conservación de pescados, crustáceos y moluscos.",2019,anio,98.0,indice_2018_100
ciu,6_Evolucion-Sectorial-Indicadores-Oct-2025.pdf,2-3,produccion_industrial_ivf_rama,1020,"Procesamiento y conservación de pescados, crustáceos y moluscos.",2020,anio,99.0,indice_2018_100
ciu,6_Evolucion-Sectorial-Indicadores-Oct-2025.pdf,2-3,produccion_industrial_ivf_rama,1020,"Procesamiento y conservación de pescados, crustáceos y moluscos.",2021,anio,100.0,indice_2018_100
ciu,6_Evolucion-Sectorial-Indicadores-Oct-2025.pdf,2-3,produccion_industrial_ivf_rama,1020,"Procesamiento y conservación de pescados, crustáceos y moluscos.",2022,anio,109.0,indice_2018_100
ciu,6_Evolucion-Sectorial-Indicadores-Oct-2025.pdf,2-3,produccion_industrial_ivf_rama,1020,"Procesamiento y conservación de pescados, crustáceos y moluscos.",2023,anio,114.0,indice_2018_100
ciu,6_Evolucion-Sectorial-Indicadores-Oct-2025.pdf,2-3,produccion_industrial_ivf_rama,1020,"Procesamiento y conservación de pescados, crustáceos y moluscos.",2024,anio,79.0,indice_2018_100
ciu,6_Evolucion-Sectorial-Indicadores-Oct-2025.pdf,2-3,produccion_industrial_ivf_rama,1020,"Procesamiento y conservación de pescados, crustáceos y moluscos.",2025,ene_jul,86.0,indice_2018_100
ciu,6_Evolucion-Sectorial-Indicadores-Oct-2025.pdf,2-3,produccion_industrial_ivf_rama,1030,Procesamiento y conservación de frutas y vegetales.,2014,anio,117.0,indice_2018_100
ciu,6_Evolucion-Sectorial-Indicadores-Oct-2025.pdf,2-3,produccion_industrial_ivf_rama,1030,Procesamiento y conservación de frutas y vegetales.,2015,anio,112.0,indice_2018_100
ciu,6_Evolucion-Sectorial-Indicadores-Oct-2025.pdf,2-3,produccion_industrial_ivf_rama,1030,Procesamiento y conservación de frutas y vegetales.,2016,anio,115.0,indice_2018_100
ciu,6_Evolucion-Sectorial-Indicadores-Oct-2025.pdf,2-3,produccion_industrial_ivf_rama,1030,Procesamiento y conservación de frutas y vegetales.,2017,anio,116.0,indice_2018_100
ciu,6_Evolucion-Sectorial-Indicadores-Oct-2025.pdf,2-3,produccion_industrial_ivf_rama,1030,Procesamiento y conservación de frutas y vegetales.,2018,anio,100.0,indice_2018_100
ciu,6_Evolucion-Sectorial-Indicadores-Oct-2025.pdf,2-3,produccion_industrial_ivf_rama,1030,Procesamiento y conservación de frutas y vegetales.,2019,anio,98.0,indice_2018_100
ciu,6_Evolucion-Sectorial-Indicadores-Oct-2025.pdf,2-3,produccion_industrial_ivf_rama,1030,Procesamiento y conservación de frutas y vegetales.,2020,anio,103.0,indice_2018_100
ciu,6_Evolucion-Sectorial-Indicadores-Oct-2025.pdf,2-3,produccion_industrial_ivf_rama,1030,Procesamiento y conservación de frutas y vegetales.,2021,anio,104.0,indice_2018_100
ciu,6_Evolucion-Sectorial-Indicadores-Oct-2025.pdf,2-3,produccion_industrial_ivf_rama,1030,Procesamiento y conservación de frutas y vegetales.,2022,anio,102.0,indice_2018_100
ciu,6_Evolucion-Sectorial-Indicadores-Oct-2025.pdf,2-3,produccion_industrial_ivf_rama,1030,Procesamiento y conservación de frutas y vegetales.,2023,anio,104.0,indice_2018_100
ciu,6_Evolucion-Sectorial-Indicadores-Oct-2025.pdf,2-3,produccion_industrial_ivf_rama,1030,Procesamiento y conservación de frutas y vegetales.,2024,anio,111.0,indice_2018_100
ciu,6_Evolucion-Sectorial-Indicadores-Oct-2025.pdf,2-3,produccion_industrial_ivf_rama,1030,Procesamiento y conservación de frutas y vegetales.,2025,ene_jul,98.0,indice_2018_100
ciu,6_Evolucion-Sectorial-Indicadores-Oct-2025.pdf,2-3,produccion_industrial_ivf_rama,1040,Elaboración de aceites y grasas de origen vegetal y animal.,2014,anio,80.0,indice_2018_100
ciu,6_Evolucion-Sectorial-Indicadores-Oct-2025.pdf,2-3,produccion_industrial_ivf_rama,1040,Elaboración de aceites y grasas de origen vegetal y animal.,2015,anio,91.0,indice_2018_100
ciu,6_Evolucion-Sectorial-Indicadores-Oct-2025.pdf,2-3,produccion_industrial_ivf_rama,1040,Elaboración de aceites y grasas de origen vegetal y animal.,2016,anio,93.0,indice_2018_100
ciu,6_Evolucion-Sectorial-Indicadores-Oct-2025.pdf,2-3,produccion_industrial_ivf_rama,1040,Elaboración de aceites y grasas de origen vegetal y animal.,2017,anio,112.0,indice_2018_100
ciu,6_Evolucion-Sectorial-Indicadores-Oct-2025.pdf,2-3,produccion_industrial_ivf_rama,1040,Elaboración de aceites y grasas de origen vegetal y animal.,2018,anio,100.0,indice_2018_100
ciu,6_Evolucion-Sectorial-Indicadores-Oct-2025.pdf,2-3,produccion_industrial_ivf_rama,1040,Elaboración de aceites y grasas de origen vegetal y animal.,2019,anio,87.0,indice_2018_100
ciu,6_Evolucion-Sectorial-Indicadores-Oct-2025.pdf,2-3,produccion_industrial_ivf_rama,1040,Elaboración de aceites y grasas de origen vegetal y animal.,2020,anio,88.0,indice_2018_100
ciu,6_Evolucion-Sectorial-Indicadores-Oct-2025.pdf,2-3,produccion_industrial_ivf_rama,1040,Elaboración de aceites y grasas de origen vegetal y animal.,2021,anio,121.0,indice_2018_100
ciu,6_Evolucion-Sectorial-Indicadores-Oct-2025.pdf,2-3,produccion_industrial_ivf_rama,1040,Elaboración de aceites y grasas de origen vegetal y animal.,2022,anio,157.0,indice_2018_100
ciu,6_Evolucion-Sectorial-Indicadores-Oct-2025.pdf,2-3,produccion_industrial_ivf_rama,1040,Elaboración de aceites y grasas de origen vegetal y animal.,2023,anio,140.0,indice_2018_100
ciu,6_Evolucion-Sectorial-Indicadores-Oct-2025.pdf,2-3,produccion_industrial_ivf_rama,1040,Elaboración de aceites y grasas de origen vegetal y animal.,2024,anio,138.0,indice_2018_100
ciu,6_Evolucion-Sectorial-Indicadores-Oct-2025.pdf,2-3,produccion_industrial_ivf_rama,1040,Elaboración de aceites y grasas de origen vegetal y animal.,2025,ene_jul,142.0,indice_2018_100
ciu,6_Evolucion-Sectorial-Indicadores-Oct-2025.pdf,2-3,produccion_industrial_ivf_rama,1050,Elaboración de productos lácteos.,2014,anio,107.0,indice_2018_100
ciu,6_Evolucion-Sectorial-Indicadores-Oct-2025.pdf,2-3,produccion_industrial_ivf_rama,1050,Elaboración de productos lácteos.,2015,anio,103.0,indice_2018_100
ciu,6_Evolucion-Sectorial-Indicadores-Oct-2025.pdf,2-3,produccion_industrial_ivf_rama,1050,Elaboración de productos lácteos.,2016,anio,100.0,indice_2018_100
ciu,6_Evolucion-Sectorial-Indicadores-Oct-2025.pdf,2-3,produccion_industrial_ivf_rama,1050,Elaboración de productos lácteos.,2017,anio,106.0,indice_2018_100
ciu,6_Evolucion-Sectorial-Indicadores-Oct-2025.pdf,2-3,produccion_industrial_ivf_rama,1050,Elaboración de productos lácteos.,2018,anio,100.0,indice_2018_100
ciu,6_Evolucion-Sectorial-Indicadores-Oct-2025.pdf,2-3,produccion_industrial_ivf_rama,1050,Elaboración de productos lácteos.,2019,anio,94.0,indice_2018_100
ciu,6_Evolucion-Sectorial-Indicadores-Oct-2025.pdf,2-3,produccion_industrial_ivf_rama,1050,Elaboración de productos lácteos.,2020,anio,98.0,indice_2018_100
ciu,6_Evolucion-Sectorial-Indicadores-Oct-2025.pdf,2-3,produccion_industrial_ivf_rama,1050,Elaboración de productos lácteos.,2021,anio,102.0,indice_2018_100
ciu,6_Evolucion-Sectorial-Indicadores-Oct-2025.pdf,2-3,produccion_industrial_ivf_rama,1050,Elaboración de productos lácteos.,2022,anio,101.0,indice_2018_100
ciu,6_Evolucion-Sectorial-Indicadores-Oct-2025.pdf,2-3,produccion_industrial_ivf_rama,1050,Elaboración de productos lácteos.,2023,anio,103.0,indice_2018_100
ciu,6_Evolucion-Sectorial-Indicadores-Oct-2025.pdf,2-3,produccion_industrial_ivf_rama,1050,Elaboración de productos lácteos.,2024,anio,102.0,indice_2018_100
ciu,6_Evolucion-Sectorial-Indicadores-Oct-2025.pdf,2-3,produccion_industrial_ivf_rama,1050,Elaboración de productos lácteos.,2025,ene_jul,103.0,indice_2018_100
ciu,6_Evolucion-Sectorial-Indicadores-Oct-2025.pdf,2-3,produccion_industrial_ivf_rama,106A,Elaboración de harina de trigo y otros productos de molinería de trigo y cereales (excepto arroz).,2014,anio,106.0,indice_2018_100
ciu,6_Evolucion-Sectorial-Indicadores-Oct-2025.pdf,2-3,produccion_industrial_ivf_rama,106A,Elaboración de harina de trigo y otros productos de molinería de trigo y cereales (excepto arroz).,2015,anio,101.0,indice_2018_100
ciu,6_Evolucion-Sectorial-Indicadores-Oct-2025.pdf,2-3,produccion_industrial_ivf_rama,106A,Elaboración de harina de trigo y otros productos de molinería de trigo y cereales (excepto arroz).,2016,anio,107.0,indice_2018_100
ciu,6_Evolucion-Sectorial-Indicadores-Oct-2025.pdf,2-3,produccion_industrial_ivf_rama,106A,Elaboración de harina de trigo y otros productos de molinería de trigo y cereales (excepto arroz).,2017,anio,111.0,indice_2018_100
ciu,6_Evolucion-Sectorial-Indicadores-Oct-2025.pdf,2-3,produccion_industrial_ivf_rama,106A,Elaboración de harina de trigo y otros productos de molinería de trigo y cereales (excepto arroz).,2018,anio,100.0,indice_2018_100
ciu,6_Evolucion-Sectorial-Indicadores-Oct-2025.pdf,2-3,produccion_industrial_ivf_rama,106A,Elaboración de harina de trigo y otros productos de molinería de trigo y cereales (excepto arroz).,2019,anio,99.0,indice_2018_100
ciu,6_Evolucion-Sectorial-Indicadores-Oct-2025.pdf,2-3,produccion_industrial_ivf_rama,106A,Elaboración de harina de trigo y otros productos de molinería de trigo y cereales (excepto arroz).,2020,anio,100.0,indice_2018_100
ciu,6_Evolucion-Sectorial-Indicadores-Oct-2025.pdf,2-3,produccion_industrial_ivf_rama,106A,Elaboración de harina de trigo y otros productos de molinería de trigo y cereales (excepto arroz).,2021,anio,95.0,indice_2018_100
ciu,6_Evolucion-Sectorial-Indicadores-Oct-2025.pdf,2-3,produccion_industrial_ivf_rama,106A,Elaboración de harina de trigo y otros productos de molinería de trigo y cereales (excepto arroz).,2022,anio,93.0,indice_2018_100
ciu,6_Evolucion-Sectorial-Indicadores-Oct-2025.pdf,2-3,produccion_industrial_ivf_rama,106A,Elaboración de harina de trigo y otros productos de molinería de trigo y cereales (excepto arroz).,2023,anio,92.0,indice_2018_100
ciu,6_Evolucion-Sectorial-Indicadores-Oct-2025.pdf,2-3,produccion_industrial_ivf_rama,106A,Elaboración de harina de trigo y otros productos de molinería de trigo y cereales (excepto arroz).,2024,anio,98.0,indice_2018_100
ciu,6_Evolucion-Sectorial-Indicadores-Oct-2025.pdf,2-3,produccion_industrial_ivf_rama,106A,Elaboración de harina de trigo y otros productos de molinería de trigo y cereales (excepto arroz).,2025,ene_jul,96.0,indice_2018_100
ciu,6_Evolucion-Sectorial-Indicadores-Oct-2025.pdf,2-3,produccion_industrial_ivf_rama,106B,Elaboración de productos de molinería de arroz.,2014,anio,111.0,indice_2018_100
ciu,6_Evolucion-Sectorial-Indicadores-Oct-2025.pdf,2-3,produccion_industrial_ivf_rama,106B,Elaboración de productos de molinería de arroz.,2015,anio,94.0,indice_2018_100
ciu,6_Evolucion-Sectorial-Indicadores-Oct-2025.pdf,2-3,produccion_industrial_ivf_rama,106B,Elaboración de productos de molinería de arroz.,2016,anio,114.0,indice_2018_100
ciu,6_Evolucion-Sectorial-Indicadores-Oct-2025.pdf,2-3,produccion_industrial_ivf_rama,106B,Elaboración de productos de molinería de arroz.,2017,anio,118.0,indice_2018_100
ciu,6_Evolucion-Sectorial-Indicadores-Oct-2025.pdf,2-3,produccion_industrial_ivf_rama,106B,Elaboración de productos de molinería de arroz.,2018,anio,100.0,indice_2018_100
ciu,6_Evolucion-Sectorial-Indicadores-Oct-2025.pdf,2-3,produccion_industrial_ivf_rama,106B,Elaboración de productos de molinería de arroz.,2019,anio,94.0,indice_2018_100
ciu,6_Evolucion-Sectorial-Indicadores-Oct-2025.pdf,2-3,produccion_industrial_ivf_rama,106B,Elaboración de productos de molinería de arroz.,2020,anio,91.0,indice_2018_100
ciu,6_Evolucion-Sectorial-Indicadores-Oct-2025.pdf,2-3,produccion_industrial_ivf_rama,106B,Elaboración de productos de molinería de arroz.,2021,anio,79.0,indice_2018_100
ciu,6_Evolucion-Sectorial-Indicadores-Oct-2025.pdf,2-3,produccion_industrial_ivf_rama,106B,Elaboración de productos de molinería de arroz.,2022,anio,98.0,indice_2018_100
ciu,6_Evolucion-Sectorial-Indicadores-Oct-2025.pdf,2-3,produccion_industrial_ivf_rama,106B,Elaboración de productos de molinería de arroz.,2023,anio,111.0,indice_2018_100
ciu,6_Evolucion-Sectorial-Indicadores-Oct-2025.pdf,2-3,produccion_industrial_ivf_rama,106B,Elaboración de productos de molinería de arroz.,2024,anio,103.0,indice_2018_100
ciu,6_Evolucion-Sectorial-Indicadores-Oct-2025.pdf,2-3,produccion_industrial_ivf_rama,106B,Elaboración de productos de molinería de arroz.,2025,ene_jul,88.0,indice_2018_100
ciu,6_Evolucion-Sectorial-Indicadores-Oct-2025.pdf,2-3,produccion_industrial_ivf_rama,1071,Elaboración de productos de panadería.,2014,anio,117.0,indice_2018_100
ciu,6_Evolucion-Sectorial-Indicadores-Oct-2025.pdf,2-3,produccion_industrial_ivf_rama,1071,Elaboración de productos de panadería.,2015,anio,117.0,indice_2018_100
ciu,6_Evolucion-Sectorial-Indicadores-Oct-2025.pdf,2-3,produccion_industrial_ivf_rama,1071,Elaboración de productos de panadería.,2016,anio,115.0,indice_2018_100
ciu,6_Evolucion-Sectorial-Indicadores-Oct-2025.pdf,2-3,produccion_industrial_ivf_rama,1071,Elaboración de productos de panadería.,2017,anio,111.0,indice_2018_100
ciu,6_Evolucion-Sectorial-Indicadores-Oct-2025.pdf,2-3,produccion_industrial_ivf_rama,1071,Elaboración de productos de panadería.,2018,anio,100.0,indice_2018_100
ciu,6_Evolucion-Sectorial-Indicadores-Oct-2025.pdf,2-3,produccion_industrial_ivf_rama,1071,Elaboración de productos de panadería.,2019,anio,102.0,indice_2018_100
ciu,6_Evolucion-Sectorial-Indicadores-Oct-2025.pdf,2-3,produccion_industrial_ivf_rama,1071,Elaboración de productos de panadería.,2020,anio,87.0,indice_2018_100
ciu,6_Evolucion-Sectorial-Indicadores-Oct-2025.pdf,2-3,produccion_industrial_ivf_rama,1071,Elaboración de productos de panadería.,2021,anio,94.0,indice_2018_100
ciu,6_Evolucion-Sectorial-Indicadores-Oct-2025.pdf,2-3,produccion_industrial_ivf_rama,1071,Elaboración de productos de panadería.,2022,anio,101.0,indice_2018_100
ciu,6_Evolucion-Sectorial-Indicadores-Oct-2025.pdf,2-3,produccion_industrial_ivf_rama,1071,Elaboración de productos de panadería.,2023,anio,102.0,indice_2018_100
ciu,6_Evolucion-Sectorial-Indicadores-Oct-2025.pdf,2-3,produccion_industrial_ivf_rama,1071,Elaboración de productos de panadería.,2024,anio,103.0,indice_2018_100
ciu,6_Evolucion-Sectorial-Indicadores-Oct-2025.pdf,2-3,produccion_industrial_ivf_rama,1071,Elaboración de productos de panadería.,2025,ene_jul,95.0,indice_2018_100
ciu,6_Evolucion-Sectorial-Indicadores-Oct-2025.pdf,2-3,produccion_industrial_ivf_rama,107A,"Elaboración de azúcar, cacao, chocolate y confites.",2014,anio,187.0,indice_2018_100
ciu,6_Evolucion-Sectorial-Indicadores-Oct-2025.pdf,2-3,produccion_industrial_ivf_rama,107A,"Elaboración de azúcar, cacao, chocolate y confites.",2015,anio,145.0,indice_2018_100
ciu,6_Evolucion-Sectorial-Indicadores-Oct-2025.pdf,2-3,produccion_industrial_ivf_rama,107A,"Elaboración de azúcar, cacao, chocolate y confites.",2016,anio,151.0,indice_2018_100
ciu,6_Evolucion-Sectorial-Indicadores-Oct-2025.pdf,2-3,produccion_industrial_ivf_rama,107A,"Elaboración de azúcar, cacao, chocolate y confites.",2017,anio,197.0,indice_2018_100
ciu,6_Evolucion-Sectorial-Indicadores-Oct-2025.pdf,2-3,produccion_industrial_ivf_rama,107A,"Elaboración de azúcar, cacao, chocolate y confites.",2018,anio,100.0,indice_2018_100
ciu,6_Evolucion-Sectorial-Indicadores-Oct-2025.pdf,2-3,produccion_industrial_ivf_rama,107A,"Elaboración de azúcar, cacao, chocolate y confites.",2019,anio,121.0,indice_2018_100
ciu,6_Evolucion-Sectorial-Indicadores-Oct-2025.pdf,2-3,produccion_industrial_ivf_rama,107A,"Elaboración de azúcar, cacao, chocolate y confites.",2020,anio,152.0,indice_2018_100
ciu,6_Evolucion-Sectorial-Indicadores-Oct-2025.pdf,2-3,produccion_industrial_ivf_rama,107A,"Elaboración de azúcar, cacao, chocolate y confites.",2021,anio,164.0,indice_2018_100
ciu,6_Evolucion-Sectorial-Indicadores-Oct-2025.pdf,2-3,produccion_industrial_ivf_rama,107A,"Elaboración de azúcar, cacao, chocolate y confites.",2022,anio,188.0,indice_2018_100
ciu,6_Evolucion-Sectorial-Indicadores-Oct-2025.pdf,2-3,produccion_industrial_ivf_rama,107A,"Elaboración de azúcar, cacao, chocolate y confites.",2023,anio,176.0,indice_2018_100
ciu,6_Evolucion-Sectorial-Indicadores-Oct-2025.pdf,2-3,produccion_industrial_ivf_rama,107A,"Elaboración de azúcar, cacao, chocolate y confites.",2024,anio,183.0,indice_2018_100
ciu,6_Evolucion-Sectorial-Indicadores-Oct-2025.pdf,2-3,produccion_industrial_ivf_rama,107A,"Elaboración de azúcar, cacao, chocolate y confites.",2025,ene_jul,220.0,indice_2018_100
ciu,6_Evolucion-Sectorial-Indicadores-Oct-2025.pdf,2-3,produccion_industrial_ivf_rama,1074,Elaboración de pastas.,2014,anio,128.0,indice_2018_100
ciu,6_Evolucion-Sectorial-Indicadores-Oct-2025.pdf,2-3,produccion_industrial_ivf_rama,1074,Elaboración de pastas.,2015,anio,123.0,indice_2018_100
ciu,6_Evolucion-Sectorial-Indicadores-Oct-2025.pdf,2-3,produccion_industrial_ivf_rama,1074,Elaboración de pastas.,2016,anio,121.0,indice_2018_100
ciu,6_Evolucion-Sectorial-Indicadores-Oct-2025.pdf,2-3,produccion_industrial_ivf_rama,1074,Elaboración de pastas.,2017,anio,112.0,indice_2018_100
ciu,6_Evolucion-Sectorial-Indicadores-Oct-2025.pdf,2-3,produccion_industrial_ivf_rama,1074,Elaboración de pastas.,2018,anio,100.0,indice_2018_100
ciu,6_Evolucion-Sectorial-Indicadores-Oct-2025.pdf,2-3,produccion_industrial_ivf_rama,1074,Elaboración de pastas.,2019,anio,103.0,indice_2018_100
ciu,6_Evolucion-Sectorial-Indicadores-Oct-2025.pdf,2-3,produccion_industrial_ivf_rama,1074,Elaboración de pastas.,2020,anio,104.0,indice_2018_100
ciu,6_Evolucion-Sectorial-Indicadores-Oct-2025.pdf,2-3,produccion_industrial_ivf_rama,1074,Elaboración de pastas.,2021,anio,98.0,indice_2018_100
ciu,6_Evolucion-Sectorial-Indicadores-Oct-2025.pdf,2-3,produccion_industrial_ivf_rama,1074,Elaboración de pastas.,2022,anio,95.0,indice_2018_100
ciu,6_Evolucion-Sectorial-Indicadores-Oct-2025.pdf,2-3,produccion_industrial_ivf_rama,1074,Elaboración de pastas.,2023,anio,96.0,indice_2018_100
ciu,6_Evolucion-Sectorial-Indicadores-Oct-2025.pdf,2-3,produccion_industrial_ivf_rama,1074,Elaboración de pastas.,2024,anio,99.0,indice_2018_100
ciu,6_Evolucion-Sectorial-Indicadores-Oct-2025.pdf,2-3,produccion_industrial_ivf_rama,1074,Elaboración de pastas.,2025,ene_jul,96.0,indice_2018_100
ciu,6_Evolucion-Sectorial-Indicadores-Oct-2025.pdf,2-3,produccion_industrial_ivf_rama,107B,"Elaboración de comidas, platos preparado y otros productos alimenticios.",2014,anio,127.0,indice_2018_100
ciu,6_Evolucion-Sectorial-Indicadores-Oct-2025.pdf,2-3,produccion_industrial_ivf_rama,107B,"Elaboración de comidas, platos preparado y otros productos alimenticios.",2015,anio,152.0,indice_2018_100
ciu,6_Evolucion-Sectorial-Indicadores-Oct-2025.pdf,2-3,produccion_industrial_ivf_rama,107B,"Elaboración de comidas, platos preparado y otros productos alimenticios.",2016,anio,142.0,indice_2018_100
ciu,6_Evolucion-Sectorial-Indicadores-Oct-2025.pdf,2-3,produccion_industrial_ivf_rama,107B,"Elaboración de comidas, platos preparado y otros productos alimenticios.",2017,anio,127.0,indice_2018_100
ciu,6_Evolucion-Sectorial-Indicadores-Oct-2025.pdf,2-3,produccion_industrial_ivf_rama,107B,"Elaboración de comidas, platos preparado y otros productos alimenticios.",2018,anio,100.0,indice_2018_100
ciu,6_Evolucion-Sectorial-Indicadores-Oct-2025.pdf,2-3,produccion_industrial_ivf_rama,107B,"Elaboración de comidas, platos preparado y otros productos alimenticios.",2019,anio,102.0,indice_2018_100
ciu,6_Evolucion-Sectorial-Indicadores-Oct-2025.pdf,2-3,produccion_industrial_ivf_rama,107B,"Elaboración de comidas, platos preparado y otros productos alimenticios.",2020,anio,98.0,indice_2018_100
ciu,6_Evolucion-Sectorial-Indicadores-Oct-2025.pdf,2-3,produccion_industrial_ivf_rama,107B,"Elaboración de comidas, platos preparado y otros productos alimenticios.",2021,anio,118.0,indice_2018_100
ciu,6_Evolucion-Sectorial-Indicadores-Oct-2025.pdf,2-3,produccion_industrial_ivf_rama,107B,"Elaboración de comidas, platos preparado y otros productos alimenticios.",2022,anio,143.0,indice_2018_100
ciu,6_Evolucion-Sectorial-Indicadores-Oct-2025.pdf,2-3,produccion_industrial_ivf_rama,107B,"Elaboración de comidas, platos preparado y otros productos alimenticios.",2023,anio,161.0,indice_2018_100
ciu,6_Evolucion-Sectorial-Indicadores-Oct-2025.pdf,2-3,produccion_industrial_ivf_rama,107B,"Elaboración de comidas, platos preparado y otros productos alimenticios.",2024,anio,173.0,indice_2018_100
ciu,6_Evolucion-Sectorial-Indicadores-Oct-2025.pdf,2-3,produccion_industrial_ivf_rama,107B,"Elaboración de comidas, platos preparado y otros productos alimenticios.",2025,ene_jul,170.0,indice_2018_100
ciu,6_Evolucion-Sectorial-Indicadores-Oct-2025.pdf,2-3,produccion_industrial_ivf_rama,1080,Elaboración de alimentos preparados para animales.,2014,anio,80.0,indice_2018_100
ciu,6_Evolucion-Sectorial-Indicadores-Oct-2025.pdf,2-3,produccion_industrial_ivf_rama,1080,Elaboración de alimentos preparados para animales.,2015,anio,172.0,indice_2018_100
ciu,6_Evolucion-Sectorial-Indicadores-Oct-2025.pdf,2-3,produccion_industrial_ivf_rama,1080,Elaboración de alimentos preparados para animales.,2016,anio,158.0,indice_2018_100
ciu,6_Evolucion-Sectorial-Indicadores-Oct-2025.pdf,2-3,produccion_industrial_ivf_rama,1080,Elaboración de alimentos preparados para animales.,2017,anio,152.0,indice_2018_100
ciu,6_Evolucion-Sectorial-Indicadores-Oct-2025.pdf,2-3,produccion_industrial_ivf_rama,1080,Elaboración de alimentos preparados para animales.,2018,anio,100.0,indice_2018_100
ciu,6_Evolucion-Sectorial-Indicadores-Oct-2025.pdf,2-3,produccion_industrial_ivf_rama,1080,Elaboración de alimentos preparados para animales.,2019,anio,89.0,indice_2018_100
ciu,6_Evolucion-Sectorial-Indicadores-Oct-2025.pdf,2-3,produccion_industrial_ivf_rama,1080,Elaboración de alimentos preparados para animales.,2020,anio,89.0,indice_2018_100
ciu,6_Evolucion-Sectorial-Indicadores-Oct-2025.pdf,2-3,produccion_industrial_ivf_rama,1080,Elaboración de alimentos preparados para animales.,2021,anio,94.0,indice_2018_100
ciu,6_Evolucion-Sectorial-Indicadores-Oct-2025.pdf,2-3,produccion_industrial_ivf_rama,1080,Elaboración de alimentos preparados para animales.,2022,anio,96.0,indice_2018_100
ciu,6_Evolucion-Sectorial-Indicadores-Oct-2025.pdf,2-3,produccion_industrial_ivf_rama,1080,Elaboración de alimentos preparados para animales.,2023,anio,99.0,indice_2018_100
ciu,6_Evolucion-Sectorial-Indicadores-Oct-2025.pdf,2-3,produccion_industrial_ivf_rama,1080,Elaboración de alimentos preparados para animales.,2024,anio,97.0,indice_2018_100
ciu,6_Evolucion-Sectorial-Indicadores-Oct-2025.pdf,2-3,produccion_industrial_ivf_rama,1080,Elaboración de alimentos preparados para animales.,2025,ene_jul,104.0,indice_2018_100
ciu,6_Evolucion-Sectorial-Indicadores-Oct-2025.pdf,2-3,produccion_industrial_ivf_rama,110A,"Destilación, rectificación y mezcla de bebidas alcohólicas.",2014,anio,122.0,indice_2018_100
ciu,6_Evolucion-Sectorial-Indicadores-Oct-2025.pdf,2-3,produccion_industrial_ivf_rama,110A,"Destilación, rectificación y mezcla de bebidas alcohólicas.",2015,anio,115.0,indice_2018_100
ciu,6_Evolucion-Sectorial-Indicadores-Oct-2025.pdf,2-3,produccion_industrial_ivf_rama,110A,"Destilación, rectificación y mezcla de bebidas alcohólicas.",2016,anio,109.0,indice_2018_100
ciu,6_Evolucion-Sectorial-Indicadores-Oct-2025.pdf,2-3,produccion_industrial_ivf_rama,110A,"Destilación, rectificación y mezcla de bebidas alcohólicas.",2017,anio,107.0,indice_2018_100
ciu,6_Evolucion-Sectorial-Indicadores-Oct-2025.pdf,2-3,produccion_industrial_ivf_rama,110A,"Destilación, rectificación y mezcla de bebidas alcohólicas.",2018,anio,100.0,indice_2018_100
ciu,6_Evolucion-Sectorial-Indicadores-Oct-2025.pdf,2-3,produccion_industrial_ivf_rama,110A,"Destilación, rectificación y mezcla de bebidas alcohólicas.",2019,anio,91.0,indice_2018_100
ciu,6_Evolucion-Sectorial-Indicadores-Oct-2025.pdf,2-3,produccion_industrial_ivf_rama,110A,"Destilación, rectificación y mezcla de bebidas alcohólicas.",2020,anio,103.0,indice_2018_100
ciu,6_Evolucion-Sectorial-Indicadores-Oct-2025.pdf,2-3,produccion_industrial_ivf_rama,110A,"Destilación, rectificación y mezcla de bebidas alcohólicas.",2021,anio,79.0,indice_2018_100
ciu,6_Evolucion-Sectorial-Indicadores-Oct-2025.pdf,2-3,produccion_industrial_ivf_rama,110A,"Destilación, rectificación y mezcla de bebidas alcohólicas.",2022,anio,75.0,indice_2018_100
ciu,6_Evolucion-Sectorial-Indicadores-Oct-2025.pdf,2-3,produccion_industrial_ivf_rama,110A,"Destilación, rectificación y mezcla de bebidas alcohólicas.",2023,anio,71.0,indice_2018_100
ciu,6_Evolucion-Sectorial-Indicadores-Oct-2025.pdf,2-3,produccion_industrial_ivf_rama,110A,"Destilación, rectificación y mezcla de bebidas alcohólicas.",2024,anio,64.0,indice_2018_100
ciu,6_Evolucion-Sectorial-Indicadores-Oct-2025.pdf,2-3,produccion_industrial_ivf_rama,110A,"Destilación, rectificación y mezcla de bebidas alcohólicas.",2025,ene_jul,65.0,indice_2018_100
ciu,6_Evolucion-Sectorial-Indicadores-Oct-2025.pdf,2-3,produccion_industrial_ivf_rama,1103,Elaboración de bebidas malteadas y de malta.,2014,anio,98.0,indice_2018_100
ciu,6_Evolucion-Sectorial-Indicadores-Oct-2025.pdf,2-3,produccion_industrial_ivf_rama,1103,Elaboración de bebidas malteadas y de malta.,2015,anio,88.0,indice_2018_100
ciu,6_Evolucion-Sectorial-Indicadores-Oct-2025.pdf,2-3,produccion_industrial_ivf_rama,1103,Elaboración de bebidas malteadas y de malta.,2016,anio,90.0,indice_2018_100
ciu,6_Evolucion-Sectorial-Indicadores-Oct-2025.pdf,2-3,produccion_industrial_ivf_rama,1103,Elaboración de bebidas malteadas y de malta.,2017,anio,98.0,indice_2018_100
ciu,6_Evolucion-Sectorial-Indicadores-Oct-2025.pdf,2-3,produccion_industrial_ivf_rama,1103,Elaboración de bebidas malteadas y de malta.,2018,anio,100.0,indice_2018_100
ciu,6_Evolucion-Sectorial-Indicadores-Oct-2025.pdf,2-3,produccion_industrial_ivf_rama,1103,Elaboración de bebidas malteadas y de malta.,2019,anio,101.0,indice_2018_100
ciu,6_Evolucion-Sectorial-Indicadores-Oct-2025.pdf,2-3,produccion_industrial_ivf_rama,1103,Elaboración de bebidas malteadas y de malta.,2020,anio,93.0,indice_2018_100
ciu,6_Evolucion-Sectorial-Indicadores-Oct-2025.pdf,2-3,produccion_industrial_ivf_rama,1103,Elaboración de bebidas malteadas y de malta.,2021,anio,102.0,indice_2018_100
ciu,6_Evolucion-Sectorial-Indicadores-Oct-2025.pdf,2-3,produccion_industrial_ivf_rama,1103,Elaboración de bebidas malteadas y de malta.,2022,anio,101.0,indice_2018_100
ciu,6_Evolucion-Sectorial-Indicadores-Oct-2025.pdf,2-3,produccion_industrial_ivf_rama,1103,Elaboración de bebidas malteadas y de malta.,2023,anio,99.0,indice_2018_100
ciu,6_Evolucion-Sectorial-Indicadores-Oct-2025.pdf,2-3,produccion_industrial_ivf_rama,1103,Elaboración de bebidas malteadas y de malta.,2024,anio,93.0,indice_2018_100
ciu,6_Evolucion-Sectorial-Indicadores-Oct-2025.pdf,2-3,produccion_industrial_ivf_rama,1103,Elaboración de bebidas malteadas y de malta.,2025,ene_jul,86.0,indice_2018_100
ciu,6_Evolucion-Sectorial-Indicadores-Oct-2025.pdf,2-3,produccion_industrial_ivf_rama,1104,Elaboración de bebidas no alcohólicas.,2014,anio,112.0,indice_2018_100
ciu,6_Evolucion-Sectorial-Indicadores-Oct-2025.pdf,2-3,produccion_industrial_ivf_rama,1104,Elaboración de bebidas no alcohólicas.,2015,anio,111.0,indice_2018_100
ciu,6_Evolucion-Sectorial-Indicadores-Oct-2025.pdf,2-3,produccion_industrial_ivf_rama,1104,Elaboración de bebidas no alcohólicas.,2016,anio,109.0,indice_2018_100
ciu,6_Evolucion-Sectorial-Indicadores-Oct-2025.pdf,2-3,produccion_industrial_ivf_rama,1104,Elaboración de bebidas no alcohólicas.,2017,anio,113.0,indice_2018_100
ciu,6_Evolucion-Sectorial-Indicadores-Oct-2025.pdf,2-3,produccion_industrial_ivf_rama,1104,Elaboración de bebidas no alcohólicas.,2018,anio,100.0,indice_2018_100
ciu,6_Evolucion-Sectorial-Indicadores-Oct-2025.pdf,2-3,produccion_industrial_ivf_rama,1104,Elaboración de bebidas no alcohólicas.,2019,anio,101.0,indice_2018_100
ciu,6_Evolucion-Sectorial-Indicadores-Oct-2025.pdf,2-3,produccion_industrial_ivf_rama,1104,Elaboración de bebidas no alcohólicas.,2020,anio,89.0,indice_2018_100
ciu,6_Evolucion-Sectorial-Indicadores-Oct-2025.pdf,2-3,produccion_industrial_ivf_rama,1104,Elaboración de bebidas no alcohólicas.,2021,anio,89.0,indice_2018_100
ciu,6_Evolucion-Sectorial-Indicadores-Oct-2025.pdf,2-3,produccion_industrial_ivf_rama,1104,Elaboración de bebidas no alcohólicas.,2022,anio,97.0,indice_2018_100
ciu,6_Evolucion-Sectorial-Indicadores-Oct-2025.pdf,2-3,produccion_industrial_ivf_rama,1104,Elaboración de bebidas no alcohólicas.,2023,anio,103.0,indice_2018_100
ciu,6_Evolucion-Sectorial-Indicadores-Oct-2025.pdf,2-3,produccion_industrial_ivf_rama,1104,Elaboración de bebidas no alcohólicas.,2024,anio,99.0,indice_2018_100
ciu,6_Evolucion-Sectorial-Indicadores-Oct-2025.pdf,2-3,produccion_industrial_ivf_rama,1104,Elaboración de bebidas no alcohólicas.,2025,ene_jul,98.0,indice_2018_100
ciu,6_Evolucion-Sectorial-Indicadores-Oct-2025.pdf,2-3,produccion_industrial_ivf_rama,131A,"Hilandería, tejedura y acabados de productos textiles.",2014,anio,,indice_2018_100
ciu,6_Evolucion-Sectorial-Indicadores-Oct-2025.pdf,2-3,produccion_industrial_ivf_rama,131A,"Hilandería, tejedura y acabados de productos textiles.",2015,anio,,indice_2018_100
ciu,6_Evolucion-Sectorial-Indicadores-Oct-2025.pdf,2-3,produccion_industrial_ivf_rama,131A,"Hilandería, tejedura y acabados de productos textiles.",2016,anio,,indice_2018_100
ciu,6_Evolucion-Sectorial-Indicadores-Oct-2025.pdf,2-3,produccion_industrial_ivf_rama,131A,"Hilandería, tejedura y acabados de productos textiles.",2017,anio,,indice_2018_100
ciu,6_Evolucion-Sectorial-Indicadores-Oct-2025.pdf,2-3,produccion_industrial_ivf_rama,131A,"Hilandería, tejedura y acabados de productos textiles.",2018,anio,100.0,indice_2018_100
ciu,6_Evolucion-Sectorial-Indicadores-Oct-2025.pdf,2-3,produccion_industrial_ivf_rama,131A,"Hilandería, tejedura y acabados de productos textiles.",2019,anio,89.0,indice_2018_100
ciu,6_Evolucion-Sectorial-Indicadores-Oct-2025.pdf,2-3,produccion_industrial_ivf_rama,131A,"Hilandería, tejedura y acabados de productos textiles.",2020,anio,53.0,indice_2018_100
ciu,6_Evolucion-Sectorial-Indicadores-Oct-2025.pdf,2-3,produccion_industrial_ivf_rama,131A,"Hilandería, tejedura y acabados de productos textiles.",2021,anio,85.0,indice_2018_100
ciu,6_Evolucion-Sectorial-Indicadores-Oct-2025.pdf,2-3,produccion_industrial_ivf_rama,131A,"Hilandería, tejedura y acabados de productos textiles.",2022,anio,83.0,indice_2018_100
ciu,6_Evolucion-Sectorial-Indicadores-Oct-2025.pdf,2-3,produccion_industrial_ivf_rama,131A,"Hilandería, tejedura y acabados de productos textiles.",2023,anio,62.0,indice_2018_100
ciu,6_Evolucion-Sectorial-Indicadores-Oct-2025.pdf,2-3,produccion_industrial_ivf_rama,131A,"Hilandería, tejedura y acabados de productos textiles.",2024,anio,66.0,indice_2018_100
ciu,6_Evolucion-Sectorial-Indicadores-Oct-2025.pdf,2-3,produccion_industrial_ivf_rama,131A,"Hilandería, tejedura y acabados de productos textiles.",2025,ene_jul,71.0,indice_2018_100
ciu,6_Evolucion-Sectorial-Indicadores-Oct-2025.pdf,2-3,produccion_industrial_ivf_rama,139A,Fabricación de otros productos textiles.,2014,anio,131.0,indice_2018_100
ciu,6_Evolucion-Sectorial-Indicadores-Oct-2025.pdf,2-3,produccion_industrial_ivf_rama,139A,Fabricación de otros productos textiles.,2015,anio,116.0,indice_2018_100
ciu,6_Evolucion-Sectorial-Indicadores-Oct-2025.pdf,2-3,produccion_industrial_ivf_rama,139A,Fabricación de otros productos textiles.,2016,anio,112.0,indice_2018_100
ciu,6_Evolucion-Sectorial-Indicadores-Oct-2025.pdf,2-3,produccion_industrial_ivf_rama,139A,Fabricación de otros productos textiles.,2017,anio,118.0,indice_2018_100
ciu,6_Evolucion-Sectorial-Indicadores-Oct-2025.pdf,2-3,produccion_industrial_ivf_rama,139A,Fabricación de otros productos textiles.,2018,anio,100.0,indice_2018_100
ciu,6_Evolucion-Sectorial-Indicadores-Oct-2025.pdf,2-3,produccion_industrial_ivf_rama,139A,Fabricación de otros productos textiles.,2019,anio,111.0,indice_2018_100
ciu,6_Evolucion-Sectorial-Indicadores-Oct-2025.pdf,2-3,produccion_industrial_ivf_rama,139A,Fabricación de otros productos textiles.,2020,anio,89.0,indice_2018_100
ciu,6_Evolucion-Sectorial-Indicadores-Oct-2025.pdf,2-3,produccion_industrial_ivf_rama,139A,Fabricación de otros productos textiles.,2021,anio,93.0,indice_2018_100
ciu,6_Evolucion-Sectorial-Indicadores-Oct-2025.pdf,2-3,produccion_industrial_ivf_rama,139A,Fabricación de otros productos textiles.,2022,anio,80.0,indice_2018_100
ciu,6_Evolucion-Sectorial-Indicadores-Oct-2025.pdf,2-3,produccion_industrial_ivf_rama,139A,Fabricación de otros productos textiles.,2023,anio,78.0,indice_2018_100
ciu,6_Evolucion-Sectorial-Indicadores-Oct-2025.pdf,2-3,produccion_industrial_ivf_rama,139A,Fabricación de otros productos textiles.,2024,anio,73.0,indice_2018_100
ciu,6_Evolucion-Sectorial-Indicadores-Oct-2025.pdf,2-3,produccion_industrial_ivf_rama,139A,Fabricación de otros productos textiles.,2025,ene_jul,60.0,indice_2018_100
ciu,6_Evolucion-Sectorial-Indicadores-Oct-2025.pdf,2-3,produccion_industrial_ivf_rama,14AA,Fabricación de prendas de vestir.,2014,anio,237.0,indice_2018_100
ciu,6_Evolucion-Sectorial-Indicadores-Oct-2025.pdf,2-3,produccion_industrial_ivf_rama,14AA,Fabricación de prendas de vestir.,2015,anio,163.0,indice_2018_100
ciu,6_Evolucion-Sectorial-Indicadores-Oct-2025.pdf,2-3,produccion_industrial_ivf_rama,14AA,Fabricación de prendas de vestir.,2016,anio,130.0,indice_2018_100
ciu,6_Evolucion-Sectorial-Indicadores-Oct-2025.pdf,2-3,produccion_industrial_ivf_rama,14AA,Fabricación de prendas de vestir.,2017,anio,119.0,indice_2018_100
ciu,6_Evolucion-Sectorial-Indicadores-Oct-2025.pdf,2-3,produccion_industrial_ivf_rama,14AA,Fabricación de prendas de vestir.,2018,anio,100.0,indice_2018_100
ciu,6_Evolucion-Sectorial-Indicadores-Oct-2025.pdf,2-3,produccion_industrial_ivf_rama,14AA,Fabricación de prendas de vestir.,2019,anio,77.0,indice_2018_100
ciu,6_Evolucion-Sectorial-Indicadores-Oct-2025.pdf,2-3,produccion_industrial_ivf_rama,14AA,Fabricación de prendas de vestir.,2020,anio,64.0,indice_2018_100
ciu,6_Evolucion-Sectorial-Indicadores-Oct-2025.pdf,2-3,produccion_industrial_ivf_rama,14AA,Fabricación de prendas de vestir.,2021,anio,65.0,indice_2018_100
ciu,6_Evolucion-Sectorial-Indicadores-Oct-2025.pdf,2-3,produccion_industrial_ivf_rama,14AA,Fabricación de prendas de vestir.,2022,anio,76.0,indice_2018_100
ciu,6_Evolucion-Sectorial-Indicadores-Oct-2025.pdf,2-3,produccion_industrial_ivf_rama,14AA,Fabricación de prendas de vestir.,2023,anio,68.0,indice_2018_100
ciu,6_Evolucion-Sectorial-Indicadores-Oct-2025.pdf,2-3,produccion_industrial_ivf_rama,14AA,Fabricación de prendas de vestir.,2024,anio,71.0,indice_2018_100
ciu,6_Evolucion-Sectorial-Indicadores-Oct-2025.pdf,2-3,produccion_industrial_ivf_rama,14AA,Fabricación de prendas de vestir.,2025,ene_jul,61.0,indice_2018_100
ciu,6_Evolucion-Sectorial-Indicadores-Oct-2025.pdf,2-3,produccion_industrial_ivf_rama,15AA,Fabricación de cueros y productos conexos.,2014,anio,124.0,indice_2018_100
ciu,6_Evolucion-Sectorial-Indicadores-Oct-2025.pdf,2-3,produccion_industrial_ivf_rama,15AA,Fabricación de cueros y productos conexos.,2015,anio,106.0,indice_2018_100
ciu,6_Evolucion-Sectorial-Indicadores-Oct-2025.pdf,2-3,produccion_industrial_ivf_rama,15AA,Fabricación de cueros y productos conexos.,2016,anio,105.0,indice_2018_100
ciu,6_Evolucion-Sectorial-Indicadores-Oct-2025.pdf,2-3,produccion_industrial_ivf_rama,15AA,Fabricación de cueros y productos conexos.,2017,anio,101.0,indice_2018_100
ciu,6_Evolucion-Sectorial-Indicadores-Oct-2025.pdf,2-3,produccion_industrial_ivf_rama,15AA,Fabricación de cueros y productos conexos.,2018,anio,100.0,indice_2018_100
ciu,6_Evolucion-Sectorial-Indicadores-Oct-2025.pdf,2-3,produccion_industrial_ivf_rama,15AA,Fabricación de cueros y productos conexos.,2019,anio,88.0,indice_2018_100
ciu,6_Evolucion-Sectorial-Indicadores-Oct-2025.pdf,2-3,produccion_industrial_ivf_rama,15AA,Fabricación de cueros y productos conexos.,2020,anio,56.0,indice_2018_100
ciu,6_Evolucion-Sectorial-Indicadores-Oct-2025.pdf,2-3,produccion_industrial_ivf_rama,15AA,Fabricación de cueros y productos conexos.,2021,anio,68.0,indice_2018_100
ciu,6_Evolucion-Sectorial-Indicadores-Oct-2025.pdf,2-3,produccion_industrial_ivf_rama,15AA,Fabricación de cueros y productos conexos.,2022,anio,60.0,indice_2018_100
ciu,6_Evolucion-Sectorial-Indicadores-Oct-2025.pdf,2-3,produccion_industrial_ivf_rama,15AA,Fabricación de cueros y productos conexos.,2023,anio,49.0,indice_2018_100
ciu,6_Evolucion-Sectorial-Indicadores-Oct-2025.pdf,2-3,produccion_industrial_ivf_rama,15AA,Fabricación de cueros y productos conexos.,2024,anio,58.0,indice_2018_100
ciu,6_Evolucion-Sectorial-Indicadores-Oct-2025.pdf,2-3,produccion_industrial_ivf_rama,15AA,Fabricación de cueros y productos conexos.,2025,ene_jul,44.0,indice_2018_100
ciu,6_Evolucion-Sectorial-Indicadores-Oct-2025.pdf,2-3,produccion_industrial_ivf_rama,1610,Aserrado y acepilladura de madera.,2014,anio,88.0,indice_2018_100
ciu,6_Evolucion-Sectorial-Indicadores-Oct-2025.pdf,2-3,produccion_industrial_ivf_rama,1610,Aserrado y acepilladura de madera.,2015,anio,77.0,indice_2018_100
ciu,6_Evolucion-Sectorial-Indicadores-Oct-2025.pdf,2-3,produccion_industrial_ivf_rama,1610,Aserrado y acepilladura de madera.,2016,anio,77.0,indice_2018_100
ciu,6_Evolucion-Sectorial-Indicadores-Oct-2025.pdf,2-3,produccion_industrial_ivf_rama,1610,Aserrado y acepilladura de madera.,2017,anio,81.0,indice_2018_100
ciu,6_Evolucion-Sectorial-Indicadores-Oct-2025.pdf,2-3,produccion_industrial_ivf_rama,1610,Aserrado y acepilladura de madera.,2018,anio,100.0,indice_2018_100
ciu,6_Evolucion-Sectorial-Indicadores-Oct-2025.pdf,2-3,produccion_industrial_ivf_rama,1610,Aserrado y acepilladura de madera.,2019,anio,94.0,indice_2018_100
ciu,6_Evolucion-Sectorial-Indicadores-Oct-2025.pdf,2-3,produccion_industrial_ivf_rama,1610,Aserrado y acepilladura de madera.,2020,anio,71.0,indice_2018_100
ciu,6_Evolucion-Sectorial-Indicadores-Oct-2025.pdf,2-3,produccion_industrial_ivf_rama,1610,Aserrado y acepilladura de madera.,2021,anio,105.0,indice_2018_100
ciu,6_Evolucion-Sectorial-Indicadores-Oct-2025.pdf,2-3,produccion_industrial_ivf_rama,1610,Aserrado y acepilladura de madera.,2022,anio,124.0,indice_2018_100
ciu,6_Evolucion-Sectorial-Indicadores-Oct-2025.pdf,2-3,produccion_industrial_ivf_rama,1610,Aserrado y acepilladura de madera.,2023,anio,105.0,indice_2018_100
ciu,6_Evolucion-Sectorial-Indicadores-Oct-2025.pdf,2-3,produccion_industrial_ivf_rama,1610,Aserrado y acepilladura de madera.,2024,anio,102.0,indice_2018_100
ciu,6_Evolucion-Sectorial-Indicadores-Oct-2025.pdf,2-3,produccion_industrial_ivf_rama,1610,Aserrado y acepilladura de madera.,2025,ene_jul,98.0,indice_2018_100
ciu,6_Evolucion-Sectorial-Indicadores-Oct-2025.pdf,2-3,produccion_industrial_ivf_rama,162A,"Fabricación de productos de madera, corcho, paja y materiales trenzables.",2014,anio,110.0,indice_2018_100
ciu,6_Evolucion-Sectorial-Indicadores-Oct-2025.pdf,2-3,produccion_industrial_ivf_rama,162A,"Fabricación de productos de madera, corcho, paja y materiales trenzables.",2015,anio,96.0,indice_2018_100
ciu,6_Evolucion-Sectorial-Indicadores-Oct-2025.pdf,2-3,produccion_industrial_ivf_rama,162A,"Fabricación de productos de madera, corcho, paja y materiales trenzables.",2016,anio,97.0,indice_2018_100
ciu,6_Evolucion-Sectorial-Indicadores-Oct-2025.pdf,2-3,produccion_industrial_ivf_rama,162A,"Fabricación de productos de madera, corcho, paja y materiales trenzables.",2017,anio,96.0,indice_2018_100
ciu,6_Evolucion-Sectorial-Indicadores-Oct-2025.pdf,2-3,produccion_industrial_ivf_rama,162A,"Fabricación de productos de madera, corcho, paja y materiales trenzables.",2018,anio,100.0,indice_2018_100
ciu,6_Evolucion-Sectorial-Indicadores-Oct-2025.pdf,2-3,produccion_industrial_ivf_rama,162A,"Fabricación de productos de madera, corcho, paja y materiales trenzables.",2019,anio,94.0,indice_2018_100
ciu,6_Evolucion-Sectorial-Indicadores-Oct-2025.pdf,2-3,produccion_industrial_ivf_rama,162A,"Fabricación de productos de madera, corcho, paja y materiales trenzables.",2020,anio,107.0,indice_2018_100
ciu,6_Evolucion-Sectorial-Indicadores-Oct-2025.pdf,2-3,produccion_industrial_ivf_rama,162A,"Fabricación de productos de madera, corcho, paja y materiales trenzables.",2021,anio,110.0,indice_2018_100
ciu,6_Evolucion-Sectorial-Indicadores-Oct-2025.pdf,2-3,produccion_industrial_ivf_rama,162A,"Fabricación de productos de madera, corcho, paja y materiales trenzables.",2022,anio,124.0,indice_2018_100
ciu,6_Evolucion-Sectorial-Indicadores-Oct-2025.pdf,2-3,produccion_industrial_ivf_rama,162A,"Fabricación de productos de madera, corcho, paja y materiales trenzables.",2023,anio,120.0,indice_2018_100
ciu,6_Evolucion-Sectorial-Indicadores-Oct-2025.pdf,2-3,produccion_industrial_ivf_rama,162A,"Fabricación de productos de madera, corcho, paja y materiales trenzables.",2024,anio,129.0,indice_2018_100
ciu,6_Evolucion-Sectorial-Indicadores-Oct-2025.pdf,2-3,produccion_industrial_ivf_rama,162A,"Fabricación de productos de madera, corcho, paja y materiales trenzables.",2025,ene_jul,113.0,indice_2018_100
ciu,6_Evolucion-Sectorial-Indicadores-Oct-2025.pdf,2-3,produccion_industrial_ivf_rama,1701,"Fabricación de pasta de celulosa, papel y cartón.",2014,anio,71.0,indice_2018_100
ciu,6_Evolucion-Sectorial-Indicadores-Oct-2025.pdf,2-3,produccion_industrial_ivf_rama,1701,"Fabricación de pasta de celulosa, papel y cartón.",2015,anio,100.0,indice_2018_100
ciu,6_Evolucion-Sectorial-Indicadores-Oct-2025.pdf,2-3,produccion_industrial_ivf_rama,1701,"Fabricación de pasta de celulosa, papel y cartón.",2016,anio,103.0,indice_2018_100
ciu,6_Evolucion-Sectorial-Indicadores-Oct-2025.pdf,2-3,produccion_industrial_ivf_rama,1701,"Fabricación de pasta de celulosa, papel y cartón.",2017,anio,104.0,indice_2018_100
ciu,6_Evolucion-Sectorial-Indicadores-Oct-2025.pdf,2-3,produccion_industrial_ivf_rama,1701,"Fabricación de pasta de celulosa, papel y cartón.",2018,anio,100.0,indice_2018_100
ciu,6_Evolucion-Sectorial-Indicadores-Oct-2025.pdf,2-3,produccion_industrial_ivf_rama,1701,"Fabricación de pasta de celulosa, papel y cartón.",2019,anio,105.0,indice_2018_100
ciu,6_Evolucion-Sectorial-Indicadores-Oct-2025.pdf,2-3,produccion_industrial_ivf_rama,1701,"Fabricación de pasta de celulosa, papel y cartón.",2020,anio,108.0,indice_2018_100
ciu,6_Evolucion-Sectorial-Indicadores-Oct-2025.pdf,2-3,produccion_industrial_ivf_rama,1701,"Fabricación de pasta de celulosa, papel y cartón.",2021,anio,108.0,indice_2018_100
ciu,6_Evolucion-Sectorial-Indicadores-Oct-2025.pdf,2-3,produccion_industrial_ivf_rama,1701,"Fabricación de pasta de celulosa, papel y cartón.",2022,anio,104.0,indice_2018_100
ciu,6_Evolucion-Sectorial-Indicadores-Oct-2025.pdf,2-3,produccion_industrial_ivf_rama,1701,"Fabricación de pasta de celulosa, papel y cartón.",2023,anio,133.0,indice_2018_100
ciu,6_Evolucion-Sectorial-Indicadores-Oct-2025.pdf,2-3,produccion_industrial_ivf_rama,1701,"Fabricación de pasta de celulosa, papel y cartón.",2024,anio,155.0,indice_2018_100
ciu,6_Evolucion-Sectorial-Indicadores-Oct-2025.pdf,2-3,produccion_industrial_ivf_rama,1701,"Fabricación de pasta de celulosa, papel y cartón.",2025,ene_jul,159.0,indice_2018_100
ciu,6_Evolucion-Sectorial-Indicadores-Oct-2025.pdf,2-3,produccion_industrial_ivf_rama,1702,"Fabricación del papel, cartón ondulado y envases.",2014,anio,93.0,indice_2018_100
ciu,6_Evolucion-Sectorial-Indicadores-Oct-2025.pdf,2-3,produccion_industrial_ivf_rama,1702,"Fabricación del papel, cartón ondulado y envases.",2015,anio,92.0,indice_2018_100
ciu,6_Evolucion-Sectorial-Indicadores-Oct-2025.pdf,2-3,produccion_industrial_ivf_rama,1702,"Fabricación del papel, cartón ondulado y envases.",2016,anio,96.0,indice_2018_100
ciu,6_Evolucion-Sectorial-Indicadores-Oct-2025.pdf,2-3,produccion_industrial_ivf_rama,1702,"Fabricación del papel, cartón ondulado y envases.",2017,anio,96.0,indice_2018_100
ciu,6_Evolucion-Sectorial-Indicadores-Oct-2025.pdf,2-3,produccion_industrial_ivf_rama,1702,"Fabricación del papel, cartón ondulado y envases.",2018,anio,100.0,indice_2018_100
ciu,6_Evolucion-Sectorial-Indicadores-Oct-2025.pdf,2-3,produccion_industrial_ivf_rama,1702,"Fabricación del papel, cartón ondulado y envases.",2019,anio,110.0,indice_2018_100
ciu,6_Evolucion-Sectorial-Indicadores-Oct-2025.pdf,2-3,produccion_industrial_ivf_rama,1702,"Fabricación del papel, cartón ondulado y envases.",2020,anio,95.0,indice_2018_100
ciu,6_Evolucion-Sectorial-Indicadores-Oct-2025.pdf,2-3,produccion_industrial_ivf_rama,1702,"Fabricación del papel, cartón ondulado y envases.",2021,anio,113.0,indice_2018_100
ciu,6_Evolucion-Sectorial-Indicadores-Oct-2025.pdf,2-3,produccion_industrial_ivf_rama,1702,"Fabricación del papel, cartón ondulado y envases.",2022,anio,110.0,indice_2018_100
ciu,6_Evolucion-Sectorial-Indicadores-Oct-2025.pdf,2-3,produccion_industrial_ivf_rama,1702,"Fabricación del papel, cartón ondulado y envases.",2023,anio,97.0,indice_2018_100
ciu,6_Evolucion-Sectorial-Indicadores-Oct-2025.pdf,2-3,produccion_industrial_ivf_rama,1702,"Fabricación del papel, cartón ondulado y envases.",2024,anio,101.0,indice_2018_100
ciu,6_Evolucion-Sectorial-Indicadores-Oct-2025.pdf,2-3,produccion_industrial_ivf_rama,1702,"Fabricación del papel, cartón ondulado y envases.",2025,ene_jul,110.0,indice_2018_100
ciu,6_Evolucion-Sectorial-Indicadores-Oct-2025.pdf,2-3,produccion_industrial_ivf_rama,1709,Fabricación de otros artículos del papel y cartón n.c.p.,2014,anio,107.0,indice_2018_100
ciu,6_Evolucion-Sectorial-Indicadores-Oct-2025.pdf,2-3,produccion_industrial_ivf_rama,1709,Fabricación de otros artículos del papel y cartón n.c.p.,2015,anio,104.0,indice_2018_100
ciu,6_Evolucion-Sectorial-Indicadores-Oct-2025.pdf,2-3,produccion_industrial_ivf_rama,1709,Fabricación de otros artículos del papel y cartón n.c.p.,2016,anio,135.0,indice_2018_100
ciu,6_Evolucion-Sectorial-Indicadores-Oct-2025.pdf,2-3,produccion_industrial_ivf_rama,1709,Fabricación de otros artículos del papel y cartón n.c.p.,2017,anio,120.0,indice_2018_100
ciu,6_Evolucion-Sectorial-Indicadores-Oct-2025.pdf,2-3,produccion_industrial_ivf_rama,1709,Fabricación de otros artículos del papel y cartón n.c.p.,2018,anio,100.0,indice_2018_100
ciu,6_Evolucion-Sectorial-Indicadores-Oct-2025.pdf,2-3,produccion_industrial_ivf_rama,1709,Fabricación de otros artículos del papel y cartón n.c.p.,2019,anio,104.0,indice_2018_100
ciu,6_Evolucion-Sectorial-Indicadores-Oct-2025.pdf,2-3,produccion_industrial_ivf_rama,1709,Fabricación de otros artículos del papel y cartón n.c.p.,2020,anio,101.0,indice_2018_100
ciu,6_Evolucion-Sectorial-Indicadores-Oct-2025.pdf,2-3,produccion_industrial_ivf_rama,1709,Fabricación de otros artículos del papel y cartón n.c.p.,2021,anio,100.0,indice_2018_100
ciu,6_Evolucion-Sectorial-Indicadores-Oct-2025.pdf,2-3,produccion_industrial_ivf_rama,1709,Fabricación de otros artículos del papel y cartón n.c.p.,2022,anio,86.0,indice_2018_100
ciu,6_Evolucion-Sectorial-Indicadores-Oct-2025.pdf,2-3,produccion_industrial_ivf_rama,1709,Fabricación de otros artículos del papel y cartón n.c.p.,2023,anio,90.0,indice_2018_100
ciu,6_Evolucion-Sectorial-Indicadores-Oct-2025.pdf,2-3,produccion_industrial_ivf_rama,1709,Fabricación de otros artículos del papel y cartón n.c.p.,2024,anio,77.0,indice_2018_100
ciu,6_Evolucion-Sectorial-Indicadores-Oct-2025.pdf,2-3,produccion_industrial_ivf_rama,1709,Fabricación de otros artículos del papel y cartón n.c.p.,2025,ene_jul,77.0,indice_2018_100
ciu,6_Evolucion-Sectorial-Indicadores-Oct-2025.pdf,2-3,produccion_industrial_ivf_rama,18AA,Actividades de impresión y servicios conexos.,2014,anio,133.0,indice_2018_100
ciu,6_Evolucion-Sectorial-Indicadores-Oct-2025.pdf,2-3,produccion_industrial_ivf_rama,18AA,Actividades de impresión y servicios conexos.,2015,anio,125.0,indice_2018_100
ciu,6_Evolucion-Sectorial-Indicadores-Oct-2025.pdf,2-3,produccion_industrial_ivf_rama,18AA,Actividades de impresión y servicios conexos.,2016,anio,117.0,indice_2018_100
ciu,6_Evolucion-Sectorial-Indicadores-Oct-2025.pdf,2-3,produccion_industrial_ivf_rama,18AA,Actividades de impresión y servicios conexos.,2017,anio,101.0,indice_2018_100
ciu,6_Evolucion-Sectorial-Indicadores-Oct-2025.pdf,2-3,produccion_industrial_ivf_rama,18AA,Actividades de impresión y servicios conexos.,2018,anio,100.0,indice_2018_100
ciu,6_Evolucion-Sectorial-Indicadores-Oct-2025.pdf,2-3,produccion_industrial_ivf_rama,18AA,Actividades de impresión y servicios conexos.,2019,anio,104.0,indice_2018_100
ciu,6_Evolucion-Sectorial-Indicadores-Oct-2025.pdf,2-3,produccion_industrial_ivf_rama,18AA,Actividades de impresión y servicios conexos.,2020,anio,83.0,indice_2018_100
ciu,6_Evolucion-Sectorial-Indicadores-Oct-2025.pdf,2-3,produccion_industrial_ivf_rama,18AA,Actividades de impresión y servicios conexos.,2021,anio,86.0,indice_2018_100
ciu,6_Evolucion-Sectorial-Indicadores-Oct-2025.pdf,2-3,produccion_industrial_ivf_rama,18AA,Actividades de impresión y servicios conexos.,2022,anio,84.0,indice_2018_100
ciu,6_Evolucion-Sectorial-Indicadores-Oct-2025.pdf,2-3,produccion_industrial_ivf_rama,18AA,Actividades de impresión y servicios conexos.,2023,anio,73.0,indice_2018_100
ciu,6_Evolucion-Sectorial-Indicadores-Oct-2025.pdf,2-3,produccion_industrial_ivf_rama,18AA,Actividades de impresión y servicios conexos.,2024,anio,76.0,indice_2018_100
ciu,6_Evolucion-Sectorial-Indicadores-Oct-2025.pdf,2-3,produccion_industrial_ivf_rama,18AA,Actividades de impresión y servicios conexos.,2025,ene_jul,74.0,indice_2018_100
ciu,6_Evolucion-Sectorial-Indicadores-Oct-2025.pdf,2-3,produccion_industrial_ivf_rama,2011,Fabricación de sustancias químicas básicas y biocombustibles.,2014,anio,79.0,indice_2018_100
ciu,6_Evolucion-Sectorial-Indicadores-Oct-2025.pdf,2-3,produccion_industrial_ivf_rama,2011,Fabricación de sustancias químicas básicas y biocombustibles.,2015,anio,85.0,indice_2018_100
ciu,6_Evolucion-Sectorial-Indicadores-Oct-2025.pdf,2-3,produccion_industrial_ivf_rama,2011,Fabricación de sustancias químicas básicas y biocombustibles.,2016,anio,91.0,indice_2018_100
ciu,6_Evolucion-Sectorial-Indicadores-Oct-2025.pdf,2-3,produccion_industrial_ivf_rama,2011,Fabricación de sustancias químicas básicas y biocombustibles.,2017,anio,97.0,indice_2018_100
ciu,6_Evolucion-Sectorial-Indicadores-Oct-2025.pdf,2-3,produccion_industrial_ivf_rama,2011,Fabricación de sustancias químicas básicas y biocombustibles.,2018,anio,100.0,indice_2018_100
ciu,6_Evolucion-Sectorial-Indicadores-Oct-2025.pdf,2-3,produccion_industrial_ivf_rama,2011,Fabricación de sustancias químicas básicas y biocombustibles.,2019,anio,108.0,indice_2018_100
ciu,6_Evolucion-Sectorial-Indicadores-Oct-2025.pdf,2-3,produccion_industrial_ivf_rama,2011,Fabricación de sustancias químicas básicas y biocombustibles.,2020,anio,95.0,indice_2018_100
ciu,6_Evolucion-Sectorial-Indicadores-Oct-2025.pdf,2-3,produccion_industrial_ivf_rama,2011,Fabricación de sustancias químicas básicas y biocombustibles.,2021,anio,100.0,indice_2018_100
ciu,6_Evolucion-Sectorial-Indicadores-Oct-2025.pdf,2-3,produccion_industrial_ivf_rama,2011,Fabricación de sustancias químicas básicas y biocombustibles.,2022,anio,101.0,indice_2018_100
ciu,6_Evolucion-Sectorial-Indicadores-Oct-2025.pdf,2-3,produccion_industrial_ivf_rama,2011,Fabricación de sustancias químicas básicas y biocombustibles.,2023,anio,104.0,indice_2018_100
ciu,6_Evolucion-Sectorial-Indicadores-Oct-2025.pdf,2-3,produccion_industrial_ivf_rama,2011,Fabricación de sustancias químicas básicas y biocombustibles.,2024,anio,105.0,indice_2018_100
ciu,6_Evolucion-Sectorial-Indicadores-Oct-2025.pdf,2-3,produccion_industrial_ivf_rama,2011,Fabricación de sustancias químicas básicas y biocombustibles.,2025,ene_jul,103.0,indice_2018_100
ciu,6_Evolucion-Sectorial-Indicadores-Oct-2025.pdf,2-3,produccion_industrial_ivf_rama,201A,en formas primarias,2014,anio,,indice_2018_100
ciu,6_Evolucion-Sectorial-Indicadores-Oct-2025.pdf,2-3,produccion_industrial_ivf_rama,201A,en formas primarias,2015,anio,,indice_2018_100
ciu,6_Evolucion-Sectorial-Indicadores-Oct-2025.pdf,2-3,produccion_industrial_ivf_rama,201A,en formas primarias,2016,anio,,indice_2018_100
ciu,6_Evolucion-Sectorial-Indicadores-Oct-2025.pdf,2-3,produccion_industrial_ivf_rama,201A,en formas primarias,2017,anio,100.0,indice_2018_100
ciu,6_Evolucion-Sectorial-Indicadores-Oct-2025.pdf,2-3,produccion_industrial_ivf_rama,201A,en formas primarias,2018,anio,96.0,indice_2018_100
ciu,6_Evolucion-Sectorial-Indicadores-Oct-2025.pdf,2-3,produccion_industrial_ivf_rama,201A,en formas primarias,2019,anio,91.0,indice_2018_100
ciu,6_Evolucion-Sectorial-Indicadores-Oct-2025.pdf,2-3,produccion_industrial_ivf_rama,201A,en formas primarias,2020,anio,129.0,indice_2018_100
ciu,6_Evolucion-Sectorial-Indicadores-Oct-2025.pdf,2-3,produccion_industrial_ivf_rama,201A,en formas primarias,2021,anio,112.0,indice_2018_100
ciu,6_Evolucion-Sectorial-Indicadores-Oct-2025.pdf,2-3,produccion_industrial_ivf_rama,201A,en formas primarias,2022,anio,120.0,indice_2018_100
ciu,6_Evolucion-Sectorial-Indicadores-Oct-2025.pdf,2-3,produccion_industrial_ivf_rama,201A,en formas primarias,2023,anio,125.0,indice_2018_100
ciu,6_Evolucion-Sectorial-Indicadores-Oct-2025.pdf,2-3,produccion_industrial_ivf_rama,201A,en formas primarias,2024,anio,125.0,indice_2018_100
ciu,6_Evolucion-Sectorial-Indicadores-Oct-2025.pdf,2-3,produccion_industrial_ivf_rama,201A,en formas primarias,2025,ene_jul,7.0,indice_2018_100
ciu,6_Evolucion-Sectorial-Indicadores-Oct-2025.pdf,2-3,produccion_industrial_ivf_rama,2021,Fabricación de pesticidas y otros productos químicos de uso agropecuario.,2014,anio,124.0,indice_2018_100
ciu,6_Evolucion-Sectorial-Indicadores-Oct-2025.pdf,2-3,produccion_industrial_ivf_rama,2021,Fabricación de pesticidas y otros productos químicos de uso agropecuario.,2015,anio,128.0,indice_2018_100
ciu,6_Evolucion-Sectorial-Indicadores-Oct-2025.pdf,2-3,produccion_industrial_ivf_rama,2021,Fabricación de pesticidas y otros productos químicos de uso agropecuario.,2016,anio,96.0,indice_2018_100
ciu,6_Evolucion-Sectorial-Indicadores-Oct-2025.pdf,2-3,produccion_industrial_ivf_rama,2021,Fabricación de pesticidas y otros productos químicos de uso agropecuario.,2017,anio,113.0,indice_2018_100
ciu,6_Evolucion-Sectorial-Indicadores-Oct-2025.pdf,2-3,produccion_industrial_ivf_rama,2021,Fabricación de pesticidas y otros productos químicos de uso agropecuario.,2018,anio,100.0,indice_2018_100
ciu,6_Evolucion-Sectorial-Indicadores-Oct-2025.pdf,2-3,produccion_industrial_ivf_rama,2021,Fabricación de pesticidas y otros productos químicos de uso agropecuario.,2019,anio,95.0,indice_2018_100
ciu,6_Evolucion-Sectorial-Indicadores-Oct-2025.pdf,2-3,produccion_industrial_ivf_rama,2021,Fabricación de pesticidas y otros productos químicos de uso agropecuario.,2020,anio,78.0,indice_2018_100
ciu,6_Evolucion-Sectorial-Indicadores-Oct-2025.pdf,2-3,produccion_industrial_ivf_rama,2021,Fabricación de pesticidas y otros productos químicos de uso agropecuario.,2021,anio,97.0,indice_2018_100
ciu,6_Evolucion-Sectorial-Indicadores-Oct-2025.pdf,2-3,produccion_industrial_ivf_rama,2021,Fabricación de pesticidas y otros productos químicos de uso agropecuario.,2022,anio,96.0,indice_2018_100
ciu,6_Evolucion-Sectorial-Indicadores-Oct-2025.pdf,2-3,produccion_industrial_ivf_rama,2021,Fabricación de pesticidas y otros productos químicos de uso agropecuario.,2023,anio,108.0,indice_2018_100
ciu,6_Evolucion-Sectorial-Indicadores-Oct-2025.pdf,2-3,produccion_industrial_ivf_rama,2021,Fabricación de pesticidas y otros productos químicos de uso agropecuario.,2024,anio,115.0,indice_2018_100
ciu,6_Evolucion-Sectorial-Indicadores-Oct-2025.pdf,2-3,produccion_industrial_ivf_rama,2021,Fabricación de pesticidas y otros productos químicos de uso agropecuario.,2025,ene_jul,95.0,indice_2018_100
ciu,6_Evolucion-Sectorial-Indicadores-Oct-2025.pdf,2-3,produccion_industrial_ivf_rama,2022,"Fabricación de pinturas, barnices, tintas de imprenta y masillas.",2014,anio,101.0,indice_2018_100
ciu,6_Evolucion-Sectorial-Indicadores-Oct-2025.pdf,2-3,produccion_industrial_ivf_rama,2022,"Fabricación de pinturas, barnices, tintas de imprenta y masillas.",2015,anio,128.0,indice_2018_100
ciu,6_Evolucion-Sectorial-Indicadores-Oct-2025.pdf,2-3,produccion_industrial_ivf_rama,2022,"Fabricación de pinturas, barnices, tintas de imprenta y masillas.",2016,anio,145.0,indice_2018_100
ciu,6_Evolucion-Sectorial-Indicadores-Oct-2025.pdf,2-3,produccion_industrial_ivf_rama,2022,"Fabricación de pinturas, barnices, tintas de imprenta y masillas.",2017,anio,146.0,indice_2018_100
ciu,6_Evolucion-Sectorial-Indicadores-Oct-2025.pdf,2-3,produccion_industrial_ivf_rama,2022,"Fabricación de pinturas, barnices, tintas de imprenta y masillas.",2018,anio,100.0,indice_2018_100
ciu,6_Evolucion-Sectorial-Indicadores-Oct-2025.pdf,2-3,produccion_industrial_ivf_rama,2022,"Fabricación de pinturas, barnices, tintas de imprenta y masillas.",2019,anio,93.0,indice_2018_100
ciu,6_Evolucion-Sectorial-Indicadores-Oct-2025.pdf,2-3,produccion_industrial_ivf_rama,2022,"Fabricación de pinturas, barnices, tintas de imprenta y masillas.",2020,anio,98.0,indice_2018_100
ciu,6_Evolucion-Sectorial-Indicadores-Oct-2025.pdf,2-3,produccion_industrial_ivf_rama,2022,"Fabricación de pinturas, barnices, tintas de imprenta y masillas.",2021,anio,96.0,indice_2018_100
ciu,6_Evolucion-Sectorial-Indicadores-Oct-2025.pdf,2-3,produccion_industrial_ivf_rama,2022,"Fabricación de pinturas, barnices, tintas de imprenta y masillas.",2022,anio,97.0,indice_2018_100
ciu,6_Evolucion-Sectorial-Indicadores-Oct-2025.pdf,2-3,produccion_industrial_ivf_rama,2022,"Fabricación de pinturas, barnices, tintas de imprenta y masillas.",2023,anio,94.0,indice_2018_100
ciu,6_Evolucion-Sectorial-Indicadores-Oct-2025.pdf,2-3,produccion_industrial_ivf_rama,2022,"Fabricación de pinturas, barnices, tintas de imprenta y masillas.",2024,anio,97.0,indice_2018_100
ciu,6_Evolucion-Sectorial-Indicadores-Oct-2025.pdf,2-3,produccion_industrial_ivf_rama,2022,"Fabricación de pinturas, barnices, tintas de imprenta y masillas.",2025,ene_jul,95.0,indice_2018_100
ciu,6_Evolucion-Sectorial-Indicadores-Oct-2025.pdf,2-3,produccion_industrial_ivf_rama,2023,"Fabricación de jabones, detergentes y perfumes.",2014,anio,130.0,indice_2018_100
ciu,6_Evolucion-Sectorial-Indicadores-Oct-2025.pdf,2-3,produccion_industrial_ivf_rama,2023,"Fabricación de jabones, detergentes y perfumes.",2015,anio,113.0,indice_2018_100
ciu,6_Evolucion-Sectorial-Indicadores-Oct-2025.pdf,2-3,produccion_industrial_ivf_rama,2023,"Fabricación de jabones, detergentes y perfumes.",2016,anio,111.0,indice_2018_100
ciu,6_Evolucion-Sectorial-Indicadores-Oct-2025.pdf,2-3,produccion_industrial_ivf_rama,2023,"Fabricación de jabones, detergentes y perfumes.",2017,anio,109.0,indice_2018_100
ciu,6_Evolucion-Sectorial-Indicadores-Oct-2025.pdf,2-3,produccion_industrial_ivf_rama,2023,"Fabricación de jabones, detergentes y perfumes.",2018,anio,100.0,indice_2018_100
ciu,6_Evolucion-Sectorial-Indicadores-Oct-2025.pdf,2-3,produccion_industrial_ivf_rama,2023,"Fabricación de jabones, detergentes y perfumes.",2019,anio,84.0,indice_2018_100
ciu,6_Evolucion-Sectorial-Indicadores-Oct-2025.pdf,2-3,produccion_industrial_ivf_rama,2023,"Fabricación de jabones, detergentes y perfumes.",2020,anio,91.0,indice_2018_100
ciu,6_Evolucion-Sectorial-Indicadores-Oct-2025.pdf,2-3,produccion_industrial_ivf_rama,2023,"Fabricación de jabones, detergentes y perfumes.",2021,anio,86.0,indice_2018_100
ciu,6_Evolucion-Sectorial-Indicadores-Oct-2025.pdf,2-3,produccion_industrial_ivf_rama,2023,"Fabricación de jabones, detergentes y perfumes.",2022,anio,75.0,indice_2018_100
ciu,6_Evolucion-Sectorial-Indicadores-Oct-2025.pdf,2-3,produccion_industrial_ivf_rama,2023,"Fabricación de jabones, detergentes y perfumes.",2023,anio,65.0,indice_2018_100
ciu,6_Evolucion-Sectorial-Indicadores-Oct-2025.pdf,2-3,produccion_industrial_ivf_rama,2023,"Fabricación de jabones, detergentes y perfumes.",2024,anio,75.0,indice_2018_100
ciu,6_Evolucion-Sectorial-Indicadores-Oct-2025.pdf,2-3,produccion_industrial_ivf_rama,2023,"Fabricación de jabones, detergentes y perfumes.",2025,ene_jul,68.0,indice_2018_100
ciu,6_Evolucion-Sectorial-Indicadores-Oct-2025.pdf,2-3,produccion_industrial_ivf_rama,2029,Fabricación de otros productos químicos n.c.p.,2014,anio,43.0,indice_2018_100
ciu,6_Evolucion-Sectorial-Indicadores-Oct-2025.pdf,2-3,produccion_industrial_ivf_rama,2029,Fabricación de otros productos químicos n.c.p.,2015,anio,112.0,indice_2018_100
ciu,6_Evolucion-Sectorial-Indicadores-Oct-2025.pdf,2-3,produccion_industrial_ivf_rama,2029,Fabricación de otros productos químicos n.c.p.,2016,anio,105.0,indice_2018_100
ciu,6_Evolucion-Sectorial-Indicadores-Oct-2025.pdf,2-3,produccion_industrial_ivf_rama,2029,Fabricación de otros productos químicos n.c.p.,2017,anio,102.0,indice_2018_100
ciu,6_Evolucion-Sectorial-Indicadores-Oct-2025.pdf,2-3,produccion_industrial_ivf_rama,2029,Fabricación de otros productos químicos n.c.p.,2018,anio,100.0,indice_2018_100
ciu,6_Evolucion-Sectorial-Indicadores-Oct-2025.pdf,2-3,produccion_industrial_ivf_rama,2029,Fabricación de otros productos químicos n.c.p.,2019,anio,98.0,indice_2018_100
ciu,6_Evolucion-Sectorial-Indicadores-Oct-2025.pdf,2-3,produccion_industrial_ivf_rama,2029,Fabricación de otros productos químicos n.c.p.,2020,anio,96.0,indice_2018_100
ciu,6_Evolucion-Sectorial-Indicadores-Oct-2025.pdf,2-3,produccion_industrial_ivf_rama,2029,Fabricación de otros productos químicos n.c.p.,2021,anio,110.0,indice_2018_100
ciu,6_Evolucion-Sectorial-Indicadores-Oct-2025.pdf,2-3,produccion_industrial_ivf_rama,2029,Fabricación de otros productos químicos n.c.p.,2022,anio,79.0,indice_2018_100
ciu,6_Evolucion-Sectorial-Indicadores-Oct-2025.pdf,2-3,produccion_industrial_ivf_rama,2029,Fabricación de otros productos químicos n.c.p.,2023,anio,71.0,indice_2018_100
ciu,6_Evolucion-Sectorial-Indicadores-Oct-2025.pdf,2-3,produccion_industrial_ivf_rama,2029,Fabricación de otros productos químicos n.c.p.,2024,anio,77.0,indice_2018_100
ciu,6_Evolucion-Sectorial-Indicadores-Oct-2025.pdf,2-3,produccion_industrial_ivf_rama,2029,Fabricación de otros productos químicos n.c.p.,2025,ene_jul,48.0,indice_2018_100
ciu,6_Evolucion-Sectorial-Indicadores-Oct-2025.pdf,2-3,produccion_industrial_ivf_rama,2100,"Fabricación de productos farmacéuticos, medicinales y botánicos.",2014,anio,89.0,indice_2018_100
ciu,6_Evolucion-Sectorial-Indicadores-Oct-2025.pdf,2-3,produccion_industrial_ivf_rama,2100,"Fabricación de productos farmacéuticos, medicinales y botánicos.",2015,anio,90.0,indice_2018_100
ciu,6_Evolucion-Sectorial-Indicadores-Oct-2025.pdf,2-3,produccion_industrial_ivf_rama,2100,"Fabricación de productos farmacéuticos, medicinales y botánicos.",2016,anio,103.0,indice_2018_100
ciu,6_Evolucion-Sectorial-Indicadores-Oct-2025.pdf,2-3,produccion_industrial_ivf_rama,2100,"Fabricación de productos farmacéuticos, medicinales y botánicos.",2017,anio,107.0,indice_2018_100
ciu,6_Evolucion-Sectorial-Indicadores-Oct-2025.pdf,2-3,produccion_industrial_ivf_rama,2100,"Fabricación de productos farmacéuticos, medicinales y botánicos.",2018,anio,100.0,indice_2018_100
ciu,6_Evolucion-Sectorial-Indicadores-Oct-2025.pdf,2-3,produccion_industrial_ivf_rama,2100,"Fabricación de productos farmacéuticos, medicinales y botánicos.",2019,anio,98.0,indice_2018_100
ciu,6_Evolucion-Sectorial-Indicadores-Oct-2025.pdf,2-3,produccion_industrial_ivf_rama,2100,"Fabricación de productos farmacéuticos, medicinales y botánicos.",2020,anio,101.0,indice_2018_100
ciu,6_Evolucion-Sectorial-Indicadores-Oct-2025.pdf,2-3,produccion_industrial_ivf_rama,2100,"Fabricación de productos farmacéuticos, medicinales y botánicos.",2021,anio,113.0,indice_2018_100
ciu,6_Evolucion-Sectorial-Indicadores-Oct-2025.pdf,2-3,produccion_industrial_ivf_rama,2100,"Fabricación de productos farmacéuticos, medicinales y botánicos.",2022,anio,104.0,indice_2018_100
ciu,6_Evolucion-Sectorial-Indicadores-Oct-2025.pdf,2-3,produccion_industrial_ivf_rama,2100,"Fabricación de productos farmacéuticos, medicinales y botánicos.",2023,anio,108.0,indice_2018_100
ciu,6_Evolucion-Sectorial-Indicadores-Oct-2025.pdf,2-3,produccion_industrial_ivf_rama,2100,"Fabricación de productos farmacéuticos, medicinales y botánicos.",2024,anio,122.0,indice_2018_100
ciu,6_Evolucion-Sectorial-Indicadores-Oct-2025.pdf,2-3,produccion_industrial_ivf_rama,2100,"Fabricación de productos farmacéuticos, medicinales y botánicos.",2025,ene_jul,111.0,indice_2018_100
ciu,6_Evolucion-Sectorial-Indicadores-Oct-2025.pdf,2-3,produccion_industrial_ivf_rama,221A,Fabricación de productos de caucho.,2014,anio,,indice_2018_100
ciu,6_Evolucion-Sectorial-Indicadores-Oct-2025.pdf,2-3,produccion_industrial_ivf_rama,221A,Fabricación de productos de caucho.,2015,anio,,indice_2018_100
ciu,6_Evolucion-Sectorial-Indicadores-Oct-2025.pdf,2-3,produccion_industrial_ivf_rama,221A,Fabricación de productos de caucho.,2016,anio,,indice_2018_100
ciu,6_Evolucion-Sectorial-Indicadores-Oct-2025.pdf,2-3,produccion_industrial_ivf_rama,221A,Fabricación de productos de caucho.,2017,anio,,indice_2018_100
ciu,6_Evolucion-Sectorial-Indicadores-Oct-2025.pdf,2-3,produccion_industrial_ivf_rama,221A,Fabricación de productos de caucho.,2018,anio,100.0,indice_2018_100
ciu,6_Evolucion-Sectorial-Indicadores-Oct-2025.pdf,2-3,produccion_industrial_ivf_rama,221A,Fabricación de productos de caucho.,2019,anio,76.0,indice_2018_100
ciu,6_Evolucion-Sectorial-Indicadores-Oct-2025.pdf,2-3,produccion_industrial_ivf_rama,221A,Fabricación de productos de caucho.,2020,anio,54.0,indice_2018_100
ciu,6_Evolucion-Sectorial-Indicadores-Oct-2025.pdf,2-3,produccion_industrial_ivf_rama,221A,Fabricación de productos de caucho.,2021,anio,63.0,indice_2018_100
ciu,6_Evolucion-Sectorial-Indicadores-Oct-2025.pdf,2-3,produccion_industrial_ivf_rama,221A,Fabricación de productos de caucho.,2022,anio,60.0,indice_2018_100
ciu,6_Evolucion-Sectorial-Indicadores-Oct-2025.pdf,2-3,produccion_industrial_ivf_rama,221A,Fabricación de productos de caucho.,2023,anio,58.0,indice_2018_100
ciu,6_Evolucion-Sectorial-Indicadores-Oct-2025.pdf,2-3,produccion_industrial_ivf_rama,221A,Fabricación de productos de caucho.,2024,anio,61.0,indice_2018_100
ciu,6_Evolucion-Sectorial-Indicadores-Oct-2025.pdf,2-3,produccion_industrial_ivf_rama,221A,Fabricación de productos de caucho.,2025,ene_jul,57.0,indice_2018_100
ciu,6_Evolucion-Sectorial-Indicadores-Oct-2025.pdf,2-3,produccion_industrial_ivf_rama,2220,Fabricación de productos de plástico.,2014,anio,116.0,indice_2018_100
ciu,6_Evolucion-Sectorial-Indicadores-Oct-2025.pdf,2-3,produccion_industrial_ivf_rama,2220,Fabricación de productos de plástico.,2015,anio,105.0,indice_2018_100
ciu,6_Evolucion-Sectorial-Indicadores-Oct-2025.pdf,2-3,produccion_industrial_ivf_rama,2220,Fabricación de productos de plástico.,2016,anio,91.0,indice_2018_100
ciu,6_Evolucion-Sectorial-Indicadores-Oct-2025.pdf,2-3,produccion_industrial_ivf_rama,2220,Fabricación de productos de plástico.,2017,anio,93.0,indice_2018_100
ciu,6_Evolucion-Sectorial-Indicadores-Oct-2025.pdf,2-3,produccion_industrial_ivf_rama,2220,Fabricación de productos de plástico.,2018,anio,100.0,indice_2018_100
ciu,6_Evolucion-Sectorial-Indicadores-Oct-2025.pdf,2-3,produccion_industrial_ivf_rama,2220,Fabricación de productos de plástico.,2019,anio,108.0,indice_2018_100
ciu,6_Evolucion-Sectorial-Indicadores-Oct-2025.pdf,2-3,produccion_industrial_ivf_rama,2220,Fabricación de productos de plástico.,2020,anio,105.0,indice_2018_100
ciu,6_Evolucion-Sectorial-Indicadores-Oct-2025.pdf,2-3,produccion_industrial_ivf_rama,2220,Fabricación de productos de plástico.,2021,anio,130.0,indice_2018_100
ciu,6_Evolucion-Sectorial-Indicadores-Oct-2025.pdf,2-3,produccion_industrial_ivf_rama,2220,Fabricación de productos de plástico.,2022,anio,129.0,indice_2018_100
ciu,6_Evolucion-Sectorial-Indicadores-Oct-2025.pdf,2-3,produccion_industrial_ivf_rama,2220,Fabricación de productos de plástico.,2023,anio,123.0,indice_2018_100
ciu,6_Evolucion-Sectorial-Indicadores-Oct-2025.pdf,2-3,produccion_industrial_ivf_rama,2220,Fabricación de productos de plástico.,2024,anio,117.0,indice_2018_100
ciu,6_Evolucion-Sectorial-Indicadores-Oct-2025.pdf,2-3,produccion_industrial_ivf_rama,2220,Fabricación de productos de plástico.,2025,ene_jul,107.0,indice_2018_100
ciu,6_Evolucion-Sectorial-Indicadores-Oct-2025.pdf,2-3,produccion_industrial_ivf_rama,2310,Fabricación de vidrio y de productos de vidrio.,2014,anio,81.0,indice_2018_100
ciu,6_Evolucion-Sectorial-Indicadores-Oct-2025.pdf,2-3,produccion_industrial_ivf_rama,2310,Fabricación de vidrio y de productos de vidrio.,2015,anio,83.0,indice_2018_100
ciu,6_Evolucion-Sectorial-Indicadores-Oct-2025.pdf,2-3,produccion_industrial_ivf_rama,2310,Fabricación de vidrio y de productos de vidrio.,2016,anio,89.0,indice_2018_100
ciu,6_Evolucion-Sectorial-Indicadores-Oct-2025.pdf,2-3,produccion_industrial_ivf_rama,2310,Fabricación de vidrio y de productos de vidrio.,2017,anio,79.0,indice_2018_100
ciu,6_Evolucion-Sectorial-Indicadores-Oct-2025.pdf,2-3,produccion_industrial_ivf_rama,2310,Fabricación de vidrio y de productos de vidrio.,2018,anio,100.0,indice_2018_100
ciu,6_Evolucion-Sectorial-Indicadores-Oct-2025.pdf,2-3,produccion_industrial_ivf_rama,2310,Fabricación de vidrio y de productos de vidrio.,2019,anio,113.0,indice_2018_100
ciu,6_Evolucion-Sectorial-Indicadores-Oct-2025.pdf,2-3,produccion_industrial_ivf_rama,2310,Fabricación de vidrio y de productos de vidrio.,2020,anio,112.0,indice_2018_100
ciu,6_Evolucion-Sectorial-Indicadores-Oct-2025.pdf,2-3,produccion_industrial_ivf_rama,2310,Fabricación de vidrio y de productos de vidrio.,2021,anio,143.0,indice_2018_100
ciu,6_Evolucion-Sectorial-Indicadores-Oct-2025.pdf,2-3,produccion_industrial_ivf_rama,2310,Fabricación de vidrio y de productos de vidrio.,2022,anio,156.0,indice_2018_100
ciu,6_Evolucion-Sectorial-Indicadores-Oct-2025.pdf,2-3,produccion_industrial_ivf_rama,2310,Fabricación de vidrio y de productos de vidrio.,2023,anio,160.0,indice_2018_100
ciu,6_Evolucion-Sectorial-Indicadores-Oct-2025.pdf,2-3,produccion_industrial_ivf_rama,2310,Fabricación de vidrio y de productos de vidrio.,2024,anio,158.0,indice_2018_100
ciu,6_Evolucion-Sectorial-Indicadores-Oct-2025.pdf,2-3,produccion_industrial_ivf_rama,2310,Fabricación de vidrio y de productos de vidrio.,2025,ene_jul,133.0,indice_2018_100
ciu,6_Evolucion-Sectorial-Indicadores-Oct-2025.pdf,2-3,produccion_industrial_ivf_rama,2394,"Fabricación de cemento, cal y yeso.",2014,anio,77.0,indice_2018_100
ciu,6_Evolucion-Sectorial-Indicadores-Oct-2025.pdf,2-3,produccion_industrial_ivf_rama,2394,"Fabricación de cemento, cal y yeso.",2015,anio,72.0,indice_2018_100
ciu,6_Evolucion-Sectorial-Indicadores-Oct-2025.pdf,2-3,produccion_industrial_ivf_rama,2394,"Fabricación de cemento, cal y yeso.",2016,anio,69.0,indice_2018_100
ciu,6_Evolucion-Sectorial-Indicadores-Oct-2025.pdf,2-3,produccion_industrial_ivf_rama,2394,"Fabricación de cemento, cal y yeso.",2017,anio,86.0,indice_2018_100
ciu,6_Evolucion-Sectorial-Indicadores-Oct-2025.pdf,2-3,produccion_industrial_ivf_rama,2394,"Fabricación de cemento, cal y yeso.",2018,anio,100.0,indice_2018_100
ciu,6_Evolucion-Sectorial-Indicadores-Oct-2025.pdf,2-3,produccion_industrial_ivf_rama,2394,"Fabricación de cemento, cal y yeso.",2019,anio,88.0,indice_2018_100
ciu,6_Evolucion-Sectorial-Indicadores-Oct-2025.pdf,2-3,produccion_industrial_ivf_rama,2394,"Fabricación de cemento, cal y yeso.",2020,anio,96.0,indice_2018_100
ciu,6_Evolucion-Sectorial-Indicadores-Oct-2025.pdf,2-3,produccion_industrial_ivf_rama,2394,"Fabricación de cemento, cal y yeso.",2021,anio,97.0,indice_2018_100
ciu,6_Evolucion-Sectorial-Indicadores-Oct-2025.pdf,2-3,produccion_industrial_ivf_rama,2394,"Fabricación de cemento, cal y yeso.",2022,anio,89.0,indice_2018_100
ciu,6_Evolucion-Sectorial-Indicadores-Oct-2025.pdf,2-3,produccion_industrial_ivf_rama,2394,"Fabricación de cemento, cal y yeso.",2023,anio,75.0,indice_2018_100
ciu,6_Evolucion-Sectorial-Indicadores-Oct-2025.pdf,2-3,produccion_industrial_ivf_rama,2394,"Fabricación de cemento, cal y yeso.",2024,anio,80.0,indice_2018_100
ciu,6_Evolucion-Sectorial-Indicadores-Oct-2025.pdf,2-3,produccion_industrial_ivf_rama,2394,"Fabricación de cemento, cal y yeso.",2025,ene_jul,64.0,indice_2018_100
ciu,6_Evolucion-Sectorial-Indicadores-Oct-2025.pdf,2-3,produccion_industrial_ivf_rama,2395,"Fabricación de artículos de hormigón, cemento y yeso.",2014,anio,198.0,indice_2018_100
ciu,6_Evolucion-Sectorial-Indicadores-Oct-2025.pdf,2-3,produccion_industrial_ivf_rama,2395,"Fabricación de artículos de hormigón, cemento y yeso.",2015,anio,193.0,indice_2018_100
ciu,6_Evolucion-Sectorial-Indicadores-Oct-2025.pdf,2-3,produccion_industrial_ivf_rama,2395,"Fabricación de artículos de hormigón, cemento y yeso.",2016,anio,179.0,indice_2018_100
ciu,6_Evolucion-Sectorial-Indicadores-Oct-2025.pdf,2-3,produccion_industrial_ivf_rama,2395,"Fabricación de artículos de hormigón, cemento y yeso.",2017,anio,128.0,indice_2018_100
ciu,6_Evolucion-Sectorial-Indicadores-Oct-2025.pdf,2-3,produccion_industrial_ivf_rama,2395,"Fabricación de artículos de hormigón, cemento y yeso.",2018,anio,100.0,indice_2018_100
ciu,6_Evolucion-Sectorial-Indicadores-Oct-2025.pdf,2-3,produccion_industrial_ivf_rama,2395,"Fabricación de artículos de hormigón, cemento y yeso.",2019,anio,98.0,indice_2018_100
ciu,6_Evolucion-Sectorial-Indicadores-Oct-2025.pdf,2-3,produccion_industrial_ivf_rama,2395,"Fabricación de artículos de hormigón, cemento y yeso.",2020,anio,103.0,indice_2018_100
ciu,6_Evolucion-Sectorial-Indicadores-Oct-2025.pdf,2-3,produccion_industrial_ivf_rama,2395,"Fabricación de artículos de hormigón, cemento y yeso.",2021,anio,119.0,indice_2018_100
ciu,6_Evolucion-Sectorial-Indicadores-Oct-2025.pdf,2-3,produccion_industrial_ivf_rama,2395,"Fabricación de artículos de hormigón, cemento y yeso.",2022,anio,134.0,indice_2018_100
ciu,6_Evolucion-Sectorial-Indicadores-Oct-2025.pdf,2-3,produccion_industrial_ivf_rama,2395,"Fabricación de artículos de hormigón, cemento y yeso.",2023,anio,153.0,indice_2018_100
ciu,6_Evolucion-Sectorial-Indicadores-Oct-2025.pdf,2-3,produccion_industrial_ivf_rama,2395,"Fabricación de artículos de hormigón, cemento y yeso.",2024,anio,141.0,indice_2018_100
ciu,6_Evolucion-Sectorial-Indicadores-Oct-2025.pdf,2-3,produccion_industrial_ivf_rama,2395,"Fabricación de artículos de hormigón, cemento y yeso.",2025,ene_jul,158.0,indice_2018_100
ciu,6_Evolucion-Sectorial-Indicadores-Oct-2025.pdf,2-3,produccion_industrial_ivf_rama,24AA,Fabricación de metales comunes.,2014,anio,154.0,indice_2018_100
ciu,6_Evolucion-Sectorial-Indicadores-Oct-2025.pdf,2-3,produccion_industrial_ivf_rama,24AA,Fabricación de metales comunes.,2015,anio,135.0,indice_2018_100
ciu,6_Evolucion-Sectorial-Indicadores-Oct-2025.pdf,2-3,produccion_industrial_ivf_rama,24AA,Fabricación de metales comunes.,2016,anio,142.0,indice_2018_100
ciu,6_Evolucion-Sectorial-Indicadores-Oct-2025.pdf,2-3,produccion_industrial_ivf_rama,24AA,Fabricación de metales comunes.,2017,anio,140.0,indice_2018_100
ciu,6_Evolucion-Sectorial-Indicadores-Oct-2025.pdf,2-3,produccion_industrial_ivf_rama,24AA,Fabricación de metales comunes.,2018,anio,100.0,indice_2018_100
ciu,6_Evolucion-Sectorial-Indicadores-Oct-2025.pdf,2-3,produccion_industrial_ivf_rama,24AA,Fabricación de metales comunes.,2019,anio,91.0,indice_2018_100
ciu,6_Evolucion-Sectorial-Indicadores-Oct-2025.pdf,2-3,produccion_industrial_ivf_rama,24AA,Fabricación de metales comunes.,2020,anio,86.0,indice_2018_100
ciu,6_Evolucion-Sectorial-Indicadores-Oct-2025.pdf,2-3,produccion_industrial_ivf_rama,24AA,Fabricación de metales comunes.,2021,anio,102.0,indice_2018_100
ciu,6_Evolucion-Sectorial-Indicadores-Oct-2025.pdf,2-3,produccion_industrial_ivf_rama,24AA,Fabricación de metales comunes.,2022,anio,87.0,indice_2018_100
ciu,6_Evolucion-Sectorial-Indicadores-Oct-2025.pdf,2-3,produccion_industrial_ivf_rama,24AA,Fabricación de metales comunes.,2023,anio,73.0,indice_2018_100
ciu,6_Evolucion-Sectorial-Indicadores-Oct-2025.pdf,2-3,produccion_industrial_ivf_rama,24AA,Fabricación de metales comunes.,2024,anio,66.0,indice_2018_100
ciu,6_Evolucion-Sectorial-Indicadores-Oct-2025.pdf,2-3,produccion_industrial_ivf_rama,24AA,Fabricación de metales comunes.,2025,ene_jul,64.0,indice_2018_100
ciu,6_Evolucion-Sectorial-Indicadores-Oct-2025.pdf,2-3,produccion_industrial_ivf_rama,251A,Fabricación de productos metálicos para uso estructural.,2014,anio,127.0,indice_2018_100
ciu,6_Evolucion-Sectorial-Indicadores-Oct-2025.pdf,2-3,produccion_industrial_ivf_rama,251A,Fabricación de productos metálicos para uso estructural.,2015,anio,111.0,indice_2018_100
ciu,6_Evolucion-Sectorial-Indicadores-Oct-2025.pdf,2-3,produccion_industrial_ivf_rama,251A,Fabricación de productos metálicos para uso estructural.,2016,anio,127.0,indice_2018_100
ciu,6_Evolucion-Sectorial-Indicadores-Oct-2025.pdf,2-3,produccion_industrial_ivf_rama,251A,Fabricación de productos metálicos para uso estructural.,2017,anio,119.0,indice_2018_100
ciu,6_Evolucion-Sectorial-Indicadores-Oct-2025.pdf,2-3,produccion_industrial_ivf_rama,251A,Fabricación de productos metálicos para uso estructural.,2018,anio,100.0,indice_2018_100
ciu,6_Evolucion-Sectorial-Indicadores-Oct-2025.pdf,2-3,produccion_industrial_ivf_rama,251A,Fabricación de productos metálicos para uso estructural.,2019,anio,96.0,indice_2018_100
ciu,6_Evolucion-Sectorial-Indicadores-Oct-2025.pdf,2-3,produccion_industrial_ivf_rama,251A,Fabricación de productos metálicos para uso estructural.,2020,anio,94.0,indice_2018_100
ciu,6_Evolucion-Sectorial-Indicadores-Oct-2025.pdf,2-3,produccion_industrial_ivf_rama,251A,Fabricación de productos metálicos para uso estructural.,2021,anio,104.0,indice_2018_100
ciu,6_Evolucion-Sectorial-Indicadores-Oct-2025.pdf,2-3,produccion_industrial_ivf_rama,251A,Fabricación de productos metálicos para uso estructural.,2022,anio,87.0,indice_2018_100
ciu,6_Evolucion-Sectorial-Indicadores-Oct-2025.pdf,2-3,produccion_industrial_ivf_rama,251A,Fabricación de productos metálicos para uso estructural.,2023,anio,70.0,indice_2018_100
ciu,6_Evolucion-Sectorial-Indicadores-Oct-2025.pdf,2-3,produccion_industrial_ivf_rama,251A,Fabricación de productos metálicos para uso estructural.,2024,anio,65.0,indice_2018_100
ciu,6_Evolucion-Sectorial-Indicadores-Oct-2025.pdf,2-3,produccion_industrial_ivf_rama,251A,Fabricación de productos metálicos para uso estructural.,2025,ene_jul,72.0,indice_2018_100
ciu,6_Evolucion-Sectorial-Indicadores-Oct-2025.pdf,2-3,produccion_industrial_ivf_rama,259A,Fabricación de otros productos elaborados de metal.,2014,anio,123.0,indice_2018_100
ciu,6_Evolucion-Sectorial-Indicadores-Oct-2025.pdf,2-3,produccion_industrial_ivf_rama,259A,Fabricación de otros productos elaborados de metal.,2015,anio,97.0,indice_2018_100
ciu,6_Evolucion-Sectorial-Indicadores-Oct-2025.pdf,2-3,produccion_industrial_ivf_rama,259A,Fabricación de otros productos elaborados de metal.,2016,anio,93.0,indice_2018_100
ciu,6_Evolucion-Sectorial-Indicadores-Oct-2025.pdf,2-3,produccion_industrial_ivf_rama,259A,Fabricación de otros productos elaborados de metal.,2017,anio,98.0,indice_2018_100
ciu,6_Evolucion-Sectorial-Indicadores-Oct-2025.pdf,2-3,produccion_industrial_ivf_rama,259A,Fabricación de otros productos elaborados de metal.,2018,anio,100.0,indice_2018_100
ciu,6_Evolucion-Sectorial-Indicadores-Oct-2025.pdf,2-3,produccion_industrial_ivf_rama,259A,Fabricación de otros productos elaborados de metal.,2019,anio,107.0,indice_2018_100
ciu,6_Evolucion-Sectorial-Indicadores-Oct-2025.pdf,2-3,produccion_industrial_ivf_rama,259A,Fabricación de otros productos elaborados de metal.,2020,anio,100.0,indice_2018_100
ciu,6_Evolucion-Sectorial-Indicadores-Oct-2025.pdf,2-3,produccion_industrial_ivf_rama,259A,Fabricación de otros productos elaborados de metal.,2021,anio,113.0,indice_2018_100
ciu,6_Evolucion-Sectorial-Indicadores-Oct-2025.pdf,2-3,produccion_industrial_ivf_rama,259A,Fabricación de otros productos elaborados de metal.,2022,anio,95.0,indice_2018_100
ciu,6_Evolucion-Sectorial-Indicadores-Oct-2025.pdf,2-3,produccion_industrial_ivf_rama,259A,Fabricación de otros productos elaborados de metal.,2023,anio,84.0,indice_2018_100
ciu,6_Evolucion-Sectorial-Indicadores-Oct-2025.pdf,2-3,produccion_industrial_ivf_rama,259A,Fabricación de otros productos elaborados de metal.,2024,anio,79.0,indice_2018_100
ciu,6_Evolucion-Sectorial-Indicadores-Oct-2025.pdf,2-3,produccion_industrial_ivf_rama,259A,Fabricación de otros productos elaborados de metal.,2025,ene_jul,66.0,indice_2018_100
ciu,6_Evolucion-Sectorial-Indicadores-Oct-2025.pdf,2-3,produccion_industrial_ivf_rama,26AA,"Fabricación de los productos informáticos, electrónicos y ópticos.",2014,anio,51.0,indice_2018_100
ciu,6_Evolucion-Sectorial-Indicadores-Oct-2025.pdf,2-3,produccion_industrial_ivf_rama,26AA,"Fabricación de los productos informáticos, electrónicos y ópticos.",2015,anio,94.0,indice_2018_100
ciu,6_Evolucion-Sectorial-Indicadores-Oct-2025.pdf,2-3,produccion_industrial_ivf_rama,26AA,"Fabricación de los productos informáticos, electrónicos y ópticos.",2016,anio,95.0,indice_2018_100
ciu,6_Evolucion-Sectorial-Indicadores-Oct-2025.pdf,2-3,produccion_industrial_ivf_rama,26AA,"Fabricación de los productos informáticos, electrónicos y ópticos.",2017,anio,91.0,indice_2018_100
ciu,6_Evolucion-Sectorial-Indicadores-Oct-2025.pdf,2-3,produccion_industrial_ivf_rama,26AA,"Fabricación de los productos informáticos, electrónicos y ópticos.",2018,anio,100.0,indice_2018_100
ciu,6_Evolucion-Sectorial-Indicadores-Oct-2025.pdf,2-3,produccion_industrial_ivf_rama,26AA,"Fabricación de los productos informáticos, electrónicos y ópticos.",2019,anio,107.0,indice_2018_100
ciu,6_Evolucion-Sectorial-Indicadores-Oct-2025.pdf,2-3,produccion_industrial_ivf_rama,26AA,"Fabricación de los productos informáticos, electrónicos y ópticos.",2020,anio,48.0,indice_2018_100
ciu,6_Evolucion-Sectorial-Indicadores-Oct-2025.pdf,2-3,produccion_industrial_ivf_rama,26AA,"Fabricación de los productos informáticos, electrónicos y ópticos.",2021,anio,51.0,indice_2018_100
ciu,6_Evolucion-Sectorial-Indicadores-Oct-2025.pdf,2-3,produccion_industrial_ivf_rama,26AA,"Fabricación de los productos informáticos, electrónicos y ópticos.",2022,anio,57.0,indice_2018_100
ciu,6_Evolucion-Sectorial-Indicadores-Oct-2025.pdf,2-3,produccion_industrial_ivf_rama,26AA,"Fabricación de los productos informáticos, electrónicos y ópticos.",2023,anio,73.0,indice_2018_100
ciu,6_Evolucion-Sectorial-Indicadores-Oct-2025.pdf,2-3,produccion_industrial_ivf_rama,26AA,"Fabricación de los productos informáticos, electrónicos y ópticos.",2024,anio,91.0,indice_2018_100
ciu,6_Evolucion-Sectorial-Indicadores-Oct-2025.pdf,2-3,produccion_industrial_ivf_rama,26AA,"Fabricación de los productos informáticos, electrónicos y ópticos.",2025,ene_jul,91.0,indice_2018_100
ciu,6_Evolucion-Sectorial-Indicadores-Oct-2025.pdf,2-3,produccion_industrial_ivf_rama,27AA,Fabricación de equipo eléctrico.,2014,anio,90.0,indice_2018_100
ciu,6_Evolucion-Sectorial-Indicadores-Oct-2025.pdf,2-3,produccion_industrial_ivf_rama,27AA,Fabricación de equipo eléctrico.,2015,anio,103.0,indice_2018_100
ciu,6_Evolucion-Sectorial-Indicadores-Oct-2025.pdf,2-3,produccion_industrial_ivf_rama,27AA,Fabricación de equipo eléctrico.,2016,anio,84.0,indice_2018_100
ciu,6_Evolucion-Sectorial-Indicadores-Oct-2025.pdf,2-3,produccion_industrial_ivf_rama,27AA,Fabricación de equipo eléctrico.,2017,anio,71.0,indice_2018_100
ciu,6_Evolucion-Sectorial-Indicadores-Oct-2025.pdf,2-3,produccion_industrial_ivf_rama,27AA,Fabricación de equipo eléctrico.,2018,anio,100.0,indice_2018_100
ciu,6_Evolucion-Sectorial-Indicadores-Oct-2025.pdf,2-3,produccion_industrial_ivf_rama,27AA,Fabricación de equipo eléctrico.,2019,anio,105.0,indice_2018_100
ciu,6_Evolucion-Sectorial-Indicadores-Oct-2025.pdf,2-3,produccion_industrial_ivf_rama,27AA,Fabricación de equipo eléctrico.,2020,anio,87.0,indice_2018_100
ciu,6_Evolucion-Sectorial-Indicadores-Oct-2025.pdf,2-3,produccion_industrial_ivf_rama,27AA,Fabricación de equipo eléctrico.,2021,anio,104.0,indice_2018_100
ciu,6_Evolucion-Sectorial-Indicadores-Oct-2025.pdf,2-3,produccion_industrial_ivf_rama,27AA,Fabricación de equipo eléctrico.,2022,anio,111.0,indice_2018_100
ciu,6_Evolucion-Sectorial-Indicadores-Oct-2025.pdf,2-3,produccion_industrial_ivf_rama,27AA,Fabricación de equipo eléctrico.,2023,anio,107.0,indice_2018_100
ciu,6_Evolucion-Sectorial-Indicadores-Oct-2025.pdf,2-3,produccion_industrial_ivf_rama,27AA,Fabricación de equipo eléctrico.,2024,anio,96.0,indice_2018_100
ciu,6_Evolucion-Sectorial-Indicadores-Oct-2025.pdf,2-3,produccion_industrial_ivf_rama,27AA,Fabricación de equipo eléctrico.,2025,ene_jul,95.0,indice_2018_100
ciu,6_Evolucion-Sectorial-Indicadores-Oct-2025.pdf,2-3,produccion_industrial_ivf_rama,28AA,Fabricación de la maquinaria y equipo n.c.p.,2014,anio,109.0,indice_2018_100
ciu,6_Evolucion-Sectorial-Indicadores-Oct-2025.pdf,2-3,produccion_industrial_ivf_rama,28AA,Fabricación de la maquinaria y equipo n.c.p.,2015,anio,72.0,indice_2018_100
ciu,6_Evolucion-Sectorial-Indicadores-Oct-2025.pdf,2-3,produccion_industrial_ivf_rama,28AA,Fabricación de la maquinaria y equipo n.c.p.,2016,anio,72.0,indice_2018_100
ciu,6_Evolucion-Sectorial-Indicadores-Oct-2025.pdf,2-3,produccion_industrial_ivf_rama,28AA,Fabricación de la maquinaria y equipo n.c.p.,2017,anio,81.0,indice_2018_100
ciu,6_Evolucion-Sectorial-Indicadores-Oct-2025.pdf,2-3,produccion_industrial_ivf_rama,28AA,Fabricación de la maquinaria y equipo n.c.p.,2018,anio,100.0,indice_2018_100
ciu,6_Evolucion-Sectorial-Indicadores-Oct-2025.pdf,2-3,produccion_industrial_ivf_rama,28AA,Fabricación de la maquinaria y equipo n.c.p.,2019,anio,102.0,indice_2018_100
ciu,6_Evolucion-Sectorial-Indicadores-Oct-2025.pdf,2-3,produccion_industrial_ivf_rama,28AA,Fabricación de la maquinaria y equipo n.c.p.,2020,anio,115.0,indice_2018_100
ciu,6_Evolucion-Sectorial-Indicadores-Oct-2025.pdf,2-3,produccion_industrial_ivf_rama,28AA,Fabricación de la maquinaria y equipo n.c.p.,2021,anio,153.0,indice_2018_100
ciu,6_Evolucion-Sectorial-Indicadores-Oct-2025.pdf,2-3,produccion_industrial_ivf_rama,28AA,Fabricación de la maquinaria y equipo n.c.p.,2022,anio,135.0,indice_2018_100
ciu,6_Evolucion-Sectorial-Indicadores-Oct-2025.pdf,2-3,produccion_industrial_ivf_rama,28AA,Fabricación de la maquinaria y equipo n.c.p.,2023,anio,162.0,indice_2018_100
ciu,6_Evolucion-Sectorial-Indicadores-Oct-2025.pdf,2-3,produccion_industrial_ivf_rama,28AA,Fabricación de la maquinaria y equipo n.c.p.,2024,anio,129.0,indice_2018_100
ciu,6_Evolucion-Sectorial-Indicadores-Oct-2025.pdf,2-3,produccion_industrial_ivf_rama,28AA,Fabricación de la maquinaria y equipo n.c.p.,2025,ene_jul,128.0,indice_2018_100
ciu,6_Evolucion-Sectorial-Indicadores-Oct-2025.pdf,2-3,produccion_industrial_ivf_rama,29AA,"Fabricación de vehículos automotores, remolques y semiremolques.",2014,anio,189.0,indice_2018_100
ciu,6_Evolucion-Sectorial-Indicadores-Oct-2025.pdf,2-3,produccion_industrial_ivf_rama,29AA,"Fabricación de vehículos automotores, remolques y semiremolques.",2015,anio,126.0,indice_2018_100
ciu,6_Evolucion-Sectorial-Indicadores-Oct-2025.pdf,2-3,produccion_industrial_ivf_rama,29AA,"Fabricación de vehículos automotores, remolques y semiremolques.",2016,anio,30.0,indice_2018_100
ciu,6_Evolucion-Sectorial-Indicadores-Oct-2025.pdf,2-3,produccion_industrial_ivf_rama,29AA,"Fabricación de vehículos automotores, remolques y semiremolques.",2017,anio,81.0,indice_2018_100
ciu,6_Evolucion-Sectorial-Indicadores-Oct-2025.pdf,2-3,produccion_industrial_ivf_rama,29AA,"Fabricación de vehículos automotores, remolques y semiremolques.",2018,anio,100.0,indice_2018_100
ciu,6_Evolucion-Sectorial-Indicadores-Oct-2025.pdf,2-3,produccion_industrial_ivf_rama,29AA,"Fabricación de vehículos automotores, remolques y semiremolques.",2019,anio,103.0,indice_2018_100
ciu,6_Evolucion-Sectorial-Indicadores-Oct-2025.pdf,2-3,produccion_industrial_ivf_rama,29AA,"Fabricación de vehículos automotores, remolques y semiremolques.",2020,anio,62.0,indice_2018_100
ciu,6_Evolucion-Sectorial-Indicadores-Oct-2025.pdf,2-3,produccion_industrial_ivf_rama,29AA,"Fabricación de vehículos automotores, remolques y semiremolques.",2021,anio,139.0,indice_2018_100
ciu,6_Evolucion-Sectorial-Indicadores-Oct-2025.pdf,2-3,produccion_industrial_ivf_rama,29AA,"Fabricación de vehículos automotores, remolques y semiremolques.",2022,anio,283.0,indice_2018_100
ciu,6_Evolucion-Sectorial-Indicadores-Oct-2025.pdf,2-3,produccion_industrial_ivf_rama,29AA,"Fabricación de vehículos automotores, remolques y semiremolques.",2023,anio,235.0,indice_2018_100
ciu,6_Evolucion-Sectorial-Indicadores-Oct-2025.pdf,2-3,produccion_industrial_ivf_rama,29AA,"Fabricación de vehículos automotores, remolques y semiremolques.",2024,anio,204.0,indice_2018_100
ciu,6_Evolucion-Sectorial-Indicadores-Oct-2025.pdf,2-3,produccion_industrial_ivf_rama,29AA,"Fabricación de vehículos automotores, remolques y semiremolques.",2025,ene_jul,234.0,indice_2018_100
ciu,6_Evolucion-Sectorial-Indicadores-Oct-2025.pdf,2-3,produccion_industrial_ivf_rama,3100,Fabricación de muebles.,2014,anio,155.0,indice_2018_100
ciu,6_Evolucion-Sectorial-Indicadores-Oct-2025.pdf,2-3,produccion_industrial_ivf_rama,3100,Fabricación de muebles.,2015,anio,143.0,indice_2018_100
ciu,6_Evolucion-Sectorial-Indicadores-Oct-2025.pdf,2-3,produccion_industrial_ivf_rama,3100,Fabricación de muebles.,2016,anio,123.0,indice_2018_100
ciu,6_Evolucion-Sectorial-Indicadores-Oct-2025.pdf,2-3,produccion_industrial_ivf_rama,3100,Fabricación de muebles.,2017,anio,121.0,indice_2018_100
ciu,6_Evolucion-Sectorial-Indicadores-Oct-2025.pdf,2-3,produccion_industrial_ivf_rama,3100,Fabricación de muebles.,2018,anio,100.0,indice_2018_100
ciu,6_Evolucion-Sectorial-Indicadores-Oct-2025.pdf,2-3,produccion_industrial_ivf_rama,3100,Fabricación de muebles.,2019,anio,89.0,indice_2018_100
ciu,6_Evolucion-Sectorial-Indicadores-Oct-2025.pdf,2-3,produccion_industrial_ivf_rama,3100,Fabricación de muebles.,2020,anio,86.0,indice_2018_100
ciu,6_Evolucion-Sectorial-Indicadores-Oct-2025.pdf,2-3,produccion_industrial_ivf_rama,3100,Fabricación de muebles.,2021,anio,89.0,indice_2018_100
ciu,6_Evolucion-Sectorial-Indicadores-Oct-2025.pdf,2-3,produccion_industrial_ivf_rama,3100,Fabricación de muebles.,2022,anio,88.0,indice_2018_100
ciu,6_Evolucion-Sectorial-Indicadores-Oct-2025.pdf,2-3,produccion_industrial_ivf_rama,3100,Fabricación de muebles.,2023,anio,91.0,indice_2018_100
ciu,6_Evolucion-Sectorial-Indicadores-Oct-2025.pdf,2-3,produccion_industrial_ivf_rama,3100,Fabricación de muebles.,2024,anio,98.0,indice_2018_100
ciu,6_Evolucion-Sectorial-Indicadores-Oct-2025.pdf,2-3,produccion_industrial_ivf_rama,3100,Fabricación de muebles.,2025,ene_jul,86.0,indice_2018_100
ciu,6_Evolucion-Sectorial-Indicadores-Oct-2025.pdf,2-3,produccion_industrial_ivf_rama,32AA,Otras industrias manufactureras.,2014,anio,,indice_2018_100
ciu,6_Evolucion-Sectorial-Indicadores-Oct-2025.pdf,2-3,produccion_industrial_ivf_rama,32AA,Otras industrias manufactureras.,2015,anio,,indice_2018_100
ciu,6_Evolucion-Sectorial-Indicadores-Oct-2025.pdf,2-3,produccion_industrial_ivf_rama,32AA,Otras industrias manufactureras.,2016,anio,,indice_2018_100
ciu,6_Evolucion-Sectorial-Indicadores-Oct-2025.pdf,2-3,produccion_industrial_ivf_rama,32AA,Otras industrias manufactureras.,2017,anio,,indice_2018_100
ciu,6_Evolucion-Sectorial-Indicadores-Oct-2025.pdf,2-3,produccion_industrial_ivf_rama,32AA,Otras industrias manufactureras.,2018,anio,100.0,indice_2018_100
ciu,6_Evolucion-Sectorial-Indicadores-Oct-2025.pdf,2-3,produccion_industrial_ivf_rama,32AA,Otras industrias manufactureras.,2019,anio,86.0,indice_2018_100
ciu,6_Evolucion-Sectorial-Indicadores-Oct-2025.pdf,2-3,produccion_industrial_ivf_rama,32AA,Otras industrias manufactureras.,2020,anio,95.0,indice_2018_100
ciu,6_Evolucion-Sectorial-Indicadores-Oct-2025.pdf,2-3,produccion_industrial_ivf_rama,32AA,Otras industrias manufactureras.,2021,anio,90.0,indice_2018_100
ciu,6_Evolucion-Sectorial-Indicadores-Oct-2025.pdf,2-3,produccion_industrial_ivf_rama,32AA,Otras industrias manufactureras.,2022,anio,83.0,indice_2018_100
ciu,6_Evolucion-Sectorial-Indicadores-Oct-2025.pdf,2-3,produccion_industrial_ivf_rama,32AA,Otras industrias manufactureras.,2023,anio,78.0,indice_2018_100
ciu,6_Evolucion-Sectorial-Indicadores-Oct-2025.pdf,2-3,produccion_industrial_ivf_rama,32AA,Otras industrias manufactureras.,2024,anio,80.0,indice_2018_100
ciu,6_Evolucion-Sectorial-Indicadores-Oct-2025.pdf,2-3,produccion_industrial_ivf_rama,32AA,Otras industrias manufactureras.,2025,ene_jul,81.0,indice_2018_100
ciu,6_Evolucion-Sectorial-Indicadores-Oct-2025.pdf,2-3,produccion_industrial_ivf_rama,331A,Reparación de productos elaborados de metal; equipos eléctricos; equipos de transporte.,2014,anio,,indice_2018_100
ciu,6_Evolucion-Sectorial-Indicadores-Oct-2025.pdf,2-3,produccion_industrial_ivf_rama,331A,Reparación de productos elaborados de metal; equipos eléctricos; equipos de transporte.,2015,anio,,indice_2018_100
ciu,6_Evolucion-Sectorial-Indicadores-Oct-2025.pdf,2-3,produccion_industrial_ivf_rama,331A,Reparación de productos elaborados de metal; equipos eléctricos; equipos de transporte.,2016,anio,,indice_2018_100
ciu,6_Evolucion-Sectorial-Indicadores-Oct-2025.pdf,2-3,produccion_industrial_ivf_rama,331A,Reparación de productos elaborados de metal; equipos eléctricos; equipos de transporte.,2017,anio,,indice_2018_100
ciu,6_Evolucion-Sectorial-Indicadores-Oct-2025.pdf,2-3,produccion_industrial_ivf_rama,331A,Reparación de productos elaborados de metal; equipos eléctricos; equipos de transporte.,2018,anio,100.0,indice_2018_100
ciu,6_Evolucion-Sectorial-Indicadores-Oct-2025.pdf,2-3,produccion_industrial_ivf_rama,331A,Reparación de productos elaborados de metal; equipos eléctricos; equipos de transporte.,2019,anio,94.0,indice_2018_100
ciu,6_Evolucion-Sectorial-Indicadores-Oct-2025.pdf,2-3,produccion_industrial_ivf_rama,331A,Reparación de productos elaborados de metal; equipos eléctricos; equipos de transporte.,2020,anio,84.0,indice_2018_100
ciu,6_Evolucion-Sectorial-Indicadores-Oct-2025.pdf,2-3,produccion_industrial_ivf_rama,331A,Reparación de productos elaborados de metal; equipos eléctricos; equipos de transporte.,2021,anio,73.0,indice_2018_100
ciu,6_Evolucion-Sectorial-Indicadores-Oct-2025.pdf,2-3,produccion_industrial_ivf_rama,331A,Reparación de productos elaborados de metal; equipos eléctricos; equipos de transporte.,2022,anio,84.0,indice_2018_100
ciu,6_Evolucion-Sectorial-Indicadores-Oct-2025.pdf,2-3,produccion_industrial_ivf_rama,331A,Reparación de productos elaborados de metal; equipos eléctricos; equipos de transporte.,2023,anio,53.0,indice_2018_100
ciu,6_Evolucion-Sectorial-Indicadores-Oct-2025.pdf,2-3,produccion_industrial_ivf_rama,331A,Reparación de productos elaborados de metal; equipos eléctricos; equipos de transporte.,2024,anio,46.0,indice_2018_100
ciu,6_Evolucion-Sectorial-Indicadores-Oct-2025.pdf,2-3,produccion_industrial_ivf_rama,331A,Reparación de productos elaborados de metal; equipos eléctricos; equipos de transporte.,2025,ene_jul,38.0,indice_2018_100
ciu,6_Evolucion-Sectorial-Indicadores-Oct-2025.pdf,2-3,produccion_industrial_ivf_rama,3312,Reparación de maquinaria.,2014,anio,,indice_2018_100
ciu,6_Evolucion-Sectorial-Indicadores-Oct-2025.pdf,2-3,produccion_industrial_ivf_rama,3312,Reparación de maquinaria.,2015,anio,,indice_2018_100
ciu,6_Evolucion-Sectorial-Indicadores-Oct-2025.pdf,2-3,produccion_industrial_ivf_rama,3312,Reparación de maquinaria.,2016,anio,,indice_2018_100
ciu,6_Evolucion-Sectorial-Indicadores-Oct-2025.pdf,2-3,produccion_industrial_ivf_rama,3312,Reparación de maquinaria.,2017,anio,,indice_2018_100
ciu,6_Evolucion-Sectorial-Indicadores-Oct-2025.pdf,2-3,produccion_industrial_ivf_rama,3312,Reparación de maquinaria.,2018,anio,100.0,indice_2018_100
ciu,6_Evolucion-Sectorial-Indicadores-Oct-2025.pdf,2-3,produccion_industrial_ivf_rama,3312,Reparación de maquinaria.,2019,anio,96.0,indice_2018_100
ciu,6_Evolucion-Sectorial-Indicadores-Oct-2025.pdf,2-3,produccion_industrial_ivf_rama,3312,Reparación de maquinaria.,2020,anio,95.0,indice_2018_100
ciu,6_Evolucion-Sectorial-Indicadores-Oct-2025.pdf,2-3,produccion_industrial_ivf_rama,3312,Reparación de maquinaria.,2021,anio,101.0,indice_2018_100
ciu,6_Evolucion-Sectorial-Indicadores-Oct-2025.pdf,2-3,produccion_industrial_ivf_rama,3312,Reparación de maquinaria.,2022,anio,111.0,indice_2018_100
ciu,6_Evolucion-Sectorial-Indicadores-Oct-2025.pdf,2-3,produccion_industrial_ivf_rama,3312,Reparación de maquinaria.,2023,anio,133.0,indice_2018_100
ciu,6_Evolucion-Sectorial-Indicadores-Oct-2025.pdf,2-3,produccion_industrial_ivf_rama,3312,Reparación de maquinaria.,2024,anio,115.0,indice_2018_100
ciu,6_Evolucion-Sectorial-Indicadores-Oct-2025.pdf,2-3,produccion_industrial_ivf_rama,3312,Reparación de maquinaria.,2025,ene_jul,113.0,indice_2018_100
ciu,6_Evolucion-Sectorial-Indicadores-Oct-2025.pdf,2-3,produccion_industrial_ivf_rama,3320,Instalación de maquinaria y equipo industrial.,2014,anio,,indice_2018_100
ciu,6_Evolucion-Sectorial-Indicadores-Oct-2025.pdf,2-3,produccion_industrial_ivf_rama,3320,Instalación de maquinaria y equipo industrial.,2015,anio,,indice_2018_100
ciu,6_Evolucion-Sectorial-Indicadores-Oct-2025.pdf,2-3,produccion_industrial_ivf_rama,3320,Instalación de maquinaria y equipo industrial.,2016,anio,,indice_2018_100
ciu,6_Evolucion-Sectorial-Indicadores-Oct-2025.pdf,2-3,produccion_industrial_ivf_rama,3320,Instalación de maquinaria y equipo industrial.,2017,anio,,indice_2018_100
ciu,6_Evolucion-Sectorial-Indicadores-Oct-2025.pdf,2-3,produccion_industrial_ivf_rama,3320,Instalación de maquinaria y equipo industrial.,2018,anio,100.0,indice_2018_100
ciu,6_Evolucion-Sectorial-Indicadores-Oct-2025.pdf,2-3,produccion_industrial_ivf_rama,3320,Instalación de maquinaria y equipo industrial.,2019,anio,18.0,indice_2018_100
ciu,6_Evolucion-Sectorial-Indicadores-Oct-2025.pdf,2-3,produccion_industrial_ivf_rama,3320,Instalación de maquinaria y equipo industrial.,2020,anio,7.0,indice_2018_100
ciu,6_Evolucion-Sectorial-Indicadores-Oct-2025.pdf,2-3,produccion_industrial_ivf_rama,3320,Instalación de maquinaria y equipo industrial.,2021,anio,6.0,indice_2018_100
ciu,6_Evolucion-Sectorial-Indicadores-Oct-2025.pdf,2-3,produccion_industrial_ivf_rama,3320,Instalación de maquinaria y equipo industrial.,2022,anio,16.0,indice_2018_100
ciu,6_Evolucion-Sectorial-Indicadores-Oct-2025.pdf,2-3,produccion_industrial_ivf_rama,3320,Instalación de maquinaria y equipo industrial.,2023,anio,11.0,indice_2018_100
ciu,6_Evolucion-Sectorial-Indicadores-Oct-2025.pdf,2-3,produccion_industrial_ivf_rama,3320,Instalación de maquinaria y equipo industrial.,2024,anio,15.0,indice_2018_100
ciu,6_Evolucion-Sectorial-Indicadores-Oct-2025.pdf,2-3,produccion_industrial_ivf_rama,3320,Instalación de maquinaria y equipo industrial.,2025,ene_jul,10.0,indice_2018_100
