anno,seccion_homologada,ciiu_version,codigo_rama_original,nivel_codigo,nivel_agregacion,descripcion_rama,consumo_capital_fijo,consumo_combustibles_diesel_oil,consumo_combustibles_fuel_oil,consumo_combustibles_gas_oil,consumo_combustibles_lenia,consumo_combustibles_nafta,consumo_combustibles_resto,consumo_combustibles_total,consumo_intermedio,devolucion_impuestos,excedente_explotacion,fbcf,fbkf_edificios_construcciones,fbkf_herramientas,fbkf_maq_eq,fbkf_muebles_enseres,fbkf_otros,fbkf_vehiculos_transporte,imesi,impuesto_sueldos,impuestos_indirectos_total,impuestos_netos,iva_compras_deducibles,iva_compras_importado,iva_compras_no_deducibles,iva_compras_plaza,iva_compras_total,iva_neto,iva_sobre_ventas,otros_impuestos,remuneraciones,vab_corriente,vbp_corriente,ventas_pais_gobierno,ventas_pais_mayorista,ventas_pais_minorista,ventas_pais_otras_empresas,ventas_pais_publico_general,ventas_pais_total,adquisiciones_activo_fijo_total,adquisiciones_en_plaza,adquisiciones_importadas,adquisiciones_total,compras_materias_primas_en_plaza,compras_materias_primas_importadas,compras_materias_primas_total,construccion_cuenta_propia,disposiciones_activo_fijo,variacion_existencias,variacion_existencias_envases_embalajes,variacion_existencias_materias_primas,variacion_existencias_mercaderias_reventa,variacion_existencias_productos_en_proceso,variacion_existencias_productos_terminados,variacion_existencias_repuestos_accesorios,ventas_pais_empresas_publicas,ventas_pais_empresas_zonas_francas,ventas_pais_gobiernos,ventas_pais_otras_empresas_privadas,ventas_pais_otros
1989,C,Rev.2,3,1,industria_total,INDUSTRIAS MANUFACTURERAS,85195000,959218,28745701,6865884,9505163,3974789,4858607,54909362,2023214000,21253177,482256000,99709338,14765338,1097747,50535118,4843737,17429385,11038013,159248208,3656091,286393861,265141000,226029905,55497445,6775022,177307492,232804928,113491167,339521083,9998395,461688000,1294280000,3317494000,99676000,1135297000,519755000,407256000,144703000,2306686000,,,,,,,,,,,,,,,,,,,,,
1989,C,Rev.2,31,2,division_2_digitos,PRODUCTOS ALIMENT.BEBIDAS Y TABACO,27375000,176220,4006232,3383398,5386954,1238997,1573455,15765256,779308000,11953008,157129000,34531295,8303514,112274,18998905,1477822,1961292,3677488,61595832,1066062,108773393,96820000,62307776,5821411,2397462,58883827,64705237,42105033,104412811,4006466,144974000,426298000,1205606000,13081000,432278000,238505000,61380000,69568000,814813000,,,,,,,,,,,,,,,,,,,,,
1989,C,Rev.2,311,3,grupo_3_digitos,PRODUCTOS ALIMENTICIOS,20764000,147563,3175196,2716711,4098113,780914,1360308,12278805,637808000,11838279,106247000,21493297,6359564,64951,9654876,1009525,1203250,3201131,868916,779168,28917584,17079000,41979536,3077797,1834189,40735927,43813724,24237301,66216838,3032199,106992000,251082000,888890000,12518000,270018000,149510000,35511000,65476000,533033000,,,,,,,,,,,,,,,,,,,,,
1989,C,Rev.2,3111,4,clase_4_digitos,MATANZA Y PREPARAC CARNES Y AVES,4439000,5460,735918,597086,754935,148847,148693,2390939,281529000,4721796,26503000,9801848,3636099,12689,3818314,403537,700335,1230874,670573,269893,9193307,4472000,14391780,308177,772159,14855763,15163939,6693660,21085439,1559181,36805000,72219000,353748000,2295000,97955000,67050000,13969000,3943000,185212000,,,,,,,,,,,,,,,,,,,,,
1989,C,Rev.2,31111,5,subclase_5_digitos,Matanza de ganado.,3699000,3777,647564,389109,578544,137501,93503,1849998,242020000,4633762,21656000,8348574,3383821,109,3146855,68907,687634,1061248,642357,227108,4501640,-132000,10518646,125479,754871,11148039,11273517,2285131,12803778,1347044,31417000,56640000,298660000,2234000,59955000,54006000,13743000,2453000,132391000,,,,,,,,,,,,,,,,,,,,,
1989,C,Rev.2,31112,5,subclase_5_digitos,Preparación y conservación carnes,497000,1683,84599,173904,140067,7832,49464,457549,32157000,0,4066000,1428028,252278,12580,663576,334620,12701,152273,28216,35788,4073648,4074000,3562834,182698,17268,3397404,3580102,3805149,7367983,204495,4514000,13151000,45308000,61000,36489000,7308000,227000,1479000,45564000,,,,,,,,,,,,,,,,,,,,,
1989,C,Rev.2,31113,5,subclase_5_digitos,Matanza y preparación de aves.,243000,0,3755,34073,36324,3514,5726,83392,7352000,88034,780000,25246,0,0,7883,10,0,17353,0,6997,618019,530000,310300,0,20,310320,310320,603380,913678,7642,875000,2428000,9780000,0,1510000,5736000,0,11000,7257000,,,,,,,,,,,,,,,,,,,,,
1989,C,Rev.2,3112,4,clase_4_digitos,PRODUCTOS LACTEOS,3320000,0,1379633,425954,244806,113596,74827,2238816,82401000,1524576,18496000,3951214,888842,6113,1996271,105885,6917,947186,0,149047,4822124,3298000,4018509,784540,779586,4013556,4798096,4535043,8553551,138034,19220000,44334000,126735000,4250000,57299000,17135000,1807000,3971000,84462000,,,,,,,,,,,,,,,,,,,,,
1989,C,Rev.2,31120,5,subclase_5_digitos,Productos lácteos.,3320000,0,1379633,425954,244806,113596,74827,2238816,82401000,1524576,18496000,3951214,888842,6113,1996271,105885,6917,947186,0,149047,4822124,3298000,4018509,784540,779586,4013556,4798096,4535043,8553551,138034,19220000,44334000,126735000,4250000,57299000,17135000,1807000,3971000,84462000,,,,,,,,,,,,,,,,,,,,,
1989,C,Rev.2,3113,4,clase_4_digitos,ENVAS.Y CONSERVAC.FRUTAS-LEGUMBRES,927000,0,59888,26535,90168,23853,4680,205124,8463000,102533,-27000,242228,18524,1372,158290,18330,26080,19632,305,10635,512069,410000,986541,1589,15966,1000918,1002507,471844,1458385,29285,1967000,3277000,11740000,0,6577000,2174000,8000,0,8758000,,,,,,,,,,,,,,,,,,,,,
1989,C,Rev.2,31130,5,subclase_5_digitos,"Envas.y concervac.frutas,legumbres",927000,0,59888,26535,90168,23853,4680,205124,8463000,102533,-27000,242228,18524,1372,158290,18330,26080,19632,305,10635,512069,410000,986541,1589,15966,1000918,1002507,471844,1458385,29285,1967000,3277000,11740000,0,6577000,2174000,8000,0,8758000,,,,,,,,,,,,,,,,,,,,,
1989,C,Rev.2,3114,4,clase_4_digitos,ELABORACION DE PESCADO Y OTROS,3025000,67289,11180,230876,69718,4037,54209,437309,30992000,780741,8492000,871516,121377,27366,535024,202328,7234,-21813,6059,72166,-2252010,-3033000,3062117,43059,11055,3030113,3073172,-2355272,706847,25037,9113000,17597000,48589000,0,1049000,1367000,900000,922000,4238000,,,,,,,,,,,,,,,,,,,,,
1989,C,Rev.2,31140,5,subclase_5_digitos,"Elaboración de pescado, y otros.",3025000,67289,11180,230876,69718,4037,54209,437309,30992000,780741,8492000,871516,121377,27366,535024,202328,7234,-21813,6059,72166,-2252010,-3033000,3062117,43059,11055,3030113,3073172,-2355272,706847,25037,9113000,17597000,48589000,0,1049000,1367000,900000,922000,4238000,,,,,,,,,,,,,,,,,,,,,
1989,C,Rev.2,3115,4,clase_4_digitos,ACEITES Y GRASAS VEGET.Y ANIMALES.,1080000,0,170957,171546,392336,1780,85188,821807,26097000,354842,5002000,187794,4595,0,192082,4282,16516,-29681,0,24532,2739479,2385000,2327572,263391,36010,2100190,2363581,2583908,4911479,131039,2988000,11455000,37552000,130000,25667000,3267000,3742000,0,32805000,,,,,,,,,,,,,,,,,,,,,
1989,C,Rev.2,31150,5,subclase_5_digitos,Aceites y grasas veget.y animales,1080000,0,170957,171546,392336,1780,85188,821807,26097000,354842,5002000,187794,4595,0,192082,4282,16516,-29681,0,24532,2739479,2385000,2327572,263391,36010,2100190,2363581,2583908,4911479,131039,2988000,11455000,37552000,130000,25667000,3267000,3742000,0,32805000,,,,,,,,,,,,,,,,,,,,,
1989,C,Rev.2,3116,4,clase_4_digitos,"MOLINOS HARINEROS,ARROCEROS,YERBAT",3051000,0,3745,621791,92959,26247,26816,771558,117300000,4235003,21410000,2577731,582244,15451,983337,122580,38218,835901,9066,79188,3942104,-293000,4919622,984269,189879,4125229,5109499,3576546,8496169,277304,10512000,34680000,151980000,227000,35414000,18946000,13315000,6399000,74301000,,,,,,,,,,,,,,,,,,,,,
1989,C,Rev.2,31161,5,subclase_5_digitos,Molinos harineros.,946000,0,3745,389122,27841,13568,11679,445955,40246000,132498,7081000,1543865,232324,12420,501713,64705,36139,696564,9066,34769,4150432,4018000,1667043,64261,71086,1673866,1738127,4046658,5713701,59939,4791000,16836000,57082000,227000,18345000,16350000,12029000,6262000,53213000,,,,,,,,,,,,,,,,,,,,,
1989,C,Rev.2,31162,5,subclase_5_digitos,Molinos arroceros.,2008000,0,0,208597,62827,8104,10991,290519,67123000,4102505,13593000,929173,349920,2893,476235,51854,0,48271,0,40132,-428373,-4531000,2093313,49768,118772,2162317,2212085,-645141,1448172,176636,5186000,16256000,83379000,0,7298000,1037000,1181000,137000,9654000,,,,,,,,,,,,,,,,,,,,,
1989,C,Rev.2,31163,5,subclase_5_digitos,Molienda yerba mate.,96000,0,0,24072,2291,4575,4146,35084,9930000,0,738000,104693,0,138,5389,6021,2079,91066,0,4287,220045,220000,1159266,870240,21,289046,1159287,175029,1334296,40729,535000,1589000,11519000,0,9772000,1559000,104000,0,11435000,,,,,,,,,,,,,,,,,,,,,
1989,C,Rev.2,3117,4,clase_4_digitos,"PAN,REPOSTERIA,PASTAS,GALLETERIA",2641000,71582,623074,380880,1865229,362196,348430,3651391,58905000,0,17881000,2818147,506835,457,1737067,85173,375871,112744,1694,136943,6260928,6261000,9454896,136578,8607,9326926,9463504,5441794,14896690,680497,16752000,43535000,102440000,2917000,12189000,33108000,501000,50105000,98820000,,,,,,,,,,,,,,,,,,,,,
1989,C,Rev.2,31172,5,subclase_5_digitos,Fideerías y preparación de pastas.,186000,0,79505,50241,10737,30487,39109,210079,7728000,0,2362000,223943,94842,0,32079,25021,8061,63940,1694,15803,447924,448000,1138739,13489,924,1126174,1139663,377166,1515905,53261,1991000,4987000,12715000,864000,3366000,4770000,219000,2819000,12039000,,,,,,,,,,,,,,,,,,,,,
1989,C,Rev.2,31179,5,subclase_5_digitos,"Prod.panificados,gallet.repostería",2454000,71582,543569,330639,1854492,331709,309321,3441312,51176000,0,15521000,2594204,411993,457,1704988,60152,367810,48804,0,121140,5813004,5813000,8316157,123089,7683,8200752,8323841,5064628,13380785,627236,14761000,38549000,89725000,2052000,8823000,28339000,282000,47285000,86781000,,,,,,,,,,,,,,,,,,,,,
1989,C,Rev.2,3118,4,clase_4_digitos,INGENIOS Y REFINERIAS DE AZUCAR,2078000,0,64907,259089,587329,57866,561278,1530469,23143000,0,5291000,248912,-84258,594,187734,26539,21102,97201,176820,11668,2094721,2095000,1341392,260289,20736,1101839,1362128,1796084,3137476,110149,6468000,15932000,39075000,2375000,25474000,15000,387000,96000,28347000,,,,,,,,,,,,,,,,,,,,,
1989,C,Rev.2,31180,5,subclase_5_digitos,Ingenios y refinerías de azúcar.,2078000,0,64907,259089,587329,57866,561278,1530469,23143000,0,5291000,248912,-84258,594,187734,26539,21102,97201,176820,11668,2094721,2095000,1341392,260289,20736,1101839,1362128,1796084,3137476,110149,6468000,15932000,39075000,2375000,25474000,15000,387000,96000,28347000,,,,,,,,,,,,,,,,,,,,,
1989,C,Rev.2,3119,4,clase_4_digitos,"CACAO,CHOCOLATE Y CONFITURAS",203000,3232,125894,2954,633,42492,56187,231392,8979000,118788,3195000,793907,685306,909,46757,40871,10977,9087,4399,25096,1604862,1486000,1477107,295905,191,1181393,1477298,1493694,2970802,81673,3168000,8052000,17031000,325000,8394000,6448000,883000,40000,16090000,,,,,,,,,,,,,,,,,,,,,
1989,C,Rev.2,31190,5,subclase_5_digitos,"Cacao,chocolate y confituras",203000,3232,125894,2954,633,42492,56187,231392,8979000,118788,3195000,793907,685306,909,46757,40871,10977,9087,4399,25096,1604862,1486000,1477107,295905,191,1181393,1477298,1493694,2970802,81673,3168000,8052000,17031000,325000,8394000,6448000,883000,40000,16090000,,,,,,,,,,,,,,,,,,,,,
1989,C,Rev.2,312,3,grupo_3_digitos,ALIMENTOS DIVERSOS,1604000,8883,164110,172562,670555,24560,30543,1071213,42241000,689,20172000,1885645,137806,32476,993202,164470,200240,357451,0,82541,5165623,5165000,4522386,596978,115687,4041095,4638073,4798905,9321292,284177,11353000,38294000,80535000,397000,33248000,6115000,21552000,2215000,63527000,,,,,,,,,,,,,,,,,,,,,
1989,C,Rev.2,3121,4,clase_4_digitos,PRODUCTOS ALIMENTICIOS DIVERSOS,1396000,8883,164110,106010,652645,24244,26666,982558,30074000,689,15467000,1488758,78547,26588,714064,153951,200167,315441,0,74389,5649754,5649000,3489860,596978,38420,2931301,3528279,5354565,8844425,220800,10191000,32703000,62777000,308000,30468000,4790000,21489000,32000,57088000,,,,,,,,,,,,,,,,,,,,,
1989,C,Rev.2,31219,5,subclase_5_digitos,Productos alimenticios diversos,1396000,8883,164110,106010,652645,24244,26666,982558,30074000,689,15467000,1488758,78547,26588,714064,153951,200167,315441,0,74389,5649754,5649000,3489860,596978,38420,2931301,3528279,5354565,8844425,220800,10191000,32703000,62777000,308000,30468000,4790000,21489000,32000,57088000,,,,,,,,,,,,,,,,,,,,,
1989,C,Rev.2,3122,4,clase_4_digitos,RACIONES BALANCEADAS,209000,0,0,66552,17910,316,3877,88655,12167000,0,4703000,396887,59259,5888,279138,10519,73,42010,0,8152,-484131,-484000,1032526,0,77267,1109794,1109794,-555660,476867,63377,1162000,5590000,17757000,89000,2780000,1324000,63000,2183000,6440000,,,,,,,,,,,,,,,,,,,,,
1989,C,Rev.2,31220,5,subclase_5_digitos,Preparación raciones balanceadas,209000,0,0,66552,17910,316,3877,88655,12167000,0,4703000,396887,59259,5888,279138,10519,73,42010,0,8152,-484131,-484000,1032526,0,77267,1109794,1109794,-555660,476867,63377,1162000,5590000,17757000,89000,2780000,1324000,63000,2183000,6440000,,,,,,,,,,,,,,,,,,,,,
1989,C,Rev.2,313,3,grupo_3_digitos,INDUSTRIA DE BEBIDAS,3830000,19774,568563,460930,618286,425486,170906,2263945,85522000,114040,22070000,10776063,1775591,14340,8128037,270672,473997,113426,23274711,177296,38266497,38152000,14667221,1575819,51229,13142632,14718450,14140241,28807462,674249,22972000,87024000,172546000,166000,77998000,76411000,4317000,1878000,160770000,,,,,,,,,,,,,,,,,,,,,
1989,C,Rev.2,3131,4,clase_4_digitos,DEST.Y MEZCLA BEBIDAS ESPIRITUOSAS,605000,3337,492134,21908,17691,17455,5051,557576,16630000,0,-1851000,1481035,95277,103,1302887,5607,214,76947,7775330,20592,10630224,10630000,2617201,1131619,16327,1501909,2633528,2799039,5416240,35263,3262000,12646000,29276000,0,26246000,150000,3939000,0,30334000,,,,,,,,,,,,,,,,,,,,,
1989,C,Rev.2,31310,5,subclase_5_digitos,Dest.y mezcla bebidas espirituosas,605000,3337,492134,21908,17691,17455,5051,557576,16630000,0,-1851000,1481035,95277,103,1302887,5607,214,76947,7775330,20592,10630224,10630000,2617201,1131619,16327,1501909,2633528,2799039,5416240,35263,3262000,12646000,29276000,0,26246000,150000,3939000,0,30334000,,,,,,,,,,,,,,,,,,,,,
1989,C,Rev.2,3132,4,clase_4_digitos,INDUSTRIAS VINICOLAS,541000,0,0,279112,74118,52358,31056,436644,15645000,0,137000,7334270,1342036,8757,5741964,26108,0,215405,615499,22020,2517103,2517000,2643190,7348,0,2635843,2643190,1626869,4270058,252715,2521000,5716000,21361000,0,9284000,12369000,212000,316000,22181000,,,,,,,,,,,,,,,,,,,,,
1989,C,Rev.2,31320,5,subclase_5_digitos,Industrias vinícolas.,541000,0,0,279112,74118,52358,31056,436644,15645000,0,137000,7334270,1342036,8757,5741964,26108,0,215405,615499,22020,2517103,2517000,2643190,7348,0,2635843,2643190,1626869,4270058,252715,2521000,5716000,21361000,0,9284000,12369000,212000,316000,22181000,,,,,,,,,,,,,,,,,,,,,
1989,C,Rev.2,3133,4,clase_4_digitos,CERVECERIAS Y MALTERIAS,1313000,3530,14017,6515,417929,257496,95056,794543,16480000,114040,4103000,1254899,145990,4232,635962,74874,349336,44505,4358133,63211,7463597,7350000,2049656,92891,33802,1990567,2083458,2929735,4979391,112518,8066000,20832000,37312000,0,26567000,943000,0,0,27510000,,,,,,,,,,,,,,,,,,,,,
1989,C,Rev.2,31330,5,subclase_5_digitos,Cervecerías y malterías,1313000,3530,14017,6515,417929,257496,95056,794543,16480000,114040,4103000,1254899,145990,4232,635962,74874,349336,44505,4358133,63211,7463597,7350000,2049656,92891,33802,1990567,2083458,2929735,4979391,112518,8066000,20832000,37312000,0,26567000,943000,0,0,27510000,,,,,,,,,,,,,,,,,,,,,
1989,C,Rev.2,3134,4,clase_4_digitos,BEBIDAS SIN ALCOHOL,1372000,12907,62412,153395,108548,98177,39743,475182,36766000,0,19680000,705859,192288,1248,447224,164083,124447,-223431,10525749,71473,17655573,17656000,7357174,343961,1100,7014313,7358274,6784598,14141773,273753,9123000,47831000,84597000,166000,15901000,62950000,166000,1562000,80745000,,,,,,,,,,,,,,,,,,,,,
1989,C,Rev.2,31340,5,subclase_5_digitos,Bebidas sin alcohol,1372000,12907,62412,153395,108548,98177,39743,475182,36766000,0,19680000,705859,192288,1248,447224,164083,124447,-223431,10525749,71473,17655573,17656000,7357174,343961,1100,7014313,7358274,6784598,14141773,273753,9123000,47831000,84597000,166000,15901000,62950000,166000,1562000,80745000,,,,,,,,,,,,,,,,,,,,,
1989,C,Rev.2,314,3,grupo_3_digitos,INDUSTRIAS DEL TABACO,1176000,0,98363,33195,0,8037,11698,151293,13737000,0,8641000,376290,30553,507,222790,33155,83805,5480,37452205,27057,36423689,36424000,1138633,570817,396357,964173,1534990,-1071414,67219,15841,3657000,49898000,63635000,0,51013000,6469000,0,0,57482000,,,,,,,,,,,,,,,,,,,,,
1989,C,Rev.2,3140,4,clase_4_digitos,INDUSTRIAS DEL TABACO,1176000,0,98363,33195,0,8037,11698,151293,13737000,0,8641000,376290,30553,507,222790,33155,83805,5480,37452205,27057,36423689,36424000,1138633,570817,396357,964173,1534990,-1071414,67219,15841,3657000,49898000,63635000,0,51013000,6469000,0,0,57482000,,,,,,,,,,,,,,,,,,,,,
1989,C,Rev.2,31400,5,subclase_5_digitos,Industrias del tabaco.,1176000,0,98363,33195,0,8037,11698,151293,13737000,0,8641000,376290,30553,507,222790,33155,83805,5480,37452205,27057,36423689,36424000,1138633,570817,396357,964173,1534990,-1071414,67219,15841,3657000,49898000,63635000,0,51013000,6469000,0,0,57482000,,,,,,,,,,,,,,,,,,,,,
1989,C,Rev.2,32,2,division_2_digitos,"TEXTILES,PR.VESTIR,INDUSTRIA CUERO",22271000,188904,3727853,517681,1212017,961005,584672,7192132,456918000,7743313,109079000,21967001,4398812,50001,14042018,1519711,328811,1627648,43899,928613,10432669,2689000,55294923,4892500,1108252,51510680,56403176,8095339,63390264,1364818,111388000,245427000,702345000,1253000,155796000,89644000,57744000,15841000,320277000,,,,,,,,,,,,,,,,,,,,,
1989,C,Rev.2,321,3,grupo_3_digitos,TEXTILES,16202000,11840,2695077,224239,767370,179318,430984,4308828,216833000,2240267,47003000,13998463,2489237,4908,9648167,829652,230530,795969,42461,439576,12208215,9968000,21373205,4046654,168810,17495364,21542016,10888346,32261552,837832,54484000,127657000,344490000,248000,104462000,23966000,35913000,8371000,172959000,,,,,,,,,,,,,,,,,,,,,
1989,C,Rev.2,3211,4,clase_4_digitos,"LAVADERO,HILANDERIA Y TEJEDURIA.",14493000,6833,2618323,76121,696074,123307,300426,3821084,172304000,978498,34189000,11461975,1501684,3820,8476592,752503,215816,511560,42461,336904,10866824,9888000,14360902,2934163,153659,11580401,14514562,9848153,24209056,639306,42243000,100813000,273117000,0,78494000,13813000,26864000,5180000,124350000,,,,,,,,,,,,,,,,,,,,,
1989,C,Rev.2,32111,5,subclase_5_digitos,"Lavadero,enfardelaje y fab de tops",4186000,385,432582,20530,259070,11384,34898,758849,68874000,815253,16278000,4777194,920134,1646,3269686,356606,99205,129917,3063,54581,1772033,957000,1966703,234664,125756,1857795,2092459,1453135,3419838,261254,6807000,28228000,97102000,0,6425000,0,7661000,0,14086000,,,,,,,,,,,,,,,,,,,,,
1989,C,Rev.2,32112,5,subclase_5_digitos,"Hiland.tejeduría,acabado de lana",3994000,6448,722241,28090,205166,63792,47504,1073241,42874000,163245,5299000,2141272,130287,1960,1697504,136358,94257,80906,29678,127139,1931477,1768000,4041165,587172,762,3454755,4041928,1635825,5676992,138835,16208000,27269000,70143000,0,16136000,2871000,8407000,5167000,32581000,,,,,,,,,,,,,,,,,,,,,
1989,C,Rev.2,32119,5,subclase_5_digitos,Hiland.tejed. algodón y sintéticos,6313000,0,1463500,27501,231838,48131,218024,1988994,60557000,0,12611000,4543509,451263,214,3509402,259539,22354,300737,9720,155184,7163314,7163000,8353034,2112327,27141,6267851,8380175,6759193,15112226,239217,19228000,45315000,105872000,0,55933000,10943000,10795000,12000,77684000,,,,,,,,,,,,,,,,,,,,,
1989,C,Rev.2,3212,4,clase_4_digitos,TEXTILES EXCEPTO PRENDAS VESTIR,638000,0,20471,2961,16720,9008,3345,52505,9329000,49762,520000,962763,360615,525,504503,18666,0,78454,0,11618,557843,508000,1357630,550020,13410,821020,1371040,537384,1895013,8841,1421000,3087000,12416000,67000,2699000,1325000,6903000,264000,11258000,,,,,,,,,,,,,,,,,,,,,
1989,C,Rev.2,32120,5,subclase_5_digitos,Textiles excepto prendas vestir,638000,0,20471,2961,16720,9008,3345,52505,9329000,49762,520000,962763,360615,525,504503,18666,0,78454,0,11618,557843,508000,1357630,550020,13410,821020,1371040,537384,1895013,8841,1421000,3087000,12416000,67000,2699000,1325000,6903000,264000,11258000,,,,,,,,,,,,,,,,,,,,,
1989,C,Rev.2,3213,4,clase_4_digitos,TEJIDOS PUNTO Y MEDIAS,757000,5007,39264,135268,0,25030,51496,256065,26189000,1184755,8594000,1321613,609836,0,534502,40877,14660,121738,0,75251,186942,-998000,4215807,326112,60,3889756,4215867,-67702,4148107,179393,8824000,17177000,43366000,0,15567000,7072000,473000,2726000,25839000,,,,,,,,,,,,,,,,,,,,,
1989,C,Rev.2,32130,5,subclase_5_digitos,Tejidos de punto y medias.,757000,5007,39264,135268,0,25030,51496,256065,26189000,1184755,8594000,1321613,609836,0,534502,40877,14660,121738,0,75251,186942,-998000,4215807,326112,60,3889756,4215867,-67702,4148107,179393,8824000,17177000,43366000,0,15567000,7072000,473000,2726000,25839000,,,,,,,,,,,,,,,,,,,,,
1989,C,Rev.2,3214,4,clase_4_digitos,TAPICES Y ALFOMBRAS,80000,0,1559,106,0,6309,6198,14172,1307000,27252,278000,70802,17102,93,49259,10044,0,-5696,0,2254,118598,91000,246296,104779,425,141941,246721,115029,361325,1315,291000,740000,2047000,0,232000,1542000,18000,201000,1993000,,,,,,,,,,,,,,,,,,,,,
1989,C,Rev.2,32140,5,subclase_5_digitos,Tapices y alfombras,80000,0,1559,106,0,6309,6198,14172,1307000,27252,278000,70802,17102,93,49259,10044,0,-5696,0,2254,118598,91000,246296,104779,425,141941,246721,115029,361325,1315,291000,740000,2047000,0,232000,1542000,18000,201000,1993000,,,,,,,,,,,,,,,,,,,,,
1989,C,Rev.2,3215,4,clase_4_digitos,CORDELERIA,18000,0,0,1749,4881,0,932,7562,195000,0,34000,4447,0,342,186,364,54,3501,0,963,36815,37000,23501,4624,576,19453,24077,35352,58853,500,119000,208000,403000,0,381000,30000,17000,0,428000,,,,,,,,,,,,,,,,,,,,,
1989,C,Rev.2,32150,5,subclase_5_digitos,Cordelería.,18000,0,0,1749,4881,0,932,7562,195000,0,34000,4447,0,342,186,364,54,3501,0,963,36815,37000,23501,4624,576,19453,24077,35352,58853,500,119000,208000,403000,0,381000,30000,17000,0,428000,,,,,,,,,,,,,,,,,,,,,
1989,C,Rev.2,3219,4,clase_4_digitos,TEXTILES N.E.P.,215000,0,15460,8034,49695,15664,68587,157440,7509000,0,3391000,176863,0,128,83125,7198,0,86412,0,12586,441193,441000,1169069,126956,680,1042793,1169749,420130,1589198,8477,1585000,5632000,13141000,181000,7089000,184000,1638000,0,9092000,,,,,,,,,,,,,,,,,,,,,
1989,C,Rev.2,32190,5,subclase_5_digitos,Textiles N.E.P..,215000,0,15460,8034,49695,15664,68587,157440,7509000,0,3391000,176863,0,128,83125,7198,0,86412,0,12586,441193,441000,1169069,126956,680,1042793,1169749,420130,1589198,8477,1585000,5632000,13141000,181000,7089000,184000,1638000,0,9092000,,,,,,,,,,,,,,,,,,,,,
1989,C,Rev.2,322,3,grupo_3_digitos,PRENDAS VESTIR EXCEPTO CALZADO,2316000,16204,667226,55451,11052,581338,70460,1401731,123435000,4478112,23463000,2260250,524100,4373,1109576,375923,53466,192812,909,290982,-5540027,-10018000,21337885,402735,75384,21010536,21413269,-6013692,15324196,181774,32190000,47951000,171386000,674000,15864000,42344000,1714000,7065000,67663000,,,,,,,,,,,,,,,,,,,,,
1989,C,Rev.2,3220,4,clase_4_digitos,PRENDAS VESTIR EXCEPTO CALZADO,2316000,16204,667226,55451,11052,581338,70460,1401731,123435000,4478112,23463000,2260250,524100,4373,1109576,375923,53466,192812,909,290982,-5540027,-10018000,21337885,402735,75384,21010536,21413269,-6013692,15324196,181774,32190000,47951000,171386000,674000,15864000,42344000,1714000,7065000,67663000,,,,,,,,,,,,,,,,,,,,,
1989,C,Rev.2,32202,5,subclase_5_digitos,Prendas de cuero.,395000,0,0,32173,0,45920,13555,91648,47061000,1843880,11142000,371042,0,0,236544,102862,0,31636,0,61391,-6244324,-8088000,7733007,26614,878,7707271,7733885,-6335566,1397441,29851,6978000,10427000,57488000,0,4229000,522000,12000,713000,5476000,,,,,,,,,,,,,,,,,,,,,
1989,C,Rev.2,32209,5,subclase_5_digitos,Ropa exterior e interior,1921000,16204,667226,23278,11052,535418,56905,1310083,76374000,2634232,12321000,1889208,524100,4373,873032,273061,53466,161176,909,229591,704297,-1930000,13604878,376121,74506,13303265,13679384,321874,13926755,151923,25212000,37524000,113898000,674000,11636000,41823000,1702000,6352000,62187000,,,,,,,,,,,,,,,,,,,,,
1989,C,Rev.2,323,3,grupo_3_digitos,"CUERO Y PIELES,EXCEP.CALZADO",2683000,160860,361573,202448,433595,87208,47210,1292894,88902000,821748,35099000,3948054,1374955,30159,1796889,191595,13187,541269,529,151240,3138135,2316000,7333137,325372,864058,7871823,8197195,2781865,10115001,204501,19101000,59199000,148101000,10000,19736000,10622000,17163000,400000,47929000,,,,,,,,,,,,,,,,,,,,,
1989,C,Rev.2,3231,4,clase_4_digitos,CURTIEMBRES Y TALLERES DE ACABADO,2228000,160860,345859,185990,433209,53703,40101,1219722,64062000,216540,29479000,3738013,1374955,29139,1684107,135087,8663,506062,529,128550,6532412,6316000,3029978,318736,864058,3575300,3894036,6256097,9286074,147236,16477000,54500000,118562000,0,19414000,7154000,17163000,371000,44101000,,,,,,,,,,,,,,,,,,,,,
1989,C,Rev.2,32310,5,subclase_5_digitos,Curtiembres y talleres de acabado.,2228000,160860,345859,185990,433209,53703,40101,1219722,64062000,216540,29479000,3738013,1374955,29139,1684107,135087,8663,506062,529,128550,6532412,6316000,3029978,318736,864058,3575300,3894036,6256097,9286074,147236,16477000,54500000,118562000,0,19414000,7154000,17163000,371000,44101000,,,,,,,,,,,,,,,,,,,,,
1989,C,Rev.2,3232,4,clase_4_digitos,PREP.Y TENIDO DE PIELES FINAS,6000,0,12201,4055,0,0,145,16401,832000,0,101000,2847,0,30,1553,1264,0,0,0,984,24390,24000,20339,0,0,20339,20339,23019,43358,387,137000,268000,1100000,10000,58000,0,0,29000,97000,,,,,,,,,,,,,,,,,,,,,
1989,C,Rev.2,32320,5,subclase_5_digitos,Prep y teñido de pieles finas,6000,0,12201,4055,0,0,145,16401,832000,0,101000,2847,0,30,1553,1264,0,0,0,984,24390,24000,20339,0,0,20339,20339,23019,43358,387,137000,268000,1100000,10000,58000,0,0,29000,97000,,,,,,,,,,,,,,,,,,,,,
1989,C,Rev.2,3233,4,clase_4_digitos,"ART.CUERO (MARROQUINERIA,ETC.)",449000,0,3513,12403,386,33505,6964,56771,24008000,605208,5519000,207194,0,990,111229,55244,4524,35207,0,21706,-3418667,-4024000,4282820,6636,0,4276184,4282820,-3497251,785569,56878,2487000,4431000,28439000,0,264000,3468000,0,0,3732000,,,,,,,,,,,,,,,,,,,,,
1989,C,Rev.2,32330,5,subclase_5_digitos,Art.cuero (marroquinería),449000,0,3513,12403,386,33505,6964,56771,24008000,605208,5519000,207194,0,990,111229,55244,4524,35207,0,21706,-3418667,-4024000,4282820,6636,0,4276184,4282820,-3497251,785569,56878,2487000,4431000,28439000,0,264000,3468000,0,0,3732000,,,,,,,,,,,,,,,,,,,,,
1989,C,Rev.2,324,3,grupo_3_digitos,CALZADO EXCEPTO.CAUCHO Y PLASTIC,1070000,0,3977,35543,0,113141,36018,188679,27747000,203186,3515000,1760234,10520,10561,1487386,122541,31628,97598,0,46815,626346,423000,5250696,117739,0,5132957,5250696,438820,5689515,140711,5613000,10621000,38368000,321000,15734000,12712000,2954000,6000,31727000,,,,,,,,,,,,,,,,,,,,,
1989,C,Rev.2,3240,4,clase_4_digitos,CALZADO EXCEPTO.CAUCHO Y PLASTICO,1070000,0,3977,35543,0,113141,36018,188679,27747000,203186,3515000,1760234,10520,10561,1487386,122541,31628,97598,0,46815,626346,423000,5250696,117739,0,5132957,5250696,438820,5689515,140711,5613000,10621000,38368000,321000,15734000,12712000,2954000,6000,31727000,,,,,,,,,,,,,,,,,,,,,
1989,C,Rev.2,32400,5,subclase_5_digitos,"Calzado,excepto caucho y plástico",1070000,0,3977,35543,0,113141,36018,188679,27747000,203186,3515000,1760234,10520,10561,1487386,122541,31628,97598,0,46815,626346,423000,5250696,117739,0,5132957,5250696,438820,5689515,140711,5613000,10621000,38368000,321000,15734000,12712000,2954000,6000,31727000,,,,,,,,,,,,,,,,,,,,,
1989,C,Rev.2,33,2,division_2_digitos,INDUSTRIA DE LA MADERA,1081000,0,4995,218766,78584,106353,63936,472634,18001000,0,3444000,1433659,43440,2874,1154483,57548,69979,105335,0,70243,2999369,2999000,3035160,211159,226094,3050096,3261254,2794991,5830154,134135,8907000,16431000,34432000,1432000,8412000,4242000,13343000,4049000,31478000,,,,,,,,,,,,,,,,,,,,,
1989,C,Rev.2,331,3,grupo_3_digitos,INDUSTRIA MADERA (EXCEP.MUEBLES),796000,0,4995,213477,78584,50503,58840,406399,11128000,0,2431000,1244859,43440,526,1031151,39200,66690,63852,0,42643,1982831,1983000,1613710,104568,226094,1735237,1839804,1885645,3499359,54543,5486000,10696000,21824000,67000,7937000,1694000,10242000,1549000,21489000,,,,,,,,,,,,,,,,,,,,,
1989,C,Rev.2,3311,4,clase_4_digitos,"ASERRADEROS,OBRA BLANCA,PARQUET",696000,0,4995,180475,78584,33601,49032,346687,9308000,0,2272000,1226145,38456,526,1043086,36681,58064,49332,0,35231,1714415,1714000,1289826,77803,226094,1438117,1515920,1656771,2946599,22413,4509000,9191000,18499000,21000,6517000,1620000,8801000,1459000,18418000,,,,,,,,,,,,,,,,,,,,,
1989,C,Rev.2,33110,5,subclase_5_digitos,"Aserraderos,obra blanca y parquet",696000,0,4995,180475,78584,33601,49032,346687,9308000,0,2272000,1226145,38456,526,1043086,36681,58064,49332,0,35231,1714415,1714000,1289826,77803,226094,1438117,1515920,1656771,2946599,22413,4509000,9191000,18499000,21000,6517000,1620000,8801000,1459000,18418000,,,,,,,,,,,,,,,,,,,,,
1989,C,Rev.2,3312,4,clase_4_digitos,ENVASES MADERA Y ARTICULOS DE CANA,17000,0,0,19283,0,10293,5800,35376,824000,0,242000,18047,4984,0,-12055,2006,8626,14486,0,2710,103031,103000,132419,0,0,132419,132419,89583,222003,10738,363000,725000,1549000,0,805000,0,454000,0,1259000,,,,,,,,,,,,,,,,,,,,,
1989,C,Rev.2,33120,5,subclase_5_digitos,Envases de madera y art.de caña,17000,0,0,19283,0,10293,5800,35376,824000,0,242000,18047,4984,0,-12055,2006,8626,14486,0,2710,103031,103000,132419,0,0,132419,132419,89583,222003,10738,363000,725000,1549000,0,805000,0,454000,0,1259000,,,,,,,,,,,,,,,,,,,,,
1989,C,Rev.2,3319,4,clase_4_digitos,PROD.MADERA N.E.P. Y CORCHO,83000,0,0,13719,0,6609,4008,24336,996000,0,-81000,667,0,0,120,513,0,34,0,4702,165385,165000,191465,26765,0,164701,191465,139291,330757,21392,613000,780000,1776000,46000,616000,74000,987000,90000,1813000,,,,,,,,,,,,,,,,,,,,,
1989,C,Rev.2,33199,5,subclase_5_digitos,Productos madera n.e.p y corcho.,83000,0,0,13719,0,6609,4008,24336,996000,0,-81000,667,0,0,120,513,0,34,0,4702,165385,165000,191465,26765,0,164701,191465,139291,330757,21392,613000,780000,1776000,46000,616000,74000,987000,90000,1813000,,,,,,,,,,,,,,,,,,,,,
1989,C,Rev.2,332,3,grupo_3_digitos,MUEBLES Y ACCESORIOS.,285000,0,0,5289,0,55850,5096,66235,6873000,0,1012000,188800,0,2348,123332,18348,3289,41483,0,27600,1016538,1017000,1421450,106591,0,1314859,1421450,909346,2330795,79592,3421000,5735000,12608000,1365000,475000,2547000,3101000,2500000,9988000,,,,,,,,,,,,,,,,,,,,,
1989,C,Rev.2,3320,4,clase_4_digitos,MUEBLES Y ACCESORIOS.,285000,0,0,5289,0,55850,5096,66235,6873000,0,1012000,188800,0,2348,123332,18348,3289,41483,0,27600,1016538,1017000,1421450,106591,0,1314859,1421450,909346,2330795,79592,3421000,5735000,12608000,1365000,475000,2547000,3101000,2500000,9988000,,,,,,,,,,,,,,,,,,,,,
1989,C,Rev.2,33209,5,subclase_5_digitos,Muebles y acces.(incl.colchones),285000,0,0,5289,0,55850,5096,66235,6873000,0,1012000,188800,0,2348,123332,18348,3289,41483,0,27600,1016538,1017000,1421450,106591,0,1314859,1421450,909346,2330795,79592,3421000,5735000,12608000,1365000,475000,2547000,3101000,2500000,9988000,,,,,,,,,,,,,,,,,,,,,
1989,C,Rev.2,34,2,division_2_digitos,PAPEL Y PROD.PAPEL;IMPRENTA Y EDIT,7327000,4217,529288,215689,1361876,280310,368797,2760177,91546000,29137,33070000,6948211,832969,10968,3846022,346438,265402,1646412,13690,262334,8212413,8183000,16280496,3113176,599962,13767282,16880457,7675936,23956428,260453,32208000,80788000,172334000,5658000,54642000,23866000,48025000,5314000,137505000,,,,,,,,,,,,,,,,,,,,,
1989,C,Rev.2,341,3,grupo_3_digitos,PAPEL Y PROD.DEL PAPEL,3877000,1808,468587,124263,1360232,45191,43592,2043673,42933000,0,19415000,2178336,172980,8045,1662590,29678,243470,61573,13690,97603,3315444,3315000,7471195,1334697,28824,6165322,7500019,3063740,10534935,140411,12139000,38746000,81679000,2928000,24507000,5858000,26108000,1483000,60885000,,,,,,,,,,,,,,,,,,,,,
1989,C,Rev.2,3411,4,clase_4_digitos,"PULPA MADERA,PAPEL Y CARTON",3213000,1808,382411,92749,1300449,16640,23915,1817972,22253000,0,17319000,2032897,125916,7816,1629636,7224,240000,22305,13690,66364,2028834,2029000,3801132,1273838,25571,2552865,3826703,1918696,5719829,30084,8122000,30683000,52936000,1527000,12200000,2178000,16077000,1051000,33032000,,,,,,,,,,,,,,,,,,,,,
1989,C,Rev.2,34110,5,subclase_5_digitos,"Pulpa de madera, papel y cartón",3213000,1808,382411,92749,1300449,16640,23915,1817972,22253000,0,17319000,2032897,125916,7816,1629636,7224,240000,22305,13690,66364,2028834,2029000,3801132,1273838,25571,2552865,3826703,1918696,5719829,30084,8122000,30683000,52936000,1527000,12200000,2178000,16077000,1051000,33032000,,,,,,,,,,,,,,,,,,,,,
1989,C,Rev.2,3412,4,clase_4_digitos,ENVASES Y CAJAS PAPEL Y CARTON,330000,0,37611,20531,59783,11884,17163,146972,10483000,0,637000,24901,7147,0,12294,1811,346,3303,0,16619,767363,767000,1779324,13964,2589,1767949,1781913,666548,2445872,84196,2096000,3830000,14313000,5000,5908000,100000,7849000,0,13862000,,,,,,,,,,,,,,,,,,,,,
1989,C,Rev.2,34120,5,subclase_5_digitos,Envases y cajas de papel y cartón,330000,0,37611,20531,59783,11884,17163,146972,10483000,0,637000,24901,7147,0,12294,1811,346,3303,0,16619,767363,767000,1779324,13964,2589,1767949,1781913,666548,2445872,84196,2096000,3830000,14313000,5000,5908000,100000,7849000,0,13862000,,,,,,,,,,,,,,,,,,,,,
1989,C,Rev.2,3419,4,clase_4_digitos,ARTIC.PAPEL Y CARTON N.E.P.,334000,0,48565,10983,0,16667,2514,78729,10198000,0,1458000,120538,39917,229,20660,20643,3124,35965,0,14620,519247,519000,1890739,46895,664,1844508,1891403,478496,2369234,26131,1921000,4232000,14430000,1397000,6400000,3581000,2182000,432000,13991000,,,,,,,,,,,,,,,,,,,,,
1989,C,Rev.2,34190,5,subclase_5_digitos,Artículos de papel y cartón n.e.p,334000,0,48565,10983,0,16667,2514,78729,10198000,0,1458000,120538,39917,229,20660,20643,3124,35965,0,14620,519247,519000,1890739,46895,664,1844508,1891403,478496,2369234,26131,1921000,4232000,14430000,1397000,6400000,3581000,2182000,432000,13991000,,,,,,,,,,,,,,,,,,,,,
1989,C,Rev.2,342,3,grupo_3_digitos,"IMPRENTAS,EDITORIALES IND.CONEXAS",3450000,2409,60701,91426,1644,235119,325205,716504,48612000,29137,13656000,4769875,659989,2923,2183432,316760,21932,1584839,0,164731,4896969,4868000,8809301,1778479,571138,7601960,9380438,4612196,13421493,120042,20069000,42043000,90655000,2730000,30135000,18007000,21917000,3831000,76620000,,,,,,,,,,,,,,,,,,,,,
1989,C,Rev.2,3420,4,clase_4_digitos,"IMPRENTAS,EDITORIALES IND.CONEXAS",3450000,2409,60701,91426,1644,235119,325205,716504,48612000,29137,13656000,4769875,659989,2923,2183432,316760,21932,1584839,0,164731,4896969,4868000,8809301,1778479,571138,7601960,9380438,4612196,13421493,120042,20069000,42043000,90655000,2730000,30135000,18007000,21917000,3831000,76620000,,,,,,,,,,,,,,,,,,,,,
1989,C,Rev.2,34209,5,subclase_5_digitos,"Imprentas,editoriales,ind.conexas",3450000,2409,60701,91426,1644,235119,325205,716504,48612000,29137,13656000,4769875,659989,2923,2183432,316760,21932,1584839,0,164731,4896969,4868000,8809301,1778479,571138,7601960,9380438,4612196,13421493,120042,20069000,42043000,90655000,2730000,30135000,18007000,21917000,3831000,76620000,,,,,,,,,,,,,,,,,,,,,
1989,C,Rev.2,35,2,division_2_digitos,PRODUCTOS QUIMICOS.,11512000,282388,11691821,671421,343191,470505,725680,14185006,394810000,1175296,67332000,8647885,505456,146091,3966586,613112,2112775,1303865,92384233,616405,117429325,116254000,37277985,18708832,1857994,20427148,39135980,21234913,58512903,3193774,76159000,271257000,666067000,23478000,296815000,61860000,170235000,18113000,570501000,,,,,,,,,,,,,,,,,,,,,
1989,C,Rev.2,351,3,grupo_3_digitos,SUSTANCIAS QUIMICAS.,1844000,3612,486178,140726,131073,70279,104170,936038,64218000,894236,26264000,3892572,419934,28982,2602649,74581,182704,583722,2329,62774,1388622,494000,5152375,3083336,370735,2439775,5523111,1238464,6390839,85055,8409000,37011000,101229000,2188000,14834000,3235000,31112000,123000,51492000,,,,,,,,,,,,,,,,,,,,,
1989,C,Rev.2,3511,4,clase_4_digitos,SUSTANCIAS QUIM.INDUSTR.BASICAS,1057000,1650,335465,88933,23039,31726,91882,572695,17412000,44677,8864000,2894301,159315,26313,2017599,54613,138890,497571,2329,33670,1965498,1921000,1521113,274121,48676,1295668,1569789,1898065,3419178,31434,4266000,16108000,33520000,1063000,5831000,818000,10928000,123000,18763000,,,,,,,,,,,,,,,,,,,,,
1989,C,Rev.2,35110,5,subclase_5_digitos,Sustancias químicas ind.básicas,1057000,1650,335465,88933,23039,31726,91882,572695,17412000,44677,8864000,2894301,159315,26313,2017599,54613,138890,497571,2329,33670,1965498,1921000,1521113,274121,48676,1295668,1569789,1898065,3419178,31434,4266000,16108000,33520000,1063000,5831000,818000,10928000,123000,18763000,,,,,,,,,,,,,,,,,,,,,
1989,C,Rev.2,3512,4,clase_4_digitos,ABONOS Y PLAGUICIDAS,480000,1962,109781,48725,85218,36345,11265,293296,33939000,781290,10176000,645426,158020,1920,384311,11036,32658,57481,0,18149,-1081784,-1863000,2241334,1881662,250742,610415,2492077,-1151088,1090247,51155,2665000,11458000,45397000,1125000,7051000,2013000,12167000,0,22356000,,,,,,,,,,,,,,,,,,,,,
1989,C,Rev.2,35120,5,subclase_5_digitos,Abonos y plaguicidas,480000,1962,109781,48725,85218,36345,11265,293296,33939000,781290,10176000,645426,158020,1920,384311,11036,32658,57481,0,18149,-1081784,-1863000,2241334,1881662,250742,610415,2492077,-1151088,1090247,51155,2665000,11458000,45397000,1125000,7051000,2013000,12167000,0,22356000,,,,,,,,,,,,,,,,,,,,,
1989,C,Rev.2,3513,4,clase_4_digitos,RESINAS SINTETICAS Y FIBRAS ARTIF.,307000,0,40932,3068,22816,2208,1023,70047,12867000,68269,7222000,352845,102599,749,200739,8932,11156,28670,0,10955,504908,437000,1389928,927553,71317,533692,1461245,491487,1881414,2466,1478000,9444000,22311000,0,1953000,403000,8018000,0,10374000,,,,,,,,,,,,,,,,,,,,,
1989,C,Rev.2,35130,5,subclase_5_digitos,Resinas sintéticas y fibras artif.,307000,0,40932,3068,22816,2208,1023,70047,12867000,68269,7222000,352845,102599,749,200739,8932,11156,28670,0,10955,504908,437000,1389928,927553,71317,533692,1461245,491487,1881414,2466,1478000,9444000,22311000,0,1953000,403000,8018000,0,10374000,,,,,,,,,,,,,,,,,,,,,
1989,C,Rev.2,352,3,grupo_3_digitos,OTROS PRODUCTOS QUIMICOS,3548000,41169,1024529,121442,200927,242159,415360,2045586,99074000,281060,31349000,7515259,1698952,107366,3098004,464000,1621964,524973,892864,313947,7865787,7585000,16536969,5298984,697155,11935140,17234124,5883110,22420082,775866,36931000,79413000,178487000,7972000,68659000,44036000,28268000,680000,149615000,,,,,,,,,,,,,,,,,,,,,
1989,C,Rev.2,3521,4,clase_4_digitos,"PINTURAS,BARNICES,LACAS",533000,23093,39603,33892,0,38607,314202,449397,23284000,138839,8967000,2288659,813716,77210,822856,45921,501419,27537,0,26266,700233,561000,3920283,1897502,27,2022809,3920310,581846,4502129,92121,3282000,13343000,36627000,243000,14950000,5946000,4142000,146000,25426000,,,,,,,,,,,,,,,,,,,,,
1989,C,Rev.2,35210,5,subclase_5_digitos,"Pinturas, barnices y lacas.",533000,23093,39603,33892,0,38607,314202,449397,23284000,138839,8967000,2288659,813716,77210,822856,45921,501419,27537,0,26266,700233,561000,3920283,1897502,27,2022809,3920310,581846,4502129,92121,3282000,13343000,36627000,243000,14950000,5946000,4142000,146000,25426000,,,,,,,,,,,,,,,,,,,,,
1989,C,Rev.2,3522,4,clase_4_digitos,PROD.FARMACEUTICOS Y MEDICAMENTOS,1743000,8573,81112,43382,0,66367,37426,236860,34266000,0,10163000,1553640,68743,17288,872648,208382,250619,135960,173233,180854,3470606,3471000,4632731,2043242,461620,3051105,5094351,2645847,7278578,470672,21939000,37316000,71582000,6810000,20105000,17913000,19402000,440000,64671000,,,,,,,,,,,,,,,,,,,,,
1989,C,Rev.2,35220,5,subclase_5_digitos,Prod farmacéuticos y medicamentos,1743000,8573,81112,43382,0,66367,37426,236860,34266000,0,10163000,1553640,68743,17288,872648,208382,250619,135960,173233,180854,3470606,3471000,4632731,2043242,461620,3051105,5094351,2645847,7278578,470672,21939000,37316000,71582000,6810000,20105000,17913000,19402000,440000,64671000,,,,,,,,,,,,,,,,,,,,,
1989,C,Rev.2,3523,4,clase_4_digitos,ARTICULOS.DE LIMPIEZA Y TOCADOR.,990000,9503,615298,31534,195956,113867,48679,1014837,37143000,142221,10776000,2027710,466222,8082,956968,172158,224178,200102,719631,91103,3590732,3449000,7111964,1247207,224932,6089692,7336896,2578594,9690559,201404,10519000,25734000,62877000,912000,30547000,18891000,3636000,55000,54041000,,,,,,,,,,,,,,,,,,,,,
1989,C,Rev.2,35239,5,subclase_5_digitos,Artículos de limpieza y tocador.,990000,9503,615298,31534,195956,113867,48679,1014837,37143000,142221,10776000,2027710,466222,8082,956968,172158,224178,200102,719631,91103,3590732,3449000,7111964,1247207,224932,6089692,7336896,2578594,9690559,201404,10519000,25734000,62877000,912000,30547000,18891000,3636000,55000,54041000,,,,,,,,,,,,,,,,,,,,,
1989,C,Rev.2,3529,4,clase_4_digitos,PRODUCTOS QUIMICOS N.E.P,282000,0,288516,12634,4971,23318,15053,344492,4380000,0,1443000,1645250,350271,4786,445532,37539,645748,161374,0,15724,104216,104000,871991,111033,10576,771534,882567,76823,948816,11669,1192000,3021000,7401000,7000,3057000,1286000,1088000,40000,5477000,,,,,,,,,,,,,,,,,,,,,
1989,C,Rev.2,35290,5,subclase_5_digitos,Productos químicos n.e.p.,282000,0,288516,12634,4971,23318,15053,344492,4380000,0,1443000,1645250,350271,4786,445532,37539,645748,161374,0,15724,104216,104000,871991,111033,10576,771534,882567,76823,948816,11669,1192000,3021000,7401000,7000,3057000,1286000,1088000,40000,5477000,,,,,,,,,,,,,,,,,,,,,
1989,C,Rev.2,353,3,grupo_3_digitos,REFINERIAS DE PETROLEO,3039000,237607,9229565,196143,0,33163,129319,9825797,170988000,0,-10951000,-1494205,138070,-2030,-1745588,3152,38417,73774,91488965,56885,99868906,99869000,6076765,5872094,672768,877439,6749533,6295873,12372638,2027183,8418000,100375000,271363000,11028000,170935000,2757000,77197000,13785000,275702000,,,,,,,,,,,,,,,,,,,,,
1989,C,Rev.2,3530,4,clase_4_digitos,REFINERIAS DE PETROLEO,3039000,237607,9229565,196143,0,33163,129319,9825797,170988000,0,-10951000,-1494205,138070,-2030,-1745588,3152,38417,73774,91488965,56885,99868906,99869000,6076765,5872094,672768,877439,6749533,6295873,12372638,2027183,8418000,100375000,271363000,11028000,170935000,2757000,77197000,13785000,275702000,,,,,,,,,,,,,,,,,,,,,
1989,C,Rev.2,35300,5,subclase_5_digitos,Refinerías de petroleo.,3039000,237607,9229565,196143,0,33163,129319,9825797,170988000,0,-10951000,-1494205,138070,-2030,-1745588,3152,38417,73774,91488965,56885,99868906,99869000,6076765,5872094,672768,877439,6749533,6295873,12372638,2027183,8418000,100375000,271363000,11028000,170935000,2757000,77197000,13785000,275702000,,,,,,,,,,,,,,,,,,,,,
1989,C,Rev.2,354,3,grupo_3_digitos,PROD.DERIVADOS PETROLEO Y CARBON,10000,0,0,13841,9151,11490,7728,42210,686000,0,23000,79945,70753,0,1920,0,0,7272,0,3003,89859,90000,118421,12960,1934,107395,120355,83774,202195,3082,363000,486000,1172000,0,721000,11000,135000,51000,918000,,,,,,,,,,,,,,,,,,,,,
1989,C,Rev.2,3540,4,clase_4_digitos,PROD.DERIVADOS PETROLEO Y CARBON,10000,0,0,13841,9151,11490,7728,42210,686000,0,23000,79945,70753,0,1920,0,0,7272,0,3003,89859,90000,118421,12960,1934,107395,120355,83774,202195,3082,363000,486000,1172000,0,721000,11000,135000,51000,918000,,,,,,,,,,,,,,,,,,,,,
1989,C,Rev.2,35400,5,subclase_5_digitos,Prod.derivados petroleo y carbón,10000,0,0,13841,9151,11490,7728,42210,686000,0,23000,79945,70753,0,1920,0,0,7272,0,3003,89859,90000,118421,12960,1934,107395,120355,83774,202195,3082,363000,486000,1172000,0,721000,11000,135000,51000,918000,,,,,,,,,,,,,,,,,,,,,
1989,C,Rev.2,355,3,grupo_3_digitos,PRODUCTOS DEL CAUCHO,1014000,0,925934,127091,2040,27008,14689,1096762,21814000,0,10646000,-2331856,-1849849,6486,-524094,-71848,40452,66997,0,92047,3305075,3305000,2893424,1300425,112271,1705270,3005695,3143530,6036955,69498,11085000,26050000,47864000,2291000,23127000,3080000,5281000,1420000,35199000,,,,,,,,,,,,,,,,,,,,,
1989,C,Rev.2,3551,4,clase_4_digitos,CAMARAS Y NEUMATICOS,713000,0,762046,104211,0,0,6083,872340,17565000,0,10200000,-2021460,-1561616,1743,-413219,-76800,0,28432,0,56314,2224827,2225000,2198261,1033186,112266,1277341,2310527,2113471,4311733,55042,6741000,19879000,37444000,2034000,17091000,1323000,4344000,491000,25283000,,,,,,,,,,,,,,,,,,,,,
1989,C,Rev.2,35510,5,subclase_5_digitos,"Cámaras, protectores y neumáticos",713000,0,762046,104211,0,0,6083,872340,17565000,0,10200000,-2021460,-1561616,1743,-413219,-76800,0,28432,0,56314,2224827,2225000,2198261,1033186,112266,1277341,2310527,2113471,4311733,55042,6741000,19879000,37444000,2034000,17091000,1323000,4344000,491000,25283000,,,,,,,,,,,,,,,,,,,,,
1989,C,Rev.2,3559,4,clase_4_digitos,PRODUCTOS DEL CAUCHO N.E.P.,301000,0,163888,22880,2040,27008,8606,224422,4249000,0,446000,-310396,-288233,4743,-110875,4952,40452,38565,0,35733,1080248,1080000,695163,267239,5,427929,695168,1030059,1725222,14456,4344000,6171000,10420000,257000,6036000,1757000,937000,929000,9916000,,,,,,,,,,,,,,,,,,,,,
1989,C,Rev.2,35590,5,subclase_5_digitos,Productos del caucho n.e.p.,301000,0,163888,22880,2040,27008,8606,224422,4249000,0,446000,-310396,-288233,4743,-110875,4952,40452,38565,0,35733,1080248,1080000,695163,267239,5,427929,695168,1030059,1725222,14456,4344000,6171000,10420000,257000,6036000,1757000,937000,929000,9916000,,,,,,,,,,,,,,,,,,,,,
1989,C,Rev.2,356,3,grupo_3_digitos,PRODUCTOS DEL PLASTICOS N.E.P.,2057000,0,25615,72178,0,86406,54414,238613,38031000,0,10002000,986170,27596,5287,533695,143227,229238,47127,75,87749,4911076,4911000,6500031,3141033,3131,3362129,6503162,4590162,11090194,233090,10952000,27922000,65953000,0,18538000,8741000,28242000,2054000,57575000,,,,,,,,,,,,,,,,,,,,,
1989,C,Rev.2,3560,4,clase_4_digitos,PRODUCTOS DEL PLASTICO N.E.P.,2057000,0,25615,72178,0,86406,54414,238613,38031000,0,10002000,986170,27596,5287,533695,143227,229238,47127,75,87749,4911076,4911000,6500031,3141033,3131,3362129,6503162,4590162,11090194,233090,10952000,27922000,65953000,0,18538000,8741000,28242000,2054000,57575000,,,,,,,,,,,,,,,,,,,,,
1989,C,Rev.2,35600,5,subclase_5_digitos,Productos plásticos n.e.p.,2057000,0,25615,72178,0,86406,54414,238613,38031000,0,10002000,986170,27596,5287,533695,143227,229238,47127,75,87749,4911076,4911000,6500031,3141033,3131,3362129,6503162,4590162,11090194,233090,10952000,27922000,65953000,0,18538000,8741000,28242000,2054000,57575000,,,,,,,,,,,,,,,,,,,,,
1989,C,Rev.2,36,2,division_2_digitos,PRODUCTOS MINERALES NO METALICOS,3852000,140981,7528288,534038,1027992,118597,583109,9933005,47827000,223968,14730000,2929019,146221,321007,1724236,115072,129476,493007,0,154764,5912021,5688000,8125042,1157449,3976,6971569,8129018,5477541,13602584,279716,19800000,44070000,91897000,6595000,40082000,13275000,8617000,6098000,74667000,,,,,,,,,,,,,,,,,,,,,
1989,C,Rev.2,361,3,grupo_3_digitos,"OBJETOS BARRO,LOZA Y PORCELANA",956000,90213,389635,116342,0,47662,69871,713723,7021000,0,5558000,575987,63787,6284,470000,36205,1630,-1919,0,39664,268790,269000,1168179,315917,0,852262,1168179,199064,1367243,30062,5329000,12112000,19133000,80000,457000,5096000,1381000,1046000,8060000,,,,,,,,,,,,,,,,,,,,,
1989,C,Rev.2,3610,4,clase_4_digitos,"OBJETOS BARRO,LOZA Y PORCELANA",956000,90213,389635,116342,0,47662,69871,713723,7021000,0,5558000,575987,63787,6284,470000,36205,1630,-1919,0,39664,268790,269000,1168179,315917,0,852262,1168179,199064,1367243,30062,5329000,12112000,19133000,80000,457000,5096000,1381000,1046000,8060000,,,,,,,,,,,,,,,,,,,,,
1989,C,Rev.2,36100,5,subclase_5_digitos,"Objetos de barro,loza y porcelana",956000,90213,389635,116342,0,47662,69871,713723,7021000,0,5558000,575987,63787,6284,470000,36205,1630,-1919,0,39664,268790,269000,1168179,315917,0,852262,1168179,199064,1367243,30062,5329000,12112000,19133000,80000,457000,5096000,1381000,1046000,8060000,,,,,,,,,,,,,,,,,,,,,
1989,C,Rev.2,362,3,grupo_3_digitos,VIDRIO Y PRODUCTOS DEL VIDRIO,1036000,46386,644248,106415,931,2961,119147,920088,8064000,223968,2669000,493579,28872,40256,244667,30352,101423,48009,0,27327,1473072,1249000,1686833,552033,731,1135531,1687564,1382338,3069171,63407,3896000,8850000,16914000,2035000,7372000,4426000,854000,2664000,17351000,,,,,,,,,,,,,,,,,,,,,
1989,C,Rev.2,3620,4,clase_4_digitos,VIDRIO Y PRODUCTOS DEL VIDRIO,1036000,46386,644248,106415,931,2961,119147,920088,8064000,223968,2669000,493579,28872,40256,244667,30352,101423,48009,0,27327,1473072,1249000,1686833,552033,731,1135531,1687564,1382338,3069171,63407,3896000,8850000,16914000,2035000,7372000,4426000,854000,2664000,17351000,,,,,,,,,,,,,,,,,,,,,
1989,C,Rev.2,36200,5,subclase_5_digitos,Vidrio y productos del vidrio.,1036000,46386,644248,106415,931,2961,119147,920088,8064000,223968,2669000,493579,28872,40256,244667,30352,101423,48009,0,27327,1473072,1249000,1686833,552033,731,1135531,1687564,1382338,3069171,63407,3896000,8850000,16914000,2035000,7372000,4426000,854000,2664000,17351000,,,,,,,,,,,,,,,,,,,,,
1989,C,Rev.2,369,3,grupo_3_digitos,OTROS PROD.MINERALES NO METALICOS.,1861000,4382,6494405,311281,1027061,67974,394091,8299194,32742000,0,6503000,1859453,53562,274467,1009569,48515,26423,446917,0,87773,4170159,4170000,5270030,289499,3245,4983776,5273275,3896139,9166170,186247,10575000,23109000,55851000,4480000,32253000,3753000,6382000,2388000,49256000,,,,,,,,,,,,,,,,,,,,,
1989,C,Rev.2,3691,4,clase_4_digitos,PROD.ARCILLA PARA CONSTRUCCION,413000,0,56915,36466,125555,3604,13408,235948,1126000,0,691000,156742,1619,0,3421,3227,0,148475,0,15212,548240,548000,206997,780,0,206217,206997,501031,708028,31997,1682000,3334000,4460000,28000,2183000,271000,1156000,320000,3958000,,,,,,,,,,,,,,,,,,,,,
1989,C,Rev.2,36910,5,subclase_5_digitos,Prod.arcilla para la construcción.,413000,0,56915,36466,125555,3604,13408,235948,1126000,0,691000,156742,1619,0,3421,3227,0,148475,0,15212,548240,548000,206997,780,0,206217,206997,501031,708028,31997,1682000,3334000,4460000,28000,2183000,271000,1156000,320000,3958000,,,,,,,,,,,,,,,,,,,,,
1989,C,Rev.2,3692,4,clase_4_digitos,"CEMENTO, CAL Y YESO.",807000,4382,6396041,70405,901055,0,313906,7685789,21153000,0,3056000,868524,4853,268346,556587,9599,0,29139,0,36449,2053072,2053000,3139482,61978,0,3077504,3139482,2003103,5142584,13520,4364000,10280000,31433000,2844000,23454000,0,776000,0,27073000,,,,,,,,,,,,,,,,,,,,,
1989,C,Rev.2,36920,5,subclase_5_digitos,"Cemento, cal y yeso.",807000,4382,6396041,70405,901055,0,313906,7685789,21153000,0,3056000,868524,4853,268346,556587,9599,0,29139,0,36449,2053072,2053000,3139482,61978,0,3077504,3139482,2003103,5142584,13520,4364000,10280000,31433000,2844000,23454000,0,776000,0,27073000,,,,,,,,,,,,,,,,,,,,,
1989,C,Rev.2,3699,4,clase_4_digitos,PROD.MINERALES NO METALICOS N.E.P.,641000,0,41449,204410,451,64370,66777,377457,10463000,0,2755000,834187,47090,6121,449561,35689,26423,269303,0,36112,1568847,1569000,1923551,226741,3245,1700055,1926796,1392005,3315558,140730,4529000,9494000,19957000,1609000,6616000,3482000,4450000,2068000,18226000,,,,,,,,,,,,,,,,,,,,,
1989,C,Rev.2,36999,5,subclase_5_digitos,Prod.minerales no metálicos.n.e.p,641000,0,41449,204410,451,64370,66777,377457,10463000,0,2755000,834187,47090,6121,449561,35689,26423,269303,0,36112,1568847,1569000,1923551,226741,3245,1700055,1926796,1392005,3315558,140730,4529000,9494000,19957000,1609000,6616000,3482000,4450000,2068000,18226000,,,,,,,,,,,,,,,,,,,,,
1989,C,Rev.2,37,2,division_2_digitos,INDUSTRIAS METALICAS BASICAS,2102000,36169,541274,80935,11508,30697,147118,847701,25196000,0,11760000,1252390,90372,55,1100039,25424,1893,34607,739,35840,2877140,2877000,4370924,2271518,3024,2102430,4373948,2782203,7153127,58358,4563000,21302000,46498000,3101000,14176000,12032000,6046000,2834000,38188000,,,,,,,,,,,,,,,,,,,,,
1989,C,Rev.2,371,3,grupo_3_digitos,IND.BASICAS DE HIERRO Y ACERO,1986000,2048,516819,77224,11508,28539,123433,759571,22823000,0,11563000,1218738,79872,0,1094945,25196,0,18725,0,31453,2451108,2451000,4047433,2136838,0,1910595,4047433,2381414,6428847,38241,3914000,19914000,42737000,2936000,12551000,11961000,4284000,2733000,34465000,,,,,,,,,,,,,,,,,,,,,
1989,C,Rev.2,3710,4,clase_4_digitos,IND.BASICAS DE HIERRO Y ACERO,1986000,2048,516819,77224,11508,28539,123433,759571,22823000,0,11563000,1218738,79872,0,1094945,25196,0,18725,0,31453,2451108,2451000,4047433,2136838,0,1910595,4047433,2381414,6428847,38241,3914000,19914000,42737000,2936000,12551000,11961000,4284000,2733000,34465000,,,,,,,,,,,,,,,,,,,,,
1989,C,Rev.2,37100,5,subclase_5_digitos,Ind.básicas de hierro y acero,1986000,2048,516819,77224,11508,28539,123433,759571,22823000,0,11563000,1218738,79872,0,1094945,25196,0,18725,0,31453,2451108,2451000,4047433,2136838,0,1910595,4047433,2381414,6428847,38241,3914000,19914000,42737000,2936000,12551000,11961000,4284000,2733000,34465000,,,,,,,,,,,,,,,,,,,,,
1989,C,Rev.2,372,3,grupo_3_digitos,IND.BASICAS DE METALES NO FERROSOS,116000,34121,24455,3711,0,2158,23685,88130,2373000,0,196000,33652,10500,55,5094,228,1893,15882,739,4387,426032,426000,323491,134680,3024,191835,326515,400789,724280,20117,649000,1387000,3760000,164000,1625000,71000,1762000,102000,3723000,,,,,,,,,,,,,,,,,,,,,
1989,C,Rev.2,3720,4,clase_4_digitos,IND.BASICAS DE METALES NO FERROSOS,116000,34121,24455,3711,0,2158,23685,88130,2373000,0,196000,33652,10500,55,5094,228,1893,15882,739,4387,426032,426000,323491,134680,3024,191835,326515,400789,724280,20117,649000,1387000,3760000,164000,1625000,71000,1762000,102000,3723000,,,,,,,,,,,,,,,,,,,,,
1989,C,Rev.2,37200,5,subclase_5_digitos,Ind.básicas de metales no ferrosos,116000,34121,24455,3711,0,2158,23685,88130,2373000,0,196000,33652,10500,55,5094,228,1893,15882,739,4387,426032,426000,323491,134680,3024,191835,326515,400789,724280,20117,649000,1387000,3760000,164000,1625000,71000,1762000,102000,3723000,,,,,,,,,,,,,,,,,,,,,
1989,C,Rev.2,38,2,division_2_digitos,"PROD.METAL.,MAQUINARIA Y EQUIPO",9109000,127992,713635,1208533,83041,708013,764440,3605654,203653000,128455,83965000,22002949,444135,453020,5651839,679869,12558463,2215623,5209815,494708,28556652,28428000,38414835,19188618,524158,19750377,38938994,22174841,60589678,677288,60090000,181592000,385245000,44448000,124903000,76024000,40985000,22271000,308631000,,,,,,,,,,,,,,,,,,,,,
1989,C,Rev.2,381,3,grupo_3_digitos,PROD.METAL.EXCEP.MAQUIN.Y EQUIPO,2281000,71394,453897,293228,29738,257630,280658,1386545,51383000,128455,13509000,2108938,-755901,139461,1093550,295666,129620,1206542,16737,155671,6423017,6295000,9541208,3008863,311352,6843699,9852561,5977805,15519009,272804,19445000,41530000,92913000,5912000,35656000,16441000,14902000,6878000,79789000,,,,,,,,,,,,,,,,,,,,,
1989,C,Rev.2,3811,4,clase_4_digitos,"CUCHILLERIA,HERRAM.MANUAL,CERRAJ.",72000,1040,2359,0,0,9904,42656,55959,1397000,0,448000,1863,0,0,0,0,1863,0,0,6708,332410,332000,206362,24473,0,181889,206362,306596,512958,19106,869000,1721000,3118000,0,2322000,541000,0,0,2863000,,,,,,,,,,,,,,,,,,,,,
1989,C,Rev.2,38110,5,subclase_5_digitos,"Cuchillería,herram.manuales,cerraj",72000,1040,2359,0,0,9904,42656,55959,1397000,0,448000,1863,0,0,0,0,1863,0,0,6708,332410,332000,206362,24473,0,181889,206362,306596,512958,19106,869000,1721000,3118000,0,2322000,541000,0,0,2863000,,,,,,,,,,,,,,,,,,,,,
1989,C,Rev.2,3812,4,clase_4_digitos,MUEBLES.Y ACCES.PRINCIP.METALICOS,201000,0,0,40772,0,20976,1927,63675,3360000,0,1311000,331183,12687,869,28478,36049,27668,225432,0,10347,514304,514000,704118,25284,0,678834,704118,489650,1193768,14307,1252000,3278000,6638000,956000,1280000,802000,670000,2566000,6275000,,,,,,,,,,,,,,,,,,,,,
1989,C,Rev.2,38120,5,subclase_5_digitos,Muebles y acces princip.metálicos,201000,0,0,40772,0,20976,1927,63675,3360000,0,1311000,331183,12687,869,28478,36049,27668,225432,0,10347,514304,514000,704118,25284,0,678834,704118,489650,1193768,14307,1252000,3278000,6638000,956000,1280000,802000,670000,2566000,6275000,,,,,,,,,,,,,,,,,,,,,
1989,C,Rev.2,3813,4,clase_4_digitos,PROD.METAL.ESTRUC.(HERRERIA-OBRA),468000,12213,2238,90603,18244,71084,61567,255949,10582000,0,1758000,859398,0,107930,465115,31516,17724,237113,0,33117,1353224,1353000,1997553,224520,6863,1779896,2004416,1264791,3262342,55316,4081000,7660000,18242000,1068000,3228000,1458000,7570000,2821000,16145000,,,,,,,,,,,,,,,,,,,,,
1989,C,Rev.2,38130,5,subclase_5_digitos,Prod.metálicos estruc(Herr.obra),468000,12213,2238,90603,18244,71084,61567,255949,10582000,0,1758000,859398,0,107930,465115,31516,17724,237113,0,33117,1353224,1353000,1997553,224520,6863,1779896,2004416,1264791,3262342,55316,4081000,7660000,18242000,1068000,3228000,1458000,7570000,2821000,16145000,,,,,,,,,,,,,,,,,,,,,
1989,C,Rev.2,3819,4,clase_4_digitos,ARTICULOS METALICOS N.E.P.,1539000,58141,449300,161853,11494,155666,174508,1010962,36043000,128455,9995000,916494,-768588,30662,599957,228101,82365,743997,16737,105499,4223079,4095000,6633175,2734586,304489,4203080,6937665,3916768,10549941,184075,13242000,28871000,64914000,3888000,28825000,13640000,6662000,1491000,54506000,,,,,,,,,,,,,,,,,,,,,
1989,C,Rev.2,38199,5,subclase_5_digitos,Artículos metálicos n.e.p.,1539000,58141,449300,161853,11494,155666,174508,1010962,36043000,128455,9995000,916494,-768588,30662,599957,228101,82365,743997,16737,105499,4223079,4095000,6633175,2734586,304489,4203080,6937665,3916768,10549941,184075,13242000,28871000,64914000,3888000,28825000,13640000,6662000,1491000,54506000,,,,,,,,,,,,,,,,,,,,,
1989,C,Rev.2,382,3,grupo_3_digitos,MAQUINARIA EXCEPTO ELECTRICA.,600000,0,0,104558,43,85919,70987,261507,10307000,0,3620000,600870,39733,32890,226219,49510,12288,240230,0,43292,1602996,1603000,1744691,380584,210192,1574297,1954882,1522301,3266995,37403,5370000,11193000,21500000,399000,1455000,3074000,1724000,2127000,8779000,,,,,,,,,,,,,,,,,,,,,
1989,C,Rev.2,3822,4,clase_4_digitos,MAQUIN.Y EQUIPO P/AGRICULTURA,119000,0,0,62453,43,29138,27987,119621,2257000,0,792000,69951,28755,4337,31593,428,0,4838,0,4839,65496,65000,233238,22087,209509,420659,442746,50955,284192,9702,629000,1605000,3862000,8000,602000,722000,164000,1656000,3152000,,,,,,,,,,,,,,,,,,,,,
1989,C,Rev.2,38220,5,subclase_5_digitos,Maquinaria y equipo p/agricultura,119000,0,0,62453,43,29138,27987,119621,2257000,0,792000,69951,28755,4337,31593,428,0,4838,0,4839,65496,65000,233238,22087,209509,420659,442746,50955,284192,9702,629000,1605000,3862000,8000,602000,722000,164000,1656000,3152000,,,,,,,,,,,,,,,,,,,,,
1989,C,Rev.2,3823,4,clase_4_digitos,MAQUIN.P/TRAB.METALES Y MADERA,6000,0,0,991,0,555,10,1556,150000,0,17000,5728,0,0,5728,0,0,0,0,1284,13560,14000,49277,14082,0,35194,49277,11788,61065,488,152000,189000,339000,16000,47000,57000,93000,0,213000,,,,,,,,,,,,,,,,,,,,,
1989,C,Rev.2,38230,5,subclase_5_digitos,Maquin.p/trabajar metales y madera,6000,0,0,991,0,555,10,1556,150000,0,17000,5728,0,0,5728,0,0,0,0,1284,13560,14000,49277,14082,0,35194,49277,11788,61065,488,152000,189000,339000,16000,47000,57000,93000,0,213000,,,,,,,,,,,,,,,,,,,,,
1989,C,Rev.2,3824,4,clase_4_digitos,MAQUIN.Y EQUIPO P/INDUSTRIA,156000,0,0,22452,0,17312,3289,43053,3006000,0,605000,192636,10978,2216,76377,5788,0,97277,0,9001,372265,372000,541760,35353,0,506407,541760,350512,892274,12752,1200000,2333000,5339000,209000,0,1009000,1251000,0,2470000,,,,,,,,,,,,,,,,,,,,,
1989,C,Rev.2,38240,5,subclase_5_digitos,Maquinaria y equipo p/industria.,156000,0,0,22452,0,17312,3289,43053,3006000,0,605000,192636,10978,2216,76377,5788,0,97277,0,9001,372265,372000,541760,35353,0,506407,541760,350512,892274,12752,1200000,2333000,5339000,209000,0,1009000,1251000,0,2470000,,,,,,,,,,,,,,,,,,,,,
1989,C,Rev.2,3825,4,clase_4_digitos,"MAQ.OFIC,CALCULO Y CONTABILIDAD",171000,0,0,5393,0,11692,3527,20612,1059000,0,1232000,151950,0,23079,107541,5429,0,15901,0,11131,534344,534000,235096,83112,135,152119,235231,517333,752431,5880,1295000,3232000,4291000,42000,0,0,215000,25000,283000,,,,,,,,,,,,,,,,,,,,,
1989,C,Rev.2,38250,5,subclase_5_digitos,Máq.ofic.cálculo y contabilidad,171000,0,0,5393,0,11692,3527,20612,1059000,0,1232000,151950,0,23079,107541,5429,0,15901,0,11131,534344,534000,235096,83112,135,152119,235231,517333,752431,5880,1295000,3232000,4291000,42000,0,0,215000,25000,283000,,,,,,,,,,,,,,,,,,,,,
1989,C,Rev.2,3829,4,clase_4_digitos,MAQUIN.Y EQUIPOS N.E.P.,147000,0,0,13269,0,27222,36174,76665,3835000,0,977000,180605,0,3258,4980,37865,12288,122214,0,17037,617331,617000,685320,225950,548,459918,685868,591713,1277033,8581,2094000,3835000,7670000,123000,807000,1286000,0,446000,2662000,,,,,,,,,,,,,,,,,,,,,
1989,C,Rev.2,38290,5,subclase_5_digitos,Maquin.y equipo n.e.p.,147000,0,0,13269,0,27222,36174,76665,3835000,0,977000,180605,0,3258,4980,37865,12288,122214,0,17037,617331,617000,685320,225950,548,459918,685868,591713,1277033,8581,2094000,3835000,7670000,123000,807000,1286000,0,446000,2662000,,,,,,,,,,,,,,,,,,,,,
1989,C,Rev.2,383,3,grupo_3_digitos,MAQUIN.APAR.Y SUMIN.ELECTRICOS,2266000,24525,124171,75570,47553,150919,197588,620326,53099000,0,25906000,4815938,880814,170730,2875287,136447,145923,606737,0,124218,7337680,7338000,10663758,6230134,1252,4434879,10665011,7043295,17707055,170167,14653000,50163000,103262000,5824000,44876000,26508000,9848000,1454000,88509000,,,,,,,,,,,,,,,,,,,,,
1989,C,Rev.2,3831,4,clase_4_digitos,MAQ.Y APAR.INDUSTR.ELECTRICOS,402000,1355,0,4382,654,37834,9669,53894,5860000,0,1268000,620349,213661,22514,186638,54386,95315,47835,0,27021,1235069,1235000,1041177,159885,0,881292,1041177,1146760,2187937,61288,3494000,6399000,12259000,2546000,1673000,339000,6390000,564000,11512000,,,,,,,,,,,,,,,,,,,,,
1989,C,Rev.2,38310,5,subclase_5_digitos,Máq.y apar.industriales eléctricos,402000,1355,0,4382,654,37834,9669,53894,5860000,0,1268000,620349,213661,22514,186638,54386,95315,47835,0,27021,1235069,1235000,1041177,159885,0,881292,1041177,1146760,2187937,61288,3494000,6399000,12259000,2546000,1673000,339000,6390000,564000,11512000,,,,,,,,,,,,,,,,,,,,,
1989,C,Rev.2,3832,4,clase_4_digitos,"EQ.Y APAR.RADIO,TV Y COMUNICACION",203000,0,0,8695,0,22457,6131,37283,10794000,0,3215000,108479,0,21842,39269,37190,0,10178,0,11731,1484737,1485000,2272638,1818073,641,455206,2273279,1442962,3715601,30044,1484000,6387000,17181000,1491000,7106000,5986000,19000,0,14603000,,,,,,,,,,,,,,,,,,,,,
1989,C,Rev.2,38320,5,subclase_5_digitos,"Eq.y apar. radio,tv,y comunicación",203000,0,0,8695,0,22457,6131,37283,10794000,0,3215000,108479,0,21842,39269,37190,0,10178,0,11731,1484737,1485000,2272638,1818073,641,455206,2273279,1442962,3715601,30044,1484000,6387000,17181000,1491000,7106000,5986000,19000,0,14603000,,,,,,,,,,,,,,,,,,,,,
1989,C,Rev.2,3833,4,clase_4_digitos,APAR.Y ACCES.ELECT.USO DOMESTICO,448000,546,46305,28329,0,69936,46331,191447,12629000,0,4272000,1054150,263517,109050,154465,27405,23129,476584,0,34581,1614864,1615000,2703678,817137,358,1886900,2704036,1524928,4228607,55355,4404000,10739000,23368000,330000,14026000,5277000,1841000,164000,21639000,,,,,,,,,,,,,,,,,,,,,
1989,C,Rev.2,38330,5,subclase_5_digitos,Apar.y acces.eléct. uso doméstico,448000,546,46305,28329,0,69936,46331,191447,12629000,0,4272000,1054150,263517,109050,154465,27405,23129,476584,0,34581,1614864,1615000,2703678,817137,358,1886900,2704036,1524928,4228607,55355,4404000,10739000,23368000,330000,14026000,5277000,1841000,164000,21639000,,,,,,,,,,,,,,,,,,,,,
1989,C,Rev.2,3839,4,clase_4_digitos,"PILAS,LAMP,MATER.DE CONDUCCION",1212000,22624,77866,34164,46899,20692,135457,337702,23816000,0,17152000,3032960,403636,17324,2494915,17466,27479,72140,0,50885,3003010,3003000,4646265,3435039,253,1211481,4646519,2928645,7574910,23480,5272000,26639000,50455000,1456000,22070000,14905000,1598000,726000,40756000,,,,,,,,,,,,,,,,,,,,,
1989,C,Rev.2,38391,5,subclase_5_digitos,Acumuladores y pilas (baterías),296000,22115,15453,23062,44169,1424,36062,142285,3145000,0,1760000,176625,30018,3160,67991,7656,12223,55577,0,19886,542043,542000,482525,174349,19,308196,482544,518131,1000656,4026,1700000,4298000,7443000,73000,3021000,1471000,296000,631000,5492000,,,,,,,,,,,,,,,,,,,,,
1989,C,Rev.2,38392,5,subclase_5_digitos,"Lamp.eléc,tubo-luz,válvulas.radio",76000,0,46098,169,0,2771,88670,137708,1617000,0,284000,-15785,-39064,0,11220,13808,0,-1749,0,4842,259913,260000,248912,127498,106,121520,249018,249204,498116,5867,608000,1228000,2845000,0,2707000,107000,0,0,2814000,,,,,,,,,,,,,,,,,,,,,
1989,C,Rev.2,38393,5,subclase_5_digitos,Piezas y material conducción elect,840000,509,16315,10933,2730,16497,10725,57709,19054000,0,15108000,2872120,412682,14164,2415704,-3998,15256,18312,0,26157,2201054,2201000,3914828,3133192,128,781765,3914957,2161310,6076138,13587,2964000,21113000,40167000,1383000,16342000,13327000,1302000,96000,32450000,,,,,,,,,,,,,,,,,,,,,
1989,C,Rev.2,384,3,grupo_3_digitos,MATERIAL DE TRANSPORTE,3295000,30724,75665,721926,5707,211429,210035,1255486,82254000,0,36769000,13161401,256406,104768,906889,172861,11562215,158262,5192245,151914,11812869,11813000,15793153,9260331,1362,6534183,15794515,6281987,22075140,186723,18431000,70308000,152562000,32123000,41835000,28592000,3943000,11227000,117720000,,,,,,,,,,,,,,,,,,,,,
1989,C,Rev.2,3841,4,clase_4_digitos,CONSTRUCCION Y REPARACION NAVALES,1813000,0,0,594980,0,78735,4791,678506,8474000,0,7755000,11809185,0,2138,143415,7510,11540553,115569,0,44235,-926891,-927000,1297620,0,902,1298522,1298522,-1056217,241403,85091,5536000,14177000,22651000,,,,,,,,,,,,,,,,,,,,,,,,,,,
1989,C,Rev.2,38410,5,subclase_5_digitos,Construcción y reparacion navales,1813000,0,0,594980,0,78735,4791,678506,8474000,0,7755000,11809185,0,2138,143415,7510,11540553,115569,0,44235,-926891,-927000,1297620,0,902,1298522,1298522,-1056217,241403,85091,5536000,14177000,22651000,,,,,,,,,,,,,,,,,,,,,,,,,,,
1989,C,Rev.2,3843,4,clase_4_digitos,AUTOMOVILES Y REPUESTOS,1356000,29961,75665,126946,5707,123479,201327,563085,70001000,0,26479000,1255322,226939,83692,767128,145554,14744,17265,5184947,102099,12404376,12404000,13212460,8859422,460,4353497,13212920,7022585,20235045,94745,12210000,52449000,122450000,32123000,38438000,26419000,3943000,11124000,112047000,,,,,,,,,,,,,,,,,,,,,
1989,C,Rev.2,38430,5,subclase_5_digitos,Automotores y repuestos,1356000,29961,75665,126946,5707,123479,201327,563085,70001000,0,26479000,1255322,226939,83692,767128,145554,14744,17265,5184947,102099,12404376,12404000,13212460,8859422,460,4353497,13212920,7022585,20235045,94745,12210000,52449000,122450000,32123000,38438000,26419000,3943000,11124000,112047000,,,,,,,,,,,,,,,,,,,,,
1989,C,Rev.2,3844,4,clase_4_digitos,"MOTOS, MOTOCICLETAS Y BICICLETAS",127000,763,0,0,0,9215,3917,13895,3779000,0,2537000,96894,29467,18938,-3654,19797,6918,25428,7298,5580,335384,335000,1283073,400909,0,882164,1283073,315619,1598692,6887,684000,3683000,7462000,0,3397000,2173000,0,104000,5673000,,,,,,,,,,,,,,,,,,,,,
1989,C,Rev.2,38440,5,subclase_5_digitos,"Motos,motocicletas y bicicletas.",127000,763,0,0,0,9215,3917,13895,3779000,0,2537000,96894,29467,18938,-3654,19797,6918,25428,7298,5580,335384,335000,1283073,400909,0,882164,1283073,315619,1598692,6887,684000,3683000,7462000,0,3397000,2173000,0,104000,5673000,,,,,,,,,,,,,,,,,,,,,
1989,C,Rev.2,385,3,grupo_3_digitos,EQ.PROF.Y CIENTIF.Y AP.FOTOGRAFIA,667000,1349,59902,13251,0,2116,5172,81790,6610000,0,4159000,1315802,23083,5171,549894,25385,708417,3852,833,19613,1380090,1380000,672025,308706,0,363319,672025,1349453,2021479,10191,2192000,8398000,15008000,191000,1081000,1409000,10569000,585000,13835000,,,,,,,,,,,,,,,,,,,,,
1989,C,Rev.2,3851,4,clase_4_digitos,EQ.PROF.Y CIENTIFICO (ORTOPEDIA),605000,1349,59902,13251,0,2116,4227,80845,5877000,0,3363000,1315087,23083,5171,549179,25385,708417,3852,833,17374,1275497,1275000,550754,262191,0,288563,550754,1250386,1801141,6904,1914000,7157000,13034000,159000,1081000,888000,10079000,0,12208000,,,,,,,,,,,,,,,,,,,,,
1989,C,Rev.2,38510,5,subclase_5_digitos,Equipo prof.científico(ortopedia),605000,1349,59902,13251,0,2116,4227,80845,5877000,0,3363000,1315087,23083,5171,549179,25385,708417,3852,833,17374,1275497,1275000,550754,262191,0,288563,550754,1250386,1801141,6904,1914000,7157000,13034000,159000,1081000,888000,10079000,0,12208000,,,,,,,,,,,,,,,,,,,,,
1989,C,Rev.2,3852,4,clase_4_digitos,"AP.FOTOGRAFICOS,INSTRUM.OPTICA",63000,0,0,0,0,0,945,945,733000,0,794000,715,0,0,715,0,0,0,0,2239,104593,105000,121271,46515,0,74756,121271,99067,220338,3287,278000,1240000,1973000,31000,0,521000,490000,585000,1627000,,,,,,,,,,,,,,,,,,,,,
1989,C,Rev.2,38520,5,subclase_5_digitos,Ap.fotográficos e instrum.óptica.,63000,0,0,0,0,0,945,945,733000,0,794000,715,0,0,715,0,0,0,0,2239,104593,105000,121271,46515,0,74756,121271,99067,220338,3287,278000,1240000,1973000,31000,0,521000,490000,585000,1627000,,,,,,,,,,,,,,,,,,,,,
1989,C,Rev.2,39,2,division_2_digitos,OTRAS INDUSTRIAS MANUFACTURERAS,566000,2347,2315,35423,0,60312,47400,147797,5955000,0,1748000,-3071,419,1457,50990,8741,1294,-65972,0,27122,1200879,1201000,922764,132782,54100,844083,976864,1150370,2073134,23387,3600000,7115000,13070000,630000,8194000,307000,881000,615000,10626000,,,,,,,,,,,,,,,,,,,,,
1989,C,Rev.2,390,3,grupo_3_digitos,OTRAS INDUSTRIAS MANUFACTURERAS,566000,2347,2315,35423,0,60312,47400,147797,5955000,0,1748000,-3071,419,1457,50990,8741,1294,-65972,0,27122,1200879,1201000,922764,132782,54100,844083,976864,1150370,2073134,23387,3600000,7115000,13070000,630000,8194000,307000,881000,615000,10626000,,,,,,,,,,,,,,,,,,,,,
1989,C,Rev.2,3901,4,clase_4_digitos,JOYAS Y ARTICULOS CONEXOS,29000,0,0,2655,0,675,8164,11494,322000,0,104000,4552,419,0,1644,2489,0,0,0,2480,49126,49000,36618,0,46340,82958,82958,45183,81802,1463,298000,480000,802000,0,1000,0,0,229000,230000,,,,,,,,,,,,,,,,,,,,,
1989,C,Rev.2,39010,5,subclase_5_digitos,Joyas y artículos conexos.,29000,0,0,2655,0,675,8164,11494,322000,0,104000,4552,419,0,1644,2489,0,0,0,2480,49126,49000,36618,0,46340,82958,82958,45183,81802,1463,298000,480000,802000,0,1000,0,0,229000,230000,,,,,,,,,,,,,,,,,,,,,
1989,C,Rev.2,3903,4,clase_4_digitos,ARTIC.DE DEPORTE Y ATLETISMO,4000,0,2315,1545,0,0,0,3860,171000,0,53000,,,,,,,,0,300,18046,18000,27465,0,0,27465,27465,17657,45122,89,38000,113000,284000,0,156000,95000,0,0,251000,,,,,,,,,,,,,,,,,,,,,
1989,C,Rev.2,39030,5,subclase_5_digitos,Artículos para deporte.,4000,0,2315,1545,0,0,0,3860,171000,0,53000,,,,,,,,0,300,18046,18000,27465,0,0,27465,27465,17657,45122,89,38000,113000,284000,0,156000,95000,0,0,251000,,,,,,,,,,,,,,,,,,,,,
1989,C,Rev.2,3909,4,clase_4_digitos,OTRAS INDUSTRIAS MANUFACT. N.E.P.,533000,2347,0,31223,0,59637,39236,132443,5462000,0,1590000,-7623,0,1457,49346,6252,1294,-65972,0,24342,1133707,1134000,858681,132782,7760,733660,866441,1087530,1946210,21835,3264000,6521000,11983000,630000,8037000,213000,881000,385000,10146000,,,,,,,,,,,,,,,,,,,,,
1989,C,Rev.2,39090,5,subclase_5_digitos,Otras industrias manufact.n.e.p.,533000,2347,0,31223,0,59637,39236,132443,5462000,0,1590000,-7623,0,1457,49346,6252,1294,-65972,0,24342,1133707,1134000,858681,132782,7760,733660,866441,1087530,1946210,21835,3264000,6521000,11983000,630000,8037000,213000,881000,385000,10146000,,,,,,,,,,,,,,,,,,,,,
1990,C,Rev.2,3,1,industria_total,INDUSTRIAS MANUFACTURERAS,172119000,2022000,57129000,13250000,19147000,7177000,9173000,107898000,3983745000,13871000,1046198000,154807540,28089077,2120079,82653359,12696413,8618919,20629693,370204000,7990000,662946000,649075000,444832813,101307930,11295180,354820059,456127999,264599218,709432027,20153000,918904000,2786296000,6770041000,153533000,2440161000,1021375000,961631000,376592000,4953291000,,,,,,,,,,,,,,,,,,,,,
1990,C,Rev.2,31,2,division_2_digitos,PRODUCTOS ALIMENT.BEBIDAS Y TABACO,53966000,177000,10984000,6269000,9675000,1657000,2992000,31755000,1469834000,3033000,294022000,59890622,13395446,632820,30376081,5015247,3639069,6831959,137359000,2341000,245435000,242402000,127004618,12327903,3414251,118090965,130418872,94210359,221214971,11525000,280923000,871313000,2341147000,18466000,873937000,467875000,161940000,153204000,1675421000,,,,,,,,,,,,,,,,,,,,,
1990,C,Rev.2,311,3,grupo_3_digitos,PRODUCTOS ALIMENTICIOS,41025000,150000,8910000,5000000,7236000,1192000,2669000,25157000,1184945000,3033000,164368000,40532091,8921225,539704,21265052,3811365,691962,5302783,1245000,1716000,66817000,63783000,83354219,6764212,2750221,79340228,86104443,54616094,137970311,9240000,208326000,477502000,1662447000,17286000,549339000,266289000,83682000,145893000,1062490000,,,,,,,,,,,,,,,,,,,,,
1990,C,Rev.2,3111,4,clase_4_digitos,MATANZA Y PREPARAC CARNES Y AVES,10030000,2000,1506000,1142000,1174000,215000,445000,4484000,503638000,1615000,50385000,9100446,1640778,6326,5020760,424871,169885,1837826,1174000,498000,25695000,24080000,22202534,382826,719991,22539700,22922528,18516685,40719217,5506000,61494000,145989000,649627000,3553000,180709000,122601000,36855000,6677000,350395000,,,,,,,,,,,,,,,,,,,,,
1990,C,Rev.2,31111,5,subclase_5_digitos,Matanza de ganado.,8487000,2000,1211000,938000,913000,179000,319000,3561000,433940000,1589000,39824000,5946917,160339,6326,4212984,122840,89656,1354772,1094000,379000,14532000,12942000,14837978,234766,668963,15272176,15506944,7888502,22726477,5170000,49807000,111060000,545000000,3080000,98570000,109649000,36037000,4433000,251769000,,,,,,,,,,,,,,,,,,,,,
1990,C,Rev.2,31112,5,subclase_5_digitos,Preparación y conservación carnes,1264000,0,288000,175000,254000,30000,112000,859000,59801000,0,9909000,2867174,1279650,0,722781,301460,80229,483054,80000,105000,9966000,9966000,7084480,135210,49905,6999176,7134385,9452895,16537376,328000,9925000,31064000,90865000,473000,79807000,8417000,818000,947000,90463000,,,,,,,,,,,,,,,,,,,,,
1990,C,Rev.2,31113,5,subclase_5_digitos,Matanza y preparación de aves.,279000,0,7000,29000,7000,6000,15000,64000,9897000,26000,651000,286355,200789,0,84995,571,0,0,0,15000,1198000,1172000,280076,12850,1123,268348,281199,1175288,1455364,8000,1762000,3864000,13761000,0,2332000,4534000,0,1296000,8163000,,,,,,,,,,,,,,,,,,,,,
1990,C,Rev.2,3112,4,clase_4_digitos,PRODUCTOS LACTEOS,6003000,0,4819000,439000,754000,171000,121000,6304000,154443000,998000,24527000,10463870,4009366,13468,4053529,481133,155238,1751136,6000,329000,8414000,7416000,8460885,925130,1687356,9223111,10148241,7614972,16075858,464000,39533000,77479000,231922000,5480000,121012000,19998000,4109000,7963000,158561000,,,,,,,,,,,,,,,,,,,,,
1990,C,Rev.2,31120,5,subclase_5_digitos,Productos lácteos.,6003000,0,4819000,439000,754000,171000,121000,6304000,154443000,998000,24527000,10463870,4009366,13468,4053529,481133,155238,1751136,6000,329000,8414000,7416000,8460885,925130,1687356,9223111,10148241,7614972,16075858,464000,39533000,77479000,231922000,5480000,121012000,19998000,4109000,7963000,158561000,,,,,,,,,,,,,,,,,,,,,
1990,C,Rev.2,3113,4,clase_4_digitos,ENVAS.Y CONSERVAC.FRUTAS-LEGUMBRES,2073000,0,201000,75000,387000,53000,19000,736000,28707000,68000,3447000,631372,22375,595,546363,39702,0,22337,1000,23000,1317000,1249000,3096755,52943,149,3043962,3096904,1258131,4354884,35000,3857000,10626000,39333000,375000,17030000,5673000,766000,0,23845000,,,,,,,,,,,,,,,,,,,,,
1990,C,Rev.2,31130,5,subclase_5_digitos,"Envas.y concervac.frutas,legumbres",2073000,0,201000,75000,387000,53000,19000,736000,28707000,68000,3447000,631372,22375,595,546363,39702,0,22337,1000,23000,1317000,1249000,3096755,52943,149,3043962,3096904,1258131,4354884,35000,3857000,10626000,39333000,375000,17030000,5673000,766000,0,23845000,,,,,,,,,,,,,,,,,,,,,
1990,C,Rev.2,3114,4,clase_4_digitos,ELABORACION DE PESCADO Y OTROS,4607000,135000,16000,64000,162000,6000,109000,493000,59351000,255000,8957000,1330077,166015,15253,810876,53825,126951,157157,20000,157000,-2768000,-3022000,4253804,82103,36378,4208078,4290183,-2978613,1275193,34000,16617000,27159000,86510000,0,2441000,2054000,1486000,1186000,7168000,,,,,,,,,,,,,,,,,,,,,
1990,C,Rev.2,31140,5,subclase_5_digitos,"Elaboración de pescado, y otros.",4607000,135000,16000,64000,162000,6000,109000,493000,59351000,255000,8957000,1330077,166015,15253,810876,53825,126951,157157,20000,157000,-2768000,-3022000,4253804,82103,36378,4208078,4290183,-2978613,1275193,34000,16617000,27159000,86510000,0,2441000,2054000,1486000,1186000,7168000,,,,,,,,,,,,,,,,,,,,,
1990,C,Rev.2,3115,4,clase_4_digitos,ACEITES Y GRASAS VEGET.Y ANIMALES.,1628000,0,468000,350000,1007000,16000,149000,1990000,65520000,19000,11158000,786957,0,151,548170,11343,15345,211948,0,77000,5143000,5124000,8380571,1650092,39533,6770012,8420103,4801222,13181792,265000,5903000,23813000,89333000,41000,55553000,21106000,6676000,0,83378000,,,,,,,,,,,,,,,,,,,,,
1990,C,Rev.2,31150,5,subclase_5_digitos,Aceites y grasas veget.y animales,1628000,0,468000,350000,1007000,16000,149000,1990000,65520000,19000,11158000,786957,0,151,548170,11343,15345,211948,0,77000,5143000,5124000,8380571,1650092,39533,6770012,8420103,4801222,13181792,265000,5903000,23813000,89333000,41000,55553000,21106000,6676000,0,83378000,,,,,,,,,,,,,,,,,,,,,
1990,C,Rev.2,3116,4,clase_4_digitos,"MOLINOS HARINEROS,ARROCEROS,YERBAT",6504000,0,10000,1335000,175000,64000,92000,1677000,189118000,79000,28362000,11823660,2696282,319181,7586028,287031,164721,770417,22000,187000,7618000,7539000,9893154,2271433,227266,7848987,10120420,6973111,16866265,436000,23886000,66291000,255409000,1037000,69697000,36141000,26508000,12682000,146065000,,,,,,,,,,,,,,,,,,,,,
1990,C,Rev.2,31161,5,subclase_5_digitos,Molinos harineros.,1902000,0,10000,806000,49000,17000,36000,918000,65252000,68000,19039000,594636,215078,30405,79833,97381,159621,12318,22000,92000,8514000,8447000,2728918,47787,39644,2720776,2768562,8165300,10894219,235000,11310000,40698000,105950000,1037000,33229000,30469000,25417000,12574000,102726000,,,,,,,,,,,,,,,,,,,,,
1990,C,Rev.2,31162,5,subclase_5_digitos,Molinos arroceros.,4379000,0,0,470000,126000,36000,52000,684000,100182000,10000,7498000,10696170,2481204,288737,7464610,183272,0,278347,0,82000,-1277000,-1287000,4363745,121000,187605,4430350,4551350,-1503861,2859885,145000,10929000,21519000,121701000,0,14550000,1668000,786000,108000,17112000,,,,,,,,,,,,,,,,,,,,,
1990,C,Rev.2,31163,5,subclase_5_digitos,Molienda yerba mate.,222000,0,0,59000,0,12000,4000,74000,23685000,0,1824000,532854,0,39,41585,6378,5100,479752,0,12000,380000,380000,2800491,2102646,17,697861,2800508,311672,3112161,56000,1647000,4073000,27758000,0,21918000,4004000,305000,0,26227000,,,,,,,,,,,,,,,,,,,,,
1990,C,Rev.2,3117,4,clase_4_digitos,"PAN,REPOSTERIA,PASTAS,GALLETERIA",5655000,8000,1495000,1024000,2335000,441000,660000,5964000,117669000,0,29318000,4545654,358272,0,1676422,2284332,11933,214695,5000,369000,12314000,12314000,20482028,403613,17464,20095878,20499492,10193722,30675750,1746000,35817000,83104000,200773000,2069000,20043000,43839000,4651000,117121000,187723000,,,,,,,,,,,,,,,,,,,,,
1990,C,Rev.2,31172,5,subclase_5_digitos,Fideerías y preparación de pastas.,621000,0,206000,126000,51000,72000,168000,624000,18213000,0,3614000,675493,131701,0,344969,84250,7666,106907,5000,54000,750000,751000,2410267,68485,1186,2342968,2411453,652434,3062702,39000,4516000,9502000,27715000,2041000,6935000,11174000,0,6450000,26600000,,,,,,,,,,,,,,,,,,,,,
1990,C,Rev.2,31179,5,subclase_5_digitos,"Prod.panificados,gallet.repostería",5034000,8000,1289000,898000,2285000,369000,492000,5340000,99456000,0,25703000,3870161,226571,0,1331453,2200082,4267,107788,0,315000,11563000,11563000,18071761,335128,16278,17752910,18088039,9541288,27613048,1707000,31302000,73602000,173058000,28000,13108000,32665000,4651000,110671000,161123000,,,,,,,,,,,,,,,,,,,,,
1990,C,Rev.2,3118,4,clase_4_digitos,INGENIOS Y REFINERIAS DE AZUCAR,4057000,0,146000,484000,1242000,13000,958000,2842000,47319000,0,-485000,1111735,20419,184692,805818,113932,22489,-35615,0,22000,5908000,5909000,3038475,281070,21615,2779020,3060090,5327486,8365961,559000,14815000,24296000,71615000,4112000,65957000,122000,592000,148000,70931000,,,,,,,,,,,,,,,,,,,,,
1990,C,Rev.2,31180,5,subclase_5_digitos,Ingenios y refinerías de azúcar.,4057000,0,146000,484000,1242000,13000,958000,2842000,47319000,0,-485000,1111735,20419,184692,805818,113932,22489,-35615,0,22000,5908000,5909000,3038475,281070,21615,2779020,3060090,5327486,8365961,559000,14815000,24296000,71615000,4112000,65957000,122000,592000,148000,70931000,,,,,,,,,,,,,,,,,,,,,
1990,C,Rev.2,3119,4,clase_4_digitos,"CACAO,CHOCOLATE Y CONFITURAS",469000,5000,248000,87000,0,213000,114000,668000,19180000,0,8698000,738320,7718,38,217086,115196,25400,372882,16000,54000,3174000,3175000,3546013,715002,469,2831480,3546482,2909378,6455391,195000,6403000,18745000,37925000,619000,16896000,14756000,2038000,116000,34425000,,,,,,,,,,,,,,,,,,,,,
1990,C,Rev.2,31190,5,subclase_5_digitos,"Cacao,chocolate y confituras",469000,5000,248000,87000,0,213000,114000,668000,19180000,0,8698000,738320,7718,38,217086,115196,25400,372882,16000,54000,3174000,3175000,3546013,715002,469,2831480,3546482,2909378,6455391,195000,6403000,18745000,37925000,619000,16896000,14756000,2038000,116000,34425000,,,,,,,,,,,,,,,,,,,,,
1990,C,Rev.2,312,3,grupo_3_digitos,ALIMENTOS DIVERSOS,2890000,14000,321000,284000,1528000,45000,34000,2225000,77096000,0,46486000,3933226,2597140,32010,878719,90941,112306,222110,0,153000,8915000,8915000,10116159,2141774,314079,8288462,10430238,8468535,18584692,293000,18329000,76620000,153716000,708000,40328000,13368000,63658000,2368000,120429000,,,,,,,,,,,,,,,,,,,,,
1990,C,Rev.2,3121,4,clase_4_digitos,PRODUCTOS ALIMENTICIOS DIVERSOS,2473000,14000,321000,148000,1433000,44000,29000,1989000,55518000,0,41384000,3134090,2078791,2722,652615,86019,112306,201637,0,126000,9256000,9256000,9022876,2139352,42652,6926175,9065529,8858012,17880886,272000,15952000,69065000,124583000,613000,36844000,9229000,62209000,56000,108951000,,,,,,,,,,,,,,,,,,,,,
1990,C,Rev.2,31219,5,subclase_5_digitos,Productos alimenticios diversos,2473000,14000,321000,148000,1433000,44000,29000,1989000,55518000,0,41384000,3134090,2078791,2722,652615,86019,112306,201637,0,126000,9256000,9256000,9022876,2139352,42652,6926175,9065529,8858012,17880886,272000,15952000,69065000,124583000,613000,36844000,9229000,62209000,56000,108951000,,,,,,,,,,,,,,,,,,,,,
1990,C,Rev.2,3122,4,clase_4_digitos,RACIONES BALANCEADAS,418000,0,0,136000,95000,1000,5000,236000,21578000,0,5101000,799136,518349,29288,226104,4922,0,20473,0,28000,-340000,-341000,1093283,2422,271427,1362287,1364709,-389477,703806,21000,2378000,7556000,29134000,95000,3484000,4139000,1449000,2312000,11478000,,,,,,,,,,,,,,,,,,,,,
1990,C,Rev.2,31220,5,subclase_5_digitos,Preparación raciones balanceadas,418000,0,0,136000,95000,1000,5000,236000,21578000,0,5101000,799136,518349,29288,226104,4922,0,20473,0,28000,-340000,-341000,1093283,2422,271427,1362287,1364709,-389477,703806,21000,2378000,7556000,29134000,95000,3484000,4139000,1449000,2312000,11478000,,,,,,,,,,,,,,,,,,,,,
1990,C,Rev.2,313,3,grupo_3_digitos,INDUSTRIA DE BEBIDAS,7776000,14000,1531000,961000,911000,419000,263000,4100000,179820000,0,71902000,14708083,1731434,25302,7950447,950820,2758006,1292074,52561000,412000,86594000,86595000,32828438,2986428,115349,29957360,32943787,31665049,64493485,1956000,45762000,212035000,391855000,472000,173503000,173589000,14600000,4943000,367106000,,,,,,,,,,,,,,,,,,,,,
1990,C,Rev.2,3131,4,clase_4_digitos,DEST.Y MEZCLA BEBIDAS ESPIRITUOSAS,1418000,0,772000,74000,46000,41000,12000,945000,34564000,0,388000,1399231,116392,6817,1110699,42724,1434,121165,19332000,67000,27843000,27842000,5432348,1779157,90428,3743619,5522776,8379674,13812021,64000,8758000,38406000,72970000,0,52418000,10416000,13675000,556000,77065000,,,,,,,,,,,,,,,,,,,,,
1990,C,Rev.2,31310,5,subclase_5_digitos,Dest.y mezcla bebidas espirituosas,1418000,0,772000,74000,46000,41000,12000,945000,34564000,0,388000,1399231,116392,6817,1110699,42724,1434,121165,19332000,67000,27843000,27842000,5432348,1779157,90428,3743619,5522776,8379674,13812021,64000,8758000,38406000,72970000,0,52418000,10416000,13675000,556000,77065000,,,,,,,,,,,,,,,,,,,,,
1990,C,Rev.2,3132,4,clase_4_digitos,INDUSTRIAS VINICOLAS,1270000,0,13000,586000,176000,163000,82000,1020000,42903000,0,5709000,5099853,1145003,838,2940838,149560,191314,672300,2888000,75000,9040000,9040000,6950025,274623,0,6675403,6950025,5309632,12259656,767000,5337000,21356000,64259000,0,30910000,36021000,453000,1008000,68392000,,,,,,,,,,,,,,,,,,,,,
1990,C,Rev.2,31320,5,subclase_5_digitos,Industrias vinícolas.,1270000,0,13000,586000,176000,163000,82000,1020000,42903000,0,5709000,5099853,1145003,838,2940838,149560,191314,672300,2888000,75000,9040000,9040000,6950025,274623,0,6675403,6950025,5309632,12259656,767000,5337000,21356000,64259000,0,30910000,36021000,453000,1008000,68392000,,,,,,,,,,,,,,,,,,,,,
1990,C,Rev.2,3133,4,clase_4_digitos,CERVECERIAS Y MALTERIAS,2503000,10000,627000,52000,401000,28000,83000,1202000,34153000,0,21119000,4174701,156119,7720,2074398,93615,1744623,98226,7755000,119000,11830000,11831000,5237228,216083,22842,5043987,5260070,3662387,8899615,294000,14730000,50183000,84336000,0,55953000,2249000,0,0,58202000,,,,,,,,,,,,,,,,,,,,,
1990,C,Rev.2,31330,5,subclase_5_digitos,Cervecerías y malterías,2503000,10000,627000,52000,401000,28000,83000,1202000,34153000,0,21119000,4174701,156119,7720,2074398,93615,1744623,98226,7755000,119000,11830000,11831000,5237228,216083,22842,5043987,5260070,3662387,8899615,294000,14730000,50183000,84336000,0,55953000,2249000,0,0,58202000,,,,,,,,,,,,,,,,,,,,,
1990,C,Rev.2,3134,4,clase_4_digitos,BEBIDAS SIN ALCOHOL,2586000,3000,118000,250000,288000,187000,86000,933000,68200000,0,44686000,4034298,313920,9927,1824512,664921,820635,400383,22586000,151000,37882000,37882000,15208837,716565,2079,14494351,15210916,14313356,29522193,832000,16937000,102091000,170291000,472000,34222000,124903000,472000,3379000,163447000,,,,,,,,,,,,,,,,,,,,,
1990,C,Rev.2,31340,5,subclase_5_digitos,Bebidas sin alcohol,2586000,3000,118000,250000,288000,187000,86000,933000,68200000,0,44686000,4034298,313920,9927,1824512,664921,820635,400383,22586000,151000,37882000,37882000,15208837,716565,2079,14494351,15210916,14313356,29522193,832000,16937000,102091000,170291000,472000,34222000,124903000,472000,3379000,163447000,,,,,,,,,,,,,,,,,,,,,
1990,C,Rev.2,314,3,grupo_3_digitos,INDUSTRIAS DEL TABACO,2275000,0,222000,24000,0,0,26000,272000,27973000,0,11265000,717222,145647,35804,281863,162121,76795,14992,83553000,59000,83109000,83109000,705802,435489,234602,504915,940404,-539319,166483,36000,8506000,105155000,133128000,0,110767000,14629000,0,0,125396000,,,,,,,,,,,,,,,,,,,,,
1990,C,Rev.2,3140,4,clase_4_digitos,INDUSTRIAS DEL TABACO,2275000,0,222000,24000,0,0,26000,272000,27973000,0,11265000,717222,145647,35804,281863,162121,76795,14992,83553000,59000,83109000,83109000,705802,435489,234602,504915,940404,-539319,166483,36000,8506000,105155000,133128000,0,110767000,14629000,0,0,125396000,,,,,,,,,,,,,,,,,,,,,
1990,C,Rev.2,31400,5,subclase_5_digitos,Industrias del tabaco.,2275000,0,222000,24000,0,0,26000,272000,27973000,0,11265000,717222,145647,35804,281863,162121,76795,14992,83553000,59000,83109000,83109000,705802,435489,234602,504915,940404,-539319,166483,36000,8506000,105155000,133128000,0,110767000,14629000,0,0,125396000,,,,,,,,,,,,,,,,,,,,,
1990,C,Rev.2,32,2,division_2_digitos,"TEXTILES,PR.VESTIR,INDUSTRIA CUERO",37210000,31000,7728000,772000,2732000,1642000,1229000,14133000,861256000,9834000,220742000,38170668,8226777,237395,22132044,3105821,1359485,3109146,83000,2126000,33759000,23925000,107887381,7806079,632279,100713579,108519659,27765775,135653153,3784000,225240000,507117000,1368373000,4603000,319539000,210484000,78687000,35172000,648485000,,,,,,,,,,,,,,,,,,,,,
1990,C,Rev.2,321,3,grupo_3_digitos,TEXTILES,24874000,22000,6974000,236000,1807000,526000,830000,10394000,394520000,4093000,113880000,20890286,5779638,22056,11060776,1578438,741851,1707527,80000,1041000,28720000,24627000,44225703,6187561,378859,38417000,44604561,24671160,68896863,2928000,112207000,275588000,670108000,2590000,217191000,54482000,50679000,20780000,345722000,,,,,,,,,,,,,,,,,,,,,
1990,C,Rev.2,3211,4,clase_4_digitos,"LAVADERO,HILANDERIA Y TEJEDURIA.",21271000,8000,6813000,131000,1731000,359000,552000,9594000,308254000,2184000,88475000,16097954,3774584,20692,9855645,1304288,331161,811584,80000,833000,26069000,23884000,31045464,4790160,343314,26598616,31388776,23077505,54122969,2078000,88295000,221925000,530179000,2509000,146534000,32887000,50069000,13360000,245360000,,,,,,,,,,,,,,,,,,,,,
1990,C,Rev.2,32111,5,subclase_5_digitos,"Lavadero,enfardelaje y fab de tops",6287000,0,1276000,31000,830000,53000,106000,2296000,101530000,499000,32347000,5202892,2262343,2635,2165011,271140,69406,432357,14000,131000,4345000,3846000,5008177,314476,298705,4992406,5306882,3135035,8143211,1065000,16425000,58905000,160435000,,,,,,,,,,,,,,,,,,,,,,,,,,,
1990,C,Rev.2,32112,5,subclase_5_digitos,"Hiland.tejeduría,acabado de lana",4972000,8000,1284000,27000,509000,102000,126000,2055000,78093000,1620000,24712000,4688563,265803,1649,3610208,472845,159075,178983,50000,223000,1961000,341000,7876072,763063,1934,7114942,7878005,1393990,9270062,294000,30290000,60315000,138408000,0,24210000,3692000,14353000,13333000,55589000,,,,,,,,,,,,,,,,,,,,,
1990,C,Rev.2,32115,5,subclase_5_digitos,Hiland.tejeduría de fibras duras,0,0,0,1000,0,1000,0,2000,79000,0,31000,,,,,,,,0,0,-3000,-2000,3461,0,362,3823,3823,-2531,930,0,51000,80000,159000,0,5000,0,0,0,5000,,,,,,,,,,,,,,,,,,,,,
1990,C,Rev.2,32119,5,subclase_5_digitos,Hiland.tejed. algodón y sintéticos,10011000,0,4253000,71000,392000,204000,320000,5241000,128552000,66000,31386000,6206499,1246438,16408,4080426,560303,102680,200244,16000,480000,19766000,19699000,18157754,3712621,42313,14487445,18200066,18551011,36708766,719000,41529000,102625000,231177000,2509000,121631000,29195000,28709000,26000,182070000,,,,,,,,,,,,,,,,,,,,,
1990,C,Rev.2,3212,4,clase_4_digitos,TEXTILES EXCEPTO PRENDAS VESTIR,1474000,0,17000,4000,22000,21000,8000,72000,15511000,62000,2595000,2147005,1665371,917,50417,24403,0,405897,0,25000,-404000,-465000,2097167,297351,24576,1824392,2121743,-444586,1652580,16000,3186000,6790000,22301000,81000,17129000,3029000,486000,620000,21345000,,,,,,,,,,,,,,,,,,,,,
1990,C,Rev.2,32120,5,subclase_5_digitos,Textiles excepto prendas vestir,1474000,0,17000,4000,22000,21000,8000,72000,15511000,62000,2595000,2147005,1665371,917,50417,24403,0,405897,0,25000,-404000,-465000,2097167,297351,24576,1824392,2121743,-444586,1652580,16000,3186000,6790000,22301000,81000,17129000,3029000,486000,620000,21345000,,,,,,,,,,,,,,,,,,,,,
1990,C,Rev.2,3213,4,clase_4_digitos,TEJIDOS PUNTO Y MEDIAS,1414000,7000,92000,92000,1000,103000,48000,343000,47146000,1837000,16836000,2155103,339141,147,1030450,207628,409637,168100,0,146000,608000,-1229000,7857746,567288,7931,7298391,7865678,165967,8023713,296000,16028000,33049000,80195000,0,27201000,17597000,70000,6436000,51303000,,,,,,,,,,,,,,,,,,,,,
1990,C,Rev.2,32130,5,subclase_5_digitos,Tejidos de punto y medias.,1414000,7000,92000,92000,1000,103000,48000,343000,47146000,1837000,16836000,2155103,339141,147,1030450,207628,409637,168100,0,146000,608000,-1229000,7857746,567288,7931,7298391,7865678,165967,8023713,296000,16028000,33049000,80195000,0,27201000,17597000,70000,6436000,51303000,,,,,,,,,,,,,,,,,,,,,
1990,C,Rev.2,3214,4,clase_4_digitos,TAPICES Y ALFOMBRAS,170000,8000,15000,0,0,10000,6000,39000,2160000,9000,1241000,90658,542,2,20801,25962,722,42629,0,5000,308000,300000,421484,179518,118,242083,421602,295950,717434,7000,661000,2372000,4532000,0,3352000,200000,0,364000,3917000,,,,,,,,,,,,,,,,,,,,,
1990,C,Rev.2,32140,5,subclase_5_digitos,Tapices y alfombras,170000,8000,15000,0,0,10000,6000,39000,2160000,9000,1241000,90658,542,2,20801,25962,722,42629,0,5000,308000,300000,421484,179518,118,242083,421602,295950,717434,7000,661000,2372000,4532000,0,3352000,200000,0,364000,3917000,,,,,,,,,,,,,,,,,,,,,
1990,C,Rev.2,3215,4,clase_4_digitos,CORDELERIA,39000,0,0,3000,9000,0,2000,14000,320000,0,1000,883,0,98,454,0,331,0,0,2000,87000,86000,40167,8160,2920,34927,43087,79795,119962,5000,238000,364000,684000,0,691000,106000,16000,0,813000,,,,,,,,,,,,,,,,,,,,,
1990,C,Rev.2,32150,5,subclase_5_digitos,Cordelería.,39000,0,0,3000,9000,0,2000,14000,320000,0,1000,883,0,98,454,0,331,0,0,2000,87000,86000,40167,8160,2920,34927,43087,79795,119962,5000,238000,364000,684000,0,691000,106000,16000,0,813000,,,,,,,,,,,,,,,,,,,,,
1990,C,Rev.2,3219,4,clase_4_digitos,TEXTILES N.E.P.,507000,0,36000,7000,44000,33000,213000,333000,21129000,0,4731000,398683,0,200,103009,16157,0,279317,0,29000,2052000,2052000,2763675,345084,0,2418591,2763675,1496529,4260205,526000,3799000,11089000,32218000,0,22283000,663000,38000,0,22984000,,,,,,,,,,,,,,,,,,,,,
1990,C,Rev.2,32190,5,subclase_5_digitos,Textiles N.E.P..,507000,0,36000,7000,44000,33000,213000,333000,21129000,0,4731000,398683,0,200,103009,16157,0,279317,0,29000,2052000,2052000,2763675,345084,0,2418591,2763675,1496529,4260205,526000,3799000,11089000,32218000,0,22283000,663000,38000,0,22984000,,,,,,,,,,,,,,,,,,,,,
1990,C,Rev.2,322,3,grupo_3_digitos,PRENDAS VESTIR EXCEPTO CALZADO,4895000,9000,176000,78000,41000,765000,130000,1198000,234247000,5431000,70332000,3563976,372271,18735,1794849,478933,118039,781149,2000,533000,-2758000,-8189000,39440644,732034,38758,38747367,39479401,-3627620,35813022,335000,62983000,130021000,364268000,1159000,31198000,112937000,2338000,13691000,161322000,,,,,,,,,,,,,,,,,,,,,
1990,C,Rev.2,3220,4,clase_4_digitos,PRENDAS VESTIR EXCEPTO CALZADO,4895000,9000,176000,78000,41000,765000,130000,1198000,234247000,5431000,70332000,3563976,372271,18735,1794849,478933,118039,781149,2000,533000,-2758000,-8189000,39440644,732034,38758,38747367,39479401,-3627620,35813022,335000,62983000,130021000,364268000,1159000,31198000,112937000,2338000,13691000,161322000,,,,,,,,,,,,,,,,,,,,,
1990,C,Rev.2,32202,5,subclase_5_digitos,Prendas de cuero.,768000,5000,51000,39000,0,152000,33000,280000,97643000,1453000,32730000,588608,76848,2295,189606,203759,1122,114978,0,109000,-12374000,-13826000,16473255,20418,37595,16490430,16510848,-12548067,3925186,65000,13257000,32929000,130572000,0,2606000,4773000,2000,2333000,9714000,,,,,,,,,,,,,,,,,,,,,
1990,C,Rev.2,32209,5,subclase_5_digitos,Ropa exterior e interior,4128000,4000,124000,39000,41000,612000,97000,918000,136604000,3978000,37601000,2975368,295423,16440,1605243,275174,116917,666171,2000,423000,9615000,5637000,22967389,711616,1163,22256937,22968553,8920447,31887836,270000,49726000,97092000,233696000,1159000,28591000,108165000,2336000,11358000,151609000,,,,,,,,,,,,,,,,,,,,,
1990,C,Rev.2,323,3,grupo_3_digitos,"CUERO Y PIELES,EXCEP.CALZADO",5535000,0,556000,388000,884000,181000,79000,2088000,173885000,310000,28568000,10581352,1735892,40691,7621966,583308,350084,249411,1000,345000,6199000,5889000,12676916,777892,214658,12113682,12891575,5645080,18321996,208000,39034000,79026000,252911000,0,32934000,24028000,20540000,700000,78202000,,,,,,,,,,,,,,,,,,,,,
1990,C,Rev.2,3231,4,clase_4_digitos,CURTIEMBRES Y TALLERES DE ACABADO,4842000,0,549000,360000,884000,105000,62000,1960000,131591000,0,15720000,10326054,1735892,39585,7482188,538265,305113,225011,1000,296000,8232000,8231000,8208800,748177,214658,7675281,8423459,7810574,16019376,124000,33897000,62690000,194281000,0,32588000,14286000,20540000,700000,68115000,,,,,,,,,,,,,,,,,,,,,
1990,C,Rev.2,32310,5,subclase_5_digitos,Curtiembres y talleres de acabado.,4842000,0,549000,360000,884000,105000,62000,1960000,131591000,0,15720000,10326054,1735892,39585,7482188,538265,305113,225011,1000,296000,8232000,8231000,8208800,748177,214658,7675281,8423459,7810574,16019376,124000,33897000,62690000,194281000,0,32588000,14286000,20540000,700000,68115000,,,,,,,,,,,,,,,,,,,,,
1990,C,Rev.2,3233,4,clase_4_digitos,"ART.CUERO (MARROQUINERIA,ETC.)",693000,0,7000,28000,0,76000,17000,128000,42295000,310000,12846000,255298,0,1106,139778,45043,44971,24400,0,49000,-2032000,-2342000,4468116,29715,0,4438401,4468116,-2165494,2302620,84000,5137000,16334000,58629000,0,345000,9742000,0,0,10087000,,,,,,,,,,,,,,,,,,,,,
1990,C,Rev.2,32330,5,subclase_5_digitos,Art.cuero (marroquinería),693000,0,7000,28000,0,76000,17000,128000,42295000,310000,12846000,255298,0,1106,139778,45043,44971,24400,0,49000,-2032000,-2342000,4468116,29715,0,4438401,4468116,-2165494,2302620,84000,5137000,16334000,58629000,0,345000,9742000,0,0,10087000,,,,,,,,,,,,,,,,,,,,,
1990,C,Rev.2,324,3,grupo_3_digitos,CALZADO EXCEPTO.CAUCHO Y PLASTIC,1906000,0,23000,70000,0,170000,190000,452000,58603000,0,7963000,3135054,338976,155913,1654453,465142,149511,371059,0,207000,1597000,1597000,11544118,108592,4,11435530,11544122,1077155,12621272,313000,11017000,22483000,81086000,854000,38217000,19036000,5130000,0,63238000,,,,,,,,,,,,,,,,,,,,,
1990,C,Rev.2,3240,4,clase_4_digitos,CALZADO EXCEPTO.CAUCHO Y PLASTICO,1906000,0,23000,70000,0,170000,190000,452000,58603000,0,7963000,3135054,338976,155913,1654453,465142,149511,371059,0,207000,1597000,1597000,11544118,108592,4,11435530,11544122,1077155,12621272,313000,11017000,22483000,81086000,854000,38217000,19036000,5130000,0,63238000,,,,,,,,,,,,,,,,,,,,,
1990,C,Rev.2,32400,5,subclase_5_digitos,"Calzado,excepto caucho y plástico",1906000,0,23000,70000,0,170000,190000,452000,58603000,0,7963000,3135054,338976,155913,1654453,465142,149511,371059,0,207000,1597000,1597000,11544118,108592,4,11435530,11544122,1077155,12621272,313000,11017000,22483000,81086000,854000,38217000,19036000,5130000,0,63238000,,,,,,,,,,,,,,,,,,,,,
1990,C,Rev.2,33,2,division_2_digitos,INDUSTRIA DE LA MADERA,2177000,11000,0,413000,66000,322000,132000,945000,38223000,0,13836000,2999393,-1991750,68570,3317181,53363,81223,1470806,0,124000,5308000,5308000,6683798,162347,87458,6608908,6771255,5058832,11742627,125000,16781000,38102000,76325000,2964000,20927000,2343000,30794000,10004000,67032000,,,,,,,,,,,,,,,,,,,,,
1990,C,Rev.2,331,3,grupo_3_digitos,INDUSTRIA MADERA (EXCEP.MUEBLES),1800000,11000,0,400000,66000,72000,92000,642000,21946000,0,7475000,1547081,37449,25031,729262,43150,81011,631178,0,72000,3647000,3647000,3357179,162347,87458,3282289,3444636,3507964,6865140,67000,9860000,22782000,44728000,20000,19153000,2098000,18790000,3253000,43313000,,,,,,,,,,,,,,,,,,,,,
1990,C,Rev.2,3311,4,clase_4_digitos,"ASERRADEROS,OBRA BLANCA,PARQUET",1697000,11000,0,364000,66000,57000,84000,582000,19161000,0,7209000,1476353,37449,25031,729262,43150,80290,561171,0,65000,3248000,3248000,2941131,161486,87458,2867102,3028588,3132309,6073439,51000,8860000,21014000,40175000,20000,17740000,2034000,16370000,2519000,38682000,,,,,,,,,,,,,,,,,,,,,
1990,C,Rev.2,33110,5,subclase_5_digitos,"Aserraderos,obra blanca y parquet",1697000,11000,0,364000,66000,57000,84000,582000,19161000,0,7209000,1476353,37449,25031,729262,43150,80290,561171,0,65000,3248000,3248000,2941131,161486,87458,2867102,3028588,3132309,6073439,51000,8860000,21014000,40175000,20000,17740000,2034000,16370000,2519000,38682000,,,,,,,,,,,,,,,,,,,,,
1990,C,Rev.2,3312,4,clase_4_digitos,ENVASES MADERA Y ARTICULOS DE CANA,45000,0,0,31000,0,11000,7000,50000,1324000,0,112000,,,,,,,,0,2000,169000,169000,187331,861,0,186470,187331,154843,342173,12000,394000,720000,2044000,0,1217000,0,910000,0,2127000,,,,,,,,,,,,,,,,,,,,,
1990,C,Rev.2,33120,5,subclase_5_digitos,Envases de madera y art.de caña,45000,0,0,31000,0,11000,7000,50000,1324000,0,112000,,,,,,,,0,2000,169000,169000,187331,861,0,186470,187331,154843,342173,12000,394000,720000,2044000,0,1217000,0,910000,0,2127000,,,,,,,,,,,,,,,,,,,,,
1990,C,Rev.2,3319,4,clase_4_digitos,PROD.MADERA N.E.P. Y CORCHO,58000,0,0,5000,0,4000,1000,10000,1461000,0,153000,70728,0,0,0,0,721,70007,0,4000,229000,230000,228717,0,0,228717,228717,220812,449528,4000,607000,1048000,2509000,0,196000,64000,1511000,734000,2504000,,,,,,,,,,,,,,,,,,,,,
1990,C,Rev.2,33199,5,subclase_5_digitos,Productos madera n.e.p y corcho.,58000,0,0,5000,0,4000,1000,10000,1461000,0,153000,70728,0,0,0,0,721,70007,0,4000,229000,230000,228717,0,0,228717,228717,220812,449528,4000,607000,1048000,2509000,0,196000,64000,1511000,734000,2504000,,,,,,,,,,,,,,,,,,,,,
1990,C,Rev.2,332,3,grupo_3_digitos,MUEBLES Y ACCESORIOS.,377000,0,0,13000,0,250000,40000,303000,16277000,0,6362000,1452312,-2029199,43539,2587919,10213,212,839628,0,52000,1661000,1661000,3326619,0,0,3326619,3326619,1550868,4877487,58000,6920000,15320000,31597000,2944000,1774000,245000,12004000,6752000,23719000,,,,,,,,,,,,,,,,,,,,,
1990,C,Rev.2,3320,4,clase_4_digitos,MUEBLES Y ACCESORIOS.,377000,0,0,13000,0,250000,40000,303000,16277000,0,6362000,1452312,-2029199,43539,2587919,10213,212,839628,0,52000,1661000,1661000,3326619,0,0,3326619,3326619,1550868,4877487,58000,6920000,15320000,31597000,2944000,1774000,245000,12004000,6752000,23719000,,,,,,,,,,,,,,,,,,,,,
1990,C,Rev.2,33209,5,subclase_5_digitos,Muebles y acces.(incl.colchones),377000,0,0,13000,0,250000,40000,303000,16277000,0,6362000,1452312,-2029199,43539,2587919,10213,212,839628,0,52000,1661000,1661000,3326619,0,0,3326619,3326619,1550868,4877487,58000,6920000,15320000,31597000,2944000,1774000,245000,12004000,6752000,23719000,,,,,,,,,,,,,,,,,,,,,
1990,C,Rev.2,34,2,division_2_digitos,PAPEL Y PROD.PAPEL;IMPRENTA Y EDIT,13377000,8000,550000,414000,2862000,793000,791000,5417000,178952000,100000,58391000,6750011,697141,16645,5104928,344641,264862,321794,67000,526000,23311000,23210000,25750027,3722151,582777,22610654,26332804,22290046,48040070,428000,59522000,154500000,333452000,11040000,109694000,41522000,103576000,9768000,275599000,,,,,,,,,,,,,,,,,,,,,
1990,C,Rev.2,341,3,grupo_3_digitos,PAPEL Y PROD.DEL PAPEL,8979000,5000,549000,202000,2857000,121000,163000,3896000,87931000,0,17711000,3210600,186075,11266,2706768,17625,220303,68563,67000,160000,10160000,10160000,9108831,847868,59704,8320667,9168535,9849319,18958151,84000,22434000,59284000,147215000,6156000,51962000,7641000,51666000,2636000,120061000,,,,,,,,,,,,,,,,,,,,,
1990,C,Rev.2,3411,4,clase_4_digitos,"PULPA MADERA,PAPEL Y CARTON",7721000,5000,426000,143000,2757000,58000,127000,3515000,41401000,0,15249000,2010979,186075,10348,1813054,2173,0,-671,67000,108000,5030000,5029000,4490951,655335,58819,3894435,4549770,4802548,9293499,52000,14697000,42696000,84097000,3400000,22271000,2617000,31156000,1155000,60600000,,,,,,,,,,,,,,,,,,,,,
1990,C,Rev.2,34110,5,subclase_5_digitos,"Pulpa de madera, papel y cartón",7721000,5000,426000,143000,2757000,58000,127000,3515000,41401000,0,15249000,2010979,186075,10348,1813054,2173,0,-671,67000,108000,5030000,5029000,4490951,655335,58819,3894435,4549770,4802548,9293499,52000,14697000,42696000,84097000,3400000,22271000,2617000,31156000,1155000,60600000,,,,,,,,,,,,,,,,,,,,,
1990,C,Rev.2,3412,4,clase_4_digitos,ENVASES Y CAJAS PAPEL Y CARTON,530000,0,123000,37000,100000,20000,25000,306000,21494000,0,729000,54246,0,213,27695,4631,510,21197,0,27000,3218000,3219000,2305793,73143,380,2233031,2306173,3173143,5478937,18000,4330000,8808000,30302000,373000,10401000,204000,17065000,0,28043000,,,,,,,,,,,,,,,,,,,,,
1990,C,Rev.2,34120,5,subclase_5_digitos,Envases y cajas de papel y cartón,530000,0,123000,37000,100000,20000,25000,306000,21494000,0,729000,54246,0,213,27695,4631,510,21197,0,27000,3218000,3219000,2305793,73143,380,2233031,2306173,3173143,5478937,18000,4330000,8808000,30302000,373000,10401000,204000,17065000,0,28043000,,,,,,,,,,,,,,,,,,,,,
1990,C,Rev.2,3419,4,clase_4_digitos,ARTIC.PAPEL Y CARTON N.E.P.,728000,0,0,21000,0,43000,10000,74000,25036000,0,1732000,1145375,0,705,866019,10821,219793,48037,0,25000,1913000,1912000,2312087,119390,505,2193201,2312592,1873628,4185715,14000,3407000,7779000,32815000,2384000,19290000,4820000,3444000,1481000,31418000,,,,,,,,,,,,,,,,,,,,,
1990,C,Rev.2,34190,5,subclase_5_digitos,Artículos de papel y cartón n.e.p,728000,0,0,21000,0,43000,10000,74000,25036000,0,1732000,1145375,0,705,866019,10821,219793,48037,0,25000,1913000,1912000,2312087,119390,505,2193201,2312592,1873628,4185715,14000,3407000,7779000,32815000,2384000,19290000,4820000,3444000,1481000,31418000,,,,,,,,,,,,,,,,,,,,,
1990,C,Rev.2,342,3,grupo_3_digitos,"IMPRENTAS,EDITORIALES IND.CONEXAS",4398000,3000,2000,212000,5000,672000,628000,1521000,91022000,100000,40679000,3539411,511066,5379,2398160,327016,44559,253231,0,366000,13151000,13051000,16641196,2874283,523073,14289987,17164269,12440727,29081919,344000,37088000,95216000,186238000,4884000,57731000,33881000,51910000,7132000,155538000,,,,,,,,,,,,,,,,,,,,,
1990,C,Rev.2,3420,4,clase_4_digitos,"IMPRENTAS,EDITORIALES IND.CONEXAS",4398000,3000,2000,212000,5000,672000,628000,1521000,91022000,100000,40679000,3539411,511066,5379,2398160,327016,44559,253231,0,366000,13151000,13051000,16641196,2874283,523073,14289987,17164269,12440727,29081919,344000,37088000,95216000,186238000,4884000,57731000,33881000,51910000,7132000,155538000,,,,,,,,,,,,,,,,,,,,,
1990,C,Rev.2,34209,5,subclase_5_digitos,"Imprentas,editoriales,ind.conexas",4398000,3000,2000,212000,5000,672000,628000,1521000,91022000,100000,40679000,3539411,511066,5379,2398160,327016,44559,253231,0,366000,13151000,13051000,16641196,2874283,523073,14289987,17164269,12440727,29081919,344000,37088000,95216000,186238000,4884000,57731000,33881000,51910000,7132000,155538000,,,,,,,,,,,,,,,,,,,,,
1990,C,Rev.2,35,2,division_2_digitos,PRODUCTOS QUIMICOS.,29937000,697000,17800000,1331000,649000,922000,1011000,22411000,883274000,656000,244586000,20310306,2422660,431339,9759605,2402548,1311978,3982176,217304000,1397000,265549000,264894000,76175794,34031408,4998450,47142833,81174245,45292903,121468705,1555000,154371000,693788000,1577062000,50959000,741617000,154269000,368966000,100354000,1416165000,,,,,,,,,,,,,,,,,,,,,
1990,C,Rev.2,351,3,grupo_3_digitos,SUSTANCIAS QUIMICAS.,4419000,23000,932000,377000,299000,100000,59000,1790000,136696000,524000,54791000,3435895,761283,23076,1795848,127997,305541,422150,5000,155000,2748000,2224000,8964076,5176188,964836,4752722,9928912,2469085,11433160,119000,17624000,79058000,215754000,3997000,35707000,2802000,51255000,409000,94171000,,,,,,,,,,,,,,,,,,,,,
1990,C,Rev.2,3511,4,clase_4_digitos,SUSTANCIAS QUIM.INDUSTR.BASICAS,2491000,20000,720000,254000,77000,59000,41000,1171000,28016000,193000,11121000,1506302,31854,18498,815334,103723,217136,319757,5000,67000,3230000,3037000,2757813,534045,119216,2342983,2877029,3113075,5870887,45000,8707000,25356000,53372000,2154000,9309000,1373000,19920000,409000,33165000,,,,,,,,,,,,,,,,,,,,,
1990,C,Rev.2,35110,5,subclase_5_digitos,Sustancias químicas ind.básicas,2491000,20000,720000,254000,77000,59000,41000,1171000,28016000,193000,11121000,1506302,31854,18498,815334,103723,217136,319757,5000,67000,3230000,3037000,2757813,534045,119216,2342983,2877029,3113075,5870887,45000,8707000,25356000,53372000,2154000,9309000,1373000,19920000,409000,33165000,,,,,,,,,,,,,,,,,,,,,
1990,C,Rev.2,3512,4,clase_4_digitos,ABONOS Y PLAGUICIDAS,971000,3000,144000,117000,186000,35000,17000,502000,84717000,0,35773000,687277,333299,3434,211115,11882,81540,46007,0,67000,-1143000,-1143000,3577853,3047274,642285,1172864,4220138,-1276340,2301513,66000,5820000,41421000,126138000,1843000,14312000,1247000,25485000,0,42887000,,,,,,,,,,,,,,,,,,,,,
1990,C,Rev.2,35120,5,subclase_5_digitos,Abonos y plaguicidas,971000,3000,144000,117000,186000,35000,17000,502000,84717000,0,35773000,687277,333299,3434,211115,11882,81540,46007,0,67000,-1143000,-1143000,3577853,3047274,642285,1172864,4220138,-1276340,2301513,66000,5820000,41421000,126138000,1843000,14312000,1247000,25485000,0,42887000,,,,,,,,,,,,,,,,,,,,,
1990,C,Rev.2,3513,4,clase_4_digitos,RESINAS SINTETICAS Y FIBRAS ARTIF.,958000,0,69000,6000,36000,5000,1000,117000,23963000,331000,7896000,1242316,396130,1144,769399,12392,6865,56386,0,20000,660000,330000,2628410,1594869,203335,1236875,2831745,632350,3260760,8000,3097000,12281000,36244000,0,12087000,182000,5850000,0,18119000,,,,,,,,,,,,,,,,,,,,,
1990,C,Rev.2,35130,5,subclase_5_digitos,Resinas sintéticas y fibras artif.,958000,0,69000,6000,36000,5000,1000,117000,23963000,331000,7896000,1242316,396130,1144,769399,12392,6865,56386,0,20000,660000,330000,2628410,1594869,203335,1236875,2831745,632350,3260760,8000,3097000,12281000,36244000,0,12087000,182000,5850000,0,18119000,,,,,,,,,,,,,,,,,,,,,
1990,C,Rev.2,352,3,grupo_3_digitos,OTROS PRODUCTOS QUIMICOS,7766000,48000,2065000,300000,326000,506000,242000,3487000,218011000,131000,89221000,8389506,1550553,154868,4009891,898812,750059,1025323,3611000,739000,20585000,20454000,35962279,13452998,1192771,23702051,37155051,15111685,51073970,1123000,72099000,189540000,407551000,20877000,131437000,119574000,66037000,1222000,339148000,,,,,,,,,,,,,,,,,,,,,
1990,C,Rev.2,3521,4,clase_4_digitos,"PINTURAS,BARNICES,LACAS",1228000,36000,68000,103000,0,114000,54000,376000,38915000,86000,18834000,1061526,79103,58199,217934,170856,381869,153565,0,53000,2415000,2329000,7814281,3193584,28,4620726,7814309,2068448,9882731,294000,6296000,28687000,67602000,1068000,7357000,37194000,9263000,469000,55351000,,,,,,,,,,,,,,,,,,,,,
1990,C,Rev.2,35210,5,subclase_5_digitos,"Pinturas, barnices y lacas.",1228000,36000,68000,103000,0,114000,54000,376000,38915000,86000,18834000,1061526,79103,58199,217934,170856,381869,153565,0,53000,2415000,2329000,7814281,3193584,28,4620726,7814309,2068448,9882731,294000,6296000,28687000,67602000,1068000,7357000,37194000,9263000,469000,55351000,,,,,,,,,,,,,,,,,,,,,
1990,C,Rev.2,3522,4,clase_4_digitos,PROD.FARMACEUTICOS Y MEDICAMENTOS,3277000,0,178000,42000,0,193000,94000,508000,89830000,0,37869000,3387494,419535,89894,1824152,320697,291828,441388,68000,435000,5088000,5088000,12557341,6404754,620437,6773023,13177779,3894831,16452173,690000,38827000,85061000,174891000,17711000,40797000,34866000,46717000,493000,140584000,,,,,,,,,,,,,,,,,,,,,
1990,C,Rev.2,35220,5,subclase_5_digitos,Prod farmacéuticos y medicamentos,3277000,0,178000,42000,0,193000,94000,508000,89830000,0,37869000,3387494,419535,89894,1824152,320697,291828,441388,68000,435000,5088000,5088000,12557341,6404754,620437,6773023,13177779,3894831,16452173,690000,38827000,85061000,174891000,17711000,40797000,34866000,46717000,493000,140584000,,,,,,,,,,,,,,,,,,,,,
1990,C,Rev.2,3523,4,clase_4_digitos,ARTICULOS.DE LIMPIEZA Y TOCADOR.,2259000,12000,1333000,104000,321000,169000,70000,2009000,78020000,45000,26903000,1689596,149896,0,1067836,262634,76362,132868,3543000,201000,12543000,12498000,13422087,3302697,569252,10688641,13991339,8685002,22107090,114000,22597000,64257000,142277000,2004000,73601000,45892000,6965000,218000,128679000,,,,,,,,,,,,,,,,,,,,,
1990,C,Rev.2,35239,5,subclase_5_digitos,Artículos de limpieza y tocador.,2259000,12000,1333000,104000,321000,169000,70000,2009000,78020000,45000,26903000,1689596,149896,0,1067836,262634,76362,132868,3543000,201000,12543000,12498000,13422087,3302697,569252,10688641,13991339,8685002,22107090,114000,22597000,64257000,142277000,2004000,73601000,45892000,6965000,218000,128679000,,,,,,,,,,,,,,,,,,,,,
1990,C,Rev.2,3529,4,clase_4_digitos,PRODUCTOS QUIMICOS N.E.P,1003000,0,485000,51000,5000,30000,23000,594000,11247000,0,5612000,2250890,902019,6775,899969,144625,0,297502,0,50000,539000,539000,2168570,551963,3054,1619661,2171624,463404,2631976,26000,4379000,11533000,22780000,93000,9683000,1623000,3093000,42000,14534000,,,,,,,,,,,,,,,,,,,,,
1990,C,Rev.2,35290,5,subclase_5_digitos,Productos químicos n.e.p.,1003000,0,485000,51000,5000,30000,23000,594000,11247000,0,5612000,2250890,902019,6775,899969,144625,0,297502,0,50000,539000,539000,2168570,551963,3054,1619661,2171624,463404,2631976,26000,4379000,11533000,22780000,93000,9683000,1623000,3093000,42000,14534000,,,,,,,,,,,,,,,,,,,,,
1990,C,Rev.2,353,3,grupo_3_digitos,REFINERIAS DE PETROLEO,11452000,626000,12586000,122000,0,32000,515000,13881000,391859000,0,30371000,1313338,0,0,169954,1045861,0,97523,213688000,97000,222470000,222470000,5462762,1678133,2621202,6405831,8083964,8685142,14147904,0,15041000,279334000,671193000,22605000,467174000,7535000,210982000,45210000,753507000,,,,,,,,,,,,,,,,,,,,,
1990,C,Rev.2,3530,4,clase_4_digitos,REFINERIAS DE PETROLEO,11452000,626000,12586000,122000,0,32000,515000,13881000,391859000,0,30371000,1313338,0,0,169954,1045861,0,97523,213688000,97000,222470000,222470000,5462762,1678133,2621202,6405831,8083964,8685142,14147904,0,15041000,279334000,671193000,22605000,467174000,7535000,210982000,45210000,753507000,,,,,,,,,,,,,,,,,,,,,
1990,C,Rev.2,35300,5,subclase_5_digitos,Refinerías de petroleo.,11452000,626000,12586000,122000,0,32000,515000,13881000,391859000,0,30371000,1313338,0,0,169954,1045861,0,97523,213688000,97000,222470000,222470000,5462762,1678133,2621202,6405831,8083964,8685142,14147904,0,15041000,279334000,671193000,22605000,467174000,7535000,210982000,45210000,753507000,,,,,,,,,,,,,,,,,,,,,
1990,C,Rev.2,354,3,grupo_3_digitos,PROD.DERIVADOS PETROLEO Y CARBON,34000,0,0,37000,11000,8000,14000,70000,1706000,0,713000,89811,0,0,839,6912,0,82060,0,5000,223000,223000,361137,35148,3563,329551,364700,209545,570682,8000,706000,1676000,3382000,0,1990000,0,408000,153000,2551000,,,,,,,,,,,,,,,,,,,,,
1990,C,Rev.2,3540,4,clase_4_digitos,PROD.DERIVADOS PETROLEO Y CARBON,34000,0,0,37000,11000,8000,14000,70000,1706000,0,713000,89811,0,0,839,6912,0,82060,0,5000,223000,223000,361137,35148,3563,329551,364700,209545,570682,8000,706000,1676000,3382000,0,1990000,0,408000,153000,2551000,,,,,,,,,,,,,,,,,,,,,
1990,C,Rev.2,35400,5,subclase_5_digitos,Prod.derivados petroleo y carbón,34000,0,0,37000,11000,8000,14000,70000,1706000,0,713000,89811,0,0,839,6912,0,82060,0,5000,223000,223000,361137,35148,3563,329551,364700,209545,570682,8000,706000,1676000,3382000,0,1990000,0,408000,153000,2551000,,,,,,,,,,,,,,,,,,,,,
1990,C,Rev.2,355,3,grupo_3_digitos,PRODUCTOS DEL CAUCHO,1963000,0,2153000,298000,14000,66000,50000,2582000,42591000,0,35785000,1545787,9858,5432,882290,65826,70832,511549,0,183000,7366000,7365000,6350144,2768720,213902,3795326,6564046,7140717,13490864,42000,23035000,68148000,110739000,2341000,48882000,7587000,10464000,2184000,71458000,,,,,,,,,,,,,,,,,,,,,
1990,C,Rev.2,3551,4,clase_4_digitos,CAMARAS Y NEUMATICOS,1337000,0,1775000,250000,0,0,15000,2040000,34549000,0,35111000,,,,,,,,0,114000,5094000,5093000,4839775,2327352,213902,2726325,5053677,4960592,9800368,19000,14331000,55872000,90421000,1816000,36778000,3595000,8353000,3000,50545000,,,,,,,,,,,,,,,,,,,,,
1990,C,Rev.2,35510,5,subclase_5_digitos,"Cámaras, protectores y neumáticos",1337000,0,1775000,250000,0,0,15000,2040000,34549000,0,35111000,1283045,0,0,821141,27533,0,434371,0,114000,5094000,5093000,4839775,2327352,213902,2726325,5053677,4960592,9800368,19000,14331000,55872000,90421000,1816000,36778000,3595000,8353000,3000,50545000,,,,,,,,,,,,,,,,,,,,,
1990,C,Rev.2,3559,4,clase_4_digitos,PRODUCTOS DEL CAUCHO N.E.P.,626000,0,378000,48000,14000,66000,35000,542000,8041000,0,674000,262742,9858,5432,61149,38293,70832,77178,0,69000,2272000,2272000,1510369,441368,0,1069001,1510369,2180125,3690496,23000,8705000,12277000,20318000,524000,12104000,3991000,2111000,2181000,20913000,,,,,,,,,,,,,,,,,,,,,
1990,C,Rev.2,35590,5,subclase_5_digitos,Productos del caucho n.e.p.,626000,0,378000,48000,14000,66000,35000,542000,8041000,0,674000,262742,9858,5432,61149,38293,70832,77178,0,69000,2272000,2272000,1510369,441368,0,1069001,1510369,2180125,3690496,23000,8705000,12277000,20318000,524000,12104000,3991000,2111000,2181000,20913000,,,,,,,,,,,,,,,,,,,,,
1990,C,Rev.2,356,3,grupo_3_digitos,PRODUCTOS DEL PLASTICOS N.E.P.,4304000,0,63000,197000,0,210000,130000,601000,92411000,0,33704000,5535969,100966,247963,2900783,257140,185546,1843571,0,218000,12158000,12158000,19075396,10920221,2176,8157352,19077572,11676729,30752125,263000,25866000,76032000,168443000,1139000,56427000,16771000,29820000,51176000,155331000,,,,,,,,,,,,,,,,,,,,,
1990,C,Rev.2,3560,4,clase_4_digitos,PRODUCTOS DEL PLASTICO N.E.P.,4304000,0,63000,197000,0,210000,130000,601000,92411000,0,33704000,5535969,100966,247963,2900783,257140,185546,1843571,0,218000,12158000,12158000,19075396,10920221,2176,8157352,19077572,11676729,30752125,263000,25866000,76032000,168443000,1139000,56427000,16771000,29820000,51176000,155331000,,,,,,,,,,,,,,,,,,,,,
1990,C,Rev.2,35600,5,subclase_5_digitos,Productos plásticos n.e.p.,4304000,0,63000,197000,0,210000,130000,601000,92411000,0,33704000,5535969,100966,247963,2900783,257140,185546,1843571,0,218000,12158000,12158000,19075396,10920221,2176,8157352,19077572,11676729,30752125,263000,25866000,76032000,168443000,1139000,56427000,16771000,29820000,51176000,155331000,,,,,,,,,,,,,,,,,,,,,
1990,C,Rev.2,36,2,division_2_digitos,PRODUCTOS MINERALES NO METALICOS,10168000,456000,17525000,1106000,3062000,215000,1274000,23639000,104830000,248000,32008000,5386536,573373,369722,3077812,280585,159246,925798,1000,271000,15295000,15046000,17334775,2628202,159563,14866138,17494339,13878704,31213480,1144000,42024000,99246000,204076000,11741000,48255000,36431000,57656000,13362000,167446000,,,,,,,,,,,,,,,,,,,,,
1990,C,Rev.2,361,3,grupo_3_digitos,"OBJETOS BARRO,LOZA Y PORCELANA",1850000,295000,925000,234000,1152000,58000,151000,2816000,15341000,0,9618000,2226692,271664,101188,1687401,66898,106128,-6587,1000,82000,923000,923000,2430931,768322,92806,1755415,2523737,794349,3225280,46000,11491000,23882000,39223000,0,572000,12305000,3895000,1419000,18190000,,,,,,,,,,,,,,,,,,,,,
1990,C,Rev.2,3610,4,clase_4_digitos,"OBJETOS BARRO,LOZA Y PORCELANA",1850000,295000,925000,234000,1152000,58000,151000,2816000,15341000,0,9618000,2226692,271664,101188,1687401,66898,106128,-6587,1000,82000,923000,923000,2430931,768322,92806,1755415,2523737,794349,3225280,46000,11491000,23882000,39223000,0,572000,12305000,3895000,1419000,18190000,,,,,,,,,,,,,,,,,,,,,
1990,C,Rev.2,36100,5,subclase_5_digitos,"Objetos de barro,loza y porcelana",1850000,295000,925000,234000,1152000,58000,151000,2816000,15341000,0,9618000,2226692,271664,101188,1687401,66898,106128,-6587,1000,82000,923000,923000,2430931,768322,92806,1755415,2523737,794349,3225280,46000,11491000,23882000,39223000,0,572000,12305000,3895000,1419000,18190000,,,,,,,,,,,,,,,,,,,,,
1990,C,Rev.2,362,3,grupo_3_digitos,VIDRIO Y PRODUCTOS DEL VIDRIO,1630000,161000,2577000,200000,14000,6000,267000,3226000,19081000,248000,10686000,811084,7206,232010,285355,73282,14559,198672,0,61000,4004000,3755000,4539457,1334718,9084,3213824,4548542,3160607,7700064,782000,8541000,24612000,43693000,61000,3752000,5480000,19812000,7643000,36748000,,,,,,,,,,,,,,,,,,,,,
1990,C,Rev.2,3620,4,clase_4_digitos,VIDRIO Y PRODUCTOS DEL VIDRIO,1630000,161000,2577000,200000,14000,6000,267000,3226000,19081000,248000,10686000,811084,7206,232010,285355,73282,14559,198672,0,61000,4004000,3755000,4539457,1334718,9084,3213824,4548542,3160607,7700064,782000,8541000,24612000,43693000,61000,3752000,5480000,19812000,7643000,36748000,,,,,,,,,,,,,,,,,,,,,
1990,C,Rev.2,36200,5,subclase_5_digitos,Vidrio y productos del vidrio.,1630000,161000,2577000,200000,14000,6000,267000,3226000,19081000,248000,10686000,811084,7206,232010,285355,73282,14559,198672,0,61000,4004000,3755000,4539457,1334718,9084,3213824,4548542,3160607,7700064,782000,8541000,24612000,43693000,61000,3752000,5480000,19812000,7643000,36748000,,,,,,,,,,,,,,,,,,,,,
1990,C,Rev.2,369,3,grupo_3_digitos,OTROS PROD.MINERALES NO METALICOS.,6688000,0,14022000,672000,1896000,151000,856000,17597000,70408000,0,11703000,2348760,294503,36524,1105056,140405,38559,733713,0,128000,10368000,10368000,10364387,525162,57673,9896899,10422060,9923748,20288136,316000,21993000,50752000,121160000,11680000,43932000,18646000,33949000,4300000,112508000,,,,,,,,,,,,,,,,,,,,,
1990,C,Rev.2,3691,4,clase_4_digitos,PROD.ARCILLA PARA CONSTRUCCION,569000,0,201000,60000,192000,8000,106000,568000,2760000,0,2346000,706832,89990,0,454626,32569,0,129647,0,22000,1313000,1313000,505344,5172,0,500172,505344,1241745,1747089,49000,3047000,7275000,10035000,0,5834000,706000,2465000,702000,9707000,,,,,,,,,,,,,,,,,,,,,
1990,C,Rev.2,36910,5,subclase_5_digitos,Prod.arcilla para la construcción.,569000,0,201000,60000,192000,8000,106000,568000,2760000,0,2346000,706832,89990,0,454626,32569,0,129647,0,22000,1313000,1313000,505344,5172,0,500172,505344,1241745,1747089,49000,3047000,7275000,10035000,0,5834000,706000,2465000,702000,9707000,,,,,,,,,,,,,,,,,,,,,
1990,C,Rev.2,3692,4,clase_4_digitos,"CEMENTO, CAL Y YESO.",4921000,0,13757000,177000,1618000,0,517000,16068000,44491000,0,2191000,401629,126066,17254,161305,59254,0,37750,0,35000,6233000,6234000,4840160,132148,710,4708722,4840870,6171889,11012048,26000,9654000,23000000,67491000,7568000,30161000,0,23964000,0,61693000,,,,,,,,,,,,,,,,,,,,,
1990,C,Rev.2,36920,5,subclase_5_digitos,"Cemento, cal y yeso.",4921000,0,13757000,177000,1618000,0,517000,16068000,44491000,0,2191000,401629,126066,17254,161305,59254,0,37750,0,35000,6233000,6234000,4840160,132148,710,4708722,4840870,6171889,11012048,26000,9654000,23000000,67491000,7568000,30161000,0,23964000,0,61693000,,,,,,,,,,,,,,,,,,,,,
1990,C,Rev.2,3699,4,clase_4_digitos,PROD.MINERALES NO METALICOS N.E.P.,1198000,0,64000,436000,86000,142000,233000,961000,23156000,0,7168000,1240299,78447,19270,489125,48582,38559,566316,0,70000,2821000,2821000,5018883,387842,56963,4688005,5075846,2510114,7528999,241000,9291000,20478000,43634000,4113000,7936000,17940000,7521000,3599000,41109000,,,,,,,,,,,,,,,,,,,,,
1990,C,Rev.2,36999,5,subclase_5_digitos,Prod.minerales no metálicos.n.e.p,1198000,0,64000,436000,86000,142000,233000,961000,23156000,0,7168000,1240299,78447,19270,489125,48582,38559,566316,0,70000,2821000,2821000,5018883,387842,56963,4688005,5075846,2510114,7528999,241000,9291000,20478000,43634000,4113000,7936000,17940000,7521000,3599000,41109000,,,,,,,,,,,,,,,,,,,,,
1990,C,Rev.2,37,2,division_2_digitos,INDUSTRIAS METALICAS BASICAS,2587000,83000,1102000,138000,15000,67000,301000,1706000,34538000,0,21201000,2446219,23736,250,2083434,151309,61949,125541,0,75000,5920000,5920000,6090740,2130640,1143,3961243,6091883,5760674,11851414,84000,9722000,39430000,73968000,3463000,21025000,12753000,15000000,2393000,54634000,,,,,,,,,,,,,,,,,,,,,
1990,C,Rev.2,371,3,grupo_3_digitos,IND.BASICAS DE HIERRO Y ACERO,2408000,0,1035000,101000,15000,60000,210000,1421000,30536000,0,19755000,2288705,23736,0,2041375,134046,61685,27863,0,62000,5237000,5237000,4986561,1657977,432,3329016,4986993,5128708,10115269,46000,8329000,35729000,66265000,3104000,18377000,12646000,11055000,2367000,47549000,,,,,,,,,,,,,,,,,,,,,
1990,C,Rev.2,3710,4,clase_4_digitos,IND.BASICAS DE HIERRO Y ACERO,2408000,0,1035000,101000,15000,60000,210000,1421000,30536000,0,19755000,2288705,23736,0,2041375,134046,61685,27863,0,62000,5237000,5237000,4986561,1657977,432,3329016,4986993,5128708,10115269,46000,8329000,35729000,66265000,3104000,18377000,12646000,11055000,2367000,47549000,,,,,,,,,,,,,,,,,,,,,
1990,C,Rev.2,37100,5,subclase_5_digitos,Ind.básicas de hierro y acero,2408000,0,1035000,101000,15000,60000,210000,1421000,30536000,0,19755000,2288705,23736,0,2041375,134046,61685,27863,0,62000,5237000,5237000,4986561,1657977,432,3329016,4986993,5128708,10115269,46000,8329000,35729000,66265000,3104000,18377000,12646000,11055000,2367000,47549000,,,,,,,,,,,,,,,,,,,,,
1990,C,Rev.2,372,3,grupo_3_digitos,IND.BASICAS DE METALES NO FERROSOS,180000,83000,67000,37000,0,6000,91000,285000,4003000,0,1444000,157514,0,250,42059,17263,264,97678,0,14000,684000,683000,1104179,472663,711,632227,1104890,631966,1736145,38000,1393000,3700000,7703000,359000,2648000,107000,3945000,25000,7084000,,,,,,,,,,,,,,,,,,,,,
1990,C,Rev.2,3720,4,clase_4_digitos,IND.BASICAS DE METALES NO FERROSOS,180000,83000,67000,37000,0,6000,91000,285000,4003000,0,1444000,157514,0,250,42059,17263,264,97678,0,14000,684000,683000,1104179,472663,711,632227,1104890,631966,1736145,38000,1393000,3700000,7703000,359000,2648000,107000,3945000,25000,7084000,,,,,,,,,,,,,,,,,,,,,
1990,C,Rev.2,37200,5,subclase_5_digitos,Ind.básicas de metales no ferrosos,180000,83000,67000,37000,0,6000,91000,285000,4003000,0,1444000,157514,0,250,42059,17263,264,97678,0,14000,684000,683000,1104179,472663,711,632227,1104890,631966,1736145,38000,1393000,3700000,7703000,359000,2648000,107000,3945000,25000,7084000,,,,,,,,,,,,,,,,,,,,,
1990,C,Rev.2,38,2,division_2_digitos,"PROD.METAL.,MAQUINARIA Y EQUIPO",21655000,551000,1440000,2756000,85000,1462000,1377000,7670000,399018000,0,156230000,18699336,4630150,356365,6739205,1270064,1741107,3962445,15390000,1053000,65088000,65086000,75565651,38230165,1381740,38717225,76947393,47188597,122754247,1456000,122624000,365595000,764613000,49119000,281965000,94391000,142120000,51120000,618715000,,,,,,,,,,,,,,,,,,,,,
1990,C,Rev.2,381,3,grupo_3_digitos,PROD.METAL.EXCEP.MAQUIN.Y EQUIPO,5030000,283000,755000,668000,47000,397000,487000,2636000,95236000,0,29618000,4100611,584392,105700,1482950,354495,186050,1387024,28000,344000,12607000,12606000,19308087,6599383,832987,13541692,20141074,11646999,30955084,588000,38007000,85261000,180497000,12742000,61733000,32522000,41353000,15185000,163535000,,,,,,,,,,,,,,,,,,,,,
1990,C,Rev.2,3811,4,clase_4_digitos,"CUCHILLERIA,HERRAM.MANUAL,CERRAJ.",52000,2000,6000,0,0,22000,20000,50000,1761000,0,-192000,1268,0,0,0,0,1268,0,0,11000,280000,280000,272055,48159,0,223896,272055,263618,535674,5000,1486000,1626000,3387000,0,1916000,1062000,0,0,2979000,,,,,,,,,,,,,,,,,,,,,
1990,C,Rev.2,38110,5,subclase_5_digitos,"Cuchillería,herram.manuales,cerraj",52000,2000,6000,0,0,22000,20000,50000,1761000,0,-192000,1268,0,0,0,0,1268,0,0,11000,280000,280000,272055,48159,0,223896,272055,263618,535674,5000,1486000,1626000,3387000,0,1916000,1062000,0,0,2979000,,,,,,,,,,,,,,,,,,,,,
1990,C,Rev.2,3812,4,clase_4_digitos,MUEBLES.Y ACCES.PRINCIP.METALICOS,354000,0,0,65000,0,41000,27000,133000,6015000,0,1673000,276873,0,0,132041,21175,0,123657,0,31000,651000,651000,1258238,34350,0,1223888,1258238,602330,1860566,18000,2068000,4746000,10761000,1170000,1044000,1181000,1259000,5846000,10501000,,,,,,,,,,,,,,,,,,,,,
1990,C,Rev.2,38120,5,subclase_5_digitos,Muebles y acces princip.metálicos,354000,0,0,65000,0,41000,27000,133000,6015000,0,1673000,276873,0,0,132041,21175,0,123657,0,31000,651000,651000,1258238,34350,0,1223888,1258238,602330,1860566,18000,2068000,4746000,10761000,1170000,1044000,1181000,1259000,5846000,10501000,,,,,,,,,,,,,,,,,,,,,
1990,C,Rev.2,3813,4,clase_4_digitos,PROD.METAL.ESTRUC.(HERRERIA-OBRA),958000,23000,0,163000,13000,109000,116000,424000,20108000,0,5374000,724889,0,55551,197696,31096,3888,436658,0,83000,2940000,2940000,4074177,586025,0,3488152,4074177,2743035,6817211,114000,7631000,16903000,37011000,2984000,5390000,2839000,15571000,6657000,33440000,,,,,,,,,,,,,,,,,,,,,
1990,C,Rev.2,38130,5,subclase_5_digitos,Prod.metálicos estruc(Herr.obra),958000,23000,0,163000,13000,109000,116000,424000,20108000,0,5374000,724889,0,55551,197696,31096,3888,436658,0,83000,2940000,2940000,4074177,586025,0,3488152,4074177,2743035,6817211,114000,7631000,16903000,37011000,2984000,5390000,2839000,15571000,6657000,33440000,,,,,,,,,,,,,,,,,,,,,
1990,C,Rev.2,3819,4,clase_4_digitos,ARTICULOS METALICOS N.E.P.,3666000,258000,749000,440000,34000,225000,324000,2030000,67352000,0,22763000,3097581,584392,50149,1153213,302224,180894,826709,28000,219000,8734000,8735000,13703617,5930849,832987,8605756,14536604,8038016,21741633,449000,26822000,61986000,129338000,8588000,53382000,27440000,24523000,2682000,116615000,,,,,,,,,,,,,,,,,,,,,
1990,C,Rev.2,38199,5,subclase_5_digitos,Artículos metálicos n.e.p.,3666000,258000,749000,440000,34000,225000,324000,2030000,67352000,0,22763000,3097581,584392,50149,1153213,302224,180894,826709,28000,219000,8734000,8735000,13703617,5930849,832987,8605756,14536604,8038016,21741633,449000,26822000,61986000,129338000,8588000,53382000,27440000,24523000,2682000,116615000,,,,,,,,,,,,,,,,,,,,,
1990,C,Rev.2,382,3,grupo_3_digitos,MAQUINARIA EXCEPTO ELECTRICA.,1136000,0,0,237000,0,211000,167000,615000,21224000,0,9813000,1148429,72227,46381,385368,99364,0,545089,0,104000,3339000,3339000,3657038,892982,514816,3278874,4171855,3155492,6812530,80000,11568000,25856000,47080000,785000,1304000,7141000,2524000,8982000,20735000,,,,,,,,,,,,,,,,,,,,,
1990,C,Rev.2,3822,4,clase_4_digitos,MAQUIN.Y EQUIPO P/AGRICULTURA,121000,0,0,144000,0,68000,60000,271000,5420000,0,1581000,4294,0,0,0,4294,0,0,0,9000,166000,166000,254908,19020,386404,622293,641313,156043,410951,1000,1765000,3633000,9053000,202000,0,2305000,0,6616000,9123000,,,,,,,,,,,,,,,,,,,,,
1990,C,Rev.2,38220,5,subclase_5_digitos,Maquinaria y equipo p/agricultura,121000,0,0,144000,0,68000,60000,271000,5420000,0,1581000,4294,0,0,0,4294,0,0,0,9000,166000,166000,254908,19020,386404,622293,641313,156043,410951,1000,1765000,3633000,9053000,202000,0,2305000,0,6616000,9123000,,,,,,,,,,,,,,,,,,,,,
1990,C,Rev.2,3823,4,clase_4_digitos,MAQUIN.P/TRAB.METALES Y MADERA,16000,0,0,2000,0,1000,0,4000,170000,0,67000,52609,11600,0,38185,1433,0,1391,0,1000,4000,4000,83414,8351,0,75063,83414,1747,85161,1000,184000,271000,441000,25000,75000,106000,150000,0,356000,,,,,,,,,,,,,,,,,,,,,
1990,C,Rev.2,38230,5,subclase_5_digitos,Maquin.p/trabajar metales y madera,16000,0,0,2000,0,1000,0,4000,170000,0,67000,52609,11600,0,38185,1433,0,1391,0,1000,4000,4000,83414,8351,0,75063,83414,1747,85161,1000,184000,271000,441000,25000,75000,106000,150000,0,356000,,,,,,,,,,,,,,,,,,,,,
1990,C,Rev.2,3824,4,clase_4_digitos,MAQUIN.Y EQUIPO P/INDUSTRIA,334000,0,0,51000,0,33000,23000,107000,5431000,0,1049000,278120,19868,2376,62453,29983,0,163440,0,21000,773000,773000,1019413,98999,0,920414,1019413,702600,1722012,49000,2374000,4530000,9961000,162000,0,2460000,1507000,990000,5120000,,,,,,,,,,,,,,,,,,,,,
1990,C,Rev.2,38240,5,subclase_5_digitos,Maquinaria y equipo p/industria.,334000,0,0,51000,0,33000,23000,107000,5431000,0,1049000,278120,19868,2376,62453,29983,0,163440,0,21000,773000,773000,1019413,98999,0,920414,1019413,702600,1722012,49000,2374000,4530000,9961000,162000,0,2460000,1507000,990000,5120000,,,,,,,,,,,,,,,,,,,,,
1990,C,Rev.2,3825,4,clase_4_digitos,"MAQ.OFIC,CALCULO Y CONTABILIDAD",371000,0,0,8000,0,45000,6000,58000,2297000,0,2045000,325669,0,41191,158804,12570,0,113104,0,24000,819000,819000,931354,459273,639,472721,931993,780487,1711842,15000,2825000,6060000,8357000,105000,0,52000,788000,52000,997000,,,,,,,,,,,,,,,,,,,,,
1990,C,Rev.2,38250,5,subclase_5_digitos,Máq.ofic.cálculo y contabilidad,371000,0,0,8000,0,45000,6000,58000,2297000,0,2045000,325669,0,41191,158804,12570,0,113104,0,24000,819000,819000,931354,459273,639,472721,931993,780487,1711842,15000,2825000,6060000,8357000,105000,0,52000,788000,52000,997000,,,,,,,,,,,,,,,,,,,,,
1990,C,Rev.2,3829,4,clase_4_digitos,MAQUIN.Y EQUIPOS N.E.P.,293000,0,0,32000,0,64000,78000,175000,7905000,0,5074000,487737,40759,2814,125926,51084,0,267154,0,48000,1577000,1577000,1367949,307339,127773,1188383,1495722,1514615,2882564,14000,4421000,11365000,19270000,292000,1229000,2217000,80000,1323000,5140000,,,,,,,,,,,,,,,,,,,,,
1990,C,Rev.2,38290,5,subclase_5_digitos,Maquin.y equipo n.e.p.,293000,0,0,32000,0,64000,78000,175000,7905000,0,5074000,487737,40759,2814,125926,51084,0,267154,0,48000,1577000,1577000,1367949,307339,127773,1188383,1495722,1514615,2882564,14000,4421000,11365000,19270000,292000,1229000,2217000,80000,1323000,5140000,,,,,,,,,,,,,,,,,,,,,
1990,C,Rev.2,383,3,grupo_3_digitos,MAQUIN.APAR.Y SUMIN.ELECTRICOS,4849000,97000,430000,146000,29000,416000,521000,1640000,99773000,0,32708000,4687499,1009932,53250,2148808,364652,284750,826107,5000,246000,14837000,14838000,20257426,12748792,3463,7512096,20260889,14213881,34471307,372000,28904000,81299000,181072000,32400000,83357000,20565000,22857000,4235000,163414000,,,,,,,,,,,,,,,,,,,,,
1990,C,Rev.2,3831,4,clase_4_digitos,MAQ.Y APAR.INDUSTR.ELECTRICOS,1076000,28000,0,13000,0,76000,29000,147000,11192000,0,2258000,1597337,730452,6671,616497,71206,119285,53226,0,44000,2137000,2138000,2050406,443429,0,1606977,2050406,1970432,4020839,123000,6963000,12435000,23627000,3519000,4572000,543000,11678000,970000,21282000,,,,,,,,,,,,,,,,,,,,,
1990,C,Rev.2,38310,5,subclase_5_digitos,Máq.y apar.industriales eléctricos,1076000,28000,0,13000,0,76000,29000,147000,11192000,0,2258000,1597337,730452,6671,616497,71206,119285,53226,0,44000,2137000,2138000,2050406,443429,0,1606977,2050406,1970432,4020839,123000,6963000,12435000,23627000,3519000,4572000,543000,11678000,970000,21282000,,,,,,,,,,,,,,,,,,,,,
1990,C,Rev.2,3832,4,clase_4_digitos,"EQ.Y APAR.RADIO,TV Y COMUNICACION",359000,0,6000,23000,0,90000,6000,125000,22851000,0,5446000,404995,0,0,108882,63236,0,232877,0,18000,2905000,2906000,5214304,4604443,2268,612128,5216572,2841175,8055479,46000,2411000,11122000,33973000,3276000,18487000,4783000,206000,0,26751000,,,,,,,,,,,,,,,,,,,,,
1990,C,Rev.2,38320,5,subclase_5_digitos,"Eq.y apar. radio,tv,y comunicación",359000,0,6000,23000,0,90000,6000,125000,22851000,0,5446000,404995,0,0,108882,63236,0,232877,0,18000,2905000,2906000,5214304,4604443,2268,612128,5216572,2841175,8055479,46000,2411000,11122000,33973000,3276000,18487000,4783000,206000,0,26751000,,,,,,,,,,,,,,,,,,,,,
1990,C,Rev.2,3833,4,clase_4_digitos,APAR.Y ACCES.ELECT.USO DOMESTICO,1054000,1000,97000,29000,0,162000,74000,363000,21704000,0,6516000,1060413,241082,28485,126183,107319,92961,464383,0,71000,3270000,3271000,4502145,1210258,173,3292060,4502318,3043401,7545546,156000,8744000,19585000,41289000,669000,24717000,9722000,2676000,121000,37905000,,,,,,,,,,,,,,,,,,,,,
1990,C,Rev.2,38330,5,subclase_5_digitos,Apar.y acces.eléct. uso doméstico,1054000,1000,97000,29000,0,162000,74000,363000,21704000,0,6516000,1060413,241082,28485,126183,107319,92961,464383,0,71000,3270000,3271000,4502145,1210258,173,3292060,4502318,3043401,7545546,156000,8744000,19585000,41289000,669000,24717000,9722000,2676000,121000,37905000,,,,,,,,,,,,,,,,,,,,,
1990,C,Rev.2,3839,4,clase_4_digitos,"PILAS,LAMP,MATER.DE CONDUCCION",2360000,68000,327000,81000,29000,88000,413000,1005000,44026000,0,18486000,1624754,38398,18094,1297246,122891,72504,75621,5000,112000,6523000,6524000,8490571,6490662,1022,2000931,8491593,6358873,14849443,47000,10787000,38157000,82183000,24937000,35581000,5518000,8297000,3144000,77476000,,,,,,,,,,,,,,,,,,,,,
1990,C,Rev.2,38391,5,subclase_5_digitos,Acumuladores y pilas (baterías),462000,67000,58000,56000,23000,10000,87000,302000,6061000,0,3868000,264713,22926,3486,156595,24491,30086,27129,0,26000,1073000,1072000,923666,263688,0,659978,923666,1037637,1961303,9000,3404000,8806000,14867000,121000,6028000,1740000,512000,1958000,10359000,,,,,,,,,,,,,,,,,,,,,
1990,C,Rev.2,38392,5,subclase_5_digitos,"Lamp.eléc,tubo-luz,válvulas.radio",135000,0,120000,0,0,3000,301000,424000,3842000,0,2000000,43610,0,0,12056,484,0,31070,5000,10000,477000,478000,590816,416573,602,174845,591418,455864,1046680,6000,1245000,3858000,7700000,216000,2443000,124000,2743000,124000,5649000,,,,,,,,,,,,,,,,,,,,,
1990,C,Rev.2,38393,5,subclase_5_digitos,Piezas y material conducción elect,1762000,1000,149000,25000,5000,74000,25000,279000,34122000,0,12620000,1316431,15472,14608,1128595,97916,42418,17422,0,77000,4974000,4975000,6976089,5810401,420,1166108,6976509,4865372,11841460,32000,6138000,25495000,59617000,24599000,27110000,3654000,5042000,1063000,61468000,,,,,,,,,,,,,,,,,,,,,
1990,C,Rev.2,384,3,grupo_3_digitos,MATERIAL DE TRANSPORTE,9270000,164000,123000,1666000,10000,433000,193000,2589000,167313000,0,72631000,7386801,2871939,137827,1876007,382992,1016758,1101278,15257000,313000,30891000,30891000,30111588,17097729,29765,13043621,30141354,14928960,45040550,392000,37971000,150763000,318076000,1991000,130722000,31355000,53121000,20884000,238073000,,,,,,,,,,,,,,,,,,,,,
1990,C,Rev.2,3841,4,clase_4_digitos,CONSTRUCCION Y REPARACION NAVALES,6085000,0,0,1355000,0,196000,22000,1573000,35099000,0,7479000,4568142,2917169,12004,510109,46510,961648,120702,0,88000,-1529000,-1529000,2192050,0,25928,2217978,2217978,-1808901,383149,192000,11461000,23496000,58595000,,,,,,,,,,,,,,,,,,,,,,,,,,,
1990,C,Rev.2,38410,5,subclase_5_digitos,Construcción y reparacion navales,6085000,0,0,1355000,0,196000,22000,1573000,35099000,0,7479000,4568142,2917169,12004,510109,46510,961648,120702,0,88000,-1529000,-1529000,2192050,0,25928,2217978,2217978,-1808901,383149,192000,11461000,23496000,58595000,,,,,,,,,,,,,,,,,,,,,,,,,,,
1990,C,Rev.2,3843,4,clase_4_digitos,AUTOMOVILES Y REPUESTOS,2948000,164000,123000,309000,10000,218000,164000,988000,124793000,0,61269000,2549913,-50898,125823,1235260,253455,55110,931163,15176000,206000,30801000,30801000,26235730,16737305,3837,9502259,26239568,15244615,41480347,174000,25026000,120044000,244837000,1991000,122005000,30148000,53121000,19745000,227010000,,,,,,,,,,,,,,,,,,,,,
1990,C,Rev.2,38430,5,subclase_5_digitos,Automotores y repuestos,2948000,164000,123000,309000,10000,218000,164000,988000,124793000,0,61269000,2549913,-50898,125823,1235260,253455,55110,931163,15176000,206000,30801000,30801000,26235730,16737305,3837,9502259,26239568,15244615,41480347,174000,25026000,120044000,244837000,1991000,122005000,30148000,53121000,19745000,227010000,,,,,,,,,,,,,,,,,,,,,
1990,C,Rev.2,3844,4,clase_4_digitos,"MOTOS, MOTOCICLETAS Y BICICLETAS",237000,0,0,2000,0,19000,7000,28000,7421000,0,3884000,268746,5668,0,130638,83027,0,49413,80000,20000,1619000,1619000,1683808,360424,0,1323384,1683808,1493246,3177054,26000,1484000,7224000,14645000,0,8717000,1207000,0,1139000,11063000,,,,,,,,,,,,,,,,,,,,,
1990,C,Rev.2,38440,5,subclase_5_digitos,"Motos,motocicletas y bicicletas.",237000,0,0,2000,0,19000,7000,28000,7421000,0,3884000,268746,5668,0,130638,83027,0,49413,80000,20000,1619000,1619000,1683808,360424,0,1323384,1683808,1493246,3177054,26000,1484000,7224000,14645000,0,8717000,1207000,0,1139000,11063000,,,,,,,,,,,,,,,,,,,,,
1990,C,Rev.2,385,3,grupo_3_digitos,EQ.PROF.Y CIENTIF.Y AP.FOTOGRAFIA,1369000,5000,132000,38000,0,5000,9000,190000,15472000,0,11461000,1375996,91660,13207,846072,68561,253549,102947,100000,46000,3412000,3412000,2231512,891279,709,1340942,2232221,3243265,5474776,23000,6174000,22416000,37888000,1199000,4850000,2809000,22266000,1834000,32958000,,,,,,,,,,,,,,,,,,,,,
1990,C,Rev.2,3851,4,clase_4_digitos,EQ.PROF.Y CIENTIFICO (ORTOPEDIA),1290000,5000,132000,38000,0,5000,7000,188000,14011000,0,9680000,1328133,91660,13207,844229,29117,246973,102947,100000,43000,3254000,3254000,1908413,765617,709,1143505,1909122,3092147,5000559,19000,5419000,19643000,33654000,1136000,3736000,2809000,22266000,0,29947000,,,,,,,,,,,,,,,,,,,,,
1990,C,Rev.2,38510,5,subclase_5_digitos,Equipo prof.científico(ortopedia),1290000,5000,132000,38000,0,5000,7000,188000,14011000,0,9680000,1328133,91660,13207,844229,29117,246973,102947,100000,43000,3254000,3254000,1908413,765617,709,1143505,1909122,3092147,5000559,19000,5419000,19643000,33654000,1136000,3736000,2809000,22266000,0,29947000,,,,,,,,,,,,,,,,,,,,,
1990,C,Rev.2,3852,4,clase_4_digitos,"AP.FOTOGRAFICOS,INSTRUM.OPTICA",78000,0,0,0,0,0,2000,2000,1462000,0,1780000,47863,0,0,1843,39444,6576,0,0,3000,158000,159000,323099,125662,0,197437,323099,151118,474217,4000,755000,2772000,4234000,63000,1114000,0,0,1834000,3011000,,,,,,,,,,,,,,,,,,,,,
1990,C,Rev.2,38520,5,subclase_5_digitos,Ap.fotográficos e instrum.óptica.,78000,0,0,0,0,0,2000,2000,1462000,0,1780000,47863,0,0,1843,39444,6576,0,0,3000,158000,159000,323099,125662,0,197437,323099,151118,474217,4000,755000,2772000,4234000,63000,1114000,0,0,1834000,3011000,,,,,,,,,,,,,,,,,,,,,
1990,C,Rev.2,39,2,division_2_digitos,OTRAS INDUSTRIAS MANUFACTURERAS,1041000,8000,0,50000,0,97000,66000,222000,13818000,0,5184000,154449,111544,6973,63069,72835,0,-99972,1000,77000,3284000,3284000,2340029,269035,37519,2108514,2377549,3153328,5493360,53000,7697000,17206000,31024000,1178000,23202000,1308000,2891000,1215000,29795000,,,,,,,,,,,,,,,,,,,,,
1990,C,Rev.2,390,3,grupo_3_digitos,OTRAS INDUSTRIAS MANUFACTURERAS,1041000,8000,0,50000,0,97000,66000,222000,13818000,0,5184000,154449,111544,6973,63069,72835,0,-99972,1000,77000,3284000,3284000,2340029,269035,37519,2108514,2377549,3153328,5493360,53000,7697000,17206000,31024000,1178000,23202000,1308000,2891000,1215000,29795000,,,,,,,,,,,,,,,,,,,,,
1990,C,Rev.2,3901,4,clase_4_digitos,JOYAS Y ARTICULOS CONEXOS,32000,0,0,6000,0,2000,18000,26000,981000,0,243000,25565,0,0,2284,23281,0,0,1000,5000,73000,73000,99974,0,3525,103500,103500,65155,165130,2000,578000,926000,1907000,0,20000,0,0,472000,492000,,,,,,,,,,,,,,,,,,,,,
1990,C,Rev.2,39010,5,subclase_5_digitos,Joyas y artículos conexos.,32000,0,0,6000,0,2000,18000,26000,981000,0,243000,25565,0,0,2284,23281,0,0,1000,5000,73000,73000,99974,0,3525,103500,103500,65155,165130,2000,578000,926000,1907000,0,20000,0,0,472000,492000,,,,,,,,,,,,,,,,,,,,,
1990,C,Rev.2,3903,4,clase_4_digitos,ARTIC.DE DEPORTE Y ATLETISMO,10000,0,0,3000,0,3000,0,6000,375000,0,54000,,,,,,,,0,1000,40000,40000,93651,0,0,93651,93651,39456,133107,0,90000,194000,569000,0,298000,375000,0,0,673000,,,,,,,,,,,,,,,,,,,,,
1990,C,Rev.2,39030,5,subclase_5_digitos,Artículos para deporte.,10000,0,0,3000,0,3000,0,6000,375000,0,54000,,,,,,,,0,1000,40000,40000,93651,0,0,93651,93651,39456,133107,0,90000,194000,569000,0,298000,375000,0,0,673000,,,,,,,,,,,,,,,,,,,,,
1990,C,Rev.2,3909,4,clase_4_digitos,OTRAS INDUSTRIAS MANUFACT. N.E.P.,999000,8000,0,41000,0,92000,48000,190000,12463000,0,4887000,128884,111544,6973,60785,49554,0,-99972,0,71000,3170000,3170000,2146404,269035,33994,1911363,2180398,3048717,5195123,50000,7028000,16084000,28547000,1178000,22884000,933000,2891000,743000,28631000,,,,,,,,,,,,,,,,,,,,,
1990,C,Rev.2,39090,5,subclase_5_digitos,Otras industrias manufact.n.e.p.,999000,8000,0,41000,0,92000,48000,190000,12463000,0,4887000,128884,111544,6973,60785,49554,0,-99972,0,71000,3170000,3170000,2146404,269035,33994,1911363,2180398,3048717,5195123,50000,7028000,16084000,28547000,1178000,22884000,933000,2891000,743000,28631000,,,,,,,,,,,,,,,,,,,,,
1991,C,Rev.2,3,1,industria_total,INDUSTRIAS MANUFACTURERAS,296681580,2812809,124341846,23070182,40286144,13018186,19249922,222779088,7013086401,22085627,2470522963,346525609,61882329,6049105,181705107,18490734,32006204,46392130,721701643,16333307,1310477688,1288392061,849461265,190655268,23157986,681963983,872619251,538606161,1388067426,33836578,1890116565,5945713168,12958799569,243775163,4768717053,1951282866,1642593637,620973372,9227342090,,,,,,,,,,,,,,,,,,,,,
1991,C,Rev.2,31,2,division_2_digitos,PRODUCTOS ALIMENT.BEBIDAS Y TABACO,106012673,177545,15829792,12003383,18924591,3282742,6650283,56868337,2697934288,9060977,845637299,131964884,28853911,720958,60521547,5838216,22131921,13898330,308043912,5087919,530120116,521059139,254014267,31862239,7919678,230071706,261933945,198452194,452466462,18536091,595576537,2068285648,4766219936,33007900,1732664191,977397021,344266760,274785685,3362121557,,,,,,,,,,,,,,,,,,,,,
1991,C,Rev.2,311,3,grupo_3_digitos,PRODUCTOS ALIMENTICIOS,72575229,142586,10991374,9829194,15035645,2586838,5908250,44493887,2159375653,7873943,508634637,67940205,18351611,323513,31410896,5355551,1568908,10929727,988849,3857303,124591375,116717433,159841931,12188514,5308909,152962326,165150840,107567851,267409782,12177372,439922726,1137850024,3297225677,30834345,1055640641,489212802,157897237,259682906,1993267931,,,,,,,,,,,,,,,,,,,,,
1991,C,Rev.2,3111,4,clase_4_digitos,MATANZA Y PREPARAC CARNES Y AVES,13067444,3439,2701363,2388112,2942310,450747,1259161,9745133,870292861,2416295,78287986,13850426,4417303,11,6399794,866401,361120,1805797,851720,1189232,53976032,51559737,39383689,1437937,1197935,39143687,40581624,46134305,85517994,5800775,123987149,266902317,1137195178,8133728,366222017,214385274,99058191,13383732,701182942,,,,,,,,,,,,,,,,,,,,,
1991,C,Rev.2,31111,5,subclase_5_digitos,Matanza de ganado.,10611030,3439,2073370,2082338,2490474,396691,457229,7503542,719524413,2108937,46429881,8635658,2654954,11,4054356,470205,304817,1151315,706596,935439,33983929,31874992,23196895,847680,1152086,23501301,24348981,27158204,50355099,5183691,98284458,187200361,906724774,8133728,196930453,181584047,97476351,10839555,494964134,,,,,,,,,,,,,,,,,,,,,
1991,C,Rev.2,31112,5,subclase_5_digitos,Preparación y conservación carnes,2007549,,627993,231425,436047,54056,787136,2136656,127230816,297994,30728345,4821461,1759173,,2291147,253085,56303,461754,145124,197776,17566826,17268832,15716693,590257,43854,15170290,15760547,16629885,32346578,594040,21743972,71748697,198979513,,159288024,20002006,1581840,2437690,183309559,,,,,,,,,,,,,,,,,,,,,
1991,C,Rev.2,31113,5,subclase_5_digitos,Matanza y preparación de aves.,448865,,,74350,15789,,14796,104934,23537632,9364,1129760,393308,3176,,54292,143112,,192728,,56017,2425277,2415913,470102,,1994,472096,472096,2346216,2816318,23044,3958720,7953258,31490890,,10003540,12799221,,106487,22909248,,,,,,,,,,,,,,,,,,,,,
1991,C,Rev.2,3112,4,clase_4_digitos,PRODUCTOS LACTEOS,12537253,,5070445,934934,1356082,397468,480773,8239701,295131271,2648594,55910142,18215533,7106183,1873,8592476,729963,175102,1609936,15060,653152,19222434,16573841,17320668,1615625,3206015,18911058,20526683,17296866,34617534,1257357,86059003,171080238,466211508,6536511,256048624,40860730,8766527,15944092,328156485,,,,,,,,,,,,,,,,,,,,,
1991,C,Rev.2,31120,5,subclase_5_digitos,Productos lácteos.,12537253,,5070445,934934,1356082,397468,480773,8239701,295131271,2648594,55910142,18215533,7106183,1873,8592476,729963,175102,1609936,15060,653152,19222434,16573841,17320668,1615625,3206015,18911058,20526683,17296866,34617534,1257357,86059003,171080238,466211508,6536511,256048624,40860730,8766527,15944092,328156485,,,,,,,,,,,,,,,,,,,,,
1991,C,Rev.2,3113,4,clase_4_digitos,ENVAS.Y CONSERVAC.FRUTAS-LEGUMBRES,1751091,,342236,114455,825775,73899,50906,1407271,41812079,231288,3565151,538653,7179,11635,359131,25537,,135171,,45113,1277205,1045917,5013948,40757,3258,4976449,5017206,1087580,6101528,144512,6987667,13349825,55161903,,23349963,10122716,,,33472679,,,,,,,,,,,,,,,,,,,,,
1991,C,Rev.2,31130,5,subclase_5_digitos,"Envas.y concervac.frutas,legumbres",1751091,,342236,114455,825775,73899,50906,1407271,41812079,231288,3565151,538653,7179,11635,359131,25537,,135171,,45113,1277205,1045917,5013948,40757,3258,4976449,5017206,1087580,6101528,144512,6987667,13349825,55161903,,23349963,10122716,,,33472679,,,,,,,,,,,,,,,,,,,,,
1991,C,Rev.2,3114,4,clase_4_digitos,ELABORACION DE PESCADO Y OTROS,9060534,46605,43120,183048,860929,,326652,1460354,152327657,,75636114,4144857,371150,119492,2023080,107592,673284,850258,20951,323167,-9333136,-9333136,11284097,324532,14152,10973717,11298249,-9783742,1500355,106488,46514108,121877621,274205277,,4023473,323075,1452974,17004,5816526,,,,,,,,,,,,,,,,,,,,,
1991,C,Rev.2,31140,5,subclase_5_digitos,"Elaboración de pescado, y otros.",9060534,46605,43120,183048,860929,,326652,1460354,152327657,,75636114,4144857,371150,119492,2023080,107592,673284,850258,20951,323167,-9333136,-9333136,11284097,324532,14152,10973717,11298249,-9783742,1500355,106488,46514108,121877621,274205277,,4023473,323075,1452974,17004,5816526,,,,,,,,,,,,,,,,,,,,,
1991,C,Rev.2,3115,4,clase_4_digitos,ACEITES Y GRASAS VEGET.Y ANIMALES.,3637033,,591517,649877,2218712,31596,631228,4122929,67039843,9092,16893002,2205191,498095,5192,1426749,148530,19703,106922,,138610,6785738,6776646,10145894,1428798,60000,8777096,10205894,5847065,15992959,800063,13452024,40758705,107798548,,65473883,27541717,13850881,,106866482,,,,,,,,,,,,,,,,,,,,,
1991,C,Rev.2,31150,5,subclase_5_digitos,Aceites y grasas veget.y animales,3637033,,591517,649877,2218712,31596,631228,4122929,67039843,9092,16893002,2205191,498095,5192,1426749,148530,19703,106922,,138610,6785738,6776646,10145894,1428798,60000,8777096,10205894,5847065,15992959,800063,13452024,40758705,107798548,,65473883,27541717,13850881,,106866482,,,,,,,,,,,,,,,,,,,,,
1991,C,Rev.2,3116,4,clase_4_digitos,"MOLINOS HARINEROS,ARROCEROS,YERBAT",11776785,,15575,2543240,376701,135214,420569,3491299,392756011,2568673,74389034,10922909,2200374,42818,5516802,825180,127868,2209866,26254,402575,11032227,8463553,18799568,3352215,737599,16184952,19537167,9902174,28701742,701224,44817628,139447000,532203012,3397524,137262345,69094473,17375626,20642186,247772155,,,,,,,,,,,,,,,,,,,,,
1991,C,Rev.2,31161,5,subclase_5_digitos,Molinos harineros.,3353223,,15575,1473148,76144,67832,333959,1966658,103652622,,36213954,3562539,1345267,33063,462973,259498,117101,1344638,26254,201461,13243231,13243231,5437963,148983,65910,5354891,5503874,12619545,18057508,395971,18985266,71795674,175448296,3397524,63223835,60008669,15834599,20465513,162930140,,,,,,,,,,,,,,,,,,,,,
1991,C,Rev.2,31162,5,subclase_5_digitos,Molinos arroceros.,8015232,,,979970,300557,48601,76860,1405988,256594955,2568673,36305927,7162337,1059334,6844,5031678,537586,,526896,,179699,-3033787,-5602460,9634593,476148,671667,9830112,10306260,-3426190,6208403,212704,23053821,61772520,318367475,,39995039,3865242,1306049,176674,45343004,,,,,,,,,,,,,,,,,,,,,
1991,C,Rev.2,31163,5,subclase_5_digitos,Molienda yerba mate.,408329,,,90122,,18782,9749,118653,32508434,,1869154,198032,-204227,2911,22151,28096,10767,338333,,21415,822783,822783,3727011,2727084,22,999950,3727033,708819,4435830,92549,2778541,5878806,38387240,,34043471,5220562,234978,,39499011,,,,,,,,,,,,,,,,,,,,,
1991,C,Rev.2,3117,4,clase_4_digitos,"PAN,REPOSTERIA,PASTAS,GALLETERIA",11740248,13667,1413590,2177716,2834913,1137756,1556635,9134276,218994336,,156997925,15399909,3286110,106,5634336,2519825,165302,3794230,9034,960186,28802502,28802502,42271731,428973,25686,41868444,42297417,25399253,67670984,2434029,79089064,276629739,495624075,3148181,57662178,103357611,12630966,208238608,385037544,,,,,,,,,,,,,,,,,,,,,
1991,C,Rev.2,31171,5,subclase_5_digitos,,8827972,7037,606517,1754004,2752040,1023627,312613,6455838,151606908,,115160974,7138656,149267,106,2201661,2004888,,2782733,,704664,22646458,22646458,29390709,75445,381,29315646,29391090,19807710,49198419,2134085,57319144,203954548,355561456,49349,3569152,86103078,156223,187228934,277106735,,,,,,,,,,,,,,,,,,,,,
1991,C,Rev.2,31172,5,subclase_5_digitos,Fideerías y preparación de pastas.,1566157,,280895,406669,82872,82650,462072,1315159,43704480,,31320186,5150701,2367099,,1229770,492030,132875,928928,9034,180204,2846511,2846511,8876450,87033,24864,8814281,8901314,2368642,11245091,288632,12047159,47780013,91484493,3098832,26605443,14862165,7769752,20132473,72468664,,,,,,,,,,,,,,,,,,,,,
1991,C,Rev.2,31173,5,subclase_5_digitos,,1346120,6630,526178,17043,,31478,781951,1363279,23682948,,10516765,3110552,769744,,2202905,22907,32427,82569,,75318,3309533,3309533,4004572,266495,441,3738517,4005012,3222902,7227473,11312,9722760,24895177,48578126,,27487583,2392369,4704991,877202,35462145,,,,,,,,,,,,,,,,,,,,,
1991,C,Rev.2,3118,4,clase_4_digitos,INGENIOS Y REFINERIAS DE AZUCAR,8240975,,317998,766680,3619444,187026,1062642,5953789,87309608,,29948843,1767647,438955,94638,1047744,96308,38517,51485,,50335,7242995,7242995,8486373,1950054,63410,6599728,8549782,6515784,15002157,676876,26430324,71863136,159172744,8504281,114200795,789695,1184543,,124679314,,,,,,,,,,,,,,,,,,,,,
1991,C,Rev.2,31180,5,subclase_5_digitos,Ingenios y refinerías de azúcar.,8240975,,317998,766680,3619444,187026,1062642,5953789,87309608,,29948843,1767647,438955,94638,1047744,96308,38517,51485,,50335,7242995,7242995,8486373,1950054,63410,6599728,8549782,6515784,15002157,676876,26430324,71863136,159172744,8504281,114200795,789695,1184543,,124679314,,,,,,,,,,,,,,,,,,,,,
1991,C,Rev.2,3119,4,clase_4_digitos,"CACAO,CHOCOLATE Y CONFITURAS",763866,78876,495531,71132,780,173133,119685,939135,33711988,,17006440,895080,26261,47748,410782,36216,8012,366061,65830,94933,5585378,5585378,7135963,1609624,854,5527194,7136818,5168567,12304531,256048,12585759,35941444,69653433,1114118,31397363,22737510,3577529,1457282,60283803,,,,,,,,,,,,,,,,,,,,,
1991,C,Rev.2,31190,5,subclase_5_digitos,"Cacao,chocolate y confituras",763866,78876,495531,71132,780,173133,119685,939135,33711988,,17006440,895080,26261,47748,410782,36216,8012,366061,65830,94933,5585378,5585378,7135963,1609624,854,5527194,7136818,5168567,12304531,256048,12585759,35941444,69653433,1114118,31397363,22737510,3577529,1457282,60283803,,,,,,,,,,,,,,,,,,,,,
1991,C,Rev.2,312,3,grupo_3_digitos,ALIMENTOS DIVERSOS,8420633,28876,836104,729998,2026972,87203,134905,3844058,159780104,66696,94743296,2224482,74043,5127,-759353,-355132,2019472,1240324,,337157,23734278,23667583,25596328,8701359,394634,17289602,25990961,22321309,47917637,1075813,43645281,170476794,330256898,1425703,103387036,43798939,160264111,5693236,314569025,,,,,,,,,,,,,,,,,,,,,
1991,C,Rev.2,3121,4,clase_4_digitos,PRODUCTOS ALIMENTICIOS DIVERSOS,7944804,28876,836104,536912,1997352,85147,84965,3569356,127427082,,76022157,1813825,74043,1855,-922738,-381231,1985493,1056404,,308020,23853871,23853871,24459997,8700878,49437,15808555,24509434,22520196,46980193,1025655,40661972,148482804,275909886,1425703,96839402,37863603,133195561,540303,269864572,,,,,,,,,,,,,,,,,,,,,
1991,C,Rev.2,31211,5,subclase_5_digitos,,2261455,20023,173618,341298,168142,46451,50820,800352,49400590,,10863041,-1312720,,1855,-1633069,-434688,116033,637150,,90203,4181168,4181168,8810174,5655818,258,3154614,8810432,3763829,12574003,327135,12456026,29761689,79162279,1229559,38306928,33599936,7223164,,80359587,,,,,,,,,,,,,,,,,,,,,
1991,C,Rev.2,31212,5,subclase_5_digitos,,5683349,8853,662486,195614,1829210,38696,34145,2769004,78026492,,65159117,3126545,74043,,710331,53457,1869460,419254,,217817,19672704,19672704,15649823,3045060,49179,12653941,15699002,18756367,34406190,698520,28205946,118721115,196747607,196143,58532474,4263667,125972397,540303,189504985,,,,,,,,,,,,,,,,,,,,,
1991,C,Rev.2,3122,4,clase_4_digitos,RACIONES BALANCEADAS,475830,,,193086,29620,2057,49940,274703,32353022,66696,18721139,410657,,3272,163386,26100,33979,183920,,29137,-119593,-186288,1136331,481,345197,1481047,1481528,-198887,937444,50158,2983309,21993989,54347011,,6547634,5935336,27068550,5152932,44704452,,,,,,,,,,,,,,,,,,,,,
1991,C,Rev.2,31220,5,subclase_5_digitos,Preparación raciones balanceadas,475830,,,193086,29620,2057,49940,274703,32353022,66696,18721139,410657,,3272,163386,26100,33979,183920,,29137,-119593,-186288,1136331,481,345197,1481047,1481528,-198887,937444,50158,2983309,21993989,54347011,,6547634,5935336,27068550,5152932,44704452,,,,,,,,,,,,,,,,,,,,,
1991,C,Rev.2,313,3,grupo_3_digitos,INDUSTRIA DE BEBIDAS,21617903,6083,3567911,1387616,1861975,557436,527263,7908284,322427070,1120339,232414640,58434884,10385349,147019,27764616,663702,17756371,1717828,114616323,762333,189024795,187904456,67935293,9468106,21455,58488642,67956748,68547093,136482386,5099046,94089319,536026319,858453389,747853,321221634,417225492,26105412,9409543,774709933,,,,,,,,,,,,,,,,,,,,,
1991,C,Rev.2,3131,4,clase_4_digitos,DEST.Y MEZCLA BEBIDAS ESPIRITUOSAS,3646110,,2383460,118970,96846,61669,24264,2685208,57243331,,12234743,403917,42629,325,229242,86869,,44852,35958847,123958,52045290,52045290,8631202,3031983,444,5599663,8631646,15783835,24415037,178651,16526241,84452384,141695715,,100728709,16281168,25115360,436991,142562227,,,,,,,,,,,,,,,,,,,,,
1991,C,Rev.2,31310,5,subclase_5_digitos,Dest.y mezcla bebidas espirituosas,3646110,,2383460,118970,96846,61669,24264,2685208,57243331,,12234743,403917,42629,325,229242,86869,,44852,35958847,123958,52045290,52045290,8631202,3031983,444,5599663,8631646,15783835,24415037,178651,16526241,84452384,141695715,,100728709,16281168,25115360,436991,142562227,,,,,,,,,,,,,,,,,,,,,
1991,C,Rev.2,3132,4,clase_4_digitos,INDUSTRIAS VINICOLAS,2882342,,25290,707791,215080,255626,276273,1480059,76754391,,21802585,4382619,512457,123749,1672434,204904,,1869075,5246875,100650,20842574,20842574,11331102,158634,10477,11182945,11341579,13834559,25165661,1660490,9656882,55184383,131938774,,49737845,89834306,242199,1591066,141405415,,,,,,,,,,,,,,,,,,,,,
1991,C,Rev.2,31320,5,subclase_5_digitos,Industrias vinícolas.,2882342,,25290,707791,215080,255626,276273,1480059,76754391,,21802585,4382619,512457,123749,1672434,204904,,1869075,5246875,100650,20842574,20842574,11331102,158634,10477,11182945,11341579,13834559,25165661,1660490,9656882,55184383,131938774,,49737845,89834306,242199,1591066,141405415,,,,,,,,,,,,,,,,,,,,,
1991,C,Rev.2,3133,4,clase_4_digitos,CERVECERIAS Y MALTERIAS,9692198,,926293,71961,1061903,49639,27474,2137270,57506965,1120339,75512313,25818872,7762357,20443,13170817,173989,4858949,-167683,19862278,252237,31938170,30817831,12776000,919391,6513,11863122,12782513,10968042,23744042,855613,33531337,149553679,207060644,,114341335,12960608,,,127301943,,,,,,,,,,,,,,,,,,,,,
1991,C,Rev.2,31330,5,subclase_5_digitos,Cervecerías y malterías,9692198,,926293,71961,1061903,49639,27474,2137270,57506965,1120339,75512313,25818872,7762357,20443,13170817,173989,4858949,-167683,19862278,252237,31938170,30817831,12776000,919391,6513,11863122,12782513,10968042,23744042,855613,33531337,149553679,207060644,,114341335,12960608,,,127301943,,,,,,,,,,,,,,,,,,,,,
1991,C,Rev.2,3134,4,clase_4_digitos,BEBIDAS SIN ALCOHOL,5397253,6083,232869,488895,488146,190502,199252,1605747,130922383,,122865000,27829476,2067906,2502,12692123,197940,12897422,-28417,53548324,285488,84198761,84198761,35196989,5358098,4021,29842912,35201010,27960657,63157645,2404293,34374860,246835873,377758256,747853,56413745,298149411,747853,7381487,363440348,,,,,,,,,,,,,,,,,,,,,
1991,C,Rev.2,31340,5,subclase_5_digitos,Bebidas sin alcohol,5397253,6083,232869,488895,488146,190502,199252,1605747,130922383,,122865000,27829476,2067906,2502,12692123,197940,12897422,-28417,53548324,285488,84198761,84198761,35196989,5358098,4021,29842912,35201010,27960657,63157645,2404293,34374860,246835873,377758256,747853,56413745,298149411,747853,7381487,363440348,,,,,,,,,,,,,,,,,,,,,
1991,C,Rev.2,314,3,grupo_3_digitos,INDUSTRIAS DEL TABACO,3398908,,434403,56575,,51265,79865,622108,56351461,,9844725,3365312,42909,245299,2105388,174094,787170,10452,192438740,131126,192769668,192769668,640716,1504260,2194680,1331136,2835396,15941,656657,183861,17919210,223932511,280283972,,252414880,27159788,,,279574668,,,,,,,,,,,,,,,,,,,,,
1991,C,Rev.2,3140,4,clase_4_digitos,INDUSTRIAS DEL TABACO,3398908,,434403,56575,,51265,79865,622108,56351461,,9844725,3365312,42909,245299,2105388,174094,787170,10452,192438740,131126,192769668,192769668,640716,1504260,2194680,1331136,2835396,15941,656657,183861,17919210,223932511,280283972,,252414880,27159788,,,279574668,,,,,,,,,,,,,,,,,,,,,
1991,C,Rev.2,31400,5,subclase_5_digitos,Industrias del tabaco.,3398908,,434403,56575,,51265,79865,622108,56351461,,9844725,3365312,42909,245299,2105388,174094,787170,10452,192438740,131126,192769668,192769668,640716,1504260,2194680,1331136,2835396,15941,656657,183861,17919210,223932511,280283972,,252414880,27159788,,,279574668,,,,,,,,,,,,,,,,,,,,,
1991,C,Rev.2,32,2,division_2_digitos,"TEXTILES,PR.VESTIR,INDUSTRIA CUERO",50787108,200442,15652154,948619,6077482,2369595,1717183,26965475,1452449220,12500219,537745161,67019381,7942045,264374,42233649,4105176,2415285,10058852,104856,4149410,59915866,47415647,193751238,16758448,1235266,178228056,194986504,50306815,244058053,5354784,430039279,1065987195,2518436414,3541383,756583123,255133023,110987594,79931310,1206176434,,,,,,,,,,,,,,,,,,,,,
1991,C,Rev.2,321,3,grupo_3_digitos,TEXTILES,30581321,191818,13619310,337197,4330261,838614,1314594,20631794,663710407,5218512,272302133,37588520,4519726,153305,24734071,1954610,1008088,5218720,101234,1759878,43022480,37803968,75615533,11428730,1137729,65324532,76753262,38177125,113792658,2984244,218813250,559500671,1223211077,1791152,403387265,86761864,46336063,35200722,573477066,,,,,,,,,,,,,,,,,,,,,
1991,C,Rev.2,3211,4,clase_4_digitos,"LAVADERO,HILANDERIA Y TEJEDURIA.",26748555,38425,13347556,194306,4207951,426424,983783,19198445,553841163,3502043,219803516,31473425,4275081,124116,23423356,1268694,799292,1582886,101234,1357971,36216924,32714881,59262972,8949685,1006807,51320094,60269779,32147458,91410430,2610262,177567045,456833997,1010675160,1638234,320368847,49586629,38529530,24149238,434272477,,,,,,,,,,,,,,,,,,,,,
1991,C,Rev.2,32111,5,subclase_5_digitos,"Lavadero,enfardelaje y fab de tops",7992238,,2876716,25130,1518951,43293,192358,4656448,248804325,757050,70705821,9187807,940227,68149,7473300,234431,341642,130058,,311314,8796407,8039357,14813823,740921,541782,14614685,15355605,6785871,21599694,1699222,40350874,127088290,375892615,,49752267,,2638468,,52390735,,,,,,,,,,,,,,,,,,,,,
1991,C,Rev.2,32112,5,subclase_5_digitos,"Hiland.tejeduría,acabado de lana",7027717,38425,2924861,10041,1635909,185910,389518,5184664,125624390,1967286,56368910,9958257,1458733,8145,7474284,608374,218186,190534,77516,528699,1552478,-414808,16631311,1138457,,15492853,16631311,431764,17063074,514499,70279894,133261714,258886103,,72012178,7427233,9713246,23164633,112317291,,,,,,,,,,,,,,,,,,,,,
1991,C,Rev.2,32113,5,subclase_5_digitos,,4460066,,1236566,97896,978285,129413,243089,2685250,92222975,,31018876,5306541,257615,8180,3886382,232495,221630,700239,19661,212393,11833647,11833647,16131723,2937383,221705,13416046,16353429,11478866,27610590,122727,26906402,74218991,166441966,,87070155,26121579,21858860,665668,135716262,,,,,,,,,,,,,,,,,,,,,
1991,C,Rev.2,32114,5,subclase_5_digitos,,7268087,,6309413,60013,74806,66732,158817,6669781,87073530,777707,61687941,7020819,1618506,39642,4589390,193394,17833,562054,4057,305111,14034605,13256898,11682016,4132924,242981,7792073,11924997,13451633,25133650,273804,39965796,122178721,209252252,1638234,111515266,16037817,4318955,318937,133829208,,,,,,,,,,,,,,,,,,,,,
1991,C,Rev.2,32115,5,subclase_5_digitos,Hiland.tejeduría de fibras duras,447,,,1226,,1076,,2302,115943,,21969,,,,,,,,,453,-213,-213,4099,,339,4438,4438,-676,3423,10,64078,86281,202224,,18981,,,,18981,,,,,,,,,,,,,,,,,,,,,
1991,C,Rev.2,3212,4,clase_4_digitos,TEXTILES EXCEPTO PRENDAS VESTIR,517114,,35719,26776,103178,62779,8148,236599,20419194,,3448863,892983,43936,29189,145767,112191,30647,531252,,46341,757156,757156,1706406,243429,122724,1585701,1829130,643232,2349638,67582,5911105,10634238,31053432,152918,19291384,4883657,917507,1484863,26730329,,,,,,,,,,,,,,,,,,,,,
1991,C,Rev.2,32120,5,subclase_5_digitos,Textiles excepto prendas vestir,517114,,35719,26776,103178,62779,8148,236599,20419194,,3448863,892983,43936,29189,145767,112191,30647,531252,,46341,757156,757156,1706406,243429,122724,1585701,1829130,643232,2349638,67582,5911105,10634238,31053432,152918,19291384,4883657,917507,1484863,26730329,,,,,,,,,,,,,,,,,,,,,
1991,C,Rev.2,3213,4,clase_4_digitos,TEJIDOS PUNTO Y MEDIAS,2128136,153393,136139,95811,,261626,74069,721037,60806535,1712726,30458835,4831069,200709,,1028381,465587,177875,2958517,,259611,823272,-889454,10239719,1070994,4510,9173235,10244229,324123,10563843,239538,26861731,58559248,119365783,,27752793,28922156,486573,7813528,64975049,,,,,,,,,,,,,,,,,,,,,
1991,C,Rev.2,32130,5,subclase_5_digitos,Tejidos de punto y medias.,2128136,153393,136139,95811,,261626,74069,721037,60806535,1712726,30458835,4831069,200709,,1028381,465587,177875,2958517,,259611,823272,-889454,10239719,1070994,4510,9173235,10244229,324123,10563843,239538,26861731,58559248,119365783,,27752793,28922156,486573,7813528,64975049,,,,,,,,,,,,,,,,,,,,,
1991,C,Rev.2,3214,4,clase_4_digitos,TAPICES Y ALFOMBRAS,306175,,19105,,,498,17204,36807,2243852,3744,1560788,112609,,,8859,13292,274,90184,,10811,990717,986973,516733,217069,,299664,516733,971660,1488393,8245,1314847,4168784,6412636,,6744701,577909,,350077,7672686,,,,,,,,,,,,,,,,,,,,,
1991,C,Rev.2,32140,5,subclase_5_digitos,Tapices y alfombras,306175,,19105,,,498,17204,36807,2243852,3744,1560788,112609,,,8859,13292,274,90184,,10811,990717,986973,516733,217069,,299664,516733,971660,1488393,8245,1314847,4168784,6412636,,6744701,577909,,350077,7672686,,,,,,,,,,,,,,,,,,,,,
1991,C,Rev.2,3215,4,clase_4_digitos,CORDELERIA,36765,,,4751,15275,,2690,22716,578750,,68878,30560,,,2017,,,28543,,3621,139460,139460,91600,23912,3688,71376,95288,127881,219481,7958,450998,696101,1274851,,1033106,245363,12914,,1291382,,,,,,,,,,,,,,,,,,,,,
1991,C,Rev.2,32150,5,subclase_5_digitos,Cordelería.,36765,,,4751,15275,,2690,22716,578750,,68878,30560,,,2017,,,28543,,3621,139460,139460,91600,23912,3688,71376,95288,127881,219481,7958,450998,696101,1274851,,1033106,245363,12914,,1291382,,,,,,,,,,,,,,,,,,,,,
1991,C,Rev.2,3219,4,clase_4_digitos,TEXTILES N.E.P.,844575,,80791,15553,3856,87288,228701,416189,25820913,,16961252,247874,,,125690,94845,,27338,,81523,4094951,4094951,3798103,923642,,2874461,3798103,3962770,7760873,50658,6707525,28608303,54429216,,28196435,2546151,6389540,1403016,38535142,,,,,,,,,,,,,,,,,,,,,
1991,C,Rev.2,32190,5,subclase_5_digitos,Textiles N.E.P..,844575,,80791,15553,3856,87288,228701,416189,25820913,,16961252,247874,,,125690,94845,,27338,,81523,4094951,4094951,3798103,923642,,2874461,3798103,3962770,7760873,50658,6707525,28608303,54429216,,28196435,2546151,6389540,1403016,38535142,,,,,,,,,,,,,,,,,,,,,
1991,C,Rev.2,322,3,grupo_3_digitos,PRENDAS VESTIR EXCEPTO CALZADO,9953665,8624,287140,112949,50769,1098129,216417,1774028,418426905,6215084,158860454,14101039,1417483,17789,7783919,1373766,1142279,2365804,3622,1481395,4511579,-1703505,80251803,3716360,14913,76550356,80266716,2420479,82672282,606083,123898187,291008802,709435706,879936,222133931,121994971,4248853,40969467,390227159,,,,,,,,,,,,,,,,,,,,,
1991,C,Rev.2,3220,4,clase_4_digitos,PRENDAS VESTIR EXCEPTO CALZADO,9953665,8624,287140,112949,50769,1098129,216417,1774028,418426905,6215084,158860454,14101039,1417483,17789,7783919,1373766,1142279,2365804,3622,1481395,4511579,-1703505,80251803,3716360,14913,76550356,80266716,2420479,82672282,606083,123898187,291008802,709435706,879936,222133931,121994971,4248853,40969467,390227159,,,,,,,,,,,,,,,,,,,,,
1991,C,Rev.2,32201,5,subclase_5_digitos,,6029561,8624,272875,81787,50769,590987,144403,1149445,202551890,3948397,82681146,6214648,1310992,16526,3116498,596133,599995,574504,3622,1044506,8953198,5004801,44703379,2060008,9459,42652831,44712838,7571620,52275000,333450,70295453,164010962,366562853,879936,135269723,75946535,4211521,28908964,245216678,,,,,,,,,,,,,,,,,,,,,
1991,C,Rev.2,32202,5,subclase_5_digitos,Prendas de cuero.,1802347,,14265,25800,,261449,56168,357682,126268127,2266687,44279721,2005111,106491,,945856,552260,33001,367502,,276960,-11754535,-14021222,18186739,82936,5454,18109258,18192193,-12176302,6010437,144808,32490151,64550997,190819124,,6697308,15847,37332,4574400,11324887,,,,,,,,,,,,,,,,,,,,,
1991,C,Rev.2,32203,5,subclase_5_digitos,,2121757,,,5363,,245694,15846,266902,89606887,,31899586,5881281,,1263,3721564,225372,509283,1423798,,159930,7312916,7312916,17361684,1573417,,15788267,17361684,7025161,24386845,127825,21112583,62446842,152053730,,80166901,46032589,,7486103,133685594,,,,,,,,,,,,,,,,,,,,,
1991,C,Rev.2,323,3,grupo_3_digitos,"CUERO Y PIELES,EXCEP.CALZADO",8061019,,1655882,413277,1696452,219076,142675,4127362,271897428,805985,91636233,13234811,1817863,16308,8966643,559458,43561,1830978,,730485,9746739,8940754,20150982,1337612,82624,18895994,20233606,7841880,27992863,1174373,68963127,177601132,449498560,,37181158,38204400,60402379,3761121,139549058,,,,,,,,,,,,,,,,,,,,,
1991,C,Rev.2,3231,4,clase_4_digitos,CURTIEMBRES Y TALLERES DE ACABADO,7272938,,1643742,396232,1696098,107415,127865,3971352,210580286,399034,79483536,11482832,1784510,15976,8564280,508208,23879,585979,,502803,13601720,13202686,13185104,1140539,81250,12125815,13266354,12761339,25946443,337578,57994576,157953736,368534022,,36959628,30208882,60371295,3761121,131300926,,,,,,,,,,,,,,,,,,,,,
1991,C,Rev.2,32310,5,subclase_5_digitos,Curtiembres y talleres de acabado.,7272938,,1643742,396232,1696098,107415,127865,3971352,210580286,399034,79483536,11482832,1784510,15976,8564280,508208,23879,585979,,502803,13601720,13202686,13185104,1140539,81250,12125815,13266354,12761339,25946443,337578,57994576,157953736,368534022,,36959628,30208882,60371295,3761121,131300926,,,,,,,,,,,,,,,,,,,,,
1991,C,Rev.2,3233,4,clase_4_digitos,"ART.CUERO (MARROQUINERIA,ETC.)",788081,,12140,17045,353,111661,14810,156009,61317142,406951,12152697,1751979,33353,332,402363,51250,19682,1244999,,227682,-3854981,-4261932,6965878,197074,1374,6770179,6967252,-4919459,2046419,836796,10968551,19647396,80964538,,221530,7995518,31084,,8248132,,,,,,,,,,,,,,,,,,,,,
1991,C,Rev.2,32330,5,subclase_5_digitos,Art.cuero (marroquinería),788081,,12140,17045,353,111661,14810,156009,61317142,406951,12152697,1751979,33353,332,402363,51250,19682,1244999,,227682,-3854981,-4261932,6965878,197074,1374,6770179,6967252,-4919459,2046419,836796,10968551,19647396,80964538,,221530,7995518,31084,,8248132,,,,,,,,,,,,,,,,,,,,,
1991,C,Rev.2,324,3,grupo_3_digitos,CALZADO EXCEPTO.CAUCHO Y PLASTIC,2191104,,89822,85196,,213775,43497,432291,98414480,260638,14946342,2095011,186972,76972,749017,217343,221358,643350,,177652,2635068,2374430,17732920,275745,,17457174,17732920,1867331,19600251,590085,18364715,37876590,136291071,870295,93880769,8171788,299,,102923151,,,,,,,,,,,,,,,,,,,,,
1991,C,Rev.2,3240,4,clase_4_digitos,CALZADO EXCEPTO.CAUCHO Y PLASTICO,2191104,,89822,85196,,213775,43497,432291,98414480,260638,14946342,2095011,186972,76972,749017,217343,221358,643350,,177652,2635068,2374430,17732920,275745,,17457174,17732920,1867331,19600251,590085,18364715,37876590,136291071,870295,93880769,8171788,299,,102923151,,,,,,,,,,,,,,,,,,,,,
1991,C,Rev.2,32400,5,subclase_5_digitos,"Calzado,excepto caucho y plástico",2191104,,89822,85196,,213775,43497,432291,98414480,260638,14946342,2095011,186972,76972,749017,217343,221358,643350,,177652,2635068,2374430,17732920,275745,,17457174,17732920,1867331,19600251,590085,18364715,37876590,136291071,870295,93880769,8171788,299,,102923151,,,,,,,,,,,,,,,,,,,,,
1991,C,Rev.2,33,2,division_2_digitos,INDUSTRIA DE LA MADERA,3491721,4300,118645,839599,164140,208381,243630,1578695,73065911,,22686104,4974009,1584,-153996,1035791,173186,660363,3257081,14687,316723,12580565,12580565,13988006,349364,142059,13780700,14130065,11893628,25881634,355526,40215745,78974136,152040047,4600856,35951375,25190119,33057115,31329314,130128778,,,,,,,,,,,,,,,,,,,,,
1991,C,Rev.2,331,3,grupo_3_digitos,INDUSTRIA MADERA (EXCEP.MUEBLES),1258315,4300,118645,613917,154785,145656,148982,1186286,34870952,,9762498,1000652,1584,8807,343035,30007,158862,458357,14687,160237,6895733,6895733,5457365,326319,142059,5273105,5599424,6541777,11999143,179032,20861093,38777639,73648591,1593957,23887301,3410313,21501542,13834972,64228084,,,,,,,,,,,,,,,,,,,,,
1991,C,Rev.2,3311,4,clase_4_digitos,"ASERRADEROS,OBRA BLANCA,PARQUET",998594,4300,118645,444433,154785,81118,97363,900645,28408805,,6384661,821482,1584,8807,302274,24965,151527,332324,9019,129718,4838833,4838833,4502982,324519,142059,4320522,4645041,4589179,9092160,110917,16805419,29027507,57436312,1550270,14608203,3322939,18586467,13747598,51815477,,,,,,,,,,,,,,,,,,,,,
1991,C,Rev.2,33110,5,subclase_5_digitos,"Aserraderos,obra blanca y parquet",998594,4300,118645,444433,154785,81118,97363,900645,28408805,,6384661,821482,1584,8807,302274,24965,151527,332324,9019,129718,4838833,4838833,4502982,324519,142059,4320522,4645041,4589179,9092160,110917,16805419,29027507,57436312,1550270,14608203,3322939,18586467,13747598,51815477,,,,,,,,,,,,,,,,,,,,,
1991,C,Rev.2,3312,4,clase_4_digitos,ENVASES MADERA Y ARTICULOS DE CANA,93466,,,116378,,38586,32531,187495,2385539,,159598,175899,,,37489,5042,7335,126033,5668,6006,412901,412901,237467,1800,,235666,237467,378063,615530,23164,824263,1490229,3875768,,1060682,,2827702,,3888384,,,,,,,,,,,,,,,,,,,,,
1991,C,Rev.2,33120,5,subclase_5_digitos,Envases de madera y art.de caña,93466,,,116378,,38586,32531,187495,2385539,,159598,175899,,,37489,5042,7335,126033,5668,6006,412901,412901,237467,1800,,235666,237467,378063,615530,23164,824263,1490229,3875768,,1060682,,2827702,,3888384,,,,,,,,,,,,,,,,,,,,,
1991,C,Rev.2,3319,4,clase_4_digitos,PROD.MADERA N.E.P. Y CORCHO,166254,,,53107,,25952,19088,98146,4076608,,3218239,3272,,,3272,,,,,24513,1643998,1643998,716917,,,716917,716917,1574535,2291452,44950,3231411,8259903,12336511,43687,8218416,87374,87374,87374,8524224,,,,,,,,,,,,,,,,,,,,,
1991,C,Rev.2,33191,5,subclase_5_digitos,,166254,,,53107,,25952,19088,98146,4076608,,3218239,3272,,,3272,,,,,24513,1643998,1643998,716917,,,716917,716917,1574535,2291452,44950,3231411,8259903,12336511,43687,8218416,87374,87374,87374,8524224,,,,,,,,,,,,,,,,,,,,,
1991,C,Rev.2,332,3,grupo_3_digitos,MUEBLES Y ACCESORIOS.,2233406,,,225681,9354,62725,94648,392408,38194959,,12923607,3973357,,-162803,692756,143178,501501,2798724,,156487,5684832,5684832,8530640,23045,,8507595,8530640,5351851,13882491,176494,19354652,40196497,78391456,3006899,12064074,21779806,11555572,17494342,65900694,,,,,,,,,,,,,,,,,,,,,
1991,C,Rev.2,3320,4,clase_4_digitos,MUEBLES Y ACCESORIOS.,2233406,,,225681,9354,62725,94648,392408,38194959,,12923607,3973357,,-162803,692756,143178,501501,2798724,,156487,5684832,5684832,8530640,23045,,8507595,8530640,5351851,13882491,176494,19354652,40196497,78391456,3006899,12064074,21779806,11555572,17494342,65900694,,,,,,,,,,,,,,,,,,,,,
1991,C,Rev.2,33201,5,subclase_5_digitos,,2202830,,,225681,9354,62725,94648,392408,38121510,,12871733,3973357,,-162803,692756,143178,501501,2798724,,155183,5610722,5610722,8517269,23045,,8494224,8517269,5294493,13811762,161046,19192433,39877718,77999228,3006899,12064074,21779806,11555572,17494342,65900694,,,,,,,,,,,,,,,,,,,,,
1991,C,Rev.2,33202,5,subclase_5_digitos,,30576,,,,,,,,73449,,51874,,,,,,,,,1304,74110,74110,13371,,,13371,13371,57358,70729,15448,162219,318779,392228,,,,,,,,,,,,,,,,,,,,,,,,,,,
1991,C,Rev.2,34,2,division_2_digitos,PAPEL Y PROD.PAPEL;IMPRENTA Y EDIT,24018638,13162,504132,487805,6652155,1613434,1923329,11194017,328243269,142517,160081151,24888488,10299986,15890,10403783,1202863,1366312,1599654,122056,1060108,48000784,47858267,55537179,14285068,1667600,42919711,57204779,45393024,100930203,1425596,133104202,365062259,693305528,16823524,255321670,72546057,156716585,25218112,526625949,,,,,,,,,,,,,,,,,,,,,
1991,C,Rev.2,341,3,grupo_3_digitos,PAPEL Y PROD.DEL PAPEL,15333469,6739,489146,363919,6645792,356684,235675,8097956,153069896,,56051086,6311997,455011,15890,4458484,229664,372125,780823,122056,361748,18726204,18726204,20234468,4661679,180600,15753389,20415068,17412997,37647465,829404,52662906,142773666,295843562,7632084,94184205,11816592,90003270,3459090,207095241,,,,,,,,,,,,,,,,,,,,,
1991,C,Rev.2,3411,4,clase_4_digitos,"PULPA MADERA,PAPEL Y CARTON",12337142,6739,215818,208369,6520119,215488,162303,7328836,68417459,,45858259,2778791,310643,15890,1940757,148525,111594,251382,,229213,8800341,8800341,8225508,2550372,95608,5770744,8321116,8169235,16394743,401893,31759727,98755469,167172928,2949092,31151675,4174276,50335119,615555,89225717,,,,,,,,,,,,,,,,,,,,,
1991,C,Rev.2,34110,5,subclase_5_digitos,"Pulpa de madera, papel y cartón",12337142,6739,215818,208369,6520119,215488,162303,7328836,68417459,,45858259,2778791,310643,15890,1940757,148525,111594,251382,,229213,8800341,8800341,8225508,2550372,95608,5770744,8321116,8169235,16394743,401893,31759727,98755469,167172928,2949092,31151675,4174276,50335119,615555,89225717,,,,,,,,,,,,,,,,,,,,,
1991,C,Rev.2,3412,4,clase_4_digitos,ENVASES Y CAJAS PAPEL Y CARTON,1389490,,265199,124097,125673,54835,41991,611795,48634775,,6894779,2727529,,,2247564,74981,490,404493,,72145,5256965,5256965,7380858,472346,53039,6961551,7433897,4831438,12212296,353382,12566444,26107678,74742453,1372658,26578191,2664558,37780697,484423,68880526,,,,,,,,,,,,,,,,,,,,,
1991,C,Rev.2,34120,5,subclase_5_digitos,Envases y cajas de papel y cartón,1389490,,265199,124097,125673,54835,41991,611795,48634775,,6894779,2727529,,,2247564,74981,490,404493,,72145,5256965,5256965,7380858,472346,53039,6961551,7433897,4831438,12212296,353382,12566444,26107678,74742453,1372658,26578191,2664558,37780697,484423,68880526,,,,,,,,,,,,,,,,,,,,,
1991,C,Rev.2,3419,4,clase_4_digitos,ARTIC.PAPEL Y CARTON N.E.P.,1606837,,8129,31453,,86361,31382,157325,36017662,,3298048,805677,144368,,270163,6158,260041,124948,122056,60389,4668899,4668899,4628102,1638961,31953,3021094,4660055,4412324,9040426,74129,8336735,17910519,53928181,3310334,36454339,4977759,1887454,2359112,48988998,,,,,,,,,,,,,,,,,,,,,
1991,C,Rev.2,34190,5,subclase_5_digitos,Artículos de papel y cartón n.e.p,1606837,,8129,31453,,86361,31382,157325,36017662,,3298048,805677,144368,,270163,6158,260041,124948,122056,60389,4668899,4668899,4628102,1638961,31953,3021094,4660055,4412324,9040426,74129,8336735,17910519,53928181,3310334,36454339,4977759,1887454,2359112,48988998,,,,,,,,,,,,,,,,,,,,,
1991,C,Rev.2,342,3,grupo_3_digitos,"IMPRENTAS,EDITORIALES IND.CONEXAS",8685169,6423,14986,123885,6363,1256749,1687654,3096061,175173374,142517,104030065,18576491,9844975,,5945299,973198,994188,818832,,698360,29274579,29132063,35302711,9623389,1487000,27166322,36789711,27980028,63282738,596192,80441296,222288593,397461966,9191441,161137465,60729465,66713315,21759022,319530708,,,,,,,,,,,,,,,,,,,,,
1991,C,Rev.2,3420,4,clase_4_digitos,"IMPRENTAS,EDITORIALES IND.CONEXAS",8685169,6423,14986,123885,6363,1256749,1687654,3096061,175173374,142517,104030065,18576491,9844975,,5945299,973198,994188,818832,,698360,29274579,29132063,35302711,9623389,1487000,27166322,36789711,27980028,63282738,596192,80441296,222288593,397461966,9191441,161137465,60729465,66713315,21759022,319530708,,,,,,,,,,,,,,,,,,,,,
1991,C,Rev.2,34201,5,subclase_5_digitos,,4659891,,,63339,,90107,117541,270986,54325113,142517,35808387,2095446,17610,,941895,899473,1333,235135,,234899,4241743,4099227,9532446,5324665,1481773,5689555,11014220,3828641,13361087,178204,30448457,75015962,129341076,2154712,52522400,2441056,2446213,555324,60119706,,,,,,,,,,,,,,,,,,,,,
1991,C,Rev.2,34202,5,subclase_5_digitos,,4025278,6423,14986,60546,6363,1166643,1570113,2825075,120848260,,68221677,16481045,9827364,,5003403,73725,992855,583697,,463461,25032836,25032836,25770264,4298723,5226,21476767,25775491,24151387,49921651,417988,49992839,147272630,268120891,7036728,108615065,58288409,64267102,21203697,259411001,,,,,,,,,,,,,,,,,,,,,
1991,C,Rev.2,35,2,division_2_digitos,PRODUCTOS QUIMICOS.,54317576,1249089,31858310,2184417,896878,1665084,2110207,39963986,1436134989,145674,512660291,46513417,10009141,1176623,23464487,3133876,2862067,5867223,368484387,2268732,470577678,470432003,130466084,51287479,9874917,89053522,140341001,96875488,227341572,2949070,287996445,1325406315,2761541305,79909870,1211584990,327685916,711993878,94574478,2425749131,,,,,,,,,,,,,,,,,,,,,
1991,C,Rev.2,351,3,grupo_3_digitos,SUSTANCIAS QUIMICAS.,6292494,4165,1678501,577180,830462,336019,184486,3610812,163384022,28659,66766983,1641598,-652358,42091,777577,370508,719544,384235,12390,258864,9826358,9797699,15224974,7488229,1616517,9353262,16841491,9308397,24533371,246707,35794176,118651352,282035374,9760956,63006080,11947119,86584022,469831,171768009,,,,,,,,,,,,,,,,,,,,,
1991,C,Rev.2,3511,4,clase_4_digitos,SUSTANCIAS QUIM.INDUSTR.BASICAS,4458604,4165,1226878,435816,462815,240147,116719,2486540,54998849,7904,26005029,1064368,-689433,37805,510672,350224,536891,318209,12390,136274,8047210,8039306,6218727,1362524,233487,5089689,6452214,7768663,13987390,129883,18047941,56550881,111549730,6016704,28863255,2107849,36254768,469831,73712408,,,,,,,,,,,,,,,,,,,,,
1991,C,Rev.2,35110,5,subclase_5_digitos,Sustancias químicas ind.básicas,4458604,4165,1226878,435816,462815,240147,116719,2486540,54998849,7904,26005029,1064368,-689433,37805,510672,350224,536891,318209,12390,136274,8047210,8039306,6218727,1362524,233487,5089689,6452214,7768663,13987390,129883,18047941,56550881,111549730,6016704,28863255,2107849,36254768,469831,73712408,,,,,,,,,,,,,,,,,,,,,
1991,C,Rev.2,3512,4,clase_4_digitos,ABONOS Y PLAGUICIDAS,883991,,274792,136405,309094,90716,67454,878461,78770756,,30403882,334057,24996,1315,123325,8950,132049,43422,,87072,-823252,-823252,6013801,4961860,845438,1897378,6859238,-1020917,4992884,110592,11279034,41743654,120514410,3744252,13602442,9218851,42025311,,68590856,,,,,,,,,,,,,,,,,,,,,
1991,C,Rev.2,35120,5,subclase_5_digitos,Abonos y plaguicidas,883991,,274792,136405,309094,90716,67454,878461,78770756,,30403882,334057,24996,1315,123325,8950,132049,43422,,87072,-823252,-823252,6013801,4961860,845438,1897378,6859238,-1020917,4992884,110592,11279034,41743654,120514410,3744252,13602442,9218851,42025311,,68590856,,,,,,,,,,,,,,,,,,,,,
1991,C,Rev.2,3513,4,clase_4_digitos,RESINAS SINTETICAS Y FIBRAS ARTIF.,949899,,176831,4958,58553,5156,313,245811,29614417,20755,10358072,243173,12079,2971,143580,11334,50604,22604,,35518,2602400,2581645,2992447,1163844,537593,2366195,3530039,2560650,5553097,6232,6467200,20356817,49971234,,20540383,620419,8303943,,29464745,,,,,,,,,,,,,,,,,,,,,
1991,C,Rev.2,35130,5,subclase_5_digitos,Resinas sintéticas y fibras artif.,949899,,176831,4958,58553,5156,313,245811,29614417,20755,10358072,243173,12079,2971,143580,11334,50604,22604,,35518,2602400,2581645,2992447,1163844,537593,2366195,3530039,2560650,5553097,6232,6467200,20356817,49971234,,20540383,620419,8303943,,29464745,,,,,,,,,,,,,,,,,,,,,
1991,C,Rev.2,352,3,grupo_3_digitos,OTROS PRODUCTOS QUIMICOS,13122833,96673,2735315,616297,47954,793057,714960,5004256,355113236,117016,161559916,28201376,9732142,343045,12326564,1629942,1188225,2981457,7168186,1085940,38814454,38697439,66436989,22071365,1601694,45967318,68038683,29011979,95448967,1548350,133162942,346543131,701656366,40126035,204380102,228753616,129992007,3614515,606866275,,,,,,,,,,,,,,,,,,,,,
1991,C,Rev.2,3521,4,clase_4_digitos,"PINTURAS,BARNICES,LACAS",2588918,69019,172739,230200,,173627,72524,718110,71317761,,22985642,19831337,8966345,285341,9648058,737261,4245,190087,47909,118767,6620931,6620931,14602379,4177062,44,10425361,14602423,6266617,20868996,187638,16190992,48386483,119704245,1870643,11185849,77120843,22634345,57558,112869238,,,,,,,,,,,,,,,,,,,,,
1991,C,Rev.2,35210,5,subclase_5_digitos,"Pinturas, barnices y lacas.",2588918,69019,172739,230200,,173627,72524,718110,71317761,,22985642,19831337,8966345,285341,9648058,737261,4245,190087,47909,118767,6620931,6620931,14602379,4177062,44,10425361,14602423,6266617,20868996,187638,16190992,48386483,119704245,1870643,11185849,77120843,22634345,57558,112869238,,,,,,,,,,,,,,,,,,,,,
1991,C,Rev.2,3522,4,clase_4_digitos,PROD.FARMACEUTICOS Y MEDICAMENTOS,5875891,27654,356509,62179,,272235,199007,917585,148764299,,86838915,3860899,879862,1767,1140550,546187,1044941,247592,1534552,570301,14133117,14133117,25672427,11939209,1389473,15122691,27061900,11017382,36689809,1010882,75682282,182530205,331294504,35512636,87362834,73243622,90704884,2201574,289025550,,,,,,,,,,,,,,,,,,,,,
1991,C,Rev.2,35220,5,subclase_5_digitos,Prod farmacéuticos y medicamentos,5875891,27654,356509,62179,,272235,199007,917585,148764299,,86838915,3860899,879862,1767,1140550,546187,1044941,247592,1534552,570301,14133117,14133117,25672427,11939209,1389473,15122691,27061900,11017382,36689809,1010882,75682282,182530205,331294504,35512636,87362834,73243622,90704884,2201574,289025550,,,,,,,,,,,,,,,,,,,,,
1991,C,Rev.2,3523,4,clase_4_digitos,ARTICULOS.DE LIMPIEZA Y TOCADOR.,3487705,,1709479,252684,39664,249719,431277,2682823,115893913,39715,45626261,4126377,-114065,55443,1351165,304020,135888,2393925,5585725,278542,16535461,16495746,22254352,4767642,154417,17641127,22408769,10386396,32640748,284798,33527195,99136906,215030820,2713527,93387524,69118788,11234098,233856,176687793,,,,,,,,,,,,,,,,,,,,,
1991,C,Rev.2,35231,5,subclase_5_digitos,,2491211,,1709479,193341,39664,112430,219892,2274806,77911568,39715,17832376,2022808,155809,1165,1142532,108071,102757,512474,58125,142770,2765656,2725941,12352770,2273437,154248,10233581,12507018,2448024,14800793,116737,19798938,42848466,120760033,2713527,55007815,29509910,11234098,131103,98596454,,,,,,,,,,,,,,,,,,,,,
1991,C,Rev.2,35232,5,subclase_5_digitos,,996494,,,59343,,137289,211384,408016,37982345,,27793884,2103568,-269874,54278,208633,195949,33131,1881452,5527600,135772,13769806,13769806,9901582,2494206,169,7407545,9901751,7938373,17839955,168061,13728257,56288441,94270786,,38379709,39608877,,102753,78091340,,,,,,,,,,,,,,,,,,,,,
1991,C,Rev.2,3529,4,clase_4_digitos,PRODUCTOS QUIMICOS N.E.P,1170319,,496587,71233,8290,97476,12153,685739,19137262,77301,6109099,382763,,494,186791,42474,3151,149853,,118330,1524945,1447645,3907830,1187452,57760,2778139,3965591,1341584,5249414,65032,7762473,16489536,35626798,29228,12443894,9270365,5418680,1121527,28283694,,,,,,,,,,,,,,,,,,,,,
1991,C,Rev.2,35290,5,subclase_5_digitos,Productos químicos n.e.p.,1170319,,496587,71233,8290,97476,12153,685739,19137262,77301,6109099,382763,,494,186791,42474,3151,149853,,118330,1524945,1447645,3907830,1187452,57760,2778139,3965591,1341584,5249414,65032,7762473,16489536,35626798,29228,12443894,9270365,5418680,1121527,28283694,,,,,,,,,,,,,,,,,,,,,
1991,C,Rev.2,353,3,grupo_3_digitos,REFINERIAS DE PETROLEO,25747427,1148251,24260351,362153,,81317,618962,26471034,682664842,,203318139,757996,29161,,469336,194525,64974,,361214712,234131,383598341,383598341,7063695,5256873,6193178,8000000,13256873,21979770,29043465,169728,30827678,643491585,1326156427,25554410,766632313,38331616,370538951,76663231,1277720521,,,,,,,,,,,,,,,,,,,,,
1991,C,Rev.2,3530,4,clase_4_digitos,REFINERIAS DE PETROLEO,25747427,1148251,24260351,362153,,81317,618962,26471034,682664842,,203318139,757996,29161,,469336,194525,64974,,361214712,234131,383598341,383598341,7063695,5256873,6193178,8000000,13256873,21979770,29043465,169728,30827678,643491585,1326156427,25554410,766632313,38331616,370538951,76663231,1277720521,,,,,,,,,,,,,,,,,,,,,
1991,C,Rev.2,35300,5,subclase_5_digitos,Refinerías de petroleo.,25747427,1148251,24260351,362153,,81317,618962,26471034,682664842,,203318139,757996,29161,,469336,194525,64974,,361214712,234131,383598341,383598341,7063695,5256873,6193178,8000000,13256873,21979770,29043465,169728,30827678,643491585,1326156427,25554410,766632313,38331616,370538951,76663231,1277720521,,,,,,,,,,,,,,,,,,,,,
1991,C,Rev.2,354,3,grupo_3_digitos,PROD.DERIVADOS PETROLEO Y CARBON,60191,,,262,,117,86570,86948,3726500,,513923,186088,,,127234,58854,,,,11665,508272,508272,833952,44825,,789127,833952,466488,1300440,30120,1525042,2607429,6333929,,3904573,,800938,300352,5005863,,,,,,,,,,,,,,,,,,,,,
1991,C,Rev.2,3540,4,clase_4_digitos,PROD.DERIVADOS PETROLEO Y CARBON,60191,,,262,,117,86570,86948,3726500,,513923,186088,,,127234,58854,,,,11665,508272,508272,833952,44825,,789127,833952,466488,1300440,30120,1525042,2607429,6333929,,3904573,,800938,300352,5005863,,,,,,,,,,,,,,,,,,,,,
1991,C,Rev.2,35400,5,subclase_5_digitos,Prod.derivados petroleo y carbón,60191,,,262,,117,86570,86948,3726500,,513923,186088,,,127234,58854,,,,11665,508272,508272,833952,44825,,789127,833952,466488,1300440,30120,1525042,2607429,6333929,,3904573,,800938,300352,5005863,,,,,,,,,,,,,,,,,,,,,
1991,C,Rev.2,355,3,grupo_3_digitos,PRODUCTOS DEL CAUCHO,3578063,,3053463,445895,18462,131543,88420,3737783,67029282,,26890057,3874530,,14326,2592882,190910,132537,943875,,307991,13508511,13508511,12079448,3048277,463528,9494700,12542977,12977535,25056984,222985,38275705,82252336,149281618,3309372,80774416,6434371,14014490,2751851,107284500,,,,,,,,,,,,,,,,,,,,,
1991,C,Rev.2,3551,4,clase_4_digitos,CAMARAS Y NEUMATICOS,2654404,,2521291,379804,,,28588,2929682,53521648,,22652276,2726698,,,2336103,121122,18497,250975,,190493,9836962,9836962,9170146,2423281,463528,7210393,9633674,9469540,18639685,176929,24212846,59356488,112878136,2427938,59436062,148728,9752070,,71764799,,,,,,,,,,,,,,,,,,,,,
1991,C,Rev.2,35510,5,subclase_5_digitos,"Cámaras, protectores y neumáticos",2654404,,2521291,379804,,,28588,2929682,53521648,,22652276,2726698,,,2336103,121122,18497,250975,,190493,9836962,9836962,9170146,2423281,463528,7210393,9633674,9469540,18639685,176929,24212846,59356488,112878136,2427938,59436062,148728,9752070,,71764799,,,,,,,,,,,,,,,,,,,,,
1991,C,Rev.2,3559,4,clase_4_digitos,PRODUCTOS DEL CAUCHO N.E.P.,923659,,532172,66091,18462,131543,59832,808100,13507634,,4237780,1147832,,14326,256779,69788,114040,692899,,117498,3671549,3671549,2909303,624996,,2284307,2909303,3507996,6417298,46056,14062859,22895848,36403482,881434,21338353,6285643,4262420,2751851,35519701,,,,,,,,,,,,,,,,,,,,,
1991,C,Rev.2,35590,5,subclase_5_digitos,Productos del caucho n.e.p.,923659,,532172,66091,18462,131543,59832,808100,13507634,,4237780,1147832,,14326,256779,69788,114040,692899,,117498,3671549,3671549,2909303,624996,,2284307,2909303,3507996,6417298,46056,14062859,22895848,36403482,881434,21338353,6285643,4262420,2751851,35519701,,,,,,,,,,,,,,,,,,,,,
1991,C,Rev.2,356,3,grupo_3_digitos,PRODUCTOS DEL PLASTICOS N.E.P.,5516568,,130681,182631,,323032,416809,1053153,164217107,,53611273,11851829,900196,777160,7170894,689137,756786,1557656,89099,370142,24321741,24321741,28827026,13377910,,15449116,28827026,23131320,51958345,731180,48410902,131860484,296077590,1159097,92887506,42219194,110063468,10774698,257103963,,,,,,,,,,,,,,,,,,,,,
1991,C,Rev.2,3560,4,clase_4_digitos,PRODUCTOS DEL PLASTICO N.E.P.,5516568,,130681,182631,,323032,416809,1053153,164217107,,53611273,11851829,900196,777160,7170894,689137,756786,1557656,89099,370142,24321741,24321741,28827026,13377910,,15449116,28827026,23131320,51958345,731180,48410902,131860484,296077590,1159097,92887506,42219194,110063468,10774698,257103963,,,,,,,,,,,,,,,,,,,,,
1991,C,Rev.2,35600,5,subclase_5_digitos,Productos plásticos n.e.p.,5516568,,130681,182631,,323032,416809,1053153,164217107,,53611273,11851829,900196,777160,7170894,689137,756786,1557656,89099,370142,24321741,24321741,28827026,13377910,,15449116,28827026,23131320,51958345,731180,48410902,131860484,296077590,1159097,92887506,42219194,110063468,10774698,257103963,,,,,,,,,,,,,,,,,,,,,
1991,C,Rev.2,36,2,division_2_digitos,PRODUCTOS MINERALES NO METALICOS,15299837,478352,56153627,2583417,7426582,419544,3413171,70474693,210198701,236240,60733846,16491128,428269,1081432,11211923,770487,384510,2614506,,649357,37631257,37395017,31499843,4132757,85090,27452177,31584933,34979352,66479196,2002548,91535861,204964561,415163262,27453787,183878232,58916164,60654477,18469873,349372532,,,,,,,,,,,,,,,,,,,,,
1991,C,Rev.2,361,3,grupo_3_digitos,"OBJETOS BARRO,LOZA Y PORCELANA",3130182,171198,2433746,405813,4102229,96951,324564,7534501,30630917,,23712021,8193039,215560,309312,7419691,186245,24431,37800,,214772,2069826,2069826,5520147,1327875,,4192272,5520147,1811019,7331167,44034,26642114,55554143,86185059,,2924252,26930057,6302233,3801532,39958074,,,,,,,,,,,,,,,,,,,,,
1991,C,Rev.2,3610,4,clase_4_digitos,"OBJETOS BARRO,LOZA Y PORCELANA",3130182,171198,2433746,405813,4102229,96951,324564,7534501,30630917,,23712021,8193039,215560,309312,7419691,186245,24431,37800,,214772,2069826,2069826,5520147,1327875,,4192272,5520147,1811019,7331167,44034,26642114,55554143,86185059,,2924252,26930057,6302233,3801532,39958074,,,,,,,,,,,,,,,,,,,,,
1991,C,Rev.2,36100,5,subclase_5_digitos,"Objetos de barro,loza y porcelana",3130182,171198,2433746,405813,4102229,96951,324564,7534501,30630917,,23712021,8193039,215560,309312,7419691,186245,24431,37800,,214772,2069826,2069826,5520147,1327875,,4192272,5520147,1811019,7331167,44034,26642114,55554143,86185059,,2924252,26930057,6302233,3801532,39958074,,,,,,,,,,,,,,,,,,,,,
1991,C,Rev.2,362,3,grupo_3_digitos,VIDRIO Y PRODUCTOS DEL VIDRIO,1714798,282663,3564807,187129,19371,41493,470808,4566271,30676167,236240,12749900,4016186,72952,734052,2664596,94336,272799,177451,,113712,7358456,7122216,7537383,2092542,5098,5449940,7542482,5874163,13411547,1370580,16289480,37876395,68552562,127514,19525294,8487049,34222794,5084459,67447110,,,,,,,,,,,,,,,,,,,,,
1991,C,Rev.2,3620,4,clase_4_digitos,VIDRIO Y PRODUCTOS DEL VIDRIO,1714798,282663,3564807,187129,19371,41493,470808,4566271,30676167,236240,12749900,4016186,72952,734052,2664596,94336,272799,177451,,113712,7358456,7122216,7537383,2092542,5098,5449940,7542482,5874163,13411547,1370580,16289480,37876395,68552562,127514,19525294,8487049,34222794,5084459,67447110,,,,,,,,,,,,,,,,,,,,,
1991,C,Rev.2,36200,5,subclase_5_digitos,Vidrio y productos del vidrio.,1714798,282663,3564807,187129,19371,41493,470808,4566271,30676167,236240,12749900,4016186,72952,734052,2664596,94336,272799,177451,,113712,7358456,7122216,7537383,2092542,5098,5449940,7542482,5874163,13411547,1370580,16289480,37876395,68552562,127514,19525294,8487049,34222794,5084459,67447110,,,,,,,,,,,,,,,,,,,,,
1991,C,Rev.2,369,3,grupo_3_digitos,OTROS PROD.MINERALES NO METALICOS.,10454858,24491,50155074,1990475,3304982,281100,2617799,58373921,148891617,,24271924,4281903,139757,38068,1127636,489906,87280,2399255,,320872,28202975,28202975,18442313,712340,79992,17809965,18522304,27294170,45736482,587933,48604267,111534024,260425641,27326273,161428686,23499059,20129450,9583882,241967349,,,,,,,,,,,,,,,,,,,,,
1991,C,Rev.2,3691,4,clase_4_digitos,PROD.ARCILLA PARA CONSTRUCCION,1426157,,339873,442535,487286,26618,712381,2008693,6882273,,11028947,2086471,,500,3700,,,2082271,,91077,3674654,3674654,2012078,,,2012078,2012078,3434558,5446636,149019,8670481,24800238,31682512,,9835425,417043,9385487,3056270,22694226,,,,,,,,,,,,,,,,,,,,,
1991,C,Rev.2,36910,5,subclase_5_digitos,Prod.arcilla para la construcción.,1426157,,339873,442535,487286,26618,712381,2008693,6882273,,11028947,2086471,,500,3700,,,2082271,,91077,3674654,3674654,2012078,,,2012078,2012078,3434558,5446636,149019,8670481,24800238,31682512,,9835425,417043,9385487,3056270,22694226,,,,,,,,,,,,,,,,,,,,,
1991,C,Rev.2,3692,4,clase_4_digitos,"CEMENTO, CAL Y YESO.",6302027,24491,49598580,594764,2799146,5481,1665868,54688330,97505824,,5124514,1193717,263360,16667,437801,173455,3880,298554,,70453,18959698,18959698,7403917,139323,1381,7265975,7405298,18838885,26242802,50359,20328680,50714919,148220742,18636655,126457383,,,,145094038,,,,,,,,,,,,,,,,,,,,,
1991,C,Rev.2,36920,5,subclase_5_digitos,"Cemento, cal y yeso.",6302027,24491,49598580,594764,2799146,5481,1665868,54688330,97505824,,5124514,1193717,263360,16667,437801,173455,3880,298554,,70453,18959698,18959698,7403917,139323,1381,7265975,7405298,18838885,26242802,50359,20328680,50714919,148220742,18636655,126457383,,,,145094038,,,,,,,,,,,,,,,,,,,,,
1991,C,Rev.2,3699,4,clase_4_digitos,PROD.MINERALES NO METALICOS N.E.P.,2726674,,216621,953176,18551,249001,239550,1676898,44503520,,8118464,1001715,-123603,20901,686136,316451,83400,18430,,159342,5568624,5568624,9026318,573017,78611,8531912,9104928,5020727,14047045,388555,19605106,36018867,80522387,8689618,25135878,23082015,10743962,6527612,74179085,,,,,,,,,,,,,,,,,,,,,
1991,C,Rev.2,36991,5,subclase_5_digitos,,1729409,,216621,475046,15289,125270,147810,980037,25654465,,6078340,920909,-123603,,655799,301169,83400,4144,,114740,4013795,4013795,5007961,573017,12066,4447010,5020026,3619103,8627064,279953,13589295,25410839,51065303,8689618,21193662,1846200,8067138,6527612,46324230,,,,,,,,,,,,,,,,,,,,,
1991,C,Rev.2,36992,5,subclase_5_digitos,,997265,,,478129,3262,123731,91740,696861,18849055,,2040124,80806,,20901,30337,15282,,14286,,44603,1554829,1554829,4018357,,66545,4084902,4084902,1401624,5419981,108602,6015811,10608029,29457084,,3942217,21235815,2676824,,27854856,,,,,,,,,,,,,,,,,,,,,
1991,C,Rev.2,37,2,division_2_digitos,INDUSTRIAS METALICAS BASICAS,11656694,165931,1547172,168468,37673,92022,508831,2520097,68219161,,8561707,10196517,59834,13250,9557815,79677,13954,471987,,123018,6844618,6844618,8269392,2842687,1565,5428271,8270957,6590668,14860060,130931,17803576,44866595,113085755,4798214,57253036,6162306,11122531,812863,80148951,,,,,,,,,,,,,,,,,,,,,
1991,C,Rev.2,371,3,grupo_3_digitos,IND.BASICAS DE HIERRO Y ACERO,11311924,41813,1440351,138124,37673,81746,336008,2075715,61424769,,6439868,9929257,39305,,9349259,68276,,472417,,105776,5885372,5885372,6855964,2636230,,4219734,6855964,5672994,12528957,106602,15483759,39120923,100545692,3668789,50641614,5963552,7065505,772946,68112407,,,,,,,,,,,,,,,,,,,,,
1991,C,Rev.2,3710,4,clase_4_digitos,IND.BASICAS DE HIERRO Y ACERO,11311924,41813,1440351,138124,37673,81746,336008,2075715,61424769,,6439868,9929257,39305,,9349259,68276,,472417,,105776,5885372,5885372,6855964,2636230,,4219734,6855964,5672994,12528957,106602,15483759,39120923,100545692,3668789,50641614,5963552,7065505,772946,68112407,,,,,,,,,,,,,,,,,,,,,
1991,C,Rev.2,37100,5,subclase_5_digitos,Ind.básicas de hierro y acero,11311924,41813,1440351,138124,37673,81746,336008,2075715,61424769,,6439868,9929257,39305,,9349259,68276,,472417,,105776,5885372,5885372,6855964,2636230,,4219734,6855964,5672994,12528957,106602,15483759,39120923,100545692,3668789,50641614,5963552,7065505,772946,68112407,,,,,,,,,,,,,,,,,,,,,
1991,C,Rev.2,372,3,grupo_3_digitos,IND.BASICAS DE METALES NO FERROSOS,344770,124118,106821,30345,,10276,172823,444382,6794391,,2121839,267260,20529,13250,208556,11401,13954,-430,,17242,959245,959245,1413429,206457,1565,1208537,1414994,917674,2331103,24329,2319818,5745672,12540063,1129424,6611422,198754,4057027,39917,12036544,,,,,,,,,,,,,,,,,,,,,
1991,C,Rev.2,3720,4,clase_4_digitos,IND.BASICAS DE METALES NO FERROSOS,344770,124118,106821,30345,,10276,172823,444382,6794391,,2121839,267260,20529,13250,208556,11401,13954,-430,,17242,959245,959245,1413429,206457,1565,1208537,1414994,917674,2331103,24329,2319818,5745672,12540063,1129424,6611422,198754,4057027,39917,12036544,,,,,,,,,,,,,,,,,,,,,
1991,C,Rev.2,37200,5,subclase_5_digitos,Ind.básicas de metales no ferrosos,344770,124118,106821,30345,,10276,172823,444382,6794391,,2121839,267260,20529,13250,208556,11401,13954,-430,,17242,959245,959245,1413429,206457,1565,1208537,1414994,917674,2331103,24329,2319818,5745672,12540063,1129424,6611422,198754,4057027,39917,12036544,,,,,,,,,,,,,,,,,,,,,
1991,C,Rev.2,38,2,division_2_digitos,"PROD.METAL.,MAQUINARIA Y EQUIPO",28972767,478877,2678014,3803869,106643,3157008,2606939,12831349,693437036,,309568929,40845706,4221118,2719256,22756845,2727725,2168592,6252170,44422005,2525364,138297600,138297600,151038341,67953675,2193730,85278396,153232071,88577752,239616093,2772479,277752734,754592031,1448029068,72544863,501157860,215251304,208139935,94122510,1091216472,,,,,,,,,,,,,,,,,,,,,
1991,C,Rev.2,381,3,grupo_3_digitos,PROD.METAL.EXCEP.MAQUIN.Y EQUIPO,8803991,50866,1428134,1156929,56770,1465300,1021515,5179514,186002277,,75549506,7430048,655466,168405,3796756,369662,188267,2251491,64747,952959,31948053,31948053,42812194,10751786,1088538,33148945,43900731,29480853,72293046,1449495,95983549,212285099,398287376,27125789,95268783,78412241,90484753,31405729,322697296,,,,,,,,,,,,,,,,,,,,,
1991,C,Rev.2,3811,4,clase_4_digitos,"CUCHILLERIA,HERRAM.MANUAL,CERRAJ.",409687,2726,9545,84790,,61757,28091,186909,7140736,,640041,-39553,-11425,,-28128,,,,,53317,1777507,1777507,1221674,16641,,1205033,1221674,1681997,2903671,42193,6788169,9615403,16756139,,5005630,11034776,,,16040406,,,,,,,,,,,,,,,,,,,,,
1991,C,Rev.2,38110,5,subclase_5_digitos,"Cuchillería,herram.manuales,cerraj",409687,2726,9545,84790,,61757,28091,186909,7140736,,640041,-39553,-11425,,-28128,,,,,53317,1777507,1777507,1221674,16641,,1205033,1221674,1681997,2903671,42193,6788169,9615403,16756139,,5005630,11034776,,,16040406,,,,,,,,,,,,,,,,,,,,,
1991,C,Rev.2,3812,4,clase_4_digitos,MUEBLES.Y ACCES.PRINCIP.METALICOS,680703,,,110525,,39578,47711,197815,11484568,,4323481,401721,,13473,82967,51092,43877,210312,,66324,2322565,2322565,2574667,29108,,2545559,2574667,2203203,4777870,53038,4121901,11448651,22933219,3176585,772702,2955185,2746348,10747164,20397984,,,,,,,,,,,,,,,,,,,,,
1991,C,Rev.2,38120,5,subclase_5_digitos,Muebles y acces princip.metálicos,680703,,,110525,,39578,47711,197815,11484568,,4323481,401721,,13473,82967,51092,43877,210312,,66324,2322565,2322565,2574667,29108,,2545559,2574667,2203203,4777870,53038,4121901,11448651,22933219,3176585,772702,2955185,2746348,10747164,20397984,,,,,,,,,,,,,,,,,,,,,
1991,C,Rev.2,3813,4,clase_4_digitos,PROD.METAL.ESTRUC.(HERRERIA-OBRA),1777178,43753,1346,326346,22397,88656,155225,637724,52436180,,9927584,415817,1298898,71525,164301,164237,5397,-1288541,3360,272638,6007777,6007777,10585660,693179,168805,10061287,10754465,5157244,15742904,574535,16478519,34191057,86627238,7766684,14417703,4918003,40890621,9483339,77476350,,,,,,,,,,,,,,,,,,,,,
1991,C,Rev.2,38130,5,subclase_5_digitos,Prod.metálicos estruc(Herr.obra),1777178,43753,1346,326346,22397,88656,155225,637724,52436180,,9927584,415817,1298898,71525,164301,164237,5397,-1288541,3360,272638,6007777,6007777,10585660,693179,168805,10061287,10754465,5157244,15742904,574535,16478519,34191057,86627238,7766684,14417703,4918003,40890621,9483339,77476350,,,,,,,,,,,,,,,,,,,,,
1991,C,Rev.2,3819,4,clase_4_digitos,ARTICULOS METALICOS N.E.P.,5936423,4387,1417242,635268,34373,1275309,790487,4157066,114940793,,60658401,6652063,-632007,83407,3577616,154333,138993,3329721,61387,560679,21840203,21840203,28430192,10012859,919733,19337066,29349925,20438408,48868601,779729,68594960,157029987,271970780,16182520,75072748,59504276,46847785,11175226,208782555,,,,,,,,,,,,,,,,,,,,,
1991,C,Rev.2,38191,5,subclase_5_digitos,,1495262,,572803,10204,,176569,67218,826793,31697859,,1442286,-356285,-604918,,152091,55657,37821,3064,30418,115944,3173183,3173183,7129389,2477849,851991,5503531,7981380,2751960,9881349,274861,15080629,21191360,52889220,1692275,38450034,9295680,4225549,1006198,54669736,,,,,,,,,,,,,,,,,,,,,
1991,C,Rev.2,38192,5,subclase_5_digitos,,3627308,4387,802707,524316,34373,1037403,639527,3042712,60851501,,26264129,5732360,-38372,83407,3225347,88015,69044,2304918,30969,311395,11672607,11672607,12115466,4653349,35053,7497171,12150520,10970263,23085730,359979,36387327,77951372,138802873,14490245,33917284,27885195,31290824,1699008,109282555,,,,,,,,,,,,,,,,,,,,,
1991,C,Rev.2,38193,5,subclase_5_digitos,,813852,,41733,100748,,61338,83743,287562,22391433,,32951986,1275988,11283,,200178,10661,32127,1021739,,133339,6994413,6994413,9185337,2881662,32688,6336364,9218025,6716185,15901522,144889,17127003,57887255,80278688,,2705430,22323400,11331412,8470021,44830264,,,,,,,,,,,,,,,,,,,,,
1991,C,Rev.2,382,3,grupo_3_digitos,MAQUINARIA EXCEPTO ELECTRICA.,2147866,,32110,539054,,339493,251213,1161869,39159757,,14811181,2999333,7727,196677,1167880,354322,35737,1236989,,217854,9505431,9505431,8266936,1691322,1015656,7591270,9282593,9065749,17332685,221829,29855656,56320134,95479891,3925309,2408899,18798173,16358507,12768027,54258915,,,,,,,,,,,,,,,,,,,,,
1991,C,Rev.2,3822,4,clase_4_digitos,MAQUIN.Y EQUIPO P/AGRICULTURA,367231,,,142038,,112600,74601,329240,7685032,,3510425,44166,,19926,,22709,,1531,,19428,1220051,1220051,469743,,1013551,1483294,1483294,1168168,1637911,32454,4043951,9141658,16826690,2716550,,930143,629293,10273638,14549623,,,,,,,,,,,,,,,,,,,,,
1991,C,Rev.2,38220,5,subclase_5_digitos,Maquinaria y equipo p/agricultura,367231,,,142038,,112600,74601,329240,7685032,,3510425,44166,,19926,,22709,,1531,,19428,1220051,1220051,469743,,1013551,1483294,1483294,1168168,1637911,32454,4043951,9141658,16826690,2716550,,930143,629293,10273638,14549623,,,,,,,,,,,,,,,,,,,,,
1991,C,Rev.2,3823,4,clase_4_digitos,MAQUIN.P/TRAB.METALES Y MADERA,100935,,,2528,,5093,18,7639,334067,,-98161,17816,,,,16862,,954,,3942,202182,202182,82625,33590,,49034,82625,195806,278431,2434,515224,720179,1054246,57495,148528,,495329,,701351,,,,,,,,,,,,,,,,,,,,,
1991,C,Rev.2,38230,5,subclase_5_digitos,Maquin.p/trabajar metales y madera,100935,,,2528,,5093,18,7639,334067,,-98161,17816,,,,16862,,954,,3942,202182,202182,82625,33590,,49034,82625,195806,278431,2434,515224,720179,1054246,57495,148528,,495329,,701351,,,,,,,,,,,,,,,,,,,,,
1991,C,Rev.2,3824,4,clase_4_digitos,MAQUIN.Y EQUIPO P/INDUSTRIA,449293,,,229851,,54716,41850,326417,12077850,,-96206,1520118,7727,5351,248921,186052,35737,1036329,,44830,1789740,1789740,2722325,139248,,2583077,2722325,1654132,4376457,90778,5789074,7931901,20009751,231862,,12209018,4298116,,16738995,,,,,,,,,,,,,,,,,,,,,
1991,C,Rev.2,38240,5,subclase_5_digitos,Maquinaria y equipo p/industria.,449293,,,229851,,54716,41850,326417,12077850,,-96206,1520118,7727,5351,248921,186052,35737,1036329,,44830,1789740,1789740,2722325,139248,,2583077,2722325,1654132,4376457,90778,5789074,7931901,20009751,231862,,12209018,4298116,,16738995,,,,,,,,,,,,,,,,,,,,,
1991,C,Rev.2,3825,4,clase_4_digitos,"MAQ.OFIC,CALCULO Y CONTABILIDAD",650170,,,12079,,94333,8678,115090,3395924,,5619788,862482,,169927,667417,25138,,,,50335,1809648,1809648,1793609,897553,2105,898161,1795713,1708373,3501982,50940,6476029,14555636,17951559,218617,,145745,2294347,145745,2804453,,,,,,,,,,,,,,,,,,,,,
1991,C,Rev.2,38250,5,subclase_5_digitos,Máq.ofic.cálculo y contabilidad,650170,,,12079,,94333,8678,115090,3395924,,5619788,862482,,169927,667417,25138,,,,50335,1809648,1809648,1793609,897553,2105,898161,1795713,1708373,3501982,50940,6476029,14555636,17951559,218617,,145745,2294347,145745,2804453,,,,,,,,,,,,,,,,,,,,,
1991,C,Rev.2,3829,4,clase_4_digitos,MAQUIN.Y EQUIPOS N.E.P.,580237,,32110,152558,,72750,126066,383484,15666885,,5875335,554752,,1474,251541,103561,,198176,,99319,4483810,4483810,3198636,620931,,2577705,3198636,4339269,7537905,45222,13031378,23970760,39637644,700785,2260372,5513269,8641422,2348645,19464492,,,,,,,,,,,,,,,,,,,,,
1991,C,Rev.2,38290,5,subclase_5_digitos,Maquin.y equipo n.e.p.,580237,,32110,152558,,72750,126066,383484,15666885,,5875335,554752,,1474,251541,103561,,198176,,99319,4483810,4483810,3198636,620931,,2577705,3198636,4339269,7537905,45222,13031378,23970760,39637644,700785,2260372,5513269,8641422,2348645,19464492,,,,,,,,,,,,,,,,,,,,,
1991,C,Rev.2,383,3,grupo_3_digitos,MAQUIN.APAR.Y SUMIN.ELECTRICOS,7434899,119392,636686,230804,36768,824086,903578,2751313,136056731,,55181285,8382922,2399378,155843,3941555,614889,345583,925674,27286,515654,18880364,18880364,29917454,16546618,10035,13380871,29927489,17771938,47689392,565486,53068397,134564946,270621676,38497820,86758554,43040399,42802429,9140802,220240003,,,,,,,,,,,,,,,,,,,,,
1991,C,Rev.2,3831,4,clase_4_digitos,MAQ.Y APAR.INDUSTR.ELECTRICOS,696710,11569,,14662,,139914,29128,195274,14975413,,4772415,931423,188351,4104,274481,125190,25350,313947,,94323,2444219,2444219,2940240,698057,438,2242621,2940678,2200332,5140572,149565,9610619,17523964,32499377,2094825,4235649,1106393,17125092,4024283,28586242,,,,,,,,,,,,,,,,,,,,,
1991,C,Rev.2,38310,5,subclase_5_digitos,Máq.y apar.industriales eléctricos,696710,11569,,14662,,139914,29128,195274,14975413,,4772415,931423,188351,4104,274481,125190,25350,313947,,94323,2444219,2444219,2940240,698057,438,2242621,2940678,2200332,5140572,149565,9610619,17523964,32499377,2094825,4235649,1106393,17125092,4024283,28586242,,,,,,,,,,,,,,,,,,,,,
1991,C,Rev.2,3832,4,clase_4_digitos,"EQ.Y APAR.RADIO,TV Y COMUNICACION",478716,,,65316,,113955,8781,188052,17036286,,11870133,535417,3482,,117792,159864,343,253937,12374,27710,3251217,3251217,5293642,3897382,1322,1397582,5294964,3156837,8450478,54297,3881596,19481663,36517949,10027688,10493014,5029114,62457,517911,26130184,,,,,,,,,,,,,,,,,,,,,
1991,C,Rev.2,38320,5,subclase_5_digitos,"Eq.y apar. radio,tv,y comunicación",478716,,,65316,,113955,8781,188052,17036286,,11870133,535417,3482,,117792,159864,343,253937,12374,27710,3251217,3251217,5293642,3897382,1322,1397582,5294964,3156837,8450478,54297,3881596,19481663,36517949,10027688,10493014,5029114,62457,517911,26130184,,,,,,,,,,,,,,,,,,,,,
1991,C,Rev.2,3833,4,clase_4_digitos,APAR.Y ACCES.ELECT.USO DOMESTICO,2229135,795,171799,24374,,436410,187201,820579,40100126,,19490167,2319188,1493918,105659,432468,155483,125127,6533,,123238,6059213,6059213,8864613,3005394,2074,5861294,8866687,5732540,14597153,203435,18307192,46085707,86185833,,35414957,17891427,15149674,183207,68639265,,,,,,,,,,,,,,,,,,,,,
1991,C,Rev.2,38330,5,subclase_5_digitos,Apar.y acces.eléct. uso doméstico,2229135,795,171799,24374,,436410,187201,820579,40100126,,19490167,2319188,1493918,105659,432468,155483,125127,6533,,123238,6059213,6059213,8864613,3005394,2074,5861294,8866687,5732540,14597153,203435,18307192,46085707,86185833,,35414957,17891427,15149674,183207,68639265,,,,,,,,,,,,,,,,,,,,,
1991,C,Rev.2,3839,4,clase_4_digitos,"PILAS,LAMP,MATER.DE CONDUCCION",4030339,107028,464887,126451,36768,133806,678468,1547408,63944906,,19048569,4596893,713627,46080,3116814,174352,194764,351257,14912,270383,7125715,7125715,12818959,8945785,6201,3879375,12825160,6682230,19501189,158190,21268989,51473612,115418518,26375307,36614934,19013465,10465206,4415401,96884312,,,,,,,,,,,,,,,,,,,,,
1991,C,Rev.2,38391,5,subclase_5_digitos,Acumuladores y pilas (baterías),587877,100058,72330,109888,28000,21119,165417,496813,8873189,,3664433,266508,35,1696,150827,33790,70124,10036,,129555,2014242,2014242,1575287,581604,,993683,1575287,1856851,3432138,27836,5891461,12158014,21031203,260374,10586388,4171701,914374,3003060,18935898,,,,,,,,,,,,,,,,,,,,,
1991,C,Rev.2,38392,5,subclase_5_digitos,"Lamp.eléc,tubo-luz,válvulas.radio",202325,,237719,,,7145,469740,714604,7148935,,4442810,6956,,,939,6017,,,14912,23502,1083235,1083235,1713932,1235121,1593,480404,1715525,1026715,2740647,18106,3111425,8839795,15988730,186806,11452565,311344,124538,311344,12386597,,,,,,,,,,,,,,,,,,,,,
1991,C,Rev.2,38393,5,subclase_5_digitos,Piezas y material conducción elect,3240136,6970,154838,16563,8768,105542,43311,335991,47922782,,10941326,4323430,713592,44384,2965048,134545,124640,341221,,117326,4028238,4028238,9529740,7129060,4608,2405288,9534348,3798664,13328404,112248,12266103,30475803,78398585,25928126,14575981,14530420,9426294,1100996,65561816,,,,,,,,,,,,,,,,,,,,,
1991,C,Rev.2,384,3,grupo_3_digitos,MATERIAL DE TRANSPORTE,8008461,304152,280660,1814760,13105,513182,398436,3324295,300876412,,137049485,17660423,789517,1503584,11980491,1096208,1189162,1101461,44082144,718372,72077037,72077037,63691603,36615600,77256,27153259,63768859,26818591,90510194,457931,83501753,300636736,601513148,621102,309191585,65787498,15638493,38351952,429590631,,,,,,,,,,,,,,,,,,,,,
1991,C,Rev.2,3841,4,clase_4_digitos,CONSTRUCCION Y REPARACION NAVALES,2112239,,,1287748,175,45869,65212,1399005,71952000,,26388284,12616457,95996,1325998,9654413,264408,1116081,159562,,283920,-4743530,-4743530,6570330,,65385,6635715,6635715,-5180232,1390099,152782,33559049,57316041,129268041,,,,,322243,322243,,,,,,,,,,,,,,,,,,,,,
1991,C,Rev.2,38410,5,subclase_5_digitos,Construcción y reparacion navales,2112239,,,1287748,175,45869,65212,1399005,71952000,,26388284,12616457,95996,1325998,9654413,264408,1116081,159562,,283920,-4743530,-4743530,6570330,,65385,6635715,6635715,-5180232,1390099,152782,33559049,57316041,129268041,,,,,322243,322243,,,,,,,,,,,,,,,,,,,,,
1991,C,Rev.2,3843,4,clase_4_digitos,AUTOMOVILES Y REPUESTOS,5439121,304152,280660,519576,12930,427854,318096,1863268,211976876,,104542234,3948419,597337,177586,1923257,546796,73081,630364,43732690,385915,74766118,74766118,51810863,35558158,11871,16264576,51822734,30379753,82190616,267761,46514240,231261714,443238589,621102,292421574,59848797,15638493,35357447,403887413,,,,,,,,,,,,,,,,,,,,,
1991,C,Rev.2,38430,5,subclase_5_digitos,Automotores y repuestos,5439121,304152,280660,519576,12930,427854,318096,1863268,211976876,,104542234,3948419,597337,177586,1923257,546796,73081,630364,43732690,385915,74766118,74766118,51810863,35558158,11871,16264576,51822734,30379753,82190616,267761,46514240,231261714,443238589,621102,292421574,59848797,15638493,35357447,403887413,,,,,,,,,,,,,,,,,,,,,
1991,C,Rev.2,3844,4,clase_4_digitos,"MOTOS, MOTOCICLETAS Y BICICLETAS",457101,,,7436,,39458,15128,62022,16947536,,6118968,1095547,96184,,402822,285005,,311536,349454,48538,2054449,2054449,5310410,1057442,,4252968,5310410,1619070,6929479,37388,3428465,12058982,29006518,,16770011,5938701,,2672263,25380975,,,,,,,,,,,,,,,,,,,,,
1991,C,Rev.2,38440,5,subclase_5_digitos,"Motos,motocicletas y bicicletas.",457101,,,7436,,39458,15128,62022,16947536,,6118968,1095547,96184,,402822,285005,,311536,349454,48538,2054449,2054449,5310410,1057442,,4252968,5310410,1619070,6929479,37388,3428465,12058982,29006518,,16770011,5938701,,2672263,25380975,,,,,,,,,,,,,,,,,,,,,
1991,C,Rev.2,385,3,grupo_3_digitos,EQ.PROF.Y CIENTIF.Y AP.FOTOGRAFIA,2577551,4468,300424,62322,,14948,32197,414359,31341859,,26977472,4372979,369031,694747,1870162,292643,409842,736555,247828,120526,5886715,5886715,6350154,2348349,2245,4004050,6352399,5440622,11790776,77739,15343379,50785117,82126976,2374843,7530039,9212993,42855753,2456000,64429628,,,,,,,,,,,,,,,,,,,,,
1991,C,Rev.2,3851,4,clase_4_digitos,EQ.PROF.Y CIENTIFICO (ORTOPEDIA),2394595,4468,300424,62322,,10712,20931,398857,27740848,,23515500,4044411,369031,694747,1816876,256207,388520,519030,247828,105974,5426999,5426999,5533570,2095895,2245,3439920,5535815,5020003,10553573,53193,13486384,44823479,72564326,2228107,7530039,5759268,41351711,,56869125,,,,,,,,,,,,,,,,,,,,,
1991,C,Rev.2,38510,5,subclase_5_digitos,Equipo prof.científico(ortopedia),2394595,4468,300424,62322,,10712,20931,398857,27740848,,23515500,4044411,369031,694747,1816876,256207,388520,519030,247828,105974,5426999,5426999,5533570,2095895,2245,3439920,5535815,5020003,10553573,53193,13486384,44823479,72564326,2228107,7530039,5759268,41351711,,56869125,,,,,,,,,,,,,,,,,,,,,
1991,C,Rev.2,3852,4,clase_4_digitos,"AP.FOTOGRAFICOS,INSTRUM.OPTICA",182956,,,,,4237,11265,15502,3601012,,3461971,328568,,,53286,36435,21322,217524,,14551,459716,459716,816584,252454,,564130,816584,420619,1237203,24546,1856995,5961638,9562650,146736,,3453724,1504042,2456000,7560502,,,,,,,,,,,,,,,,,,,,,
1991,C,Rev.2,38520,5,subclase_5_digitos,Ap.fotográficos e instrum.óptica.,182956,,,,,4237,11265,15502,3601012,,3461971,328568,,,53286,36435,21322,217524,,14551,459716,459716,816584,252454,,564130,816584,420619,1237203,24546,1856995,5961638,9562650,146736,,3453724,1504042,2456000,7560502,,,,,,,,,,,,,,,,,,,,,
1991,C,Rev.2,39,2,division_2_digitos,OTRAS INDUSTRIAS MANUFACTURERAS,2124564,45109,,50605,,210376,76349,382440,53403825,,12848476,3632080,66442,211319,519267,459528,3200,2372325,509739,152676,6509204,6509204,10896915,1183550,38081,9751446,10934996,5537238,16434153,309552,16092185,37574429,90978254,1094767,34322575,13000955,5654763,1729227,55802287,,,,,,,,,,,,,,,,,,,,,
1991,C,Rev.2,390,3,grupo_3_digitos,OTRAS INDUSTRIAS MANUFACTURERAS,2124564,45109,,50605,,210376,76349,382440,53403825,,12848476,3632080,66442,211319,519267,459528,3200,2372325,509739,152676,6509204,6509204,10896915,1183550,38081,9751446,10934996,5537238,16434153,309552,16092185,37574429,90978254,1094767,34322575,13000955,5654763,1729227,55802287,,,,,,,,,,,,,,,,,,,,,
1991,C,Rev.2,3901,4,clase_4_digitos,JOYAS Y ARTICULOS CONEXOS,39452,,,10870,,3127,30307,44304,1918239,,1052321,100480,,,,5914,,94566,9076,15826,332175,332175,215287,,,215287,215287,300197,515483,7077,1281990,2705938,4624177,,214109,79529,,816921,1110559,,,,,,,,,,,,,,,,,,,,,
1991,C,Rev.2,39010,5,subclase_5_digitos,Joyas y artículos conexos.,39452,,,10870,,3127,30307,44304,1918239,,1052321,100480,,,,5914,,94566,9076,15826,332175,332175,215287,,,215287,215287,300197,515483,7077,1281990,2705938,4624177,,214109,79529,,816921,1110559,,,,,,,,,,,,,,,,,,,,,
1991,C,Rev.2,3903,4,clase_4_digitos,ARTIC.DE DEPORTE Y ATLETISMO,6950,,,,,6720,,6720,709338,,374291,22400,,,19200,,3200,,,1693,73626,73626,156890,,,156890,156890,70685,227574,1248,225578,680445,1389782,,278918,1021648,,,1300566,,,,,,,,,,,,,,,,,,,,,
1991,C,Rev.2,39030,5,subclase_5_digitos,Artículos para deporte.,6950,,,,,6720,,6720,709338,,374291,22400,,,19200,,3200,,,1693,73626,73626,156890,,,156890,156890,70685,227574,1248,225578,680445,1389782,,278918,1021648,,,1300566,,,,,,,,,,,,,,,,,,,,,
1991,C,Rev.2,3909,4,clase_4_digitos,OTRAS INDUSTRIAS MANUFACT. N.E.P.,2078162,45109,,39735,,200529,46042,331415,50776248,,11421863,3509200,66442,211319,500067,453614,,2277759,500663,135157,6103404,6103404,10524739,1183550,38081,9379270,10562820,5166357,15691095,301227,14584617,34188046,84964294,1094767,33829548,11899779,5654763,912306,53391161,,,,,,,,,,,,,,,,,,,,,
1991,C,Rev.2,39090,5,subclase_5_digitos,Otras industrias manufact.n.e.p.,2078162,45109,,39735,,200529,46042,331415,50776248,,11421863,3509200,66442,211319,500067,453614,,2277759,500663,135157,6103404,6103404,10524739,1183550,38081,9379270,10562820,5166357,15691095,301227,14584617,34188046,84964294,1094767,33829548,11899779,5654763,912306,53391161,,,,,,,,,,,,,,,,,,,,,
1992,C,Rev.2,3,1,industria_total,INDUSTRIAS MANUFACTURERAS,429116259,3876061,140880536,31739355,57135455,15097514,27540331,276269251,10853009000,63209712,3478862643,545411027,51176392,7137168,346595769,27507532,39115047,73879120,1213459433,26585179,2093357835,2030148122,1424510814,350905138,39195071,1112800748,1463705885,783026141,2207536955,70287081,3057805209,8995932233,19848941233,432162376,7040647872,3495624631,2547595072,1021414914,14553406519,,,,,,,,,,,,,,,,,,,,,
1992,C,Rev.2,31,2,division_2_digitos,PRODUCTOS ALIMENT.BEBIDAS Y TABACO,187131332,664892,23090524,17933159,27594983,3464931,8385385,81133875,4296369864,27478817,1214562884,221562181,20502291,1979898,140336753,9043222,22833396,26866621,571895498,8571983,952453441,924974624,439957927,64409440,15833911,391382398,455791839,328522406,768480333,43463555,995453148,3322121988,7618491851,62648146,2900427380,1796990201,509920494,487034153,5766179168,,,,,,,,,,,,,,,,,,,,,
1992,C,Rev.2,311,3,grupo_3_digitos,PRODUCTOS ALIMENTICIOS,109290185,595092,15665977,14900259,19117714,2686912,6584575,59550529,3328845740,25823891,592627732,151997946,26267558,1820448,94278794,6338708,193465,23098973,5894178,6172705,211929140,186105250,266829623,29197207,12032549,249664964,278862171,169679734,436509356,30182524,718027736,1606050902,4934896642,58987540,1665123141,888138466,213728214,457488946,3292625102,,,,,,,,,,,,,,,,,,,,,
1992,C,Rev.2,3111,4,clase_4_digitos,MATANZA Y PREPARAC CARNES Y AVES,20801332,2869,4021833,2614175,3852859,265444,1526611,12283791,1381381739,9333202,128279154,19979928,5159986,500443,9217827,825338,1309569,2966765,2393681,2041942,93180319,83847118,70802364,3084541,2594191,70312014,73396555,73983700,144786064,14760996,199794973,432722577,1814104316,17156393,556098417,466912397,87941753,18421725,1146530685,,,,,,,,,,,,,,,,,,,,,
1992,C,Rev.2,31111,5,subclase_5_digitos,Matanza de ganado.,16101003,2869,3346688,2161384,3041149,191929,971959,9715978,1128650246,8292129,51216263,15118716,4825747,479635,6742244,145062,1142460,1783567,2204304,1636258,57638068,49345939,40484239,1191598,2365122,41657763,42849362,40461554,80945793,13335952,154767040,271430245,1400080491,17156393,275838432,384840751,86931145,11586580,776353301,,,,,,,,,,,,,,,,,,,,,
1992,C,Rev.2,31112,5,subclase_5_digitos,Preparación y conservación carnes,3596175,,675145,339399,695286,73514,530207,2313552,200304004,1041073,51010018,4443464,334239,20807,2440757,482797,167110,997754,189377,316626,33313581,32272508,22244438,1892942,54192,20405687,22298629,31447416,53691853,1360162,36649130,123527831,323831835,,248275937,38943148,1010608,5638555,293868248,,,,,,,,,,,,,,,,,,,,,
1992,C,Rev.2,31113,5,subclase_5_digitos,Matanza y preparación de aves.,1104154,,,113393,116423,,24445,254261,52427490,,26052873,417749,,,34826,197479,,185444,,89058,2228670,2228670,8073687,,174877,8248564,8248564,2074730,10148417,64882,8378803,37764501,90191990,,31984048,43128498,,1196590,76309136,,,,,,,,,,,,,,,,,,,,,
1992,C,Rev.2,3112,4,clase_4_digitos,PRODUCTOS LACTEOS,20461337,,7297792,2471464,2877748,834134,341536,13822675,505744619,4904259,106429488,50917430,10419184,863694,31306871,1518211,1253389,5556081,47441,1078859,41053507,36149248,28525520,2779557,7195156,32941119,35720676,35808126,64333645,4119081,145139556,308179629,813924248,19848168,478669065,66707448,11908901,30240001,607373582,,,,,,,,,,,,,,,,,,,,,
1992,C,Rev.2,31120,5,subclase_5_digitos,Productos lácteos.,20461337,,7297792,2471464,2877748,834134,341536,13822675,505744619,4904259,106429488,50917430,10419184,863694,31306871,1518211,1253389,5556081,47441,1078859,41053507,36149248,28525520,2779557,7195156,32941119,35720676,35808126,64333645,4119081,145139556,308179629,813924248,19848168,478669065,66707448,11908901,30240001,607373582,,,,,,,,,,,,,,,,,,,,,
1992,C,Rev.2,3113,4,clase_4_digitos,ENVAS.Y CONSERVAC.FRUTAS-LEGUMBRES,4490971,,378773,111190,1094363,118514,46256,1749096,72779256,1006646,19194346,754181,50103,24675,489975,34921,154508,,,60234,4079988,3073342,9653617,49421,9835,9614031,9663452,3911327,13564945,108427,10606439,37365099,110144355,,63036470,6311853,,18881,69367204,,,,,,,,,,,,,,,,,,,,,
1992,C,Rev.2,31130,5,subclase_5_digitos,"Envas.y concervac.frutas,legumbres",4490971,,378773,111190,1094363,118514,46256,1749096,72779256,1006646,19194346,754181,50103,24675,489975,34921,154508,,,60234,4079988,3073342,9653617,49421,9835,9614031,9663452,3911327,13564945,108427,10606439,37365099,110144355,,63036470,6311853,,18881,69367204,,,,,,,,,,,,,,,,,,,,,
1992,C,Rev.2,3114,4,clase_4_digitos,ELABORACION DE PESCADO Y OTROS,14873784,4771,49641,998266,699139,,551696,2303513,176298133,,27649812,15198377,162854,229787,17049767,474734,-3163278,444513,,568621,-14404648,-14404648,16641344,917878,57362,15780829,16698706,-15097064,1544281,123794,78664513,106783461,283081594,,5418376,1906920,132164,112639,7570099,,,,,,,,,,,,,,,,,,,,,
1992,C,Rev.2,31140,5,subclase_5_digitos,"Elaboración de pescado, y otros.",14873784,4771,49641,998266,699139,,551696,2303513,176298133,,27649812,15198377,162854,229787,17049767,474734,-3163278,444513,,568621,-14404648,-14404648,16641344,917878,57362,15780829,16698706,-15097064,1544281,123794,78664513,106783461,283081594,,5418376,1906920,132164,112639,7570099,,,,,,,,,,,,,,,,,,,,,
1992,C,Rev.2,3115,4,clase_4_digitos,ACEITES Y GRASAS VEGET.Y ANIMALES.,3137499,,1029854,638747,1487019,26911,902481,4085011,94267151,216814,15549865,3624478,895670,,2479904,117528,15683,115694,,208073,7459008,7242194,14873405,2367281,71000,12577124,14944405,5700677,20574082,1550258,19652652,45582209,139849360,,82388310,32247003,18064850,,132700163,,,,,,,,,,,,,,,,,,,,,
1992,C,Rev.2,31150,5,subclase_5_digitos,Aceites y grasas veget.y animales,3137499,,1029854,638747,1487019,26911,902481,4085011,94267151,216814,15549865,3624478,895670,,2479904,117528,15683,115694,,208073,7459008,7242194,14873405,2367281,71000,12577124,14944405,5700677,20574082,1550258,19652652,45582209,139849360,,82388310,32247003,18064850,,132700163,,,,,,,,,,,,,,,,,,,,,
1992,C,Rev.2,3116,4,clase_4_digitos,"MOLINOS HARINEROS,ARROCEROS,YERBAT",14970800,,9862,3012995,639110,232137,138126,4032231,538228470,10362970,95146449,12476834,1656893,73400,8395993,723094,96866,1530588,9550,610363,18799702,8436732,29107010,5777333,1295996,24625673,30403006,16342385,45449396,1837404,74080015,192633996,730862467,2570166,154545340,114123868,60443784,38295697,379137648,,,,,,,,,,,,,,,,,,,,,
1992,C,Rev.2,31161,5,subclase_5_digitos,Molinos harineros.,4870083,,9862,2469159,21610,26939,86974,2614544,179348192,,31289913,2689172,267931,12667,1090413,396232,95695,826234,9550,295174,24764729,24764729,8044283,493479,60869,7611673,8105152,23436149,31480432,1023856,31209064,92133789,271481981,2570166,57834832,102858174,59970156,37648289,260881617,,,,,,,,,,,,,,,,,,,,,
1992,C,Rev.2,31162,5,subclase_5_digitos,Molinos arroceros.,9517074,,,412429,617500,178457,23921,1232307,307975269,10362970,61215606,8865653,1345230,59334,6942472,293824,,224793,,280953,-7268408,-17631379,15448894,656454,667836,15460276,16116730,-8161595,7287299,612234,38342115,91443417,399418686,,44187800,3982332,329038,647408,58305372,,,,,,,,,,,,,,,,,,,,,
1992,C,Rev.2,31163,5,subclase_5_digitos,Molienda yerba mate.,583643,,,131407,,26741,27231,185379,50905009,,2640930,922009,43732,1399,363108,33038,1171,479561,,34236,1303381,1303381,5613833,4627400,567291,1553724,6181124,1067831,6681664,201315,4528836,9056790,59961800,,52522708,7283362,144589,,59950660,,,,,,,,,,,,,,,,,,,,,
1992,C,Rev.2,3117,4,clase_4_digitos,"PAN,REPOSTERIA,PASTAS,GALLETERIA",18176971,560644,1405784,4043157,4874123,654184,2252040,13789932,356338793,,159180058,45066431,7376030,29515,23182061,2264758,125545,12088522,,1349408,37552544,37552544,69821113,3647917,31968,66205164,69853081,32565189,102386302,3637947,130757663,345667236,702006029,12558703,133572536,147125037,29040408,368935195,691231880,,,,,,,,,,,,,,,,,,,,,
1992,C,Rev.2,31171,5,subclase_5_digitos,,12723224,8925,424639,2907734,4874123,209592,416804,8841817,236717033,,106518430,7951682,2276492,17151,1294076,1427618,6068,2930276,,901908,27620438,27620438,42865730,253314,9466,42621882,42875196,24058567,66924297,2659963,90600292,237462385,474179418,4700602,19021166,117857451,1466149,339135111,482180478,,,,,,,,,,,,,,,,,,,,,
1992,C,Rev.2,31172,5,subclase_5_digitos,Fideerías y preparación de pastas.,2931691,,334633,1083406,,396246,494101,2308386,64260023,,29610832,32019839,4633330,,17720985,680503,8240,8976780,,324998,1630425,1630425,16923868,1905572,21409,15039706,16945277,834734,17758602,470693,18610760,52783709,117043732,5612238,38301989,24534951,13950385,29800084,112199647,,,,,,,,,,,,,,,,,,,,,
1992,C,Rev.2,31173,5,subclase_5_digitos,,2522055,551719,646512,52017,,48346,1341135,2639729,55361738,,23050795,5094910,466208,12364,4167000,156636,111237,181465,,122502,8301681,8301681,10031515,1489031,1092,8543576,10032607,7671888,17703403,507291,21546611,55421142,110782880,2245864,76249381,4732635,13623874,,96851754,,,,,,,,,,,,,,,,,,,,,
1992,C,Rev.2,3118,4,clase_4_digitos,INGENIOS Y REFINERIAS DE AZUCAR,11037112,,826376,857871,3593353,282263,613303,6173166,143969496,,22639984,796666,619747,93257,370057,101380,37955,-425730,3443506,69609,14229834,14229834,15133359,6776129,22283,8379513,15155642,7325313,22458672,3391406,35026062,82932992,226902488,5812379,147486269,9571844,,,162870492,,,,,,,,,,,,,,,,,,,,,
1992,C,Rev.2,31180,5,subclase_5_digitos,Ingenios y refinerías de azúcar.,11037112,,826376,857871,3593353,282263,613303,6173166,143969496,,22639984,796666,619747,93257,370057,101380,37955,-425730,3443506,69609,14229834,14229834,15133359,6776129,22283,8379513,15155642,7325313,22458672,3391406,35026062,82932992,226902488,5812379,147486269,9571844,,,162870492,,,,,,,,,,,,,,,,,,,,,
1992,C,Rev.2,3119,4,clase_4_digitos,"CACAO,CHOCOLATE Y CONFITURAS",1340380,26808,646062,152394,,273325,212526,1311115,59838082,,18558576,3183620,-72909,5678,1786339,278744,363227,822541,,185596,9978885,9978885,12271891,3797152,754758,9229497,13026649,9140079,21411970,653210,24305862,54183703,114021785,1041731,43908359,43232097,6196354,1464808,95843349,,,,,,,,,,,,,,,,,,,,,
1992,C,Rev.2,31190,5,subclase_5_digitos,"Cacao,chocolate y confituras",1340380,26808,646062,152394,,273325,212526,1311115,59838082,,18558576,3183620,-72909,5678,1786339,278744,363227,822541,,185596,9978885,9978885,12271891,3797152,754758,9229497,13026649,9140079,21411970,653210,24305862,54183703,114021785,1041731,43908359,43232097,6196354,1464808,95843349,,,,,,,,,,,,,,,,,,,,,
1992,C,Rev.2,312,3,grupo_3_digitos,ALIMENTOS DIVERSOS,10234102,64577,1654303,869210,4959358,118683,943176,8609308,297947744,,142363247,8453579,1412388,4087,3902274,342763,2116287,675780,869068,570877,46913112,46913112,43888688,9521045,1276014,35643657,45164702,43365624,87254312,2107543,78323587,277834049,575781793,1302727,148247887,141107159,265586074,9864640,566108486,,,,,,,,,,,,,,,,,,,,,
1992,C,Rev.2,3121,4,clase_4_digitos,PRODUCTOS ALIMENTICIOS DIVERSOS,9483903,64577,1654303,471366,4927466,115577,925574,8158863,241244872,,115211223,6896919,1389119,920,3782839,327768,892228,504044,869068,542382,48486510,48486510,40389155,9511970,160481,31037665,40549636,45062516,85451671,2012544,73873757,247055393,488300265,800388,136631796,126004446,222918070,447965,486802665,,,,,,,,,,,,,,,,,,,,,
1992,C,Rev.2,31211,5,subclase_5_digitos,,1582494,64577,308720,280749,248330,31567,73716,1007659,67626026,,18752590,1302151,22926,920,395692,201327,574417,106869,,128277,6418169,6418169,9147161,3914265,,5232896,9147161,5726981,14874142,562910,17816057,44569310,112195336,667526,43153077,56575667,5796555,,106192825,,,,,,,,,,,,,,,,,,,,,
1992,C,Rev.2,31212,5,subclase_5_digitos,,7901410,,1345583,190617,4679136,84010,851859,7151205,173618846,,96458633,5594768,1366193,,3387147,126441,317811,397176,869068,414105,42068341,42068341,31241994,5597706,160481,25804769,31402475,39335535,70577529,1449633,56057700,202486083,376104929,132862,93478719,69428779,217121515,447965,380609840,,,,,,,,,,,,,,,,,,,,,
1992,C,Rev.2,3122,4,clase_4_digitos,RACIONES BALANCEADAS,750198,,,397844,31893,3106,17602,450444,56702872,,27152024,1556661,23269,3167,119434,14995,1224059,171736,,28495,-1573397,-1573397,3499533,9075,1115534,4605991,4615066,-1696892,1802640,94999,4449831,30778656,87481528,502340,11616090,15102713,42668004,9416675,79305821,,,,,,,,,,,,,,,,,,,,,
1992,C,Rev.2,31220,5,subclase_5_digitos,Preparación raciones balanceadas,750198,,,397844,31893,3106,17602,450444,56702872,,27152024,1556661,23269,3167,119434,14995,1224059,171736,,28495,-1573397,-1573397,3499533,9075,1115534,4605991,4615066,-1696892,1802640,94999,4449831,30778656,87481528,502340,11616090,15102713,42668004,9416675,79305821,,,,,,,,,,,,,,,,,,,,,
1992,C,Rev.2,313,3,grupo_3_digitos,INDUSTRIA DE BEBIDAS,61680516,5223,5126894,2058184,3517911,605761,738106,12052079,570440305,1654926,425460150,52985411,-7322117,189858,35737210,2127311,19298045,2955104,208102339,1358275,335441428,333786502,128365814,23440135,313640,105239319,128679454,115233752,243599566,10747063,168201269,989128438,1559568743,2357878,616933780,728172743,30606206,19680567,1397751174,,,,,,,,,,,,,,,,,,,,,
1992,C,Rev.2,3131,4,clase_4_digitos,DEST.Y MEZCLA BEBIDAS ESPIRITUOSAS,5548134,,3248471,192339,26615,73865,120600,3661890,96819141,,76669387,1235479,33580,301,947067,125029,7776,121726,59327246,163062,83982198,83982198,15732647,5471191,1498,10262954,15734145,24108278,39840925,383611,24094137,190293855,287112996,,211378606,23927734,20161917,348231,255816489,,,,,,,,,,,,,,,,,,,,,
1992,C,Rev.2,31310,5,subclase_5_digitos,Dest.y mezcla bebidas espirituosas,5548134,,3248471,192339,26615,73865,120600,3661890,96819141,,76669387,1235479,33580,301,947067,125029,7776,121726,59327246,163062,83982198,83982198,15732647,5471191,1498,10262954,15734145,24108278,39840925,383611,24094137,190293855,287112996,,211378606,23927734,20161917,348231,255816489,,,,,,,,,,,,,,,,,,,,,
1992,C,Rev.2,3132,4,clase_4_digitos,INDUSTRIAS VINICOLAS,3598920,,43057,1089698,201537,301611,68893,1704796,124260923,,26347941,3783818,487140,25167,-20804,107550,,3184765,7374296,242209,29803712,29803712,18460775,808446,94386,17746715,18555161,19647860,38108636,2539347,17333407,77083980,201344903,,78793100,107575091,968731,2479537,189816459,,,,,,,,,,,,,,,,,,,,,
1992,C,Rev.2,31320,5,subclase_5_digitos,Industrias vinícolas.,3598920,,43057,1089698,201537,301611,68893,1704796,124260923,,26347941,3783818,487140,25167,-20804,107550,,3184765,7374296,242209,29803712,29803712,18460775,808446,94386,17746715,18555161,19647860,38108636,2539347,17333407,77083980,201344903,,78793100,107575091,968731,2479537,189816459,,,,,,,,,,,,,,,,,,,,,
1992,C,Rev.2,3133,4,clase_4_digitos,CERVECERIAS Y MALTERIAS,43626067,,1372039,70546,2397772,48726,92060,3981143,105877964,1654926,69898701,2054223,-8934411,47539,-4429417,192913,15672312,-494713,39097988,429949,63956258,62301332,21616342,1285748,213176,20543770,21829518,22750278,44366620,1678043,58019195,233845295,339723259,,212750798,24177618,7117680,,244046096,,,,,,,,,,,,,,,,,,,,,
1992,C,Rev.2,31330,5,subclase_5_digitos,Cervecerías y malterías,43626067,,1372039,70546,2397772,48726,92060,3981143,105877964,1654926,69898701,2054223,-8934411,47539,-4429417,192913,15672312,-494713,39097988,429949,63956258,62301332,21616342,1285748,213176,20543770,21829518,22750278,44366620,1678043,58019195,233845295,339723259,,212750798,24177618,7117680,,244046096,,,,,,,,,,,,,,,,,,,,,
1992,C,Rev.2,3134,4,clase_4_digitos,BEBIDAS SIN ALCOHOL,8907395,5223,463327,705602,891987,181559,456553,2704250,243482276,,252544121,45911891,1091574,116851,39240365,1701819,3617957,143326,102302808,523055,157699261,157699261,72556050,15874750,4580,56685880,72560630,48727336,121283386,6146062,68754531,487905308,731387584,2357878,114011275,572492300,2357878,16852798,708072130,,,,,,,,,,,,,,,,,,,,,
1992,C,Rev.2,31340,5,subclase_5_digitos,Bebidas sin alcohol,8907395,5223,463327,705602,891987,181559,456553,2704250,243482276,,252544121,45911891,1091574,116851,39240365,1701819,3617957,143326,102302808,523055,157699261,157699261,72556050,15874750,4580,56685880,72560630,48727336,121283386,6146062,68754531,487905308,731387584,2357878,114011275,572492300,2357878,16852798,708072130,,,,,,,,,,,,,,,,,,,,,
1992,C,Rev.2,314,3,grupo_3_digitos,INDUSTRIAS DEL TABACO,5926529,,643350,105505,,53575,119528,921958,99136075,,54111755,8125244,144462,-34495,6418475,234439,1225599,136764,357029913,470126,358169760,358169760,873803,2251052,2211708,834459,3085511,243296,1117099,426425,30900555,449108599,548244674,,470122573,39571833,,,509694406,,,,,,,,,,,,,,,,,,,,,
1992,C,Rev.2,3140,4,clase_4_digitos,INDUSTRIAS DEL TABACO,5926529,,643350,105505,,53575,119528,921958,99136075,,54111755,8125244,144462,-34495,6418475,234439,1225599,136764,357029913,470126,358169760,358169760,873803,2251052,2211708,834459,3085511,243296,1117099,426425,30900555,449108599,548244674,,470122573,39571833,,,509694406,,,,,,,,,,,,,,,,,,,,,
1992,C,Rev.2,31400,5,subclase_5_digitos,Industrias del tabaco.,5926529,,643350,105505,,53575,119528,921958,99136075,,54111755,8125244,144462,-34495,6418475,234439,1225599,136764,357029913,470126,358169760,358169760,873803,2251052,2211708,834459,3085511,243296,1117099,426425,30900555,449108599,548244674,,470122573,39571833,,,509694406,,,,,,,,,,,,,,,,,,,,,
1992,C,Rev.2,32,2,division_2_digitos,"TEXTILES,PR.VESTIR,INDUSTRIA CUERO",92530110,124887,21161336,1667339,7589583,3474599,2866292,36884035,2403986377,33908477,742458788,130439972,11705456,256524,97288079,7528530,3266742,10394641,2691,6240934,43508913,9600436,336504580,42298375,3955148,298161353,340459729,27755258,364259838,9510031,670870130,1515459464,3919445841,6359765,924207745,461226023,216043135,82683647,1690520315,,,,,,,,,,,,,,,,,,,,,
1992,C,Rev.2,321,3,grupo_3_digitos,TEXTILES,60016148,124887,17821827,913489,4617522,971784,1903156,26352664,1000369233,13658787,378920179,89277648,5885312,162522,72587071,4804395,2381859,3456489,2691,3041655,64873528,51214741,126523312,29002900,3260033,100780445,129783345,54746867,181270179,7082315,334493063,824644130,1825013363,3956185,552044968,156995916,102915048,28061097,843973214,,,,,,,,,,,,,,,,,,,,,
1992,C,Rev.2,3211,4,clase_4_digitos,"LAVADERO,HILANDERIA Y TEJEDURIA.",48532946,113393,16910766,477850,4457659,509911,1523380,23992959,841885687,11376614,299304381,79477023,3612364,190512,67562372,3843218,2281211,1987346,2691,2481072,53087989,41711374,100655519,23571443,3014283,80098359,103669802,44017781,144673301,6586444,268365094,657913795,1499799482,2668525,461776619,68537228,71752432,13981190,618715994,,,,,,,,,,,,,,,,,,,,,
1992,C,Rev.2,32111,5,subclase_5_digitos,"Lavadero,enfardelaje y fab de tops",19583427,58140,3388641,314728,2810724,113464,220653,6906350,407726703,3252827,162919611,46086512,2154900,212587,40040212,2829242,313653,535918,,672525,15024608,11771781,32889294,5032926,2554580,30410949,35443874,9963805,42853099,4388278,67668427,261943247,669669950,,79255031,,10178796,759318,90193145,,,,,,,,,,,,,,,,,,,,,
1992,C,Rev.2,32112,5,subclase_5_digitos,"Hiland.tejeduría,acabado de lana",10477253,55253,3753644,7134,876930,202836,612977,5508774,150519627,7053494,57210828,12959287,2929082,-41616,7962497,586046,1074491,448787,,935184,4718631,-2334863,18531181,2983434,7788,15555535,18538969,2609427,21140608,1174020,87639600,152992819,303512446,,100342378,8053997,22416770,11839308,142652454,,,,,,,,,,,,,,,,,,,,,
1992,C,Rev.2,32113,5,subclase_5_digitos,,8476493,,1861130,96796,702134,123058,509935,3293054,180816355,,38345180,11351681,581104,11219,9465651,262453,488172,543081,,431847,18374313,18374313,32321128,7220459,19918,25120587,32341046,17619183,49940311,323283,54836917,120032904,300849259,88119,164981334,42524230,35755666,1042444,244391793,,,,,,,,,,,,,,,,,,,,,
1992,C,Rev.2,32114,5,subclase_5_digitos,,9995147,,7907350,57459,67871,69916,179814,8282411,102613000,1070294,40719121,9079543,-2052722,8322,10094011,165477,404895,459559,2691,440783,14976314,13906020,16904941,8334625,431996,9002313,17336938,13832024,30736965,700816,58115423,122735711,225348711,2580406,117185022,17959001,3401200,340120,141465749,,,,,,,,,,,,,,,,,,,,,
1992,C,Rev.2,32115,5,subclase_5_digitos,Hiland.tejeduría de fibras duras,625,,,1733,,638,,2371,210003,,109639,,,,,,,,,733,-5877,-5877,8975,,,8975,8975,-6657,2318,47,104727,209114,419117,,12854,,,,12854,,,,,,,,,,,,,,,,,,,,,
1992,C,Rev.2,3212,4,clase_4_digitos,TEXTILES EXCEPTO PRENDAS VESTIR,1389249,,,35170,,193195,15581,243947,30162781,,13363556,1136546,130874,1822,67121,93671,20008,823051,,56260,1620182,1620182,3114224,690554,241842,2665512,3356066,1439728,4553952,124194,7427460,23800447,53963228,85048,28164698,11002625,10521249,1580237,51353857,,,,,,,,,,,,,,,,,,,,,
1992,C,Rev.2,32120,5,subclase_5_digitos,Textiles excepto prendas vestir,1389249,,,35170,,193195,15581,243947,30162781,,13363556,1136546,130874,1822,67121,93671,20008,823051,,56260,1620182,1620182,3114224,690554,241842,2665512,3356066,1439728,4553952,124194,7427460,23800447,53963228,85048,28164698,11002625,10521249,1580237,51353857,,,,,,,,,,,,,,,,,,,,,
1992,C,Rev.2,3213,4,clase_4_digitos,TEJIDOS PUNTO Y MEDIAS,7828856,11494,258472,251437,30119,244453,110247,906221,87605221,2281256,45302816,5555431,2178151,-33581,2708207,672480,40317,-10144,,286310,5116826,2835570,13645438,1477614,,12167825,13645438,4576502,18221940,254014,36525272,92492515,180097735,,29292398,61738352,,12145199,103175950,,,,,,,,,,,,,,,,,,,,,
1992,C,Rev.2,32130,5,subclase_5_digitos,Tejidos de punto y medias.,7828856,11494,258472,251437,30119,244453,110247,906221,87605221,2281256,45302816,5555431,2178151,-33581,2708207,672480,40317,-10144,,286310,5116826,2835570,13645438,1477614,,12167825,13645438,4576502,18221940,254014,36525272,92492515,180097735,,29292398,61738352,,12145199,103175950,,,,,,,,,,,,,,,,,,,,,
1992,C,Rev.2,3214,4,clase_4_digitos,TAPICES Y ALFOMBRAS,335661,,,669,,21,28153,28843,3136956,917,4291651,143633,,3770,12024,68906,6137,52796,,14449,865691,864775,863607,269695,1940,595852,865547,833862,1697469,17381,1740380,7232468,10369424,,6316216,366465,,354470,7037151,,,,,,,,,,,,,,,,,,,,,
1992,C,Rev.2,32140,5,subclase_5_digitos,Tapices y alfombras,335661,,,669,,21,28153,28843,3136956,917,4291651,143633,,3770,12024,68906,6137,52796,,14449,865691,864775,863607,269695,1940,595852,865547,833862,1697469,17381,1740380,7232468,10369424,,6316216,366465,,354470,7037151,,,,,,,,,,,,,,,,,,,,,
1992,C,Rev.2,3215,4,clase_4_digitos,CORDELERIA,26877,,,6262,17502,,3826,27590,927813,,261720,5386,,,929,9728,,-5271,,6224,176018,176018,170833,78537,1968,94264,172801,158629,329462,11165,797862,1262477,2190290,,1546757,494962,20623,,2062343,,,,,,,,,,,,,,,,,,,,,
1992,C,Rev.2,32150,5,subclase_5_digitos,Cordelería.,26877,,,6262,17502,,3826,27590,927813,,261720,5386,,,929,9728,,-5271,,6224,176018,176018,170833,78537,1968,94264,172801,158629,329462,11165,797862,1262477,2190290,,1546757,494962,20623,,2062343,,,,,,,,,,,,,,,,,,,,,
1992,C,Rev.2,3219,4,clase_4_digitos,TEXTILES N.E.P.,1902558,,652589,142102,112242,24204,221969,1153105,36650775,,16396054,2959629,-36078,,2236419,116392,34185,608712,,197340,4006822,4006822,8073691,2915057,,5158634,8073691,3720365,11794056,89116,19636995,41942428,78593204,1202612,24948280,14856283,20620744,,61627919,,,,,,,,,,,,,,,,,,,,,
1992,C,Rev.2,32190,5,subclase_5_digitos,Textiles N.E.P..,1902558,,652589,142102,112242,24204,221969,1153105,36650775,,16396054,2959629,-36078,,2236419,116392,34185,608712,,197340,4006822,4006822,8073691,2915057,,5158634,8073691,3720365,11794056,89116,19636995,41942428,78593204,1202612,24948280,14856283,20620744,,61627919,,,,,,,,,,,,,,,,,,,,,
1992,C,Rev.2,322,3,grupo_3_digitos,PRENDAS VESTIR EXCEPTO CALZADO,15327859,,712756,132123,101145,1988825,382841,3317691,869967925,17484512,226714144,15986190,945685,39306,8502991,932048,445665,5120496,,1881590,-46849889,-64334401,158584336,8307579,435958,150712716,159020295,-49859108,108725228,1127629,189881659,367589262,1237557187,1384335,249719917,199469149,13234401,52680888,516488690,,,,,,,,,,,,,,,,,,,,,
1992,C,Rev.2,3220,4,clase_4_digitos,PRENDAS VESTIR EXCEPTO CALZADO,15327859,,712756,132123,101145,1988825,382841,3317691,869967925,17484512,226714144,15986190,945685,39306,8502991,932048,445665,5120496,,1881590,-46849889,-64334401,158584336,8307579,435958,150712716,159020295,-49859108,108725228,1127629,189881659,367589262,1237557187,1384335,249719917,199469149,13234401,52680888,516488690,,,,,,,,,,,,,,,,,,,,,
1992,C,Rev.2,32201,5,subclase_5_digitos,,9271381,,536528,109031,101145,886733,240373,1873811,313644281,7378205,104945739,9371871,763610,20506,3980651,556000,319931,3731173,,1144883,8410120,1031915,64142209,4997386,413551,59558374,64555760,6648364,70790574,616873,109236753,224485787,538130068,1042214,154798316,122451760,11640025,31690562,321622877,,,,,,,,,,,,,,,,,,,,,
1992,C,Rev.2,32202,5,subclase_5_digitos,Prendas de cuero.,2403805,,149603,13688,,899453,94817,1157561,462748456,10106306,96841401,980617,180641,17047,133691,121178,,528061,,445207,-65087132,-75193438,75007092,1814170,22408,73215330,75029500,-65907564,9099528,375226,42676397,66728165,529476621,,3474830,21116651,188284,7034318,31814082,,,,,,,,,,,,,,,,,,,,,
1992,C,Rev.2,32203,5,subclase_5_digitos,,3652674,,26624,9404,,202639,47651,286319,93575188,,24927004,5633702,1434,1753,4388650,254870,125734,861262,,291500,9827122,9827122,19435035,1496023,,17939012,19435035,9400092,28835127,135530,37968510,76375310,169950498,342121,91446771,55900739,1406091,13956009,163051731,,,,,,,,,,,,,,,,,,,,,
1992,C,Rev.2,323,3,grupo_3_digitos,"CUERO Y PIELES,EXCEP.CALZADO",14242808,,2475381,523493,2870916,178421,506429,6554640,405446878,1388809,113604430,22380823,4807957,20737,13834564,1556807,339875,1820883,,981054,20531103,19142293,28122705,4552975,242224,23811954,28364929,18919088,47041794,630960,105442487,252432018,657878896,,49662015,51288679,97740561,1829075,200520331,,,,,,,,,,,,,,,,,,,,,
1992,C,Rev.2,3231,4,clase_4_digitos,CURTIEMBRES Y TALLERES DE ACABADO,13329683,,2453323,523493,2870916,171150,505851,6524734,348765222,304403,91430786,21988547,4807957,20737,13536728,1542662,271648,1808815,,913279,25140230,24835827,20918365,4434881,237286,16720770,21155651,23781786,44700152,445165,96850322,226446619,575211841,,49153351,40582181,97740561,1829075,189305168,,,,,,,,,,,,,,,,,,,,,
1992,C,Rev.2,32310,5,subclase_5_digitos,Curtiembres y talleres de acabado.,13329683,,2453323,523493,2870916,171150,505851,6524734,348765222,304403,91430786,21988547,4807957,20737,13536728,1542662,271648,1808815,,913279,25140230,24835827,20918365,4434881,237286,16720770,21155651,23781786,44700152,445165,96850322,226446619,575211841,,49153351,40582181,97740561,1829075,189305168,,,,,,,,,,,,,,,,,,,,,
1992,C,Rev.2,3233,4,clase_4_digitos,"ART.CUERO (MARROQUINERIA,ETC.)",913125,,22058,,,7270,578,29906,56681655,1084406,22173644,392276,,,297835,14145,68227,12069,,67775,-4609128,-5693534,7204340,118094,4938,7091184,7209278,-4862698,2341642,185795,8592165,25985400,82667055,,508664,10706498,,,11215162,,,,,,,,,,,,,,,,,,,,,
1992,C,Rev.2,32330,5,subclase_5_digitos,Art.cuero (marroquinería),913125,,22058,,,7270,578,29906,56681655,1084406,22173644,392276,,,297835,14145,68227,12069,,67775,-4609128,-5693534,7204340,118094,4938,7091184,7209278,-4862698,2341642,185795,8592165,25985400,82667055,,508664,10706498,,,11215162,,,,,,,,,,,,,,,,,,,,,
1992,C,Rev.2,324,3,grupo_3_digitos,CALZADO EXCEPTO.CAUCHO Y PLASTIC,2943295,,151372,98233,,335569,73866,659040,128202341,1376370,23220036,2795310,66503,33959,2363453,235280,99343,-3227,,336635,4954172,3577802,23274226,434922,16933,22856237,23291160,3948411,27222637,669127,41052920,70794053,198996395,1019246,72780845,53472279,2153125,112587,129538082,,,,,,,,,,,,,,,,,,,,,
1992,C,Rev.2,3240,4,clase_4_digitos,CALZADO EXCEPTO.CAUCHO Y PLASTICO,2943295,,151372,98233,,335569,73866,659040,128202341,1376370,23220036,2795310,66503,33959,2363453,235280,99343,-3227,,336635,4954172,3577802,23274226,434922,16933,22856237,23291160,3948411,27222637,669127,41052920,70794053,198996395,1019246,72780845,53472279,2153125,112587,129538082,,,,,,,,,,,,,,,,,,,,,
1992,C,Rev.2,32400,5,subclase_5_digitos,"Calzado,excepto caucho y plástico",2943295,,151372,98233,,335569,73866,659040,128202341,1376370,23220036,2795310,66503,33959,2363453,235280,99343,-3227,,336635,4954172,3577802,23274226,434922,16933,22856237,23291160,3948411,27222637,669127,41052920,70794053,198996395,1019246,72780845,53472279,2153125,112587,129538082,,,,,,,,,,,,,,,,,,,,,
1992,C,Rev.2,33,2,division_2_digitos,INDUSTRIA DE LA MADERA,3816610,,,859567,213607,528166,301861,1903200,90652681,,28714276,2289042,11194,47294,-972775,261151,31050,2911128,,446670,15641291,15641291,17512271,2654941,260942,15118272,17773213,14379030,31891301,815591,55627814,103799991,194452672,3765496,24939719,36403079,57621695,48123596,172988389,,,,,,,,,,,,,,,,,,,,,
1992,C,Rev.2,331,3,grupo_3_digitos,INDUSTRIA MADERA (EXCEP.MUEBLES),1913729,,,627349,190269,417197,193884,1428698,44617079,,6403316,2481915,7412,81448,443020,45356,25861,1878819,,245516,8150995,8150995,7664601,914462,260942,7011082,7925544,7425123,15089724,480356,30621567,47089607,91706685,711497,18283654,15049331,30303849,17513572,83996706,,,,,,,,,,,,,,,,,,,,,
1992,C,Rev.2,3311,4,clase_4_digitos,"ASERRADEROS,OBRA BLANCA,PARQUET",1695849,,,563948,190269,328696,158240,1241153,37001152,,2762586,2167840,7412,50877,300649,39316,23211,1746376,,195353,6179568,6179568,6377753,873352,260732,5765133,6638485,5647539,12025292,336676,24386278,35024281,72025433,269682,13730623,7916663,25763748,17292665,67108185,,,,,,,,,,,,,,,,,,,,,
1992,C,Rev.2,33110,5,subclase_5_digitos,"Aserraderos,obra blanca y parquet",1695849,,,563948,190269,328696,158240,1241153,37001152,,2762586,2167840,7412,50877,300649,39316,23211,1746376,,195353,6179568,6179568,6377753,873352,260732,5765133,6638485,5647539,12025292,336676,24386278,35024281,72025433,269682,13730623,7916663,25763748,17292665,67108185,,,,,,,,,,,,,,,,,,,,,
1992,C,Rev.2,3312,4,clase_4_digitos,ENVASES MADERA Y ARTICULOS DE CANA,145036,,,16872,,63543,14693,95107,3423268,,809045,310366,,30571,140275,4427,2650,132443,,12843,530062,530062,477086,41110,210,436186,477296,466230,943316,50990,1604243,3088386,6511654,,1902141,,3704731,,5606872,,,,,,,,,,,,,,,,,,,,,
1992,C,Rev.2,33120,5,subclase_5_digitos,Envases de madera y art.de caña,145036,,,16872,,63543,14693,95107,3423268,,809045,310366,,30571,140275,4427,2650,132443,,12843,530062,530062,477086,41110,210,436186,477296,466230,943316,50990,1604243,3088386,6511654,,1902141,,3704731,,5606872,,,,,,,,,,,,,,,,,,,,,
1992,C,Rev.2,3319,4,clase_4_digitos,PROD.MADERA N.E.P. Y CORCHO,72844,,,46530,,24957,20951,92438,4192659,,2831685,3709,,,2096,1613,,,,37321,1441365,1441365,809763,,,809763,809763,1311354,2121117,92690,4631045,8976940,13169598,441815,2650890,7132667,835370,220907,11281650,,,,,,,,,,,,,,,,,,,,,
1992,C,Rev.2,33191,5,subclase_5_digitos,,72844,,,46530,,24957,20951,92438,4192659,,2831685,3709,,,2096,1613,,,,37321,1441365,1441365,809763,,,809763,809763,1311354,2121117,92690,4631045,8976940,13169598,441815,2650890,7132667,835370,220907,11281650,,,,,,,,,,,,,,,,,,,,,
1992,C,Rev.2,332,3,grupo_3_digitos,MUEBLES Y ACCESORIOS.,1902881,,,232218,23338,110969,107977,474502,46035602,,22310961,-192874,3782,-34154,-1415795,215795,5189,1032309,,201153,7490295,7490295,9847669,1740479,,8107190,9847669,6953907,16801576,335235,25006247,56710384,102745986,3054000,6656065,21353748,27317846,30610023,88991682,,,,,,,,,,,,,,,,,,,,,
1992,C,Rev.2,3320,4,clase_4_digitos,MUEBLES Y ACCESORIOS.,1902881,,,232218,23338,110969,107977,474502,46035602,,22310961,-192874,3782,-34154,-1415795,215795,5189,1032309,,201153,7490295,7490295,9847669,1740479,,8107190,9847669,6953907,16801576,335235,25006247,56710384,102745986,3054000,6656065,21353748,27317846,30610023,88991682,,,,,,,,,,,,,,,,,,,,,
1992,C,Rev.2,33201,5,subclase_5_digitos,,1841951,,,232218,23338,110969,107977,474502,45906096,,22375495,-192874,3782,-34154,-1415795,215795,5189,1032309,,199694,7417193,7417193,9840021,1740479,,8099542,9840021,6887170,16727191,330329,24792752,56427391,102333487,3054000,6656065,21353748,27317846,30610023,88991682,,,,,,,,,,,,,,,,,,,,,
1992,C,Rev.2,33202,5,subclase_5_digitos,,60930,,,,,,,,129506,,-64534,,,,,,,,,1459,73102,73102,7648,,,7648,7648,66737,74385,4906,213495,282993,412499,,,,,,,,,,,,,,,,,,,,,,,,,,,
1992,C,Rev.2,34,2,division_2_digitos,PAPEL Y PROD.PAPEL;IMPRENTA Y EDIT,35353288,30721,1415499,803760,9028465,1440906,1689864,14409216,510462206,168348,193479571,40293692,1719337,232823,29633446,1096823,645046,6966217,774314,1637548,62083843,61915495,87454394,21265274,3636763,69825884,91091157,58450097,145904491,1221884,223936995,514685350,1025147555,33513192,324602364,184294619,241279800,58290755,841980730,,,,,,,,,,,,,,,,,,,,,
1992,C,Rev.2,341,3,grupo_3_digitos,PAPEL Y PROD.DEL PAPEL,23905471,16220,1394698,532843,9028465,257382,462743,11692351,229784611,,87032112,15105863,1295840,3763,11756698,308167,409679,1331717,774314,593134,25186432,25186432,39622623,10112874,991222,30500971,40613845,23274418,62897041,544567,88808244,224932259,454716870,18513157,145597729,15246723,115854828,12304355,307516791,,,,,,,,,,,,,,,,,,,,,
1992,C,Rev.2,3411,4,clase_4_digitos,"PULPA MADERA,PAPEL Y CARTON",19061388,15733,979683,329236,8698796,59812,350305,10433565,109040956,,33804168,11522699,937989,2293,10322150,43742,,216525,40711,344490,6564016,6564016,16495848,5505599,184626,11174875,16680474,6024299,22520147,154516,49462658,108892230,217933186,3304289,49638423,4562520,53519664,826072,111850969,,,,,,,,,,,,,,,,,,,,,
1992,C,Rev.2,34110,5,subclase_5_digitos,"Pulpa de madera, papel y cartón",19061388,15733,979683,329236,8698796,59812,350305,10433565,109040956,,33804168,11522699,937989,2293,10322150,43742,,216525,40711,344490,6564016,6564016,16495848,5505599,184626,11174875,16680474,6024299,22520147,154516,49462658,108892230,217933186,3304289,49638423,4562520,53519664,826072,111850969,,,,,,,,,,,,,,,,,,,,,
1992,C,Rev.2,3412,4,clase_4_digitos,ENVASES Y CAJAS PAPEL Y CARTON,2230668,487,399375,171522,329669,104613,83145,1088811,78557963,,20474644,2149758,,1470,1713782,81197,2630,350679,,102444,9169228,9169228,12566046,784327,63342,11845061,12629388,8941618,21507665,125165,20085852,51960392,130518355,8760771,51276011,3314700,46407197,8024396,117783074,,,,,,,,,,,,,,,,,,,,,
1992,C,Rev.2,34120,5,subclase_5_digitos,Envases y cajas de papel y cartón,2230668,487,399375,171522,329669,104613,83145,1088811,78557963,,20474644,2149758,,1470,1713782,81197,2630,350679,,102444,9169228,9169228,12566046,784327,63342,11845061,12629388,8941618,21507665,125165,20085852,51960392,130518355,8760771,51276011,3314700,46407197,8024396,117783074,,,,,,,,,,,,,,,,,,,,,
1992,C,Rev.2,3419,4,clase_4_digitos,ARTIC.PAPEL Y CARTON N.E.P.,2613415,,15640,32085,,92957,29293,169975,42185692,,32753300,1433405,357851,,-279234,183228,407049,764513,733603,146200,9453188,9453188,10560729,3822948,743254,7481035,11303983,8308500,18869229,264886,19259734,64079637,106265329,6448096,44683295,7369503,15927967,3453887,77882748,,,,,,,,,,,,,,,,,,,,,
1992,C,Rev.2,34190,5,subclase_5_digitos,Artículos de papel y cartón n.e.p,2613415,,15640,32085,,92957,29293,169975,42185692,,32753300,1433405,357851,,-279234,183228,407049,764513,733603,146200,9453188,9453188,10560729,3822948,743254,7481035,11303983,8308500,18869229,264886,19259734,64079637,106265329,6448096,44683295,7369503,15927967,3453887,77882748,,,,,,,,,,,,,,,,,,,,,
1992,C,Rev.2,342,3,grupo_3_digitos,"IMPRENTAS,EDITORIALES IND.CONEXAS",11447818,14501,20801,270917,,1183524,1227122,2716865,280677595,168348,106447459,25187830,423497,229060,17876748,788657,235367,5634500,,1044414,36897411,36729063,47831771,11152400,2645541,39324912,50477312,35175680,83007451,677317,135128751,289753091,570430685,15000035,179004635,169047896,125424972,45986400,534463939,,,,,,,,,,,,,,,,,,,,,
1992,C,Rev.2,3420,4,clase_4_digitos,"IMPRENTAS,EDITORIALES IND.CONEXAS",11447818,14501,20801,270917,,1183524,1227122,2716865,280677595,168348,106447459,25187830,423497,229060,17876748,788657,235367,5634500,,1044414,36897411,36729063,47831771,11152400,2645541,39324912,50477312,35175680,83007451,677317,135128751,289753091,570430685,15000035,179004635,169047896,125424972,45986400,534463939,,,,,,,,,,,,,,,,,,,,,
1992,C,Rev.2,34201,5,subclase_5_digitos,,5473320,,,143799,,90406,121072,355276,132107358,168348,59751576,10596386,160650,,9146242,449511,55546,784437,,429170,11253809,11085461,15297875,6994912,2343212,10646175,17641087,10625012,25922887,199627,63562114,139872471,271979828,3440592,86351973,111309738,23217515,23561570,247881387,,,,,,,,,,,,,,,,,,,,,
1992,C,Rev.2,34202,5,subclase_5_digitos,,5974498,14501,20801,127118,,1055340,1106050,2323811,146684980,,43268178,12873431,262847,162078,7991147,80952,179821,4196586,,594676,25192655,25192655,31130607,4157488,302329,27275449,31432936,24133761,55264368,464218,68760396,143195727,289880708,11559444,92652662,57738158,98008835,22249888,282208987,,,,,,,,,,,,,,,,,,,,,
1992,C,Rev.2,34203,5,subclase_5_digitos,,,,,,,37778,,37778,1885257,,3427705,1718012,,66982,739359,258194,,653477,,20568,450947,450947,1403289,,,1403289,1403289,416907,1820196,13472,2806240,6684893,8570149,,,,4198622,174943,4373564,,,,,,,,,,,,,,,,,,,,,
1992,C,Rev.2,35,2,division_2_digitos,PRODUCTOS QUIMICOS.,46704956,1586539,41425544,3435069,687255,2027753,2489822,51651983,2067795290,724421,726395702,78600663,12867126,3443618,43694986,5342165,4909005,8343762,579321428,3803349,732198220,731473798,230677086,89392358,11772141,153056869,242449227,143727259,374404345,5346183,485352354,1989926810,4057722100,144723701,1934848020,512772845,1087261449,174974896,3854580912,,,,,,,,,,,,,,,,,,,,,
1992,C,Rev.2,351,3,grupo_3_digitos,SUSTANCIAS QUIMICAS.,9916502,238,1963411,658773,515875,430950,200440,3769687,203211691,238534,75390785,6757410,2323722,32589,2837643,449531,387468,726457,44862,428716,12603459,12364925,21942098,9642320,1481755,13781534,23423854,11696176,33638274,433705,54669314,152341526,355553217,10930337,70054552,11787326,132089460,1650643,226512317,,,,,,,,,,,,,,,,,,,,,
1992,C,Rev.2,3511,4,clase_4_digitos,SUSTANCIAS QUIM.INDUSTR.BASICAS,7673459,238,1762343,436451,,345118,137335,2681485,77303432,,37186222,5791512,2182011,23562,2353347,391581,233319,607693,44862,241286,13152706,13152706,10671427,2361790,192364,8502002,10863792,12669819,23341247,196738,31107009,89119396,166422827,10930337,43292927,4853040,65008945,1025619,125110868,,,,,,,,,,,,,,,,,,,,,
1992,C,Rev.2,35110,5,subclase_5_digitos,Sustancias químicas ind.básicas,7673459,238,1762343,436451,,345118,137335,2681485,77303432,,37186222,5791512,2182011,23562,2353347,391581,233319,607693,44862,241286,13152706,13152706,10671427,2361790,192364,8502002,10863792,12669819,23341247,196738,31107009,89119396,166422827,10930337,43292927,4853040,65008945,1025619,125110868,,,,,,,,,,,,,,,,,,,,,
1992,C,Rev.2,3512,4,clase_4_digitos,ABONOS Y PLAGUICIDAS,1185754,,,211006,400328,80731,54887,746951,93571986,,24752031,546406,10769,8637,278927,22622,147396,78055,,120830,-1696477,-1696477,6931237,4888688,982238,3024787,7913475,-2043645,4887592,226338,14940631,39181939,132753925,,7619390,6934287,61184637,,75738314,,,,,,,,,,,,,,,,,,,,,
1992,C,Rev.2,35120,5,subclase_5_digitos,Abonos y plaguicidas,1185754,,,211006,400328,80731,54887,746951,93571986,,24752031,546406,10769,8637,278927,22622,147396,78055,,120830,-1696477,-1696477,6931237,4888688,982238,3024787,7913475,-2043645,4887592,226338,14940631,39181939,132753925,,7619390,6934287,61184637,,75738314,,,,,,,,,,,,,,,,,,,,,
1992,C,Rev.2,3513,4,clase_4_digitos,RESINAS SINTETICAS Y FIBRAS ARTIF.,1057289,,201068,11316,115547,5101,8219,341251,32336273,238534,13452531,419491,130942,390,205369,35328,6753,40709,,66601,1147231,908697,4339434,2391841,307153,2254746,4646587,1070002,5409436,10629,8621674,24040191,56376464,,19142234,,5895877,625024,25663135,,,,,,,,,,,,,,,,,,,,,
1992,C,Rev.2,35130,5,subclase_5_digitos,Resinas sintéticas y fibras artif.,1057289,,201068,11316,115547,5101,8219,341251,32336273,238534,13452531,419491,130942,390,205369,35328,6753,40709,,66601,1147231,908697,4339434,2391841,307153,2254746,4646587,1070002,5409436,10629,8621674,24040191,56376464,,19142234,,5895877,625024,25663135,,,,,,,,,,,,,,,,,,,,,
1992,C,Rev.2,352,3,grupo_3_digitos,OTROS PRODUCTOS QUIMICOS,20747171,103211,4647375,777729,145655,954236,632866,7261074,580585293,485887,306904380,34616152,9206488,1097889,14233577,3301407,2293679,4483113,10777712,1755446,67260173,66774286,115963241,39310925,1890357,78542673,117853598,52780480,168743721,1946536,230201110,624626947,1205212239,80280238,366467147,375764870,184269442,6562589,1013344287,,,,,,,,,,,,,,,,,,,,,
1992,C,Rev.2,3521,4,clase_4_digitos,"PINTURAS,BARNICES,LACAS",4938743,62644,249258,489374,,97849,125725,1024850,107312906,,43151676,9405521,2533626,180724,4969922,837835,9439,873974,,217693,11828943,11828943,24550721,8765074,39,15785686,24550760,11302767,35853488,308484,29243524,89162886,196475792,4317021,16952027,143127026,17872949,75835,182344857,,,,,,,,,,,,,,,,,,,,,
1992,C,Rev.2,35210,5,subclase_5_digitos,"Pinturas, barnices y lacas.",4938743,62644,249258,489374,,97849,125725,1024850,107312906,,43151676,9405521,2533626,180724,4969922,837835,9439,873974,,217693,11828943,11828943,24550721,8765074,39,15785686,24550760,11302767,35853488,308484,29243524,89162886,196475792,4317021,16952027,143127026,17872949,75835,182344857,,,,,,,,,,,,,,,,,,,,,
1992,C,Rev.2,3522,4,clase_4_digitos,PROD.FARMACEUTICOS Y MEDICAMENTOS,7086270,40567,533678,85273,,239653,300176,1199348,225746228,,177762256,12046409,3616737,41956,3344122,1292499,1331885,2419209,,868179,19405690,19405690,41066275,19477767,1736253,23324761,42802529,17411041,58477316,1126470,116197151,320451367,546197595,72331660,128162324,92469240,133885136,3900651,430749011,,,,,,,,,,,,,,,,,,,,,
1992,C,Rev.2,35220,5,subclase_5_digitos,Prod farmacéuticos y medicamentos,7086270,40567,533678,85273,,239653,300176,1199348,225746228,,177762256,12046409,3616737,41956,3344122,1292499,1331885,2419209,,868179,19405690,19405690,41066275,19477767,1736253,23324761,42802529,17411041,58477316,1126470,116197151,320451367,546197595,72331660,128162324,92469240,133885136,3900651,430749011,,,,,,,,,,,,,,,,,,,,,
1992,C,Rev.2,3523,4,clase_4_digitos,ARTICULOS.DE LIMPIEZA Y TOCADOR.,6068713,,2931005,158374,132625,537341,198634,3957980,220277102,237974,77922773,10543268,2341766,814476,4854549,959076,671299,902103,10777712,572739,32845328,32607354,45100664,9292251,55794,35864208,45156458,21064524,66165189,430353,72155352,188754192,409031294,3068467,205593387,129664501,21577664,360362,360264380,,,,,,,,,,,,,,,,,,,,,
1992,C,Rev.2,35231,5,subclase_5_digitos,,3606438,,2902254,66617,119359,112824,83137,3284191,118976562,115825,21873257,4747785,856111,4266,3113145,344100,431248,-1084,8766,257267,3489381,3373556,20822367,3581372,40288,17281282,20862655,3119714,23942081,103634,35664904,64518156,183494718,2692604,88821859,43014346,21577664,198012,156304485,,,,,,,,,,,,,,,,,,,,,
1992,C,Rev.2,35232,5,subclase_5_digitos,,2462275,,28752,91757,13266,424517,115497,673788,101300540,122149,56049515,5795483,1485655,810210,1741404,614976,240051,903187,10768946,315471,29355947,29233798,24278298,5710879,15506,18582925,24293804,17944810,42223108,326720,36490448,124236036,225536576,375863,116771528,86650155,,162349,203959896,,,,,,,,,,,,,,,,,,,,,
1992,C,Rev.2,3529,4,clase_4_digitos,PRODUCTOS QUIMICOS N.E.P,2653446,,933433,44709,13030,79393,8331,1078896,27249057,247913,8067675,2620955,714359,60732,1064983,211997,281057,287827,,96835,3180211,2932298,5245580,1775832,98271,3568019,5343851,3002148,8247728,81228,12605083,26258502,53507559,563090,15759409,10504104,10933694,2225741,39986038,,,,,,,,,,,,,,,,,,,,,
1992,C,Rev.2,35290,5,subclase_5_digitos,Productos químicos n.e.p.,2653446,,933433,44709,13030,79393,8331,1078896,27249057,247913,8067675,2620955,714359,60732,1064983,211997,281057,287827,,96835,3180211,2932298,5245580,1775832,98271,3568019,5343851,3002148,8247728,81228,12605083,26258502,53507559,563090,15759409,10504104,10933694,2225741,39986038,,,,,,,,,,,,,,,,,,,,,
1992,C,Rev.2,353,3,grupo_3_digitos,REFINERIAS DE PETROLEO,39367,1483090,29658651,419544,,108493,724081,32393859,912567589,,192015489,25586,16129,,6790,473,1626,568,568498784,376945,595877458,595877458,12317502,,7951569,20269071,20269071,26627974,38945476,373755,56168240,844100554,1756668143,39921881,1197656418,59882821,558906328,139726582,1996094030,,,,,,,,,,,,,,,,,,,,,
1992,C,Rev.2,3530,4,clase_4_digitos,REFINERIAS DE PETROLEO,39367,1483090,29658651,419544,,108493,724081,32393859,912567589,,192015489,25586,16129,,6790,473,1626,568,568498784,376945,595877458,595877458,12317502,,7951569,20269071,20269071,26627974,38945476,373755,56168240,844100554,1756668143,39921881,1197656418,59882821,558906328,139726582,1996094030,,,,,,,,,,,,,,,,,,,,,
1992,C,Rev.2,35300,5,subclase_5_digitos,Refinerías de petroleo.,39367,1483090,29658651,419544,,108493,724081,32393859,912567589,,192015489,25586,16129,,6790,473,1626,568,568498784,376945,595877458,595877458,12317502,,7951569,20269071,20269071,26627974,38945476,373755,56168240,844100554,1756668143,39921881,1197656418,59882821,558906328,139726582,1996094030,,,,,,,,,,,,,,,,,,,,,
1992,C,Rev.2,354,3,grupo_3_digitos,PROD.DERIVADOS PETROLEO Y CARBON,71387,,,,14689,,31074,45763,5331961,,779053,6913,,,2866,4047,,,,10258,638190,638190,1170351,239824,,930528,1170351,595257,1765608,32676,1334998,2823628,8155589,,6266614,,1174990,391663,7833267,,,,,,,,,,,,,,,,,,,,,
1992,C,Rev.2,3540,4,clase_4_digitos,PROD.DERIVADOS PETROLEO Y CARBON,71387,,,,14689,,31074,45763,5331961,,779053,6913,,,2866,4047,,,,10258,638190,638190,1170351,239824,,930528,1170351,595257,1765608,32676,1334998,2823628,8155589,,6266614,,1174990,391663,7833267,,,,,,,,,,,,,,,,,,,,,
1992,C,Rev.2,35400,5,subclase_5_digitos,Prod.derivados petroleo y carbón,71387,,,,14689,,31074,45763,5331961,,779053,6913,,,2866,4047,,,,10258,638190,638190,1170351,239824,,930528,1170351,595257,1765608,32676,1334998,2823628,8155589,,6266614,,1174990,391663,7833267,,,,,,,,,,,,,,,,,,,,,
1992,C,Rev.2,355,3,grupo_3_digitos,PRODUCTOS DEL CAUCHO,6015704,,4964130,719053,11036,217703,167812,6079734,92808774,,37615711,7455020,-46752,53156,5271612,390510,611604,1174890,,456945,17443491,17443491,21777193,8286299,448460,13939353,22225653,15155480,36932673,1831066,46981700,108056606,200865380,8782201,84202478,10079298,35714623,9724363,148502963,,,,,,,,,,,,,,,,,,,,,
1992,C,Rev.2,3551,4,clase_4_digitos,CAMARAS Y NEUMATICOS,4856278,,4543262,630154,,29999,116981,5320395,72393490,,32327071,5258409,,,4284301,119984,146436,707687,,297966,12808108,12808108,17084178,7247365,448460,10285273,17532638,10931917,28016095,1578225,29963522,79954979,152348469,7765811,59949270,184996,27413134,5638749,100951960,,,,,,,,,,,,,,,,,,,,,
1992,C,Rev.2,35510,5,subclase_5_digitos,"Cámaras, protectores y neumáticos",4856278,,4543262,630154,,29999,116981,5320395,72393490,,32327071,5258409,,,4284301,119984,146436,707687,,297966,12808108,12808108,17084178,7247365,448460,10285273,17532638,10931917,28016095,1578225,29963522,79954979,152348469,7765811,59949270,184996,27413134,5638749,100951960,,,,,,,,,,,,,,,,,,,,,
1992,C,Rev.2,3559,4,clase_4_digitos,PRODUCTOS DEL CAUCHO N.E.P.,1159426,,420868,88899,11036,187704,50831,759339,20415285,,5288640,2196611,-46752,53156,987311,270526,465167,467203,,158979,4635383,4635383,4693015,1038935,,3654080,4693015,4223564,8916578,252841,17018178,28101627,48516911,1016391,24253207,9894303,8301489,4085613,47551004,,,,,,,,,,,,,,,,,,,,,
1992,C,Rev.2,35590,5,subclase_5_digitos,Productos del caucho n.e.p.,1159426,,420868,88899,11036,187704,50831,759339,20415285,,5288640,2196611,-46752,53156,987311,270526,465167,467203,,158979,4635383,4635383,4693015,1038935,,3654080,4693015,4223564,8916578,252841,17018178,28101627,48516911,1016391,24253207,9894303,8301489,4085613,47551004,,,,,,,,,,,,,,,,,,,,,
1992,C,Rev.2,356,3,grupo_3_digitos,PRODUCTOS DEL PLASTICOS N.E.P.,9914825,,191977,859970,,316371,733549,2101866,273289982,,113690284,29739582,1367539,2259985,21342499,1196197,1614628,1958734,71,775039,38375449,38375449,57506700,31912991,,25593710,57506700,36871893,94378593,728446,95996992,257977550,531267532,4809045,210200812,55258529,175106606,16919056,462294048,,,,,,,,,,,,,,,,,,,,,
1992,C,Rev.2,3560,4,clase_4_digitos,PRODUCTOS DEL PLASTICO N.E.P.,9914825,,191977,859970,,316371,733549,2101866,273289982,,113690284,29739582,1367539,2259985,21342499,1196197,1614628,1958734,71,775039,38375449,38375449,57506700,31912991,,25593710,57506700,36871893,94378593,728446,95996992,257977550,531267532,4809045,210200812,55258529,175106606,16919056,462294048,,,,,,,,,,,,,,,,,,,,,
1992,C,Rev.2,35600,5,subclase_5_digitos,Productos plásticos n.e.p.,9914825,,191977,859970,,316371,733549,2101866,273289982,,113690284,29739582,1367539,2259985,21342499,1196197,1614628,1958734,71,775039,38375449,38375449,57506700,31912991,,25593710,57506700,36871893,94378593,728446,95996992,257977550,531267532,4809045,210200812,55258529,175106606,16919056,462294048,,,,,,,,,,,,,,,,,,,,,
1992,C,Rev.2,36,2,division_2_digitos,PRODUCTOS MINERALES NO METALICOS,15182859,366684,49635491,2710383,11738406,662569,5765557,70879090,297640742,282800,103410498,20165963,1377910,1601743,8603862,1349051,2802751,4430647,,1143048,54267569,53984769,48493967,6567781,260063,42186250,48754031,49741636,98235604,3382885,158540696,331118823,628759565,49820171,215367691,148409202,92527049,28498242,534622354,,,,,,,,,,,,,,,,,,,,,
1992,C,Rev.2,361,3,grupo_3_digitos,"OBJETOS BARRO,LOZA Y PORCELANA",5293986,,3350040,706682,6453700,150707,540969,11202098,48927655,,37421378,7746741,723548,16250,5779219,760912,126067,340745,,381028,2264126,2264126,9639678,2594509,,7045169,9639678,1711581,11351259,171516,50428533,95408022,144335677,,2590048,42054610,1834244,13231266,59710168,,,,,,,,,,,,,,,,,,,,,
1992,C,Rev.2,3610,4,clase_4_digitos,"OBJETOS BARRO,LOZA Y PORCELANA",5293986,,3350040,706682,6453700,150707,540969,11202098,48927655,,37421378,7746741,723548,16250,5779219,760912,126067,340745,,381028,2264126,2264126,9639678,2594509,,7045169,9639678,1711581,11351259,171516,50428533,95408022,144335677,,2590048,42054610,1834244,13231266,59710168,,,,,,,,,,,,,,,,,,,,,
1992,C,Rev.2,36100,5,subclase_5_digitos,"Objetos de barro,loza y porcelana",5293986,,3350040,706682,6453700,150707,540969,11202098,48927655,,37421378,7746741,723548,16250,5779219,760912,126067,340745,,381028,2264126,2264126,9639678,2594509,,7045169,9639678,1711581,11351259,171516,50428533,95408022,144335677,,2590048,42054610,1834244,13231266,59710168,,,,,,,,,,,,,,,,,,,,,
1992,C,Rev.2,362,3,grupo_3_digitos,VIDRIO Y PRODUCTOS DEL VIDRIO,2632858,333380,5763980,149018,70898,154999,754864,7227139,41595752,282800,7025609,6026252,461345,1357051,1480478,90174,2338294,298910,,177777,8207435,7924635,10710808,2753554,7923,7965177,10718731,5881504,16592311,2148155,24313119,41896221,83491972,420370,24847317,3867649,47205844,718723,77059904,,,,,,,,,,,,,,,,,,,,,
1992,C,Rev.2,3620,4,clase_4_digitos,VIDRIO Y PRODUCTOS DEL VIDRIO,2632858,333380,5763980,149018,70898,154999,754864,7227139,41595752,282800,7025609,6026252,461345,1357051,1480478,90174,2338294,298910,,177777,8207435,7924635,10710808,2753554,7923,7965177,10718731,5881504,16592311,2148155,24313119,41896221,83491972,420370,24847317,3867649,47205844,718723,77059904,,,,,,,,,,,,,,,,,,,,,
1992,C,Rev.2,36200,5,subclase_5_digitos,Vidrio y productos del vidrio.,2632858,333380,5763980,149018,70898,154999,754864,7227139,41595752,282800,7025609,6026252,461345,1357051,1480478,90174,2338294,298910,,177777,8207435,7924635,10710808,2753554,7923,7965177,10718731,5881504,16592311,2148155,24313119,41896221,83491972,420370,24847317,3867649,47205844,718723,77059904,,,,,,,,,,,,,,,,,,,,,
1992,C,Rev.2,369,3,grupo_3_digitos,OTROS PROD.MINERALES NO METALICOS.,7256016,33304,40521471,1854683,5213807,356863,4469724,52449853,207117335,,58963511,6392970,193017,228442,1344165,497965,338390,3790992,,584243,43796008,43796008,28143482,1219718,252140,27175905,28395623,42148551,70292034,1063214,83799045,193814580,400931915,49399801,187930326,102486942,43486960,14548254,397852282,,,,,,,,,,,,,,,,,,,,,
1992,C,Rev.2,3691,4,clase_4_digitos,PROD.ARCILLA PARA CONSTRUCCION,2049220,,523200,433066,706395,42360,862378,2567399,9754452,,13404731,34012,,,4527,29486,,,,139888,5558654,5558654,2117248,,,2117248,2117248,5201227,7318475,217540,16518835,37531440,47285892,,21605968,118494,22569976,5692003,49986442,,,,,,,,,,,,,,,,,,,,,
1992,C,Rev.2,36910,5,subclase_5_digitos,Prod.arcilla para la construcción.,2049220,,523200,433066,706395,42360,862378,2567399,9754452,,13404731,34012,,,4527,29486,,,,139888,5558654,5558654,2117248,,,2117248,2117248,5201227,7318475,217540,16518835,37531440,47285892,,21605968,118494,22569976,5692003,49986442,,,,,,,,,,,,,,,,,,,,,
1992,C,Rev.2,3692,4,clase_4_digitos,"CEMENTO, CAL Y YESO.",1255107,33304,39737360,441071,4469213,2719,3265775,47949443,129318480,,29751611,781506,37753,2419,498019,141206,60123,41986,,153397,30008490,30008490,11601305,391015,,11210290,11601305,29609053,41210358,246040,35282253,96297462,225615942,37594819,121605908,64170964,6998574,,230370264,,,,,,,,,,,,,,,,,,,,,
1992,C,Rev.2,36920,5,subclase_5_digitos,"Cemento, cal y yeso.",1255107,33304,39737360,441071,4469213,2719,3265775,47949443,129318480,,29751611,781506,37753,2419,498019,141206,60123,41986,,153397,30008490,30008490,11601305,391015,,11210290,11601305,29609053,41210358,246040,35282253,96297462,225615942,37594819,121605908,64170964,6998574,,230370264,,,,,,,,,,,,,,,,,,,,,
1992,C,Rev.2,3699,4,clase_4_digitos,PROD.MINERALES NO METALICOS N.E.P.,3951689,,260911,980547,38199,311784,341570,1933011,68044403,,15807169,5577452,155264,226023,841619,327274,278266,3749006,,290958,8228864,8228864,14424928,828703,252140,13848366,14677069,7338272,21763200,599635,31997956,59985679,128030082,11804982,44718450,38197484,13918410,8856250,117495576,,,,,,,,,,,,,,,,,,,,,
1992,C,Rev.2,36991,5,subclase_5_digitos,,2191787,,260911,662164,30804,204416,248154,1406448,43060540,,10170335,3001290,155264,22969,797310,279020,278266,1468461,,223612,5882766,5882766,8370783,828703,252140,7794220,8622923,5254548,13625331,404606,22832456,41077344,84137884,11377312,38085599,6570347,13490740,8000909,77524906,,,,,,,,,,,,,,,,,,,,,
1992,C,Rev.2,36992,5,subclase_5_digitos,,1759902,,,318383,7395,107368,93416,526563,24983863,,5636834,2576162,,203054,44309,48254,,2280545,,67346,2346098,2346098,6054146,,,6054146,6054146,2083724,8137869,195029,9165501,18908335,43892198,427671,6632850,31627137,427671,855341,39970670,,,,,,,,,,,,,,,,,,,,,
1992,C,Rev.2,37,2,division_2_digitos,INDUSTRIAS METALICAS BASICAS,6829300,291459,1297317,337001,66311,184262,1068025,3244376,102544872,,24010202,8715356,1789681,19106,6119374,507654,15152,264389,,234181,9754244,9754244,18631436,8677379,,9954057,18631436,9172091,27803527,347972,28371556,68965302,171510174,5283456,52921527,20853995,25686809,3560179,108305966,,,,,,,,,,,,,,,,,,,,,
1992,C,Rev.2,371,3,grupo_3_digitos,IND.BASICAS DE HIERRO Y ACERO,4775901,158442,1131099,197447,66311,168150,515358,2236808,76962837,,16371634,7707949,1690336,,5398808,452310,,166495,,119871,2579941,2579941,12499201,5624982,,6874218,12499201,2251977,14751177,208093,15722901,39450377,116413214,5018344,36357734,9353885,8633478,2156849,61520289,,,,,,,,,,,,,,,,,,,,,
1992,C,Rev.2,3710,4,clase_4_digitos,IND.BASICAS DE HIERRO Y ACERO,4775901,158442,1131099,197447,66311,168150,515358,2236808,76962837,,16371634,7707949,1690336,,5398808,452310,,166495,,119871,2579941,2579941,12499201,5624982,,6874218,12499201,2251977,14751177,208093,15722901,39450377,116413214,5018344,36357734,9353885,8633478,2156849,61520289,,,,,,,,,,,,,,,,,,,,,
1992,C,Rev.2,37100,5,subclase_5_digitos,Ind.básicas de hierro y acero,4775901,158442,1131099,197447,66311,168150,515358,2236808,76962837,,16371634,7707949,1690336,,5398808,452310,,166495,,119871,2579941,2579941,12499201,5624982,,6874218,12499201,2251977,14751177,208093,15722901,39450377,116413214,5018344,36357734,9353885,8633478,2156849,61520289,,,,,,,,,,,,,,,,,,,,,
1992,C,Rev.2,372,3,grupo_3_digitos,IND.BASICAS DE METALES NO FERROSOS,2053399,133017,166218,139554,,16112,552667,1007568,25582035,,7638569,1007407,99345,19106,720565,55344,15152,97894,,114309,7174303,7174303,6132235,3052396,,3079839,6132235,6920115,13052350,139879,12648655,29514926,55096960,265113,16563793,11500110,17053331,1403330,46785677,,,,,,,,,,,,,,,,,,,,,
1992,C,Rev.2,3720,4,clase_4_digitos,IND.BASICAS DE METALES NO FERROSOS,2053399,133017,166218,139554,,16112,552667,1007568,25582035,,7638569,1007407,99345,19106,720565,55344,15152,97894,,114309,7174303,7174303,6132235,3052396,,3079839,6132235,6920115,13052350,139879,12648655,29514926,55096960,265113,16563793,11500110,17053331,1403330,46785677,,,,,,,,,,,,,,,,,,,,,
1992,C,Rev.2,37200,5,subclase_5_digitos,Ind.básicas de metales no ferrosos,2053399,133017,166218,139554,,16112,552667,1007568,25582035,,7638569,1007407,99345,19106,720565,55344,15152,97894,,114309,7174303,7174303,6132235,3052396,,3079839,6132235,6920115,13052350,139879,12648655,29514926,55096960,265113,16563793,11500110,17053331,1403330,46785677,,,,,,,,,,,,,,,,,,,,,
1992,C,Rev.2,38,2,division_2_digitos,"PROD.METAL.,MAQUINARIA Y EQUIPO",38070235,661064,2854825,3915593,216844,3119125,4567843,15335293,943528786,646850,425954356,42138740,1087867,-459316,21737644,2124543,4607061,13040941,60673949,4320741,211936416,211289566,229322892,113193787,3303708,119432813,232626600,141924545,371247437,5017180,413455094,1088769251,2032298036,121709090,615052710,331166038,302029337,131215865,1505841095,,,,,,,,,,,,,,,,,,,,,
1992,C,Rev.2,381,3,grupo_3_digitos,PROD.METAL.EXCEP.MAQUIN.Y EQUIPO,9992217,227782,1283064,1770637,58772,1173896,1274722,5788874,260818268,,92634906,16463750,78124,236549,6629821,744704,1658816,7115736,87532,1334857,51635349,51635349,59086977,16968972,1380208,43498213,60467185,47556208,106643185,2656752,148014335,302276806,563095074,12253304,170962940,111438995,135911787,47990616,478557643,,,,,,,,,,,,,,,,,,,,,
1992,C,Rev.2,3811,4,clase_4_digitos,"CUCHILLERIA,HERRAM.MANUAL,CERRAJ.",523248,4205,15264,84790,,80929,43572,228760,12191919,,1355482,89990,,,,6722,,83268,,88815,3193770,3193770,2151181,101640,,2049541,2151181,3001754,5152935,103201,11501882,16574381,28766301,,8112372,20646447,,,28758819,,,,,,,,,,,,,,,,,,,,,
1992,C,Rev.2,38110,5,subclase_5_digitos,"Cuchillería,herram.manuales,cerraj",523248,4205,15264,84790,,80929,43572,228760,12191919,,1355482,89990,,,,6722,,83268,,88815,3193770,3193770,2151181,101640,,2049541,2151181,3001754,5152935,103201,11501882,16574381,28766301,,8112372,20646447,,,28758819,,,,,,,,,,,,,,,,,,,,,
1992,C,Rev.2,3812,4,clase_4_digitos,MUEBLES.Y ACCES.PRINCIP.METALICOS,702466,,,103629,,117014,49892,270535,13147703,,2890799,120489,,15153,2115,34268,3275,65677,,87103,1440606,1440606,2754829,49422,,2705407,2754829,1242985,3997814,110519,5038831,10072702,23220405,3716954,704672,572936,4692264,11552332,21239158,,,,,,,,,,,,,,,,,,,,,
1992,C,Rev.2,38120,5,subclase_5_digitos,Muebles y acces princip.metálicos,702466,,,103629,,117014,49892,270535,13147703,,2890799,120489,,15153,2115,34268,3275,65677,,87103,1440606,1440606,2754829,49422,,2705407,2754829,1242985,3997814,110519,5038831,10072702,23220405,3716954,704672,572936,4692264,11552332,21239158,,,,,,,,,,,,,,,,,,,,,
1992,C,Rev.2,3813,4,clase_4_digitos,PROD.METAL.ESTRUC.(HERRERIA-OBRA),2276045,34457,3656,530688,31078,262843,254664,1117386,63402805,,17003906,3501270,,73573,381742,245481,147074,2653400,87532,292232,9430864,9430864,12937568,1305801,15095,11646862,12952663,8548484,21486052,502616,29520897,58231713,121634518,3913453,12217365,7562706,62939643,21294112,107927278,,,,,,,,,,,,,,,,,,,,,
1992,C,Rev.2,38130,5,subclase_5_digitos,Prod.metálicos estruc(Herr.obra),2276045,34457,3656,530688,31078,262843,254664,1117386,63402805,,17003906,3501270,,73573,381742,245481,147074,2653400,87532,292232,9430864,9430864,12937568,1305801,15095,11646862,12952663,8548484,21486052,502616,29520897,58231713,121634518,3913453,12217365,7562706,62939643,21294112,107927278,,,,,,,,,,,,,,,,,,,,,
1992,C,Rev.2,3819,4,clase_4_digitos,ARTICULOS METALICOS N.E.P.,6490458,189120,1264144,1051531,27694,713109,926594,4172193,172075841,,71384719,12752001,78124,147823,6245964,458232,1508467,4313391,,866707,37570108,37570108,41243399,15512109,1365113,27096403,42608511,34762986,76006384,1940415,101952725,217398010,389473851,4622898,149928531,82656906,68279880,15144172,320632387,,,,,,,,,,,,,,,,,,,,,
1992,C,Rev.2,38191,5,subclase_5_digitos,,1941320,,408109,19395,,270888,84572,782963,41127497,,519251,129548,,,77558,51990,,,,159501,4835142,4835142,9534854,3394195,819430,6960089,10354284,4089315,13624169,586326,20890809,28186522,69314019,2117063,46319458,11368066,7388209,917878,68110674,,,,,,,,,,,,,,,,,,,,,
1992,C,Rev.2,38192,5,subclase_5_digitos,,3118549,189120,831431,979818,27694,364006,703225,3095295,93275715,,42899352,9052201,78124,143658,5399513,227285,1500208,1703412,,463981,19009321,19009321,19002744,7118319,371071,12255496,19373815,17958126,36960870,587215,50691259,115718482,208994197,2505835,98750468,33640178,49775253,1319209,185990944,,,,,,,,,,,,,,,,,,,,,
1992,C,Rev.2,38193,5,subclase_5_digitos,,1430588,,24604,52318,,78216,138797,293935,37672629,,27966116,3570252,,4165,768893,178957,8259,2609979,,243226,13725645,13725645,12705801,4999595,174611,7880817,12880412,12715545,25421346,766874,30370657,73493006,111165635,,4858605,37648662,11116417,12907085,66530768,,,,,,,,,,,,,,,,,,,,,
1992,C,Rev.2,382,3,grupo_3_digitos,MAQUINARIA EXCEPTO ELECTRICA.,2875552,4818,,455787,,678264,715136,1854006,58937226,,18562383,-2031502,-20591,-1080360,-1265391,-535597,,870438,,421165,12275411,12275411,13272064,2581154,1254194,11945104,14526258,11453206,24725270,401040,45530119,79243465,138180691,4493812,9820432,32627379,12686321,14807536,74435480,,,,,,,,,,,,,,,,,,,,,
1992,C,Rev.2,3822,4,clase_4_digitos,MAQUIN.Y EQUIPO P/AGRICULTURA,163452,,,141070,,134489,113740,389299,10913805,,2840623,-4406591,3168,-1242864,-2521314,-645582,,,,51336,1112398,1112398,1061216,,1242292,2303508,2303508,1040203,2101419,20858,5222417,9338890,20252695,3328344,2783463,2499134,851330,8504889,17967159,,,,,,,,,,,,,,,,,,,,,
1992,C,Rev.2,38220,5,subclase_5_digitos,Maquinaria y equipo p/agricultura,163452,,,141070,,134489,113740,389299,10913805,,2840623,-4406591,3168,-1242864,-2521314,-645582,,,,51336,1112398,1112398,1061216,,1242292,2303508,2303508,1040203,2101419,20858,5222417,9338890,20252695,3328344,2783463,2499134,851330,8504889,17967159,,,,,,,,,,,,,,,,,,,,,
1992,C,Rev.2,3823,4,clase_4_digitos,MAQUIN.P/TRAB.METALES Y MADERA,317562,,,2420,,7852,12,10285,538791,,-198025,111089,80541,,10864,19286,,399,,7590,270558,270558,188997,101454,,87543,188997,258377,447374,4590,1002097,1392192,1930983,142456,368012,299254,676668,,1486390,,,,,,,,,,,,,,,,,,,,,
1992,C,Rev.2,38230,5,subclase_5_digitos,Maquin.p/trabajar metales y madera,317562,,,2420,,7852,12,10285,538791,,-198025,111089,80541,,10864,19286,,399,,7590,270558,270558,188997,101454,,87543,188997,258377,447374,4590,1002097,1392192,1930983,142456,368012,299254,676668,,1486390,,,,,,,,,,,,,,,,,,,,,
1992,C,Rev.2,3824,4,clase_4_digitos,MAQUIN.Y EQUIPO P/INDUSTRIA,831224,,,176194,,219273,542214,937681,20772987,,4658057,-56048,,-31374,119805,46382,,-190860,,91053,2720098,2720098,5081490,352014,,4729477,5081490,2394733,7476224,234311,11689698,19899076,40672064,,1319144,22592059,3838022,,27749225,,,,,,,,,,,,,,,,,,,,,
1992,C,Rev.2,38240,5,subclase_5_digitos,Maquinaria y equipo p/industria.,831224,,,176194,,219273,542214,937681,20772987,,4658057,-56048,,-31374,119805,46382,,-190860,,91053,2720098,2720098,5081490,352014,,4729477,5081490,2394733,7476224,234311,11689698,19899076,40672064,,1319144,22592059,3838022,,27749225,,,,,,,,,,,,,,,,,,,,,
1992,C,Rev.2,3825,4,clase_4_digitos,"MAQ.OFIC,CALCULO Y CONTABILIDAD",849155,,,21480,,147303,9706,178490,6005465,,4030679,1356953,,193877,729281,39733,,394061,,85031,3273021,3273021,1990508,621969,2947,1371487,1993456,3119188,5109697,68802,10830776,18983631,24989096,285458,,326868,3146002,272390,4030718,,,,,,,,,,,,,,,,,,,,,
1992,C,Rev.2,38250,5,subclase_5_digitos,Máq.ofic.cálculo y contabilidad,849155,,,21480,,147303,9706,178490,6005465,,4030679,1356953,,193877,729281,39733,,394061,,85031,3273021,3273021,1990508,621969,2947,1371487,1993456,3119188,5109697,68802,10830776,18983631,24989096,285458,,326868,3146002,272390,4030718,,,,,,,,,,,,,,,,,,,,,
1992,C,Rev.2,3829,4,clase_4_digitos,MAQUIN.Y EQUIPOS N.E.P.,714158,4818,,114623,,169347,49463,338251,20706178,,7231050,963095,-104300,,395972,4584,,666838,,186155,4899337,4899337,4949853,1505718,8955,3453089,4958808,4640704,9590556,72479,16785131,29629677,50335855,737553,5349812,6910065,4174300,6030258,23201988,,,,,,,,,,,,,,,,,,,,,
1992,C,Rev.2,38290,5,subclase_5_digitos,Maquin.y equipo n.e.p.,714158,4818,,114623,,169347,49463,338251,20706178,,7231050,963095,-104300,,395972,4584,,666838,,186155,4899337,4899337,4949853,1505718,8955,3453089,4958808,4640704,9590556,72479,16785131,29629677,50335855,737553,5349812,6910065,4174300,6030258,23201988,,,,,,,,,,,,,,,,,,,,,
1992,C,Rev.2,383,3,grupo_3_digitos,MAQUIN.APAR.Y SUMIN.ELECTRICOS,10455539,138695,1057711,644181,64406,645865,1307376,3858234,256892177,,116485825,8753004,-1498368,122532,6600248,529144,474058,2525390,137520,759299,41449721,41449721,58692625,33231189,340627,25802063,59033252,39123525,97816150,1429376,96301646,264692730,521584907,104249826,165481121,69925529,75875828,14769965,434970324,,,,,,,,,,,,,,,,,,,,,
1992,C,Rev.2,3831,4,clase_4_digitos,MAQ.Y APAR.INDUSTR.ELECTRICOS,671440,4566,,52483,,153904,40182,251135,23112305,,7251841,343749,-966191,73126,345588,60749,32289,798188,,108654,3374236,3374236,4826280,1075896,339783,4090167,5166063,3160329,7986609,105253,13802114,25099630,48211935,118759,7298028,1306761,27395739,4305167,45092510,,,,,,,,,,,,,,,,,,,,,
1992,C,Rev.2,38310,5,subclase_5_digitos,Máq.y apar.industriales eléctricos,671440,4566,,52483,,153904,40182,251135,23112305,,7251841,343749,-966191,73126,345588,60749,32289,798188,,108654,3374236,3374236,4826280,1075896,339783,4090167,5166063,3160329,7986609,105253,13802114,25099630,48211935,118759,7298028,1306761,27395739,4305167,45092510,,,,,,,,,,,,,,,,,,,,,
1992,C,Rev.2,3832,4,clase_4_digitos,"EQ.Y APAR.RADIO,TV Y COMUNICACION",595327,,,42741,,132995,,175736,38535910,,25259477,123497,-736493,,-105307,-140656,58771,1047182,,47078,8442200,8442200,11951443,8858948,,3092495,11951443,8218122,20169565,176999,6247215,40544220,79080129,18819343,16796216,7727208,5262649,,48605417,,,,,,,,,,,,,,,,,,,,,
1992,C,Rev.2,38320,5,subclase_5_digitos,"Eq.y apar. radio,tv,y comunicación",595327,,,42741,,132995,,175736,38535910,,25259477,123497,-736493,,-105307,-140656,58771,1047182,,47078,8442200,8442200,11951443,8858948,,3092495,11951443,8218122,20169565,176999,6247215,40544220,79080129,18819343,16796216,7727208,5262649,,48605417,,,,,,,,,,,,,,,,,,,,,
1992,C,Rev.2,3833,4,clase_4_digitos,APAR.Y ACCES.ELECT.USO DOMESTICO,2510996,1140,235932,245651,,126849,214090,823662,68590401,,16294436,3277293,-559195,31704,2540887,293927,347736,622234,43064,253478,10070543,10070543,16866338,5552048,692,11314981,16867030,9484657,26350995,289344,31768085,60644060,129234461,832009,62998005,37285664,10373697,339511,111828886,,,,,,,,,,,,,,,,,,,,,
1992,C,Rev.2,38330,5,subclase_5_digitos,Apar.y acces.eléct. uso doméstico,2510996,1140,235932,245651,,126849,214090,823662,68590401,,16294436,3277293,-559195,31704,2540887,293927,347736,622234,43064,253478,10070543,10070543,16866338,5552048,692,11314981,16867030,9484657,26350995,289344,31768085,60644060,129234461,832009,62998005,37285664,10373697,339511,111828886,,,,,,,,,,,,,,,,,,,,,
1992,C,Rev.2,3839,4,clase_4_digitos,"PILAS,LAMP,MATER.DE CONDUCCION",6677775,132989,821779,303305,64406,232117,1053105,2607701,126653561,,67680072,5008465,763512,17702,3819080,315124,35262,57785,94456,350090,19562742,19562742,25048565,17744297,152,7304419,25048717,18260416,43308981,857780,44484232,138404820,265058381,84479715,78388871,23605896,32843743,10125288,229443512,,,,,,,,,,,,,,,,,,,,,
1992,C,Rev.2,38391,5,subclase_5_digitos,Acumuladores y pilas (baterías),684970,121802,84466,87780,47117,35925,258440,635530,12105525,,7210142,168723,,8274,79281,72619,1749,6800,,70065,2849208,2849208,2143216,691806,,1451410,2143216,2749413,4892630,29730,9300490,20044811,32150337,310000,4652730,16232077,620000,3290074,25104881,,,,,,,,,,,,,,,,,,,,,
1992,C,Rev.2,38392,5,subclase_5_digitos,"Lamp.eléc,tubo-luz,válvulas.radio",152915,,358759,,,10997,545435,915191,9588763,,6396397,-9321,,,8609,,,-17930,22277,38548,1427284,1427284,2915028,1972159,152,943021,2915180,1353196,4268224,13263,5075206,13051802,22640565,336375,18981951,672750,224250,560625,20775951,,,,,,,,,,,,,,,,,,,,,
1992,C,Rev.2,38393,5,subclase_5_digitos,Piezas y material conducción elect,5839889,11187,378554,215525,17289,185195,249230,1056980,104959273,,54073532,4849063,763512,9428,3731190,242505,33513,68915,72179,241477,15286250,15286250,19990320,15080332,,4909988,19990320,14157807,34148127,814787,30108536,105308207,210267480,83833340,54754190,6701068,31999493,6274589,183562679,,,,,,,,,,,,,,,,,,,,,
1992,C,Rev.2,384,3,grupo_3_digitos,MATERIAL DE TRANSPORTE,11515756,282611,493328,1024308,93666,596457,1248718,3739088,330686615,646850,177765048,15103547,2526075,244309,7492958,1187295,1321832,2331078,60445497,1708813,101353686,100706837,93610065,58590301,328679,35348443,93938745,38774340,132384405,425037,111030091,401017733,731704348,112060,268788217,111329166,28005780,46008062,454243285,,,,,,,,,,,,,,,,,,,,,
1992,C,Rev.2,3841,4,clase_4_digitos,CONSTRUCCION Y REPARACION NAVALES,1757093,,,307042,4200,82474,137809,531525,40103473,571454,17155531,5812930,1294011,170266,2740189,171999,1068034,368432,,258226,-1859782,-2431236,2999725,,46035,3045759,3045759,-2234705,765019,116698,31030298,47511687,87615159,,,,,,,,,,,,,,,,,,,,,,,,,,,
1992,C,Rev.2,38410,5,subclase_5_digitos,Construcción y reparacion navales,1757093,,,307042,4200,82474,137809,531525,40103473,571454,17155531,5812930,1294011,170266,2740189,171999,1068034,368432,,258226,-1859782,-2431236,2999725,,46035,3045759,3045759,-2234705,765019,116698,31030298,47511687,87615159,,,,,,,,,,,,,,,,,,,,,,,,,,,
1992,C,Rev.2,3843,4,clase_4_digitos,AUTOMOVILES Y REPUESTOS,8822448,282611,493328,709346,89466,442563,1033556,3050869,252251077,75396,150494255,4316924,375366,74043,1511387,560131,234444,1561553,59118569,1342783,99939096,99863700,79412998,56194234,282645,23501408,79695642,39205944,118618942,271800,72000324,331180728,583431804,112060,241393141,100514494,28005780,38446087,408471562,,,,,,,,,,,,,,,,,,,,,
1992,C,Rev.2,38430,5,subclase_5_digitos,Automotores y repuestos,8822448,282611,493328,709346,89466,442563,1033556,3050869,252251077,75396,150494255,4316924,375366,74043,1511387,560131,234444,1561553,59118569,1342783,99939096,99863700,79412998,56194234,282645,23501408,79695642,39205944,118618942,271800,72000324,331180728,583431804,112060,241393141,100514494,28005780,38446087,408471562,,,,,,,,,,,,,,,,,,,,,
1992,C,Rev.2,3844,4,clase_4_digitos,"MOTOS, MOTOCICLETAS Y BICICLETAS",936215,,,7920,,71420,77354,156694,38332066,,10115262,4973693,856698,,3241383,455165,19354,401093,1326928,107804,3274372,3274372,11197343,2396067,,8801276,11197343,1803101,13000444,36539,7999469,22325318,60657384,,27395075,10814672,,7561976,45771723,,,,,,,,,,,,,,,,,,,,,
1992,C,Rev.2,38440,5,subclase_5_digitos,"Motos,motocicletas y bicicletas.",936215,,,7920,,71420,77354,156694,38332066,,10115262,4973693,856698,,3241383,455165,19354,401093,1326928,107804,3274372,3274372,11197343,2396067,,8801276,11197343,1803101,13000444,36539,7999469,22325318,60657384,,27395075,10814672,,7561976,45771723,,,,,,,,,,,,,,,,,,,,,
1992,C,Rev.2,385,3,grupo_3_digitos,EQ.PROF.Y CIENTIF.Y AP.FOTOGRAFIA,3231172,7157,20722,20680,,24643,21890,95092,36194500,,20506194,3849941,2627,17655,2280007,198997,1152356,198299,3400,96607,5222249,5222249,4661160,1822170,,2838991,4661160,5017266,9678427,104975,12578902,41538517,77733017,600088,,5844968,49549621,7639686,63634363,,,,,,,,,,,,,,,,,,,,,
1992,C,Rev.2,3851,4,clase_4_digitos,EQ.PROF.Y CIENTIFICO (ORTOPEDIA),2966033,7157,20722,20680,,2742,13033,64334,28240098,,14610555,3231164,2627,17655,1805202,197781,1073134,134765,3400,70427,4330401,4330401,3262054,1480462,,1781593,3262054,4203035,7465089,53539,9217503,31124493,59364590,,,,49549621,,49549621,,,,,,,,,,,,,,,,,,,,,
1992,C,Rev.2,38510,5,subclase_5_digitos,Equipo prof.científico(ortopedia),2966033,7157,20722,20680,,2742,13033,64334,28240098,,14610555,3231164,2627,17655,1805202,197781,1073134,134765,3400,70427,4330401,4330401,3262054,1480462,,1781593,3262054,4203035,7465089,53539,9217503,31124493,59364590,,,,49549621,,49549621,,,,,,,,,,,,,,,,,,,,,
1992,C,Rev.2,3852,4,clase_4_digitos,"AP.FOTOGRAFICOS,INSTRUM.OPTICA",265139,,,,,21901,8857,30758,7954402,,5895639,618777,,,474805,1216,79222,63534,,26180,891847,891847,1399106,341708,,1057398,1399106,814232,2213338,51436,3361399,10414024,18368427,600088,,5844968,,7639686,14084742,,,,,,,,,,,,,,,,,,,,,
1992,C,Rev.2,38520,5,subclase_5_digitos,Ap.fotográficos e instrum.óptica.,265139,,,,,21901,8857,30758,7954402,,5895639,618777,,,474805,1216,79222,63534,,26180,891847,891847,1399106,341708,,1057398,1399106,814232,2213338,51436,3361399,10414024,18368427,600088,,5844968,,7639686,14084742,,,,,,,,,,,,,,,,,,,,,
1992,C,Rev.2,39,2,division_2_digitos,OTRAS INDUSTRIAS MANUFACTURERAS,3497570,149815,,77482,,195204,405682,828183,140028183,,19876364,1205420,115531,15477,154401,254394,4845,660773,791553,186726,11513898,11513898,15956261,2445803,172393,13682850,16128654,9353819,25310079,1181801,26197423,61085255,201113437,4339357,48280716,3508629,15225306,7033580,78387589,,,,,,,,,,,,,,,,,,,,,
1992,C,Rev.2,390,3,grupo_3_digitos,OTRAS INDUSTRIAS MANUFACTURERAS,3497570,149815,,77482,,195204,405682,828183,140028183,,19876364,1205420,115531,15477,154401,254394,4845,660773,791553,186726,11513898,11513898,15956261,2445803,172393,13682850,16128654,9353819,25310079,1181801,26197423,61085255,201113437,4339357,48280716,3508629,15225306,7033580,78387589,,,,,,,,,,,,,,,,,,,,,
1992,C,Rev.2,3901,4,clase_4_digitos,JOYAS Y ARTICULOS CONEXOS,76658,,,6347,,5723,34008,46078,3037149,,720909,28043,,,,28043,,,2562,13586,460086,460086,337726,26329,,311397,337726,434927,772653,9012,1862969,3120622,6157771,,137688,,,1908844,2046532,,,,,,,,,,,,,,,,,,,,,
1992,C,Rev.2,39010,5,subclase_5_digitos,Joyas y artículos conexos.,76658,,,6347,,5723,34008,46078,3037149,,720909,28043,,,,28043,,,2562,13586,460086,460086,337726,26329,,311397,337726,434927,772653,9012,1862969,3120622,6157771,,137688,,,1908844,2046532,,,,,,,,,,,,,,,,,,,,,
1992,C,Rev.2,3903,4,clase_4_digitos,ARTIC.DE DEPORTE Y ATLETISMO,50992,,,,,10704,,10704,1100506,,700157,,,,,,,,,4694,66845,66845,232205,20704,,211501,232205,58797,291002,3354,347571,1165565,2266070,,1629393,444072,,,2073466,,,,,,,,,,,,,,,,,,,,,
1992,C,Rev.2,39030,5,subclase_5_digitos,Artículos para deporte.,50992,,,,,10704,,10704,1100506,,700157,,,,,,,,,4694,66845,66845,232205,20704,,211501,232205,58797,291002,3354,347571,1165565,2266070,,1629393,444072,,,2073466,,,,,,,,,,,,,,,,,,,,,
1992,C,Rev.2,3909,4,clase_4_digitos,OTRAS INDUSTRIAS MANUFACT. N.E.P.,3369919,149815,,71135,,178777,371674,771402,135890529,,18455298,1177377,115531,15477,154401,226351,4845,660773,788992,168446,10986967,10986967,15386330,2398771,172393,13159952,15558723,8860095,24246425,1169435,23986882,56799067,192689596,4339357,46513635,3064557,15225306,5124736,74267592,,,,,,,,,,,,,,,,,,,,,
1992,C,Rev.2,39090,5,subclase_5_digitos,Otras industrias manufact.n.e.p.,3369919,149815,,71135,,178777,371674,771402,135890529,,18455298,1177377,115531,15477,154401,226351,4845,660773,788992,168446,10986967,10986967,15386330,2398771,172393,13159952,15558723,8860095,24246425,1169435,23986882,56799067,192689596,4339357,46513635,3064557,15225306,5124736,74267592,,,,,,,,,,,,,,,,,,,,,
1993,C,Rev.2,3,1,industria_total,INDUSTRIAS MANUFACTURERAS,617528686,4023316,129123826,35126839,97969086,18587393,33567742,318398202,13298773275,86554290,4553162893,899011571,128760037,9473128,491513677,52755572,55177076,161332081,1108424704,33788990,2338028199,2251473909,1972931074,505823202,51487569,1518595441,2024418643,1085433687,3058364761,110380819,4289933313,11712098801,25010872076,412646828,7899763970,4763205748,3083404215,1381844733,17540865495,,,,,,,,,,,,,,,,,,,,,
1993,C,Rev.2,31,2,division_2_digitos,PRODUCTOS ALIMENT.BEBIDAS Y TABACO,270022874,256607,21998012,18579456,60092127,4181829,12481206,117589237,5714244476,46998595,1812684607,275976083,5658944,2057963,151438706,18054421,29359796,69406253,868283859,10044974,1476286796,1429288201,654220423,90765656,19601257,583056024,673821680,527708387,1181928810,70249577,1422817813,4934813495,10649057971,59096084,4271811393,2527584680,614177308,804414691,8277084156,,,,,,,,,,,,,,,,,,,,,
1993,C,Rev.2,311,3,grupo_3_digitos,PRODUCTOS ALIMENTICIOS,138079635,142989,15333935,14985277,46457838,3099911,10471121,90491072,4275804840,45144123,1000604822,173995598,816233,1631729,82076519,14001523,18423899,57045694,2319259,6534677,295671626,250527503,393985116,42234105,12195045,363946057,406180162,256446550,650431666,30371139,974352663,2363564622,6639369463,54386429,2517825743,1070406286,239187677,763233527,4645039662,,,,,,,,,,,,,,,,,,,,,
1993,C,Rev.2,3111,4,clase_4_digitos,MATANZA Y PREPARAC CARNES Y AVES,26672910,102145,4794410,3423996,5372085,499908,1075767,15268311,1713464781,17361490,222623841,16000707,-4795928,465778,10910118,2691423,1353458,5375858,2072442,2193619,132140558,114779069,88203062,6878173,2665297,83990186,90868359,117722931,205925993,10151566,260576696,624652516,2338117298,12923992,978162561,533932177,68557605,43574901,1637151236,,,,,,,,,,,,,,,,,,,,,
1993,C,Rev.2,31111,5,subclase_5_digitos,Matanza de ganado.,20465051,102145,3517054,2751423,4433516,242462,832444,11879045,1326885582,16888174,102557376,-2493395,-7430288,465217,601972,821118,404585,2644001,1701098,1663109,70374621,53486447,45834935,1695056,2338762,46478641,48173697,59671032,105505968,7339381,190986071,367494945,1694380527,12923992,577744266,360131493,65838558,11403619,1028041928,,,,,,,,,,,,,,,,,,,,,
1993,C,Rev.2,31112,5,subclase_5_digitos,Preparación y conservación carnes,5664233,,1277356,491308,830862,257446,207596,3064567,260887369,473316,74124375,13888118,1696619,,8946476,687357,721005,1836661,371344,436725,47499637,47026321,33730241,4926871,137908,28941277,33868149,44229235,77959475,2462334,54254870,181069800,441957169,,328327661,80908970,1715735,9027151,419979517,,,,,,,,,,,,,,,,,,,,,
1993,C,Rev.2,31113,5,subclase_5_digitos,Matanza y preparación de aves.,543626,,,181265,107706,,35727,324698,125691830,,45942091,4605984,937742,561,1361670,1182948,227868,895196,,93785,14266300,14266300,8637885,256245,188627,8570268,8826513,13822665,22460550,349851,15335754,76087771,201779601,,72090635,92891714,1003312,23144130,189129791,,,,,,,,,,,,,,,,,,,,,
1993,C,Rev.2,3112,4,clase_4_digitos,PRODUCTOS LACTEOS,26762020,,6663886,1519060,5179924,641512,452470,14456852,683624675,9591145,273839718,32368299,1718069,842787,21556595,2122245,731935,5396669,90690,602826,54112681,44521535,55411628,9487908,7243265,53166985,62654893,47496998,102908626,5922167,231677148,576800421,1260425095,32845776,677633554,85499306,10948592,42546417,849473644,,,,,,,,,,,,,,,,,,,,,
1993,C,Rev.2,31120,5,subclase_5_digitos,Productos lácteos.,26762020,,6663886,1519060,5179924,641512,452470,14456852,683624675,9591145,273839718,32368299,1718069,842787,21556595,2122245,731935,5396669,90690,602826,54112681,44521535,55411628,9487908,7243265,53166985,62654893,47496998,102908626,5922167,231677148,576800421,1260425095,32845776,677633554,85499306,10948592,42546417,849473644,,,,,,,,,,,,,,,,,,,,,
1993,C,Rev.2,3113,4,clase_4_digitos,ENVAS.Y CONSERVAC.FRUTAS-LEGUMBRES,5860497,,320864,114568,1048250,159917,47820,1691419,57122999,990977,-1058258,1947000,67727,,1811101,583,67589,,115727,68798,5416300,4425323,6532544,383525,72411,6221430,6604955,5155893,11688437,75882,10272921,19500484,76623482,,49895622,4209297,,2252743,56357662,,,,,,,,,,,,,,,,,,,,,
1993,C,Rev.2,31130,5,subclase_5_digitos,"Envas.y concervac.frutas,legumbres",5860497,,320864,114568,1048250,159917,47820,1691419,57122999,990977,-1058258,1947000,67727,,1811101,583,67589,,115727,68798,5416300,4425323,6532544,383525,72411,6221430,6604955,5155893,11688437,75882,10272921,19500484,76623482,,49895622,4209297,,2252743,56357662,,,,,,,,,,,,,,,,,,,,,
1993,C,Rev.2,3114,4,clase_4_digitos,ELABORACION DE PESCADO Y OTROS,12764086,,,1039821,786850,,1097558,2924229,145674142,,8271269,16915947,187166,24884,2157404,305787,13882450,358257,,642456,-10672805,-10672805,14460397,1087720,217786,13590464,14678184,-11939830,2520567,624570,76344444,86706995,232381136,,7039893,6161,342264,245308,7633626,,,,,,,,,,,,,,,,,,,,,
1993,C,Rev.2,31140,5,subclase_5_digitos,"Elaboración de pescado, y otros.",12764086,,,1039821,786850,,1097558,2924229,145674142,,8271269,16915947,187166,24884,2157404,305787,13882450,358257,,642456,-10672805,-10672805,14460397,1087720,217786,13590464,14678184,-11939830,2520567,624570,76344444,86706995,232381136,,7039893,6161,342264,245308,7633626,,,,,,,,,,,,,,,,,,,,,
1993,C,Rev.2,3115,4,clase_4_digitos,ACEITES Y GRASAS VEGET.Y ANIMALES.,4833744,,695010,745093,4118248,29032,1182748,6770131,176871312,,40208892,5261037,,4694,3405414,169930,667389,1013609,,193193,14962697,14962697,44891637,4054054,134020,40971603,45025657,12081604,56973241,2687899,26494198,86499531,263370843,,137512902,4365126,32065397,45748190,219691614,,,,,,,,,,,,,,,,,,,,,
1993,C,Rev.2,31150,5,subclase_5_digitos,Aceites y grasas veget.y animales,4833744,,695010,745093,4118248,29032,1182748,6770131,176871312,,40208892,5261037,,4694,3405414,169930,667389,1013609,,193193,14962697,14962697,44891637,4054054,134020,40971603,45025657,12081604,56973241,2687899,26494198,86499531,263370843,,137512902,4365126,32065397,45748190,219691614,,,,,,,,,,,,,,,,,,,,,
1993,C,Rev.2,3116,4,clase_4_digitos,"MOLINOS HARINEROS,ARROCEROS,YERBAT",15809634,,28846,3251079,1068599,429833,142366,4920722,741016712,17200511,173725727,15005382,1823553,109529,8995005,687500,542308,2847487,40400,790021,24403239,7202728,42055648,6427800,1485045,37112892,43540692,20496763,62552411,3076055,97719027,294457116,1035473829,941632,253023307,123728386,89521681,51347635,518562641,,,,,,,,,,,,,,,,,,,,,
1993,C,Rev.2,31161,5,subclase_5_digitos,Molinos harineros.,4927996,,28846,2461543,28656,59244,78343,2656632,247240988,,54520249,4442210,31100,48763,1579667,21626,341641,2419412,40400,429141,31526836,31526836,15381610,693173,743024,15431460,16124633,29446259,44827869,1611036,49130264,140105345,387346333,941632,134250419,91816080,89128598,50711279,366848008,,,,,,,,,,,,,,,,,,,,,
1993,C,Rev.2,31162,5,subclase_5_digitos,Molinos arroceros.,10151701,,,621919,1039943,348649,36948,2047459,429805190,17200511,113180244,10156530,1792453,50496,7304115,647575,107007,254884,,308944,-8241846,-25442357,18854555,497791,741828,19098592,19596383,-9753774,9100781,1202984,41949198,139838786,569643976,,62122188,10932832,238062,467013,73760095,,,,,,,,,,,,,,,,,,,,,
1993,C,Rev.2,31163,5,subclase_5_digitos,Molienda yerba mate.,729937,,,167617,,21940,27074,216631,63970534,,6025234,406642,,10271,111223,18298,93659,173191,,51936,1118249,1118249,7819483,5236836,193,2582840,7819676,804277,8623761,262035,6639565,14512985,78483519,,56650700,20979474,155021,169343,77954538,,,,,,,,,,,,,,,,,,,,,
1993,C,Rev.2,3117,4,clase_4_digitos,"PAN,REPOSTERIA,PASTAS,GALLETERIA",33799339,3395,1830557,4553260,25782470,839220,5026621,38035523,547928677,,243883717,82178246,1433304,9231,31247272,7707733,650207,41130499,,1726745,52530427,52530427,112936911,3095617,137619,109978913,113074530,46344232,159281142,4459450,213249591,543463074,1091391751,7298524,180888871,258068261,17868293,575459888,1039583837,,,,,,,,,,,,,,,,,,,,,
1993,C,Rev.2,31171,5,subclase_5_digitos,,26198445,3395,735810,3052247,25782470,515180,2735997,32825099,386671232,,206635115,69172230,697363,9231,22418303,5383096,88544,40575693,,1325787,38214319,38214319,82594548,497598,134039,82230988,82728586,33962993,116557540,2925539,159913881,430961759,817632991,5954864,48262699,221055341,1670415,517222246,794165566,,,,,,,,,,,,,,,,,,,,,
1993,C,Rev.2,31172,5,subclase_5_digitos,Fideerías y preparación de pastas.,4634677,,246699,1340467,,260026,624260,2471451,99410039,,18355485,10304243,713578,,6135577,2308863,530604,615622,,216354,4672595,4672595,20064533,1512735,1521,18553319,20066054,3360783,23425316,1095457,28288311,55951067,155361107,1343660,58548660,25645989,,58237642,143775951,,,,,,,,,,,,,,,,,,,,,
1993,C,Rev.2,31173,5,subclase_5_digitos,,2966217,,848047,160547,,64014,1666364,2738972,61847406,,18893117,2701773,22363,,2693392,15774,31059,-60816,,184604,9643513,9643513,10277830,1085283,2060,9194606,10279890,9020456,19298286,438453,25047399,56550247,118397653,,74077512,11366932,16197878,,101642321,,,,,,,,,,,,,,,,,,,,,
1993,C,Rev.2,3118,4,clase_4_digitos,INGENIOS Y REFINERIAS DE AZUCAR,9859899,,109066,178887,3101412,283389,1074136,4746890,132565226,,9971124,530298,60928,151857,193859,98087,24091,1476,,61185,10815551,10815551,12887167,7207246,236001,5915922,13123168,8467962,21355129,2286404,24537988,55184562,187749788,,176415533,7904389,6445818,56138,190821878,,,,,,,,,,,,,,,,,,,,,
1993,C,Rev.2,31180,5,subclase_5_digitos,Ingenios y refinerías de azúcar.,9859899,,109066,178887,3101412,283389,1074136,4746890,132565226,,9971124,530298,60928,151857,193859,98087,24091,1476,,61185,10815551,10815551,12887167,7207246,236001,5915922,13123168,8467962,21355129,2286404,24537988,55184562,187749788,,176415533,7904389,6445818,56138,190821878,,,,,,,,,,,,,,,,,,,,,
1993,C,Rev.2,3119,4,clase_4_digitos,"CACAO,CHOCOLATE Y CONFITURAS",1717505,37448,891297,159513,,217101,371635,1676994,77536316,,29138791,3788681,321413,22970,1799750,218237,504473,921838,,255834,11962978,11962978,16606123,3612062,3601,12997661,16609724,10619998,27226121,1087145,33480650,76299923,153836240,376505,57253500,52693183,13438028,2002307,125763523,,,,,,,,,,,,,,,,,,,,,
1993,C,Rev.2,31190,5,subclase_5_digitos,"Cacao,chocolate y confituras",1717505,37448,891297,159513,,217101,371635,1676994,77536316,,29138791,3788681,321413,22970,1799750,218237,504473,921838,,255834,11962978,11962978,16606123,3612062,3601,12997661,16609724,10619998,27226121,1087145,33480650,76299923,153836240,376505,57253500,52693183,13438028,2002307,125763523,,,,,,,,,,,,,,,,,,,,,
1993,C,Rev.2,312,3,grupo_3_digitos,ALIMENTOS DIVERSOS,12400533,102839,1842345,1177229,7202551,319629,512973,11157567,502094003,,219528193,39880424,3148512,222966,29473258,1119037,167565,5749086,1506977,990025,82797006,82797006,77997749,20228715,2179942,59948976,80177691,75782644,153780393,4517360,130394178,445119909,947213911,785212,221166016,277470457,359027540,18568097,877017322,,,,,,,,,,,,,,,,,,,,,
1993,C,Rev.2,3121,4,clase_4_digitos,PRODUCTOS ALIMENTICIOS DIVERSOS,11384588,102839,1826181,720836,7139004,240628,464621,10494110,412100322,,182824356,37426909,1892662,217721,28546344,1101868,163229,5505085,1506977,952506,87348086,87348086,71142974,20211467,923218,51854724,72066191,80492162,151635136,4396442,122878222,404435253,816535574,785212,207445374,260451201,302125989,5659653,776467428,,,,,,,,,,,,,,,,,,,,,
1993,C,Rev.2,31211,5,subclase_5_digitos,,2695826,102839,376950,411207,351567,158137,167359,1568058,102088197,,21930644,5852612,694137,217721,1614045,268336,84061,2974312,,207217,13914755,13914755,12708913,5934408,,6774504,12708913,12887402,25596315,820135,27698638,66239862,168328060,785212,68859484,88112757,,5036160,162793613,,,,,,,,,,,,,,,,,,,,,
1993,C,Rev.2,31212,5,subclase_5_digitos,,8688762,,1449232,309629,6787437,82492,297263,8926052,310012124,,160893712,31574297,1198525,,26932298,833532,79168,2530773,1506977,745289,73433331,73433331,58434061,14277059,923218,45080220,59357279,67604759,126038821,3576307,95179584,338195390,648207514,,138585889,172338444,302125989,623493,613673815,,,,,,,,,,,,,,,,,,,,,
1993,C,Rev.2,3122,4,clase_4_digitos,RACIONES BALANCEADAS,1015944,,16164,456394,63547,79001,48352,663457,89993681,,36703836,2453515,1255850,5245,926914,17169,4336,244001,,37520,-4551080,-4551080,6854775,17248,1256724,8094251,8111499,-4709518,2145257,120918,7515956,40684656,130678337,,13720642,17019257,56901551,12908444,100549894,,,,,,,,,,,,,,,,,,,,,
1993,C,Rev.2,31220,5,subclase_5_digitos,Preparación raciones balanceadas,1015944,,16164,456394,63547,79001,48352,663457,89993681,,36703836,2453515,1255850,5245,926914,17169,4336,244001,,37520,-4551080,-4551080,6854775,17248,1256724,8094251,8111499,-4709518,2145257,120918,7515956,40684656,130678337,,13720642,17019257,56901551,12908444,100549894,,,,,,,,,,,,,,,,,,,,,
1993,C,Rev.2,313,3,grupo_3_digitos,INDUSTRIA DE BEBIDAS,113816721,10779,4205534,2315798,6431738,695373,1341584,15000806,812604514,1854472,528857703,55549519,1761802,49516,35961496,2652482,8888095,6236127,334029975,2191030,560829001,558974529,181871502,25442366,238624,156667760,182110125,195094196,376965698,29513800,270936530,1472585482,2285189996,3924443,817394467,1145535238,15962091,22613068,2005429306,,,,,,,,,,,,,,,,,,,,,
1993,C,Rev.2,3131,4,clase_4_digitos,DEST.Y MEZCLA BEBIDAS ESPIRITUOSAS,6013344,,2187977,133029,240382,118077,542051,3221517,130617349,,18811666,2102604,96853,260,1359992,167449,7198,470851,74234029,357803,106296177,106296177,22610258,9219340,51059,13441977,22661317,31274777,53885035,429568,35985919,167107107,297724456,,227075881,33582959,2205963,16868285,279733088,,,,,,,,,,,,,,,,,,,,,
1993,C,Rev.2,31310,5,subclase_5_digitos,Dest.y mezcla bebidas espirituosas,6013344,,2187977,133029,240382,118077,542051,3221517,130617349,,18811666,2102604,96853,260,1359992,167449,7198,470851,74234029,357803,106296177,106296177,22610258,9219340,51059,13441977,22661317,31274777,53885035,429568,35985919,167107107,297724456,,227075881,33582959,2205963,16868285,279733088,,,,,,,,,,,,,,,,,,,,,
1993,C,Rev.2,3132,4,clase_4_digitos,INDUSTRIAS VINICOLAS,5205078,,53406,1221370,49541,343344,163672,1831332,160142809,,57732286,7051811,397747,16050,1274997,240811,1488402,3633803,15643915,233792,45488114,45488114,19462530,979088,,18483442,19462530,23757930,43220460,5852477,28614414,137039892,297182701,,89555156,160755615,1494253,5587373,257392396,,,,,,,,,,,,,,,,,,,,,
1993,C,Rev.2,31320,5,subclase_5_digitos,Industrias vinícolas.,5205078,,53406,1221370,49541,343344,163672,1831332,160142809,,57732286,7051811,397747,16050,1274997,240811,1488402,3633803,15643915,233792,45488114,45488114,19462530,979088,,18483442,19462530,23757930,43220460,5852477,28614414,137039892,297182701,,89555156,160755615,1494253,5587373,257392396,,,,,,,,,,,,,,,,,,,,,
1993,C,Rev.2,3133,4,clase_4_digitos,CERVECERIAS Y MALTERIAS,84649808,,1152478,59212,3506673,34786,80549,4833698,139455088,1854472,98636489,13710659,1028040,28055,7492938,1042557,3827908,291161,68614861,698068,111069715,109215243,32177687,2667054,71029,29581662,32248716,39032270,71209957,2724516,89295171,381796711,521251799,,353089468,22743435,11223190,,387056093,,,,,,,,,,,,,,,,,,,,,
1993,C,Rev.2,31330,5,subclase_5_digitos,Cervecerías y malterías,84649808,,1152478,59212,3506673,34786,80549,4833698,139455088,1854472,98636489,13710659,1028040,28055,7492938,1042557,3827908,291161,68614861,698068,111069715,109215243,32177687,2667054,71029,29581662,32248716,39032270,71209957,2724516,89295171,381796711,521251799,,353089468,22743435,11223190,,387056093,,,,,,,,,,,,,,,,,,,,,
1993,C,Rev.2,3134,4,clase_4_digitos,BEBIDAS SIN ALCOHOL,17948491,10779,811673,902186,2635143,199166,555311,5114259,382389268,,353677262,32684445,239162,5151,25833568,1201665,3564587,1840312,175537169,901367,297974994,297974994,107621026,12576884,116536,95160678,107737562,101029219,208650246,20507239,117041025,786641772,1169031041,3924443,147673962,928453229,1038685,157410,1081247729,,,,,,,,,,,,,,,,,,,,,
1993,C,Rev.2,31340,5,subclase_5_digitos,Bebidas sin alcohol,17948491,10779,811673,902186,2635143,199166,555311,5114259,382389268,,353677262,32684445,239162,5151,25833568,1201665,3564587,1840312,175537169,901367,297974994,297974994,107621026,12576884,116536,95160678,107737562,101029219,208650246,20507239,117041025,786641772,1169031041,3924443,147673962,928453229,1038685,157410,1081247729,,,,,,,,,,,,,,,,,,,,,
1993,C,Rev.2,314,3,grupo_3_digitos,INDUSTRIAS DEL TABACO,5725986,,616197,101152,,66915,155528,939792,123741119,,63693890,6550542,-67604,153752,3927434,281378,1880237,375345,530427648,329241,536989163,536989163,366056,2860470,4987646,2493232,5353702,384997,751053,5847277,47134443,653543482,777284601,,715425167,34172699,,,749597866,,,,,,,,,,,,,,,,,,,,,
1993,C,Rev.2,3140,4,clase_4_digitos,INDUSTRIAS DEL TABACO,5725986,,616197,101152,,66915,155528,939792,123741119,,63693890,6550542,-67604,153752,3927434,281378,1880237,375345,530427648,329241,536989163,536989163,366056,2860470,4987646,2493232,5353702,384997,751053,5847277,47134443,653543482,777284601,,715425167,34172699,,,749597866,,,,,,,,,,,,,,,,,,,,,
1993,C,Rev.2,31400,5,subclase_5_digitos,Industrias del tabaco.,5725986,,616197,101152,,66915,155528,939792,123741119,,63693890,6550542,-67604,153752,3927434,281378,1880237,375345,530427648,329241,536989163,536989163,366056,2860470,4987646,2493232,5353702,384997,751053,5847277,47134443,653543482,777284601,,715425167,34172699,,,749597866,,,,,,,,,,,,,,,,,,,,,
1993,C,Rev.2,32,2,division_2_digitos,"TEXTILES,PR.VESTIR,INDUSTRIA CUERO",100281620,76217,19777097,1574058,8882746,3489406,2950684,36750209,2645924925,35045097,793083634,143891822,15604506,281349,93255645,6933834,3653221,24163267,1168583,6549865,34524538,-520559,373692418,59458633,5881944,320115729,379574362,13597459,387289877,13208631,819691576,1712536271,4358461196,21993511,725354156,508222517,301978322,111162645,1668711151,,,,,,,,,,,,,,,,,,,,,
1993,C,Rev.2,321,3,grupo_3_digitos,TEXTILES,67959904,76217,16851300,764258,6269189,1248042,1687403,26896409,1126307699,18729987,433978980,86994198,6407088,100433,66616198,2904766,1856546,9109167,15896,3444245,55149928,36419940,141172717,33401946,5138773,112909545,146311490,42942726,184115443,8747060,428277508,966636332,2092944030,20709580,449114450,172372290,171658798,30008456,843863574,,,,,,,,,,,,,,,,,,,,,
1993,C,Rev.2,3211,4,clase_4_digitos,"LAVADERO,HILANDERIA Y TEJEDURIA.",57366835,55253,15689769,271952,5664516,511591,1262025,23455105,910050351,14505244,327722763,63202666,6990451,34176,50319026,1947150,1583076,2328788,,2597658,45721343,31216098,102296630,23295622,4598442,83599450,106895072,35549715,137846344,7573970,333473366,749779063,1659829413,3461492,332031070,60121186,152071596,2752315,550437659,,,,,,,,,,,,,,,,,,,,,
1993,C,Rev.2,32111,5,subclase_5_digitos,"Lavadero,enfardelaje y fab de tops",21514864,,2682674,156686,3195498,88970,284102,6407930,481436669,4428884,156464192,23867709,2438783,9271,20155762,205089,759756,299048,,639028,6927742,2498858,29881766,4378259,1115791,26619299,30997558,1402035,31283801,4886679,85142911,265620824,747057493,,22972938,99719,43166120,,66238777,,,,,,,,,,,,,,,,,,,,,
1993,C,Rev.2,32112,5,subclase_5_digitos,"Hiland.tejeduría,acabado de lana",11884282,55253,2609679,6247,1332642,208061,195555,4407437,165909645,7976855,84436108,12144729,1901730,8245,8400707,820294,283192,730561,,814096,-1990182,-9967038,25217148,4247693,2689,20972144,25219837,-4085498,21131651,1281220,100940067,187293420,353203065,,82208734,2710361,16637053,1868897,103425045,,,,,,,,,,,,,,,,,,,,,
1993,C,Rev.2,32113,5,subclase_5_digitos,,8856517,,1169562,42216,992642,82881,486887,2774187,103849072,,21091673,14737112,2235740,6673,11240533,338433,119370,796363,,496399,17869944,17869944,19914192,5702515,10777,14222454,19924969,17019362,36933554,354183,58691264,106509399,210358471,77049,83609660,12493833,73864330,,170044872,,,,,,,,,,,,,,,,,,,,,
1993,C,Rev.2,32114,5,subclase_5_digitos,,15110374,,9227854,66803,143734,131679,295481,9865551,158622421,2099505,65721724,12453117,414198,9987,10522024,583334,420758,502815,,647143,22919992,20820487,27270356,8967154,3469185,21772387,30739541,21220990,48491346,1051859,88551504,190204090,348826511,3384444,143206506,44817273,18404092,883418,210695733,,,,,,,,,,,,,,,,,,,,,
1993,C,Rev.2,32115,5,subclase_5_digitos,Hiland.tejeduría de fibras duras,798,,,,,,,,232544,,9066,,,,,,,,,992,-6153,-6153,13167,,,13167,13167,-7175,5992,30,147619,151330,383874,,33232,,,,33232,,,,,,,,,,,,,,,,,,,,,
1993,C,Rev.2,3212,4,clase_4_digitos,TEXTILES EXCEPTO PRENDAS VESTIR,640533,,,47441,,441301,27525,516266,31197923,,19804966,1963310,-635716,255,934282,44319,33291,1586879,15896,73992,1798059,1798059,3663846,782974,527219,3408092,4191065,1502721,5166568,205449,9460819,31704377,62902300,15278861,32511769,9336521,1156545,3157080,61440776,,,,,,,,,,,,,,,,,,,,,
1993,C,Rev.2,32120,5,subclase_5_digitos,Textiles excepto prendas vestir,640533,,,47441,,441301,27525,516266,31197923,,19804966,1963310,-635716,255,934282,44319,33291,1586879,15896,73992,1798059,1798059,3663846,782974,527219,3408092,4191065,1502721,5166568,205449,9460819,31704377,62902300,15278861,32511769,9336521,1156545,3157080,61440776,,,,,,,,,,,,,,,,,,,,,
1993,C,Rev.2,3213,4,clase_4_digitos,TEJIDOS PUNTO Y MEDIAS,5115323,20964,503961,312795,17173,244150,82473,1181516,124183476,4096380,67926787,19493120,,58173,13945407,728273,138,4761129,,440840,1955226,-2141153,22373289,5092058,,17281231,22373289,749159,23122447,765228,55040168,125941125,250124601,,43214247,73656080,772802,22626285,140269414,,,,,,,,,,,,,,,,,,,,,
1993,C,Rev.2,32130,5,subclase_5_digitos,Tejidos de punto y medias.,5115323,20964,503961,312795,17173,244150,82473,1181516,124183476,4096380,67926787,19493120,,58173,13945407,728273,138,4761129,,440840,1955226,-2141153,22373289,5092058,,17281231,22373289,749159,23122447,765228,55040168,125941125,250124601,,43214247,73656080,772802,22626285,140269414,,,,,,,,,,,,,,,,,,,,,
1993,C,Rev.2,3214,4,clase_4_digitos,TAPICES Y ALFOMBRAS,424398,,,1908,,80,36456,38444,4408713,,2835220,77277,,,-2000,10373,,68904,,21460,851661,851661,1404169,343865,8206,1068510,1412375,817194,2221363,13006,2585590,6696868,11105581,,277564,4339319,,887442,5504325,,,,,,,,,,,,,,,,,,,,,
1993,C,Rev.2,32140,5,subclase_5_digitos,Tapices y alfombras,424398,,,1908,,80,36456,38444,4408713,,2835220,77277,,,-2000,10373,,68904,,21460,851661,851661,1404169,343865,8206,1068510,1412375,817194,2221363,13006,2585590,6696868,11105581,,277564,4339319,,887442,5504325,,,,,,,,,,,,,,,,,,,,,
1993,C,Rev.2,3215,4,clase_4_digitos,CORDELERIA,17643,,,,26825,11183,4821,42829,1109812,,94069,54760,,7830,,2766,,44164,,9031,275958,275958,211312,41777,4906,174441,216218,253103,464415,13824,1145847,1533517,2643329,,2254656,433588,202341,,2890584,,,,,,,,,,,,,,,,,,,,,
1993,C,Rev.2,32150,5,subclase_5_digitos,Cordelería.,17643,,,,26825,11183,4821,42829,1109812,,94069,54760,,7830,,2766,,44164,,9031,275958,275958,211312,41777,4906,174441,216218,253103,464415,13824,1145847,1533517,2643329,,2254656,433588,202341,,2890584,,,,,,,,,,,,,,,,,,,,,
1993,C,Rev.2,3219,4,clase_4_digitos,TEXTILES N.E.P.,4395171,,657571,130163,560675,39738,274103,1662249,55357424,128364,15595175,2203065,52353,,1419483,171886,240041,319303,,301265,4547681,4419318,11223471,3845651,,7377820,11223471,4070834,15294306,175582,26571718,50981382,106338807,1969226,38825144,24485597,17455515,585333,83320816,,,,,,,,,,,,,,,,,,,,,
1993,C,Rev.2,32190,5,subclase_5_digitos,Textiles N.E.P..,4395171,,657571,130163,560675,39738,274103,1662249,55357424,128364,15595175,2203065,52353,,1419483,171886,240041,319303,,301265,4547681,4419318,11223471,3845651,,7377820,11223471,4070834,15294306,175582,26571718,50981382,106338807,1969226,38825144,24485597,17455515,585333,83320816,,,,,,,,,,,,,,,,,,,,,
1993,C,Rev.2,322,3,grupo_3_digitos,PRENDAS VESTIR EXCEPTO CALZADO,13701087,,1220577,159637,109360,1408774,358555,3256903,828814274,12360152,246515600,22088097,4298655,2173,5390055,1513989,1466867,9416358,1121753,1850315,-29572793,-41932945,160634727,14115826,281495,146800395,160916221,-34634236,126000491,2089375,219099328,437383071,1266197345,1283931,186292313,222727546,13578136,62924431,486806357,,,,,,,,,,,,,,,,,,,,,
1993,C,Rev.2,3220,4,clase_4_digitos,PRENDAS VESTIR EXCEPTO CALZADO,13701087,,1220577,159637,109360,1408774,358555,3256903,828814274,12360152,246515600,22088097,4298655,2173,5390055,1513989,1466867,9416358,1121753,1850315,-29572793,-41932945,160634727,14115826,281495,146800395,160916221,-34634236,126000491,2089375,219099328,437383071,1266197345,1283931,186292313,222727546,13578136,62924431,486806357,,,,,,,,,,,,,,,,,,,,,
1993,C,Rev.2,32201,5,subclase_5_digitos,,6095619,,1100028,85816,109360,406569,208355,1910128,306758841,1659806,125200910,8788259,2030495,1035,2745263,501601,1362914,2146952,962651,1260565,28495800,26835994,63058131,6874668,281159,56464622,63339290,25363780,88421911,908804,145200232,303332755,610091596,1142076,103615893,158979128,11274394,43319600,318331090,,,,,,,,,,,,,,,,,,,,,
1993,C,Rev.2,32202,5,subclase_5_digitos,Prendas de cuero.,4112733,,98098,71098,,816350,88869,1074415,432257797,10700346,101436065,9581877,2268160,,117836,887482,,6308399,159102,259141,-69325329,-80025675,77400671,5688331,335,71712676,77401006,-70416193,6984478,672621,29922118,55445241,487703037,,1464534,7344376,169,6284281,15093360,,,,,,,,,,,,,,,,,,,,,
1993,C,Rev.2,32203,5,subclase_5_digitos,,3492736,,22451,2723,,185855,61330,272360,89797636,,19878626,3717961,,1138,2526956,124906,103953,961008,,330609,11256736,11256736,20175925,1552827,,18623098,20175925,10418177,30594102,507950,43976978,78605075,168402711,141855,81211886,56404042,2303573,13320550,153381906,,,,,,,,,,,,,,,,,,,,,
1993,C,Rev.2,323,3,grupo_3_digitos,"CUERO Y PIELES,EXCEP.CALZADO",15132575,,1614746,617120,2504197,215091,701309,5652463,506426508,1635484,104540886,29836140,4558982,101921,19055899,2348295,713717,3057326,30934,834024,10724744,9089260,38969718,10810370,461676,28621025,39431395,8391790,47361508,1467996,122266909,251029630,757456139,,24719840,49179727,112571534,18196034,204667135,,,,,,,,,,,,,,,,,,,,,
1993,C,Rev.2,3231,4,clase_4_digitos,CURTIEMBRES Y TALLERES DE ACABADO,14430193,,1380033,617120,2504197,203571,664724,5369645,418259222,425119,96779670,28889677,4558982,101921,18545689,2063125,516227,3103734,30934,720972,17265099,16839980,29167130,10486678,458682,19139134,29625812,15600907,44768037,912286,101210425,229260268,647519490,,24719840,37253481,112571534,16088590,190633444,,,,,,,,,,,,,,,,,,,,,
1993,C,Rev.2,32310,5,subclase_5_digitos,Curtiembres y talleres de acabado.,14430193,,1380033,617120,2504197,203571,664724,5369645,418259222,425119,96779670,28889677,4558982,101921,18545689,2063125,516227,3103734,30934,720972,17265099,16839980,29167130,10486678,458682,19139134,29625812,15600907,44768037,912286,101210425,229260268,647519490,,24719840,37253481,112571534,16088590,190633444,,,,,,,,,,,,,,,,,,,,,
1993,C,Rev.2,3233,4,clase_4_digitos,"ART.CUERO (MARROQUINERIA,ETC.)",702383,,234713,,,11521,36585,282818,88167287,1210364,7761215,946462,,,510211,285169,197490,-46408,,113051,-6540356,-7750720,9802589,323692,2994,9481891,9805583,-7209117,2593471,555710,21056484,21769362,109936649,,,11926246,,2107444,14033691,,,,,,,,,,,,,,,,,,,,,
1993,C,Rev.2,32330,5,subclase_5_digitos,Art.cuero (marroquinería),702383,,234713,,,11521,36585,282818,88167287,1210364,7761215,946462,,,510211,285169,197490,-46408,,113051,-6540356,-7750720,9802589,323692,2994,9481891,9805583,-7209117,2593471,555710,21056484,21769362,109936649,,,11926246,,2107444,14033691,,,,,,,,,,,,,,,,,,,,,
1993,C,Rev.2,324,3,grupo_3_digitos,CALZADO EXCEPTO.CAUCHO Y PLASTIC,3488054,,90474,33043,,617498,203417,944433,184376444,2319474,8048169,4973387,339780,76822,2193493,166784,-383909,2580416,,421280,-1777341,-4096815,32915256,1130492,,31784764,32915256,-3102822,29812434,904200,50047831,57487239,241863683,,65227553,63942954,4169854,33724,133374084,,,,,,,,,,,,,,,,,,,,,
1993,C,Rev.2,3240,4,clase_4_digitos,CALZADO EXCEPTO.CAUCHO Y PLASTICO,3488054,,90474,33043,,617498,203417,944433,184376444,2319474,8048169,4973387,339780,76822,2193493,166784,-383909,2580416,,421280,-1777341,-4096815,32915256,1130492,,31784764,32915256,-3102822,29812434,904200,50047831,57487239,241863683,,65227553,63942954,4169854,33724,133374084,,,,,,,,,,,,,,,,,,,,,
1993,C,Rev.2,32400,5,subclase_5_digitos,"Calzado,excepto caucho y plástico",3488054,,90474,33043,,617498,203417,944433,184376444,2319474,8048169,4973387,339780,76822,2193493,166784,-383909,2580416,,421280,-1777341,-4096815,32915256,1130492,,31784764,32915256,-3102822,29812434,904200,50047831,57487239,241863683,,65227553,63942954,4169854,33724,133374084,,,,,,,,,,,,,,,,,,,,,
1993,C,Rev.2,33,2,division_2_digitos,INDUSTRIA DE LA MADERA,4514067,,,1617224,,760607,347811,2725642,152135462,,38035491,6939858,1240015,-77368,1841426,285846,98225,3551714,,617466,23718921,23718921,35157114,12648946,198519,22706688,35355634,21782146,56939260,1319310,77476933,143745412,295880874,3062970,75848436,33931876,99817591,53243005,265903878,,,,,,,,,,,,,,,,,,,,,
1993,C,Rev.2,331,3,grupo_3_digitos,INDUSTRIA MADERA (EXCEP.MUEBLES),2531351,,,1049529,,551002,198505,1799036,59265415,,10908075,3345595,1239557,136863,677278,76748,98225,1116923,,356767,11763248,11763248,10364701,1294063,198519,9269157,10563220,10610958,20975659,795522,43440267,68642941,127908356,280209,35492186,11675169,72355448,4822059,124625071,,,,,,,,,,,,,,,,,,,,,
1993,C,Rev.2,3311,4,clase_4_digitos,"ASERRADEROS,OBRA BLANCA,PARQUET",2244187,,,968301,,454953,140596,1563850,45589350,,5974473,2191852,639448,135574,677278,58515,53784,627252,,294774,8856525,8856525,7952596,1245580,198226,6905242,8150822,8026035,15978630,535717,35531291,52606475,98195825,,20640275,10554333,60497709,4541850,96234167,,,,,,,,,,,,,,,,,,,,,
1993,C,Rev.2,33110,5,subclase_5_digitos,"Aserraderos,obra blanca y parquet",2244187,,,968301,,454953,140596,1563850,45589350,,5974473,2191852,639448,135574,677278,58515,53784,627252,,294774,8856525,8856525,7952596,1245580,198226,6905242,8150822,8026035,15978630,535717,35531291,52606475,98195825,,20640275,10554333,60497709,4541850,96234167,,,,,,,,,,,,,,,,,,,,,
1993,C,Rev.2,3312,4,clase_4_digitos,ENVASES MADERA Y ARTICULOS DE CANA,281927,,,38788,,50724,22393,111904,7465742,,905286,830961,600109,1289,,18233,44441,166889,,28031,929626,929626,1169060,48483,293,1120870,1169353,797241,1966301,104354,2772117,4888956,12354698,,,,11297322,,11297322,,,,,,,,,,,,,,,,,,,,,
1993,C,Rev.2,33120,5,subclase_5_digitos,Envases de madera y art.de caña,281927,,,38788,,50724,22393,111904,7465742,,905286,830961,600109,1289,,18233,44441,166889,,28031,929626,929626,1169060,48483,293,1120870,1169353,797241,1966301,104354,2772117,4888956,12354698,,,,11297322,,11297322,,,,,,,,,,,,,,,,,,,,,
1993,C,Rev.2,3319,4,clase_4_digitos,PROD.MADERA N.E.P. Y CORCHO,5237,,,42440,,45326,35516,123282,6210323,,4028317,322782,,,,,,322782,,33963,1977097,1977097,1243045,,,1243045,1243045,1787683,3030728,155451,5136859,11147511,17357833,280209,14851911,1120835,560418,280209,17093582,,,,,,,,,,,,,,,,,,,,,
1993,C,Rev.2,33191,5,subclase_5_digitos,,5237,,,42440,,45326,35516,123282,6210323,,4028317,322782,,,,,,322782,,33963,1977097,1977097,1243045,,,1243045,1243045,1787683,3030728,155451,5136859,11147511,17357833,280209,14851911,1120835,560418,280209,17093582,,,,,,,,,,,,,,,,,,,,,
1993,C,Rev.2,332,3,grupo_3_digitos,MUEBLES Y ACCESORIOS.,1982716,,,567695,,209604,149307,926606,92870047,,27127415,3594263,458,-214231,1164148,209098,,2434790,,260699,11955673,11955673,24792414,11354883,,13437531,24792414,11171187,35963601,523787,34036667,75102471,167972518,2782761,40356250,22256707,27462143,48420945,141278806,,,,,,,,,,,,,,,,,,,,,
1993,C,Rev.2,3320,4,clase_4_digitos,MUEBLES Y ACCESORIOS.,1982716,,,567695,,209604,149307,926606,92870047,,27127415,3594263,458,-214231,1164148,209098,,2434790,,260699,11955673,11955673,24792414,11354883,,13437531,24792414,11171187,35963601,523787,34036667,75102471,167972518,2782761,40356250,22256707,27462143,48420945,141278806,,,,,,,,,,,,,,,,,,,,,
1993,C,Rev.2,33201,5,subclase_5_digitos,,1904788,,,567695,,209604,149307,926606,92813892,,27114450,3594263,458,-214231,1164148,209098,,2434790,,259455,11908294,11908294,24762811,11354883,,13407928,24762811,11136793,35899604,512046,33876207,74803739,167617632,2782761,40356250,22256707,27462143,48420945,141278806,,,,,,,,,,,,,,,,,,,,,
1993,C,Rev.2,33202,5,subclase_5_digitos,,77928,,,,,,,,56155,,12965,,,,,,,,,1243,47379,47379,29603,,,29603,29603,34394,63997,11742,160460,298732,354887,,,,,,,,,,,,,,,,,,,,,,,,,,,
1993,C,Rev.2,34,2,division_2_digitos,PAPEL Y PROD.PAPEL;IMPRENTA Y EDIT,37941387,56265,3528643,1037785,11985217,2143886,2130843,20882639,815727300,220880,321060421,113695862,27043132,977236,67461138,5433284,353168,12427905,1226230,2726728,98156418,97935538,126905503,40594317,8161940,94473127,135067444,91945531,218851034,2257929,372814683,829752029,1645479330,34468221,497667635,376112268,347077527,96805814,1352131464,,,,,,,,,,,,,,,,,,,,,
1993,C,Rev.2,341,3,grupo_3_digitos,PAPEL Y PROD.DEL PAPEL,24308852,29984,3505503,530273,11985217,331065,255539,16637581,303967764,,76312332,15503585,556243,80848,12430919,987761,149018,1298796,1226230,814949,27282688,27282688,40045333,13230974,322290,27136649,40367623,24159892,64205225,1081617,123218986,251122857,555090621,7790425,193825037,10098341,180500464,3641561,395855829,,,,,,,,,,,,,,,,,,,,,
1993,C,Rev.2,3411,4,clase_4_digitos,"PULPA MADERA,PAPEL Y CARTON",21536199,29984,2980146,309963,11761775,66457,147896,15296221,143499984,,25080912,12798124,53619,63106,12466454,29610,,185335,,455799,9397006,9397006,16336112,5931408,210357,10615061,16546469,8528239,24864351,412968,66432119,122446236,265946220,,80537320,762918,92514792,381459,174196489,,,,,,,,,,,,,,,,,,,,,
1993,C,Rev.2,34110,5,subclase_5_digitos,"Pulpa de madera, papel y cartón",21536199,29984,2980146,309963,11761775,66457,147896,15296221,143499984,,25080912,12798124,53619,63106,12466454,29610,,185335,,455799,9397006,9397006,16336112,5931408,210357,10615061,16546469,8528239,24864351,412968,66432119,122446236,265946220,,80537320,762918,92514792,381459,174196489,,,,,,,,,,,,,,,,,,,,,
1993,C,Rev.2,3412,4,clase_4_digitos,ENVASES Y CAJAS PAPEL Y CARTON,295583,,517600,176707,220830,150549,76631,1142317,108090706,,30357946,4252484,502624,17742,2814791,247269,2402,667656,,159964,7965888,7965888,12790824,4029262,53014,8814576,12843838,7568839,20359663,237084,30244548,68863965,176954671,6436616,75711667,2718579,54745960,1786371,141399193,,,,,,,,,,,,,,,,,,,,,
1993,C,Rev.2,34120,5,subclase_5_digitos,Envases y cajas de papel y cartón,295583,,517600,176707,220830,150549,76631,1142317,108090706,,30357946,4252484,502624,17742,2814791,247269,2402,667656,,159964,7965888,7965888,12790824,4029262,53014,8814576,12843838,7568839,20359663,237084,30244548,68863965,176954671,6436616,75711667,2718579,54745960,1786371,141399193,,,,,,,,,,,,,,,,,,,,,
1993,C,Rev.2,3419,4,clase_4_digitos,ARTIC.PAPEL Y CARTON N.E.P.,2477070,,7757,43602,2612,114060,31012,199043,52377074,,20873473,-1547022,,,-2850326,710882,146616,445805,1226230,199186,9919794,9919794,10918397,3270304,58919,7707012,10977316,8062814,18981211,431565,26542318,59812656,112189731,1353809,37576049,6616845,33239712,1473731,80260147,,,,,,,,,,,,,,,,,,,,,
1993,C,Rev.2,34190,5,subclase_5_digitos,Artículos de papel y cartón n.e.p,2477070,,7757,43602,2612,114060,31012,199043,52377074,,20873473,-1547022,,,-2850326,710882,146616,445805,1226230,199186,9919794,9919794,10918397,3270304,58919,7707012,10977316,8062814,18981211,431565,26542318,59812656,112189731,1353809,37576049,6616845,33239712,1473731,80260147,,,,,,,,,,,,,,,,,,,,,
1993,C,Rev.2,342,3,grupo_3_digitos,"IMPRENTAS,EDITORIALES IND.CONEXAS",13632536,26281,23140,507512,,1812820,1875304,4245058,511759536,220880,244748089,98192277,26486889,896388,55030219,4445523,204150,11129109,,1911779,70873730,70652850,86860170,27363343,7839650,67336478,94699821,67785639,154645809,1176312,249595697,578629172,1090388708,26677796,303842597,366013927,166577063,93164253,956275636,,,,,,,,,,,,,,,,,,,,,
1993,C,Rev.2,3420,4,clase_4_digitos,"IMPRENTAS,EDITORIALES IND.CONEXAS",13632536,26281,23140,507512,,1812820,1875304,4245058,511759536,220880,244748089,98192277,26486889,896388,55030219,4445523,204150,11129109,,1911779,70873730,70652850,86860170,27363343,7839650,67336478,94699821,67785639,154645809,1176312,249595697,578629172,1090388708,26677796,303842597,366013927,166577063,93164253,956275636,,,,,,,,,,,,,,,,,,,,,
1993,C,Rev.2,34201,5,subclase_5_digitos,,6283812,,,182578,,185464,186032,554074,271624110,220880,128170880,12559726,1215222,307504,8099688,374926,83366,2479020,,889325,25011786,24790906,33163632,14114822,6709062,25757872,39872694,23802337,56965969,320123,132948625,292194223,563818333,3783945,125887651,236542365,43898337,44858042,454970339,,,,,,,,,,,,,,,,,,,,,
1993,C,Rev.2,34202,5,subclase_5_digitos,,7113948,26281,23140,324934,,1583011,1689272,3646638,237416567,,111753606,85632550,25271666,588884,46930531,4070597,120783,8650089,,992637,45312128,45312128,51663000,13248521,1130589,39545068,52793589,43482836,95145836,836655,112547413,276727095,514143662,22893851,177954947,129471562,116590730,48052545,494963635,,,,,,,,,,,,,,,,,,,,,
1993,C,Rev.2,34203,5,subclase_5_digitos,,234775,,,,,44345,,44345,2718860,,4823603,,,,,,,,,29817,549816,549816,2033538,,,2033538,2033538,500466,2534004,19533,4099659,9707854,12426713,,,,6087995,253666,6341662,,,,,,,,,,,,,,,,,,,,,
1993,C,Rev.2,35,2,division_2_digitos,PRODUCTOS QUIMICOS.,101520616,1177976,24719917,3598064,975113,2563679,2462367,35497116,1999224333,1552291,874327264,119625628,35704699,3756757,39605854,8539875,14183926,17834518,171449226,5910746,367776134,366223843,329144978,116045215,13661675,226761438,342806653,180487761,509632738,9928401,686210769,2028282493,4027506826,148687976,1388125944,632508267,1046081584,86984772,3302388542,,,,,,,,,,,,,,,,,,,,,
1993,C,Rev.2,351,3,grupo_3_digitos,SUSTANCIAS QUIMICAS.,13163473,313,2105519,644179,686251,552974,252588,4241823,278673160,1228044,104305489,10955333,3644189,92798,4148724,479313,1566317,1023992,,625553,20893108,19665064,22334721,6390631,2358012,18302103,24692733,19643944,41978665,623611,81073279,218207305,496880465,15584458,98053862,11054424,153801793,563260,279057796,,,,,,,,,,,,,,,,,,,,,
1993,C,Rev.2,3511,4,clase_4_digitos,SUSTANCIAS QUIM.INDUSTR.BASICAS,10290715,313,1852917,416979,,473159,235477,2978845,108992249,444004,53749429,8159053,2431362,71437,3336405,411646,1125077,783125,,352597,16529009,16085005,14478552,2850363,200277,11828465,14678828,15769847,30248399,406566,44805302,124930452,233922701,15584458,50996318,5395061,90125179,,162101016,,,,,,,,,,,,,,,,,,,,,
1993,C,Rev.2,35110,5,subclase_5_digitos,Sustancias químicas ind.básicas,10290715,313,1852917,416979,,473159,235477,2978845,108992249,444004,53749429,8159053,2431362,71437,3336405,411646,1125077,783125,,352597,16529009,16085005,14478552,2850363,200277,11828465,14678828,15769847,30248399,406566,44805302,124930452,233922701,15584458,50996318,5395061,90125179,,162101016,,,,,,,,,,,,,,,,,,,,,
1993,C,Rev.2,3512,4,clase_4_digitos,ABONOS Y PLAGUICIDAS,1587648,,,203976,479549,66450,,749975,125922772,,33942943,619306,39910,4413,205092,25543,135854,208494,,177800,2883303,2883303,3944312,1955911,1804330,3792731,5748642,2503134,6447446,202369,24067483,62481377,188404149,,26737443,5659363,59173612,,91570418,,,,,,,,,,,,,,,,,,,,,
1993,C,Rev.2,35120,5,subclase_5_digitos,Abonos y plaguicidas,1587648,,,203976,479549,66450,,749975,125922772,,33942943,619306,39910,4413,205092,25543,135854,208494,,177800,2883303,2883303,3944312,1955911,1804330,3792731,5748642,2503134,6447446,202369,24067483,62481377,188404149,,26737443,5659363,59173612,,91570418,,,,,,,,,,,,,,,,,,,,,
1993,C,Rev.2,3513,4,clase_4_digitos,RESINAS SINTETICAS Y FIBRAS ARTIF.,1285110,,252602,23224,206702,13365,17111,513004,43758139,784040,16613116,2176974,1172917,16948,607226,42124,305386,32373,,95156,1480795,696756,3911858,1584356,353405,2680906,4265263,1370963,5282820,14676,12200494,30795477,74553616,,20320101,,4503002,563260,25386363,,,,,,,,,,,,,,,,,,,,,
1993,C,Rev.2,35130,5,subclase_5_digitos,Resinas sintéticas y fibras artif.,1285110,,252602,23224,206702,13365,17111,513004,43758139,784040,16613116,2176974,1172917,16948,607226,42124,305386,32373,,95156,1480795,696756,3911858,1584356,353405,2680906,4265263,1370963,5282820,14676,12200494,30795477,74553616,,20320101,,4503002,563260,25386363,,,,,,,,,,,,,,,,,,,,,
1993,C,Rev.2,352,3,grupo_3_digitos,OTROS PRODUCTOS QUIMICOS,25215052,114229,4208538,980797,221528,1061119,974559,7560771,899889638,324247,501889632,50150688,12953193,1266642,16554845,6539773,5149159,7687076,12576324,3127105,100963682,100639435,172993857,60096081,2692411,115590186,175686267,78902810,251896667,6357442,357040994,984785113,1884674751,99361459,528728010,514489234,339771257,17080894,1499430855,,,,,,,,,,,,,,,,,,,,,
1993,C,Rev.2,3521,4,clase_4_digitos,"PINTURAS,BARNICES,LACAS",6780484,82423,352170,606055,,32750,129839,1203236,163146842,,76171266,15284231,5030756,568226,6373111,1413144,7811,1891182,41854,319113,13612663,13612663,34234399,10196271,83,24038211,34234482,12909815,47144214,341881,39532011,136096423,299243265,2291960,63644627,167906828,12146347,13084087,259073849,,,,,,,,,,,,,,,,,,,,,
1993,C,Rev.2,35210,5,subclase_5_digitos,"Pinturas, barnices y lacas.",6780484,82423,352170,606055,,32750,129839,1203236,163146842,,76171266,15284231,5030756,568226,6373111,1413144,7811,1891182,41854,319113,13612663,13612663,34234399,10196271,83,24038211,34234482,12909815,47144214,341881,39532011,136096423,299243265,2291960,63644627,167906828,12146347,13084087,259073849,,,,,,,,,,,,,,,,,,,,,
1993,C,Rev.2,3522,4,clase_4_digitos,PROD.FARMACEUTICOS Y MEDICAMENTOS,10360957,31806,626236,77153,,268846,326967,1331007,393135228,,300668236,19394059,6335113,474086,3164624,3439662,3138991,2841583,855814,1878778,37103638,37103638,62410144,30968301,2387966,33829808,64798110,32629741,95039885,1739305,195573469,543706300,936841528,94097797,200868244,121674140,282365639,1852620,700858440,,,,,,,,,,,,,,,,,,,,,
1993,C,Rev.2,35220,5,subclase_5_digitos,Prod farmacéuticos y medicamentos,10360957,31806,626236,77153,,268846,326967,1331007,393135228,,300668236,19394059,6335113,474086,3164624,3439662,3138991,2841583,855814,1878778,37103638,37103638,62410144,30968301,2387966,33829808,64798110,32629741,95039885,1739305,195573469,543706300,936841528,94097797,200868244,121674140,282365639,1852620,700858440,,,,,,,,,,,,,,,,,,,,,
1993,C,Rev.2,3523,4,clase_4_digitos,ARTICULOS.DE LIMPIEZA Y TOCADOR.,7241508,,3189534,214863,203723,674354,489121,4771594,309591511,324247,112955508,13798927,814408,224329,6694849,1640602,1985145,2439593,11676681,813191,45613990,45289743,69428509,16204800,106421,53330130,69534930,28996838,98425347,4127279,106557696,272044453,581635964,2448214,242546114,207978953,26952016,1498731,481424028,,,,,,,,,,,,,,,,,,,,,
1993,C,Rev.2,35231,5,subclase_5_digitos,,3650627,,3151451,93300,196047,367188,72282,3880269,165938253,222154,38014940,6709762,560454,1309,2740465,288792,1371209,1747534,99622,406937,1264932,1042778,31463991,6523983,85713,25025721,31549704,516965,31980955,241408,52679862,95388205,261326459,2448214,111425586,72593196,26952016,1498731,214917743,,,,,,,,,,,,,,,,,,,,,
1993,C,Rev.2,35232,5,subclase_5_digitos,,3590881,,38082,121564,7675,307166,416838,891325,143653257,102093,74940568,7089165,253954,223021,3954384,1351810,613936,692059,11577059,406254,44349058,44246965,37964518,9680817,20708,28304409,37985226,28479874,66444392,3885871,53877834,176656248,320309505,,131120528,135385757,,,266506285,,,,,,,,,,,,,,,,,,,,,
1993,C,Rev.2,3529,4,clase_4_digitos,PRODUCTOS QUIMICOS N.E.P,832103,,40599,82726,17806,85170,28633,254933,34016057,,12094623,1673471,772916,,322260,46364,17212,514719,1975,116023,4633392,4633392,6920805,2726710,197941,4392036,7118746,4366416,11287222,148978,15377818,32937936,66953993,523488,21669025,16929313,18307255,645456,58074538,,,,,,,,,,,,,,,,,,,,,
1993,C,Rev.2,35290,5,subclase_5_digitos,Productos químicos n.e.p.,832103,,40599,82726,17806,85170,28633,254933,34016057,,12094623,1673471,772916,,322260,46364,17212,514719,1975,116023,4633392,4633392,6920805,2726710,197941,4392036,7118746,4366416,11287222,148978,15377818,32937936,66953993,523488,21669025,16929313,18307255,645456,58074538,,,,,,,,,,,,,,,,,,,,,
1993,C,Rev.2,353,3,grupo_3_digitos,REFINERIAS DE PETROLEO,39645960,858477,12966209,338143,,43128,224069,14430026,312994813,,104066016,25584639,16128850,,6789520,472947,1625624,567698,158872902,252510,162864385,162864385,19370997,3821976,8036492,23585513,27407489,3738973,23109970,,32864290,339440651,652435464,12706867,444740351,,171542707,6353434,635343358,,,,,,,,,,,,,,,,,,,,,
1993,C,Rev.2,3530,4,clase_4_digitos,REFINERIAS DE PETROLEO,39645960,858477,12966209,338143,,43128,224069,14430026,312994813,,104066016,25584639,16128850,,6789520,472947,1625624,567698,158872902,252510,162864385,162864385,19370997,3821976,8036492,23585513,27407489,3738973,23109970,,32864290,339440651,652435464,12706867,444740351,,171542707,6353434,635343358,,,,,,,,,,,,,,,,,,,,,
1993,C,Rev.2,35300,5,subclase_5_digitos,Refinerías de petroleo.,39645960,858477,12966209,338143,,43128,224069,14430026,312994813,,104066016,25584639,16128850,,6789520,472947,1625624,567698,158872902,252510,162864385,162864385,19370997,3821976,8036492,23585513,27407489,3738973,23109970,,32864290,339440651,652435464,12706867,444740351,,171542707,6353434,635343358,,,,,,,,,,,,,,,,,,,,,
1993,C,Rev.2,354,3,grupo_3_digitos,PROD.DERIVADOS PETROLEO Y CARBON,109853,,,99969,56854,33323,39588,229734,9705531,,3379036,255140,,,131340,23126,,100674,,13954,1105027,1105027,3813083,1874186,,1938897,3813083,1038165,4851248,52908,1857241,6451158,16156689,,,11571760,,3456500,15028259,,,,,,,,,,,,,,,,,,,,,
1993,C,Rev.2,3540,4,clase_4_digitos,PROD.DERIVADOS PETROLEO Y CARBON,109853,,,99969,56854,33323,39588,229734,9705531,,3379036,255140,,,131340,23126,,100674,,13954,1105027,1105027,3813083,1874186,,1938897,3813083,1038165,4851248,52908,1857241,6451158,16156689,,,11571760,,3456500,15028259,,,,,,,,,,,,,,,,,,,,,
1993,C,Rev.2,35400,5,subclase_5_digitos,Prod.derivados petroleo y carbón,109853,,,99969,56854,33323,39588,229734,9705531,,3379036,255140,,,131340,23126,,100674,,13954,1105027,1105027,3813083,1874186,,1938897,3813083,1038165,4851248,52908,1857241,6451158,16156689,,,11571760,,3456500,15028259,,,,,,,,,,,,,,,,,,,,,
1993,C,Rev.2,355,3,grupo_3_digitos,PRODUCTOS DEL CAUCHO,10712038,204957,5212664,1260491,10480,484018,203210,7375820,150807646,,35213933,8616842,523400,70188,5096394,246960,381809,2298091,,557148,22429496,22429496,38490257,17550233,574760,21514785,39065018,20567286,59057543,1305063,71720330,140075798,290883444,15820393,111425175,20318435,49864878,25756674,223185555,,,,,,,,,,,,,,,,,,,,,
1993,C,Rev.2,3551,4,clase_4_digitos,CAMARAS Y NEUMATICOS,9348714,190557,4565970,1134934,,127690,107638,6126790,124611370,,17456226,5599752,,,3718193,67271,,1814288,,361384,13025495,13025495,30103630,14690780,574760,15987611,30678391,11814875,41918506,849236,46424656,86255090,210866460,14734449,74515559,4011454,39319648,18814108,151395219,,,,,,,,,,,,,,,,,,,,,
1993,C,Rev.2,35510,5,subclase_5_digitos,"Cámaras, protectores y neumáticos",9348714,190557,4565970,1134934,,127690,107638,6126790,124611370,,17456226,5599752,,,3718193,67271,,1814288,,361384,13025495,13025495,30103630,14690780,574760,15987611,30678391,11814875,41918506,849236,46424656,86255090,210866460,14734449,74515559,4011454,39319648,18814108,151395219,,,,,,,,,,,,,,,,,,,,,
1993,C,Rev.2,3559,4,clase_4_digitos,PRODUCTOS DEL CAUCHO N.E.P.,1363324,14400,646694,125557,10480,356328,95572,1249030,26196276,,17757708,3017090,523400,70188,1378201,179689,381809,483802,,195764,9404002,9404002,8386627,2859454,,5527173,8386627,8752411,17139037,455827,25295674,53820708,80016984,1085943,36909616,16306981,10545230,6942566,71790337,,,,,,,,,,,,,,,,,,,,,
1993,C,Rev.2,35590,5,subclase_5_digitos,Productos del caucho n.e.p.,1363324,14400,646694,125557,10480,356328,95572,1249030,26196276,,17757708,3017090,523400,70188,1378201,179689,381809,483802,,195764,9404002,9404002,8386627,2859454,,5527173,8386627,8752411,17139037,455827,25295674,53820708,80016984,1085943,36909616,16306981,10545230,6942566,71790337,,,,,,,,,,,,,,,,,,,,,
1993,C,Rev.2,356,3,grupo_3_digitos,PRODUCTOS DEL PLASTICOS N.E.P.,12674240,,226988,274484,,389117,768352,1658941,347153545,,125473157,24062987,2455067,2327129,6885031,777756,5461017,6156986,,1334477,59520436,59520436,72142063,26312107,,45829955,72142063,56596582,128738645,1589377,141654635,339322468,686476013,5214799,205178546,75074414,331100949,33774011,650342718,,,,,,,,,,,,,,,,,,,,,
1993,C,Rev.2,3560,4,clase_4_digitos,PRODUCTOS DEL PLASTICO N.E.P.,12674240,,226988,274484,,389117,768352,1658941,347153545,,125473157,24062987,2455067,2327129,6885031,777756,5461017,6156986,,1334477,59520436,59520436,72142063,26312107,,45829955,72142063,56596582,128738645,1589377,141654635,339322468,686476013,5214799,205178546,75074414,331100949,33774011,650342718,,,,,,,,,,,,,,,,,,,,,
1993,C,Rev.2,35600,5,subclase_5_digitos,Productos plásticos n.e.p.,12674240,,226988,274484,,389117,768352,1658941,347153545,,125473157,24062987,2455067,2327129,6885031,777756,5461017,6156986,,1334477,59520436,59520436,72142063,26312107,,45829955,72142063,56596582,128738645,1589377,141654635,339322468,686476013,5214799,205178546,75074414,331100949,33774011,650342718,,,,,,,,,,,,,,,,,,,,,
1993,C,Rev.2,36,2,division_2_digitos,PRODUCTOS MINERALES NO METALICOS,20718115,391770,53852429,4653545,15507186,741389,6268540,81414858,443575937,1936296,154997885,25402005,936307,1587094,15773397,653485,1243097,5208624,,2015640,70620122,68683826,73884129,15902505,642055,58623679,74526184,64442757,138326886,4161725,236806524,481206350,924782287,47203136,253918306,227556552,150260663,71507375,750446032,,,,,,,,,,,,,,,,,,,,,
1993,C,Rev.2,361,3,grupo_3_digitos,"OBJETOS BARRO,LOZA Y PORCELANA",7120681,,2747990,662893,10829444,6841,664310,14911478,72959876,,18043639,4373890,-72361,-5761,4096763,203022,87066,65161,,577919,4950233,4950233,11617473,3789642,,7827831,11617473,4093276,15710748,279039,69636558,99751111,172710987,,4385899,52776803,3001253,20258460,80422414,,,,,,,,,,,,,,,,,,,,,
1993,C,Rev.2,3610,4,clase_4_digitos,"OBJETOS BARRO,LOZA Y PORCELANA",7120681,,2747990,662893,10829444,6841,664310,14911478,72959876,,18043639,4373890,-72361,-5761,4096763,203022,87066,65161,,577919,4950233,4950233,11617473,3789642,,7827831,11617473,4093276,15710748,279039,69636558,99751111,172710987,,4385899,52776803,3001253,20258460,80422414,,,,,,,,,,,,,,,,,,,,,
1993,C,Rev.2,36100,5,subclase_5_digitos,"Objetos de barro,loza y porcelana",7120681,,2747990,662893,10829444,6841,664310,14911478,72959876,,18043639,4373890,-72361,-5761,4096763,203022,87066,65161,,577919,4950233,4950233,11617473,3789642,,7827831,11617473,4093276,15710748,279039,69636558,99751111,172710987,,4385899,52776803,3001253,20258460,80422414,,,,,,,,,,,,,,,,,,,,,
1993,C,Rev.2,362,3,grupo_3_digitos,VIDRIO Y PRODUCTOS DEL VIDRIO,4025076,391770,9153408,187097,58288,20474,2048277,11859314,70972647,1936296,28140888,5480231,343164,1203672,3507714,37715,166323,221643,,326135,9015005,7078709,14781417,4560642,,10220775,14781417,6821201,21602618,1867669,42051894,81296567,152269215,593969,28131423,1960066,74199966,1337464,106222887,,,,,,,,,,,,,,,,,,,,,
1993,C,Rev.2,3620,4,clase_4_digitos,VIDRIO Y PRODUCTOS DEL VIDRIO,4025076,391770,9153408,187097,58288,20474,2048277,11859314,70972647,1936296,28140888,5480231,343164,1203672,3507714,37715,166323,221643,,326135,9015005,7078709,14781417,4560642,,10220775,14781417,6821201,21602618,1867669,42051894,81296567,152269215,593969,28131423,1960066,74199966,1337464,106222887,,,,,,,,,,,,,,,,,,,,,
1993,C,Rev.2,36200,5,subclase_5_digitos,Vidrio y productos del vidrio.,4025076,391770,9153408,187097,58288,20474,2048277,11859314,70972647,1936296,28140888,5480231,343164,1203672,3507714,37715,166323,221643,,326135,9015005,7078709,14781417,4560642,,10220775,14781417,6821201,21602618,1867669,42051894,81296567,152269215,593969,28131423,1960066,74199966,1337464,106222887,,,,,,,,,,,,,,,,,,,,,
1993,C,Rev.2,369,3,grupo_3_digitos,OTROS PROD.MINERALES NO METALICOS.,9572358,,41951031,3803555,4619454,714074,3555953,54644066,299643414,,108813358,15547884,665504,389183,8168920,412748,989708,4921820,,1111586,56654883,56654883,47485239,7552221,642055,40575074,48127294,53528281,101013520,2015017,125118072,300158671,599802085,46609167,221400984,172819684,73059444,49911452,563800731,,,,,,,,,,,,,,,,,,,,,
1993,C,Rev.2,3691,4,clase_4_digitos,PROD.ARCILLA PARA CONSTRUCCION,2846803,,572749,634122,1429285,51998,1429282,4117436,15037855,,29892253,2882942,,,1246111,109052,,1527780,,215973,9926207,9926207,3514999,,,3514999,3514999,9332473,12847471,377762,25029698,67694961,82732816,,26506406,1074179,34524761,15796762,77902108,,,,,,,,,,,,,,,,,,,,,
1993,C,Rev.2,36910,5,subclase_5_digitos,Prod.arcilla para la construcción.,2846803,,572749,634122,1429285,51998,1429282,4117436,15037855,,29892253,2882942,,,1246111,109052,,1527780,,215973,9926207,9926207,3514999,,,3514999,3514999,9332473,12847471,377762,25029698,67694961,82732816,,26506406,1074179,34524761,15796762,77902108,,,,,,,,,,,,,,,,,,,,,
1993,C,Rev.2,3692,4,clase_4_digitos,"CEMENTO, CAL Y YESO.",1664354,,40902426,1691202,3120766,2805,1499124,47216323,184636563,,47738302,3356671,128530,190650,2183558,152749,147030,554154,,410165,35900089,35900089,22566472,5150182,839,17417129,22567311,34916258,57482730,573667,53560772,138863517,323500080,22153504,172454118,105981737,5566859,783097,306939315,,,,,,,,,,,,,,,,,,,,,
1993,C,Rev.2,36920,5,subclase_5_digitos,"Cemento, cal y yeso.",1664354,,40902426,1691202,3120766,2805,1499124,47216323,184636563,,47738302,3356671,128530,190650,2183558,152749,147030,554154,,410165,35900089,35900089,22566472,5150182,839,17417129,22567311,34916258,57482730,573667,53560772,138863517,323500080,22153504,172454118,105981737,5566859,783097,306939315,,,,,,,,,,,,,,,,,,,,,
1993,C,Rev.2,3699,4,clase_4_digitos,PROD.MINERALES NO METALICOS N.E.P.,5061201,,475856,1478232,69402,659270,627547,3310307,99968995,,31182803,9308270,536974,198533,4739251,150947,842678,2839886,,485449,10828587,10828587,21403768,2402039,641216,19642946,22044985,9279550,30683319,1063588,46527602,93600193,193569189,24455663,22440461,65763768,32967824,33331592,178959308,,,,,,,,,,,,,,,,,,,,,
1993,C,Rev.2,36991,5,subclase_5_digitos,,3914204,,475856,997117,64450,419829,493558,2450810,63182557,,20208006,7127505,536974,16853,2743581,147532,842678,2839886,,336129,7465983,7465983,13478003,1921361,641216,12197858,14119219,6363770,19841773,766084,35286525,66874719,130057276,23926348,14660030,38401952,24013925,17288443,118290698,,,,,,,,,,,,,,,,,,,,,
1993,C,Rev.2,36992,5,subclase_5_digitos,,1146997,,,481115,4952,239441,133989,859497,36786439,,10974797,2180765,,181681,1995670,3415,,,,149319,3362604,3362604,7925765,480677,,7445088,7925765,2915780,10841546,297504,11241077,26725474,63511913,529316,7780430,27361817,8953899,16043149,60668611,,,,,,,,,,,,,,,,,,,,,
1993,C,Rev.2,37,2,division_2_digitos,INDUSTRIAS METALICAS BASICAS,19956036,411173,1830472,798822,225067,350225,1890283,5506042,185342136,,56607828,129765564,30314641,3262,89201935,5221610,118597,4905518,,664541,20422945,20422945,38311155,22364054,215,15947316,38311370,19152465,57463620,605938,53867321,150854130,336196265,677548,89735462,28513376,98176818,5932489,223035693,,,,,,,,,,,,,,,,,,,,,
1993,C,Rev.2,371,3,grupo_3_digitos,IND.BASICAS DE HIERRO Y ACERO,18013183,240806,1641848,606912,225067,301005,1379897,4395535,154717974,,40291053,128893963,30289490,,88955906,5170281,67994,4410292,,529459,13855285,13855285,29211964,17166021,,12045944,29211964,12896196,42108160,429630,37228748,109388268,264106242,444612,81828912,6516284,72263523,4051002,165104332,,,,,,,,,,,,,,,,,,,,,
1993,C,Rev.2,3710,4,clase_4_digitos,IND.BASICAS DE HIERRO Y ACERO,18013183,240806,1641848,606912,225067,301005,1379897,4395535,154717974,,40291053,128893963,30289490,,88955906,5170281,67994,4410292,,529459,13855285,13855285,29211964,17166021,,12045944,29211964,12896196,42108160,429630,37228748,109388268,264106242,444612,81828912,6516284,72263523,4051002,165104332,,,,,,,,,,,,,,,,,,,,,
1993,C,Rev.2,37100,5,subclase_5_digitos,Ind.básicas de hierro y acero,18013183,240806,1641848,606912,225067,301005,1379897,4395535,154717974,,40291053,128893963,30289490,,88955906,5170281,67994,4410292,,529459,13855285,13855285,29211964,17166021,,12045944,29211964,12896196,42108160,429630,37228748,109388268,264106242,444612,81828912,6516284,72263523,4051002,165104332,,,,,,,,,,,,,,,,,,,,,
1993,C,Rev.2,372,3,grupo_3_digitos,IND.BASICAS DE METALES NO FERROSOS,1942853,170367,188624,191911,,49220,510386,1110507,30624162,,16316775,871601,25151,3262,246029,51329,50603,495226,,135083,6567660,6567660,9099191,5198033,215,3901372,9099406,6256269,15355460,176308,16638573,41465862,72090024,232937,7906550,21997092,25913295,1881487,57931361,,,,,,,,,,,,,,,,,,,,,
1993,C,Rev.2,3720,4,clase_4_digitos,IND.BASICAS DE METALES NO FERROSOS,1942853,170367,188624,191911,,49220,510386,1110507,30624162,,16316775,871601,25151,3262,246029,51329,50603,495226,,135083,6567660,6567660,9099191,5198033,215,3901372,9099406,6256269,15355460,176308,16638573,41465862,72090024,232937,7906550,21997092,25913295,1881487,57931361,,,,,,,,,,,,,,,,,,,,,
1993,C,Rev.2,37200,5,subclase_5_digitos,Ind.básicas de metales no ferrosos,1942853,170367,188624,191911,,49220,510386,1110507,30624162,,16316775,871601,25151,3262,246029,51329,50603,495226,,135083,6567660,6567660,9099191,5198033,215,3901372,9099406,6256269,15355460,176308,16638573,41465862,72090024,232937,7906550,21997092,25913295,1881487,57931361,,,,,,,,,,,,,,,,,,,,,
1993,C,Rev.2,38,2,division_2_digitos,"PROD.METAL.,MAQUINARIA Y EQUIPO",59676133,1521690,3417255,3202013,301631,4113541,4868194,17424323,1245481559,801131,466484554,82021610,13356236,810108,32281481,7038656,6167045,22368084,64444341,5043773,234338156,233537025,327243972,144476969,3157510,185924512,330401481,157102561,484346533,7747481,595307084,1355004795,2600486355,93856415,569171222,417483421,405912776,145353956,1631777790,,,,,,,,,,,,,,,,,,,,,
1993,C,Rev.2,381,3,grupo_3_digitos,PROD.METAL.EXCEP.MAQUIN.Y EQUIPO,25665438,579794,2234753,1150471,94723,1807009,1526940,7393689,393113311,,103912397,30650779,2958638,342016,9332764,3476886,1394743,13145732,32893,1905442,68091258,68091258,91431232,22858530,620299,69193001,92051531,62240476,153671708,3912448,226638335,424307428,817420739,18104742,232585424,144192677,207300649,76748938,678932430,,,,,,,,,,,,,,,,,,,,,
1993,C,Rev.2,3811,4,clase_4_digitos,"CUCHILLERIA,HERRAM.MANUAL,CERRAJ.",668720,5653,24380,105731,,110891,59814,306470,15120986,,477456,73080,,,,5830,,67249,,142431,5090612,5090612,2438374,167050,,2271324,2438374,4825340,7263714,122840,17983421,24220209,39341195,,10865190,28370930,,,39236120,,,,,,,,,,,,,,,,,,,,,
1993,C,Rev.2,38110,5,subclase_5_digitos,"Cuchillería,herram.manuales,cerraj",668720,5653,24380,105731,,110891,59814,306470,15120986,,477456,73080,,,,5830,,67249,,142431,5090612,5090612,2438374,167050,,2271324,2438374,4825340,7263714,122840,17983421,24220209,39341195,,10865190,28370930,,,39236120,,,,,,,,,,,,,,,,,,,,,
1993,C,Rev.2,3812,4,clase_4_digitos,MUEBLES.Y ACCES.PRINCIP.METALICOS,1280370,,,75873,,269624,71153,416651,19923306,,6050648,1907907,,4677,240048,111534,25726,1525921,,155257,2686530,2686530,4193083,62900,,4130183,4193083,2346072,6539155,185201,8908456,18926004,38849310,3852266,,2433009,15678925,12142090,34106291,,,,,,,,,,,,,,,,,,,,,
1993,C,Rev.2,38120,5,subclase_5_digitos,Muebles y acces princip.metálicos,1280370,,,75873,,269624,71153,416651,19923306,,6050648,1907907,,4677,240048,111534,25726,1525921,,155257,2686530,2686530,4193083,62900,,4130183,4193083,2346072,6539155,185201,8908456,18926004,38849310,3852266,,2433009,15678925,12142090,34106291,,,,,,,,,,,,,,,,,,,,,
1993,C,Rev.2,3813,4,clase_4_digitos,PROD.METAL.ESTRUC.(HERRERIA-OBRA),3454325,208668,25851,413524,13169,562054,322143,1545409,107707382,,20266576,7135276,,112374,846765,596080,47099,5532957,,438249,15447942,15447942,19376272,1412754,366444,18329962,19742716,13960450,33336722,1049244,51061088,90229931,197937313,6978960,31672304,6905527,93673747,42775486,182006023,,,,,,,,,,,,,,,,,,,,,
1993,C,Rev.2,38130,5,subclase_5_digitos,Prod.metálicos estruc(Herr.obra),3454325,208668,25851,413524,13169,562054,322143,1545409,107707382,,20266576,7135276,,112374,846765,596080,47099,5532957,,438249,15447942,15447942,19376272,1412754,366444,18329962,19742716,13960450,33336722,1049244,51061088,90229931,197937313,6978960,31672304,6905527,93673747,42775486,182006023,,,,,,,,,,,,,,,,,,,,,
1993,C,Rev.2,3819,4,clase_4_digitos,ARTICULOS METALICOS N.E.P.,20262023,365472,2184521,555343,81554,864440,1073830,5125160,250361636,,77117716,21534516,2958638,224965,8245951,2763441,1321917,6019604,32893,1169505,44866173,44866173,65423503,21215825,253855,44461533,65677358,41108614,106532117,2555162,148685371,290931284,541292920,7273515,190047931,106483211,97947977,21831362,423583996,,,,,,,,,,,,,,,,,,,,,
1993,C,Rev.2,38191,5,subclase_5_digitos,,3088025,125908,448322,65672,67105,284745,109957,1101709,55279598,,4758213,-876842,60265,,-937107,,,,,208187,3827262,3827262,16103602,7730283,173694,8547013,16277296,3063538,19167141,555537,27564642,39238143,94517740,844106,64277100,6206052,8456754,2306904,82090916,,,,,,,,,,,,,,,,,,,,,
1993,C,Rev.2,38192,5,subclase_5_digitos,,15389943,239564,1685052,439862,14448,446566,784010,3609502,126458890,,41036883,13803934,1324650,224965,9021445,230879,662327,2339669,32893,517613,21048239,21048239,26472462,5498122,63379,21037719,26535841,19607356,46079818,890377,66285121,143760186,270219076,5527510,118927815,47127194,65609956,1755879,238948354,,,,,,,,,,,,,,,,,,,,,
1993,C,Rev.2,38193,5,subclase_5_digitos,,1784055,,51148,49809,,133129,179862,413948,68623148,,31322621,8607424,1573724,,161612,2532562,659591,3679936,,443705,19990672,19990672,22847439,7987420,16782,14876801,22864221,18437719,41285158,1109248,54835608,107932955,176556104,901899,6843017,53149965,23881267,17768579,102544727,,,,,,,,,,,,,,,,,,,,,
1993,C,Rev.2,382,3,grupo_3_digitos,MAQUINARIA EXCEPTO ELECTRICA.,4200272,,100433,606534,,688504,591343,1986814,98119074,,31097943,2402593,,77059,1072746,129970,39957,1082861,,684518,18496996,18496996,22202359,3966419,1268805,19504745,23471164,17164200,39366559,648278,75741121,129536333,227655406,14084306,8302647,75255013,20060674,18801865,136504505,,,,,,,,,,,,,,,,,,,,,
1993,C,Rev.2,3822,4,clase_4_digitos,MAQUIN.Y EQUIPO P/AGRICULTURA,951037,,,146599,,157715,101141,405454,14610775,,5666036,1072972,,26400,134663,8319,,903590,,65367,1673325,1673325,1775879,,1226333,3002212,3002212,1570277,3346155,37681,8159476,16449874,31060649,5303472,3554850,3623742,1363750,6318018,20163832,,,,,,,,,,,,,,,,,,,,,
1993,C,Rev.2,38220,5,subclase_5_digitos,Maquinaria y equipo p/agricultura,951037,,,146599,,157715,101141,405454,14610775,,5666036,1072972,,26400,134663,8319,,903590,,65367,1673325,1673325,1775879,,1226333,3002212,3002212,1570277,3346155,37681,8159476,16449874,31060649,5303472,3554850,3623742,1363750,6318018,20163832,,,,,,,,,,,,,,,,,,,,,
1993,C,Rev.2,3823,4,clase_4_digitos,MAQUIN.P/TRAB.METALES Y MADERA,61057,,,3131,,7960,,11091,1020410,,619869,145020,,,97947,,,47074,,11891,263377,263377,477698,338006,,139692,477698,241679,719377,9807,1534806,2479108,3499518,43182,1101151,187224,1202009,,2533566,,,,,,,,,,,,,,,,,,,,,
1993,C,Rev.2,38230,5,subclase_5_digitos,Maquin.p/trabajar metales y madera,61057,,,3131,,7960,,11091,1020410,,619869,145020,,,97947,,,47074,,11891,263377,263377,477698,338006,,139692,477698,241679,719377,9807,1534806,2479108,3499518,43182,1101151,187224,1202009,,2533566,,,,,,,,,,,,,,,,,,,,,
1993,C,Rev.2,3824,4,clase_4_digitos,MAQUIN.Y EQUIPO P/INDUSTRIA,1243096,,,269038,,229056,274113,772206,42134305,,13023102,356661,,8277,247153,61273,39957,,,253649,3928671,3928671,11032392,80984,11941,10963349,11044333,3461237,14493629,213784,21307213,39502082,81636387,,2107631,63161005,5663058,1721544,72653238,,,,,,,,,,,,,,,,,,,,,
1993,C,Rev.2,38240,5,subclase_5_digitos,Maquinaria y equipo p/industria.,1243096,,,269038,,229056,274113,772206,42134305,,13023102,356661,,8277,247153,61273,39957,,,253649,3928671,3928671,11032392,80984,11941,10963349,11044333,3461237,14493629,213784,21307213,39502082,81636387,,2107631,63161005,5663058,1721544,72653238,,,,,,,,,,,,,,,,,,,,,
1993,C,Rev.2,3825,4,clase_4_digitos,"MAQ.OFIC,CALCULO Y CONTABILIDAD",1206480,,100433,25249,,48491,9180,183353,6441593,,4286515,540772,,42381,323865,24646,,149880,,93373,4223428,4223428,1956220,455616,6266,1506870,1962486,3820485,5776705,309570,11666705,21383127,27824720,54300,,181000,2519405,253400,3008104,,,,,,,,,,,,,,,,,,,,,
1993,C,Rev.2,38250,5,subclase_5_digitos,Máq.ofic.cálculo y contabilidad,1206480,,100433,25249,,48491,9180,183353,6441593,,4286515,540772,,42381,323865,24646,,149880,,93373,4223428,4223428,1956220,455616,6266,1506870,1962486,3820485,5776705,309570,11666705,21383127,27824720,54300,,181000,2519405,253400,3008104,,,,,,,,,,,,,,,,,,,,,
1993,C,Rev.2,3829,4,clase_4_digitos,MAQUIN.Y EQUIPOS N.E.P.,738603,,,162518,,245282,206910,614710,33911991,,7502423,287168,,,269117,35733,,-17682,,260237,8408194,8408194,6960170,3091813,24265,3892622,6984435,8070522,15030692,77435,33072922,49722141,83634132,8683351,1539015,8102044,9312451,10508903,38145764,,,,,,,,,,,,,,,,,,,,,
1993,C,Rev.2,38290,5,subclase_5_digitos,Maquin.y equipo n.e.p.,738603,,,162518,,245282,206910,614710,33911991,,7502423,287168,,,269117,35733,,-17682,,260237,8408194,8408194,6960170,3091813,24265,3892622,6984435,8070522,15030692,77435,33072922,49722141,83634132,8683351,1539015,8102044,9312451,10508903,38145764,,,,,,,,,,,,,,,,,,,,,
1993,C,Rev.2,383,3,grupo_3_digitos,MAQUIN.APAR.Y SUMIN.ELECTRICOS,9824282,289041,438030,653473,131179,709213,1128137,3349073,265242600,,140483896,17027551,5242200,174656,6328636,1306977,810972,3164110,26538,994921,46760783,46760783,81712461,47644774,496221,34563908,82208682,44271373,125983834,1467952,128216955,325285917,590528517,56662927,227115708,116575187,58385570,10030220,468769613,,,,,,,,,,,,,,,,,,,,,
1993,C,Rev.2,3831,4,clase_4_digitos,MAQ.Y APAR.INDUSTR.ELECTRICOS,845369,,,101132,,86554,332175,519861,28917722,,-351752,2322660,,131802,954684,177331,66440,992403,,176457,3696350,3696350,6420247,1723036,366000,5063211,6786247,3286244,9706491,233650,23180936,27370903,56288625,348215,7805177,1312206,30986864,4337266,44789729,,,,,,,,,,,,,,,,,,,,,
1993,C,Rev.2,38310,5,subclase_5_digitos,Máq.y apar.industriales eléctricos,845369,,,101132,,86554,332175,519861,28917722,,-351752,2322660,,131802,954684,177331,66440,992403,,176457,3696350,3696350,6420247,1723036,366000,5063211,6786247,3286244,9706491,233650,23180936,27370903,56288625,348215,7805177,1312206,30986864,4337266,44789729,,,,,,,,,,,,,,,,,,,,,
1993,C,Rev.2,3832,4,clase_4_digitos,"EQ.Y APAR.RADIO,TV Y COMUNICACION",509356,,,102579,,185907,,288486,42218989,,45903307,1961511,882216,179461,,300529,32047,567257,,67882,10526877,10526877,23621456,18428028,,5193427,23621456,10265026,33886482,193970,9294725,66234266,108453255,36982678,7342029,17458673,624497,,62407876,,,,,,,,,,,,,,,,,,,,,
1993,C,Rev.2,38320,5,subclase_5_digitos,"Eq.y apar. radio,tv,y comunicación",509356,,,102579,,185907,,288486,42218989,,45903307,1961511,882216,179461,,300529,32047,567257,,67882,10526877,10526877,23621456,18428028,,5193427,23621456,10265026,33886482,193970,9294725,66234266,108453255,36982678,7342029,17458673,624497,,62407876,,,,,,,,,,,,,,,,,,,,,
1993,C,Rev.2,3833,4,clase_4_digitos,APAR.Y ACCES.ELECT.USO DOMESTICO,2911032,11186,215911,271770,,147966,245944,892776,107129346,,54712077,7611765,4199848,,2020300,722835,130792,537989,,420579,15442873,15442873,32976429,16513866,130190,16592752,33106618,14459333,47435762,562960,52899741,125965722,233095068,2325652,115062239,71353964,,437783,189179639,,,,,,,,,,,,,,,,,,,,,
1993,C,Rev.2,38330,5,subclase_5_digitos,Apar.y acces.eléct. uso doméstico,2911032,11186,215911,271770,,147966,245944,892776,107129346,,54712077,7611765,4199848,,2020300,722835,130792,537989,,420579,15442873,15442873,32976429,16513866,130190,16592752,33106618,14459333,47435762,562960,52899741,125965722,233095068,2325652,115062239,71353964,,437783,189179639,,,,,,,,,,,,,,,,,,,,,
1993,C,Rev.2,3839,4,clase_4_digitos,"PILAS,LAMP,MATER.DE CONDUCCION",5558525,277855,222119,177991,131179,288786,550019,1647950,86976543,,40220265,5131615,160136,-136607,3353651,106282,581692,1066461,26538,330003,17094683,17094683,18694330,10979844,31,7714517,18694361,16260770,34955099,477372,42841553,105715026,192691568,17006382,96906263,26450344,26774210,5255171,172392369,,,,,,,,,,,,,,,,,,,,,
1993,C,Rev.2,38391,5,subclase_5_digitos,Acumuladores y pilas (baterías),770546,265789,131424,130669,112531,96737,284911,1022061,14143472,,-799590,58734,,,-184101,34522,59174,149138,,86441,3354661,3354661,2388880,560586,,1828294,2388880,3180736,5569616,87484,11033841,14359457,28502929,557912,12013967,10635091,1115823,3902031,28224824,,,,,,,,,,,,,,,,,,,,,
1993,C,Rev.2,38392,5,subclase_5_digitos,"Lamp.eléc,tubo-luz,válvulas.radio",,,27644,,,5352,176945,209941,4137998,,1457711,-376224,,-148864,-227360,,,,26538,34503,1121462,1121462,2600085,1704473,31,895643,2600116,1038576,3638661,21845,5990382,8569555,12707553,,10050018,4071425,,,14121443,,,,,,,,,,,,,,,,,,,,,
1993,C,Rev.2,38393,5,subclase_5_digitos,Piezas y material conducción elect,4787980,12066,63051,47323,18647,186697,88163,415948,68695073,,39562144,5449106,160136,12257,3765112,71759,522518,917323,,209059,12618559,12618559,13705365,8714785,,4990580,13705365,12041457,25746822,368043,25817330,82786013,151481086,16448470,74842278,11743828,25658386,1353140,130046102,,,,,,,,,,,,,,,,,,,,,
1993,C,Rev.2,384,3,grupo_3_digitos,MATERIAL DE TRANSPORTE,15503849,645461,610384,772418,75729,806368,1588780,4499140,440857483,801131,142764688,20740889,3747576,197020,9177261,1831424,2733217,3054390,64379399,1305189,96690467,95889336,118640176,62488608,772185,56923754,119412362,29475019,148115196,1530861,145223375,399381248,840238732,4119781,101167443,71798883,44680875,28823516,250590497,,,,,,,,,,,,,,,,,,,,,
1993,C,Rev.2,3841,4,clase_4_digitos,CONSTRUCCION Y REPARACION NAVALES,2590451,,,290155,5289,110177,250737,656358,41166585,801131,14887211,4916737,297452,49463,2017188,134341,2230571,187723,,286778,-2630911,-3432042,4152175,6130,102645,4248690,4254820,-3043817,1108358,126128,38799462,52845083,94011668,,,,,,,,,,,,,,,,,,,,,,,,,,,
1993,C,Rev.2,38410,5,subclase_5_digitos,Construcción y reparacion navales,2590451,,,290155,5289,110177,250737,656358,41166585,801131,14887211,4916737,297452,49463,2017188,134341,2230571,187723,,286778,-2630911,-3432042,4152175,6130,102645,4248690,4254820,-3043817,1108358,126128,38799462,52845083,94011668,,,,,,,,,,,,,,,,,,,,,,,,,,,
1993,C,Rev.2,3843,4,clase_4_digitos,AUTOMOVILES Y REPUESTOS,10872372,627461,610384,482263,70440,601749,1239724,3632021,337016935,,111990191,8782131,768778,147557,3412432,1406092,344455,2702817,62827863,852042,93141080,93141080,94365340,58963859,669540,36071022,95034881,28269650,122634990,1191525,91315127,307318770,644335705,4119781,68608706,58645483,23021074,25563964,179959007,,,,,,,,,,,,,,,,,,,,,
1993,C,Rev.2,38430,5,subclase_5_digitos,Automotores y repuestos,10872372,627461,610384,482263,70440,601749,1239724,3632021,337016935,,111990191,8782131,768778,147557,3412432,1406092,344455,2702817,62827863,852042,93141080,93141080,94365340,58963859,669540,36071022,95034881,28269650,122634990,1191525,91315127,307318770,644335705,4119781,68608706,58645483,23021074,25563964,179959007,,,,,,,,,,,,,,,,,,,,,
1993,C,Rev.2,3844,4,clase_4_digitos,"MOTOS, MOTOCICLETAS Y BICICLETAS",2041025,18000,,,,94442,98320,210762,62673963,,15887286,7042020,2681347,,3747642,290990,158191,163850,1551536,166368,6180298,6180298,20122661,3518619,,16604042,20122661,4249187,24371848,213207,15108787,39217396,101891359,,32558737,13153400,21659801,3259552,70631490,,,,,,,,,,,,,,,,,,,,,
1993,C,Rev.2,38440,5,subclase_5_digitos,"Motos,motocicletas y bicicletas.",2041025,18000,,,,94442,98320,210762,62673963,,15887286,7042020,2681347,,3747642,290990,158191,163850,1551536,166368,6180298,6180298,20122661,3518619,,16604042,20122661,4249187,24371848,213207,15108787,39217396,101891359,,32558737,13153400,21659801,3259552,70631490,,,,,,,,,,,,,,,,,,,,,
1993,C,Rev.2,385,3,grupo_3_digitos,EQ.PROF.Y CIENTIF.Y AP.FOTOGRAFIA,4482292,7394,33655,19118,,102446,32993,195607,48149091,,48225630,11199798,1407821,19358,6370075,293399,1188156,1920990,5512,153704,4298651,4298651,13257743,7518639,,5739105,13257743,3951493,17209236,187943,19487297,76493870,124642961,884660,,9661661,75485007,10949417,96980745,,,,,,,,,,,,,,,,,,,,,
1993,C,Rev.2,3851,4,clase_4_digitos,EQ.PROF.Y CIENTIFICO (ORTOPEDIA),4252397,7394,33655,19118,,20398,16108,96673,36816717,,36001962,10741929,1407821,19358,6365866,201587,970197,1777101,5512,106921,3319695,3319695,10719067,6969647,,3749421,10719067,3084183,13803250,123080,13440447,57014501,93831218,,,,75485007,,75485007,,,,,,,,,,,,,,,,,,,,,
1993,C,Rev.2,38510,5,subclase_5_digitos,Equipo prof.científico(ortopedia),4252397,7394,33655,19118,,20398,16108,96673,36816717,,36001962,10741929,1407821,19358,6365866,201587,970197,1777101,5512,106921,3319695,3319695,10719067,6969647,,3749421,10719067,3084183,13803250,123080,13440447,57014501,93831218,,,,75485007,,75485007,,,,,,,,,,,,,,,,,,,,,
1993,C,Rev.2,3852,4,clase_4_digitos,"AP.FOTOGRAFICOS,INSTRUM.OPTICA",229894,,,,,82048,16885,98933,11332374,,12223668,457869,,,4209,91812,217959,143889,,46783,978956,978956,2538676,548992,,1989684,2538676,867310,3405986,64863,6046850,19479368,30811743,884660,,9661661,,10949417,21495738,,,,,,,,,,,,,,,,,,,,,
1993,C,Rev.2,38520,5,subclase_5_digitos,Ap.fotográficos e instrum.óptica.,229894,,,,,82048,16885,98933,11332374,,12223668,457869,,,4209,91812,217959,143889,,46783,978956,978956,2538676,548992,,1989684,2538676,867310,3405986,64863,6046850,19479368,30811743,884660,,9661661,,10949417,21495738,,,,,,,,,,,,,,,,,,,,,
1993,C,Rev.2,39,2,division_2_digitos,OTRAS INDUSTRIAS MANUFACTURERAS,2897837,131619,,65871,,242832,167813,608135,97117146,,35881209,1693140,-1098442,76727,654094,594562,,1466199,1852464,215258,12184170,12184170,14371382,3566907,182453,10986928,14553835,9214621,23586003,901827,24940609,75903825,173020971,3600968,28131418,11292791,19921625,6439986,69386789,,,,,,,,,,,,,,,,,,,,,
1993,C,Rev.2,390,3,grupo_3_digitos,OTRAS INDUSTRIAS MANUFACTURERAS,2897837,131619,,65871,,242832,167813,608135,97117146,,35881209,1693140,-1098442,76727,654094,594562,,1466199,1852464,215258,12184170,12184170,14371382,3566907,182453,10986928,14553835,9214621,23586003,901827,24940609,75903825,173020971,3600968,28131418,11292791,19921625,6439986,69386789,,,,,,,,,,,,,,,,,,,,,
1993,C,Rev.2,3901,4,clase_4_digitos,JOYAS Y ARTICULOS CONEXOS,98753,,,6165,,5778,54425,66368,3204285,,942790,850397,,,,68877,,781520,3658,25222,786015,786015,440865,6020,27655,462500,468520,738024,1178889,19110,3160508,4988066,8192352,,232214,,,2336995,2569210,,,,,,,,,,,,,,,,,,,,,
1993,C,Rev.2,39010,5,subclase_5_digitos,Joyas y artículos conexos.,98753,,,6165,,5778,54425,66368,3204285,,942790,850397,,,,68877,,781520,3658,25222,786015,786015,440865,6020,27655,462500,468520,738024,1178889,19110,3160508,4988066,8192352,,232214,,,2336995,2569210,,,,,,,,,,,,,,,,,,,,,
1993,C,Rev.2,3903,4,clase_4_digitos,ARTIC.DE DEPORTE Y ATLETISMO,78090,,,,,,,,1591315,,1009789,,,,,,,,,7350,131830,131830,265091,11600,,253491,265091,117622,382714,6858,601283,1820992,3412307,,2459160,668040,,,3127200,,,,,,,,,,,,,,,,,,,,,
1993,C,Rev.2,39030,5,subclase_5_digitos,Artículos para deporte.,78090,,,,,,,,1591315,,1009789,,,,,,,,,7350,131830,131830,265091,11600,,253491,265091,117622,382714,6858,601283,1820992,3412307,,2459160,668040,,,3127200,,,,,,,,,,,,,,,,,,,,,
1993,C,Rev.2,3909,4,clase_4_digitos,OTRAS INDUSTRIAS MANUFACT. N.E.P.,2720994,131619,,59706,,237053,113389,541767,92321546,,33928630,842743,-1098442,76727,654094,525685,,684679,1848806,182685,11266325,11266325,13665426,3549287,154798,10270937,13820224,8358974,22024400,875859,21178818,69094767,161416313,3600968,25440044,10624751,19921625,4102991,63690379,,,,,,,,,,,,,,,,,,,,,
1993,C,Rev.2,39090,5,subclase_5_digitos,Otras industrias manufact.n.e.p.,2720994,131619,,59706,,237053,113389,541767,92321546,,33928630,842743,-1098442,76727,654094,525685,,684679,1848806,182685,11266325,11266325,13665426,3549287,154798,10270937,13820224,8358974,22024400,875859,21178818,69094767,161416313,3600968,25440044,10624751,19921625,4102991,63690379,,,,,,,,,,,,,,,,,,,,,
1994,C,Rev.2,3,1,industria_total,INDUSTRIAS MANUFACTURERAS,815200497,3442466,146991729,44743100,124785039,24759190,52691552,397413075,17695706676,112718756,6420989108,1082151306,185784111,20866892,672462006,61472342,77087956,64477999,1292403108,46773802,2922242518,2809523762,2602212171,681692116,66216985,1986737040,2668429156,1434501343,4036713514,148564264,5696752921,15742466288,33438172964,465684523,10425444176,6323069567,3618685447,1715851289,22548735002,,,,,,,,,,,,,,,,,,,,,
1994,C,Rev.2,31,2,division_2_digitos,PRODUCTOS ALIMENT.BEBIDAS Y TABACO,319473539,566661,33297863,25285758,77787362,6419533,25873205,169230382,8432776717,56274266,2624446307,459193812,70074173,12445353,307274395,24803732,31121337,13474821,1205414865,16501930,2028980119,1972705853,986997052,136248904,39675464,890423611,1026672516,704492719,1691489771,102570605,2091667275,7008292974,15441069691,70692937,5966591725,3642152928,764396746,1089322273,11533156608,,,,,,,,,,,,,,,,,,,,,
1994,C,Rev.2,311,3,grupo_3_digitos,PRODUCTOS ALIMENTICIOS,210543001,416796,26529980,17922407,62234295,4967664,22754975,134826117,6419599586,52934588,1404263420,250782898,45362406,2210417,177194097,17086494,8401166,528318,7023718,11160835,407001516,354066927,580848777,64811551,15315047,531352273,596163824,342267933,923116710,46549029,1429519842,3398393191,9817992776,64138026,3431000177,1619701236,308756027,1052790133,6476385598,,,,,,,,,,,,,,,,,,,,,
1994,C,Rev.2,3111,4,clase_4_digitos,MATANZA Y PREPARAC CARNES Y AVES,53118759,243061,4656437,3676689,7128613,1394003,6024762,23123565,2805960730,16696808,301610051,57185386,8651954,119561,36026065,2471735,2383525,7532546,6404648,3192136,165337796,148640987,141535894,9042680,4165979,136659193,145701873,139808331,281344224,15932681,397180914,900550711,3706511441,,1320753131,706805031,103195407,74587282,2205340850,,,,,,,,,,,,,,,,,,,,,
1994,C,Rev.2,31111,5,subclase_5_digitos,Matanza de ganado.,42408903,146364,3253848,2827728,5063109,799668,5642587,17733303,2257917412,16696808,126001476,33808466,2988903,119561,24429065,473130,868596,4929212,5055262,2410189,80012321,63315513,83856125,3208380,3808075,84455821,87664200,60287236,144143361,12259635,296558550,528284442,2786201853,,793405362,442225149,98914273,29585571,1364130355,,,,,,,,,,,,,,,,,,,,,
1994,C,Rev.2,31112,5,subclase_5_digitos,Preparación y conservación carnes,8406797,28507,1402589,607481,1936854,586405,277444,4839281,379717858,,119250944,17890422,4581611,,10096176,659306,1335538,1217791,1165349,642469,63960548,63960548,46180354,5767998,132044,40544399,46312398,58650860,104831214,3501870,81896675,273514963,653232821,,445926131,105586850,3155323,15509433,570177737,,,,,,,,,,,,,,,,,,,,,
1994,C,Rev.2,31113,5,subclase_5_digitos,Matanza y preparación de aves.,2303060,68190,,241480,128650,7931,104731,550982,168325461,,56357631,5486497,1081440,,1500824,1339299,179392,1385543,184037,139478,21364927,21364927,11499414,66302,225860,11658973,11725275,20870235,32369649,171177,18725689,98751306,267076767,,81421639,158993031,1125810,29492278,271032758,,,,,,,,,,,,,,,,,,,,,
1994,C,Rev.2,3112,4,clase_4_digitos,PRODUCTOS LACTEOS,46015515,,8335408,1414848,6189623,597735,2046965,18584578,947300774,16119349,322783480,115743073,32138890,1899370,70752222,4738913,2320066,3893613,132401,2792847,77659007,61539658,74028713,8155994,7963924,73836643,81992637,66856343,140885056,7877416,367882851,798221504,1745522278,48868785,931429280,136413295,18268260,58719384,1193699005,,,,,,,,,,,,,,,,,,,,,
1994,C,Rev.2,31120,5,subclase_5_digitos,Productos lácteos.,46015515,,8335408,1414848,6189623,597735,2046965,18584578,947300774,16119349,322783480,115743073,32138890,1899370,70752222,4738913,2320066,3893613,132401,2792847,77659007,61539658,74028713,8155994,7963924,73836643,81992637,66856343,140885056,7877416,367882851,798221504,1745522278,48868785,931429280,136413295,18268260,58719384,1193699005,,,,,,,,,,,,,,,,,,,,,
1994,C,Rev.2,3113,4,clase_4_digitos,ENVAS.Y CONSERVAC.FRUTAS-LEGUMBRES,9093556,,404043,160337,1190730,223659,40475,2019244,62009094,653352,-5676119,8452233,,,8332146,120087,,,486669,118490,10864976,10211624,8988302,2603225,47581,6432658,9035883,9753072,18741373,506745,14190687,27819748,89828841,,38144550,6510840,,716899,45372289,,,,,,,,,,,,,,,,,,,,,
1994,C,Rev.2,31130,5,subclase_5_digitos,"Envas.y concervac.frutas,legumbres",9093556,,404043,160337,1190730,223659,40475,2019244,62009094,653352,-5676119,8452233,,,8332146,120087,,,486669,118490,10864976,10211624,8988302,2603225,47581,6432658,9035883,9753072,18741373,506745,14190687,27819748,89828841,,38144550,6510840,,716899,45372289,,,,,,,,,,,,,,,,,,,,,
1994,C,Rev.2,3114,4,clase_4_digitos,ELABORACION DE PESCADO Y OTROS,21403786,,9558807,1158994,651656,,3168838,14538296,162655756,2624687,15448417,-619296,-2164009,95195,1078689,486135,10959,-126265,,774741,-6525335,-9150022,14295355,610918,215327,13899764,14510682,-7607926,6687428,307850,106427093,134129274,296785030,34834,13250348,,913599,104501,14303281,,,,,,,,,,,,,,,,,,,,,
1994,C,Rev.2,31140,5,subclase_5_digitos,"Elaboración de pescado, y otros.",21403786,,9558807,1158994,651656,,3168838,14538296,162655756,2624687,15448417,-619296,-2164009,95195,1078689,486135,10959,-126265,,774741,-6525335,-9150022,14295355,610918,215327,13899764,14510682,-7607926,6687428,307850,106427093,134129274,296785030,34834,13250348,,913599,104501,14303281,,,,,,,,,,,,,,,,,,,,,
1994,C,Rev.2,3115,4,clase_4_digitos,ACEITES Y GRASAS VEGET.Y ANIMALES.,3470884,,,754113,6583663,191565,968975,8498316,265506827,9160,18686466,4943374,1611910,,1622308,315912,456750,936494,,214669,18640450,18631290,91817777,9319243,237423,82735957,92055199,14988023,106805800,3437758,28155303,68943943,334450770,,207893539,522846,19291501,,227707886,,,,,,,,,,,,,,,,,,,,,
1994,C,Rev.2,31150,5,subclase_5_digitos,Aceites y grasas veget.y animales,3470884,,,754113,6583663,191565,968975,8498316,265506827,9160,18686466,4943374,1611910,,1622308,315912,456750,936494,,214669,18640450,18631290,91817777,9319243,237423,82735957,92055199,14988023,106805800,3437758,28155303,68943943,334450770,,207893539,522846,19291501,,227707886,,,,,,,,,,,,,,,,,,,,,
1994,C,Rev.2,3116,4,clase_4_digitos,"MOLINOS HARINEROS,ARROCEROS,YERBAT",25902984,,40553,4458201,1567494,713439,652392,7432080,994106997,16811936,184811613,32300736,-325393,93958,28371510,695218,1876496,1588947,,1135296,32219773,15407837,53370982,9266243,2429838,46534576,55800820,24631355,78002337,6453122,127464720,353587154,1347694151,226460,272324192,208968241,125001389,57148846,663669128,,,,,,,,,,,,,,,,,,,,,
1994,C,Rev.2,31161,5,subclase_5_digitos,Molinos harineros.,8786187,,40553,3454075,79679,218787,304718,4097812,306029568,,61105675,16871575,434122,58624,13326414,130548,1858461,1063406,,675823,38442041,38442041,16931168,2247245,1198520,15882444,18129689,35895228,52826396,1870990,63888582,172222485,478252053,226460,96973858,179138806,124708232,56677067,457724422,,,,,,,,,,,,,,,,,,,,,
1994,C,Rev.2,31162,5,subclase_5_digitos,Molinos arroceros.,16168656,,,850080,1487815,467087,328304,3133286,617442624,16811936,119333003,14693151,558320,35334,13028905,477222,9845,583525,,401761,-7194774,-24006710,27829921,1436569,1231253,27624605,29061174,-11875699,15954222,4279164,55652437,167147386,784590010,,115192681,7903656,107435,325930,123529702,,,,,,,,,,,,,,,,,,,,,
1994,C,Rev.2,31163,5,subclase_5_digitos,Molienda yerba mate.,948141,,,154047,,27565,19370,200982,70634805,,4372935,736011,-1317834,,2016190,87449,8190,-57984,,57712,972506,972506,8609892,5582429,65,3027528,8609957,611826,9221718,302967,7923701,14217283,84852088,,60157653,21925779,185723,145850,82415004,,,,,,,,,,,,,,,,,,,,,
1994,C,Rev.2,3117,4,clase_4_digitos,"PAN,REPOSTERIA,PASTAS,GALLETERIA",42036482,128856,2379796,5881234,33998838,1156024,8120487,51665234,822763303,19296,494669541,23587527,4698383,,25290857,7298402,1045905,-14746021,,2426330,85465513,85446217,147126890,2991593,212658,144347955,147339548,76379893,223506783,6659289,309838007,931990248,1754753551,14462742,301161050,484378122,10121252,859350721,1669473886,,,,,,,,,,,,,,,,,,,,,
1994,C,Rev.2,31171,5,subclase_5_digitos,,33292397,,686615,3818086,33998838,731723,4676228,43911489,571575551,,434320909,4641219,4370225,,12193862,6464499,739116,-19126482,,1829641,66104539,66104539,102386522,1030918,201662,101557266,102588184,59147592,161534114,5127306,231398131,765115975,1336691526,7597016,92711751,419556771,2446614,778023220,1300335373,,,,,,,,,,,,,,,,,,,,,
1994,C,Rev.2,31172,5,subclase_5_digitos,Fideerías y preparación de pastas.,4660790,,345376,2054344,,339571,823243,3562535,145265107,19296,32068227,5754743,,,1371811,608629,198253,3576050,,310617,5905070,5885774,28782778,202658,5783,28585903,28788561,4831032,33613811,763421,41327486,83942276,229207384,4307514,82558675,41797439,,81327500,209991128,,,,,,,,,,,,,,,,,,,,,
1994,C,Rev.2,31173,5,subclase_5_digitos,,4083296,128856,1347805,8804,,84729,2621015,4191211,105922645,,28280406,13191565,328158,,11725184,225274,108537,804412,,286073,13455905,13455905,15957589,1758017,5213,14204785,15962802,12401270,28358859,768562,37112390,82931996,188854641,2558212,125890623,23023912,7674637,,159147385,,,,,,,,,,,,,,,,,,,,,
1994,C,Rev.2,3118,4,clase_4_digitos,INGENIOS Y REFINERIAS DE AZUCAR,7271948,,104724,235290,4923679,380132,1405700,7049525,252860978,,50954723,4716847,,2333,3411765,21202,91,1281456,,85105,7287296,7287296,28415720,16899992,33931,11549659,28449651,4426291,32842011,2775900,33377941,98891908,351752886,,273310565,11763696,9501708,82990,294658959,,,,,,,,,,,,,,,,,,,,,
1994,C,Rev.2,31180,5,subclase_5_digitos,Ingenios y refinerías de azúcar.,7271948,,104724,235290,4923679,380132,1405700,7049525,252860978,,50954723,4716847,,2333,3411765,21202,91,1281456,,85105,7287296,7287296,28415720,16899992,33931,11549659,28449651,4426291,32842011,2775900,33377941,98891908,351752886,,273310565,11763696,9501708,82990,294658959,,,,,,,,,,,,,,,,,,,,,
1994,C,Rev.2,3119,4,clase_4_digitos,"CACAO,CHOCOLATE Y CONFITURAS",2229086,44879,1050212,182701,,311106,326381,1915279,106435127,,20975248,4473018,750671,,2308536,938890,307374,167547,,421221,16052041,16052041,21269145,5921663,8386,15355868,21277531,13032552,34301697,2598268,45002326,84258701,190693828,545204,72733523,64339165,22462911,2079510,162160313,,,,,,,,,,,,,,,,,,,,,
1994,C,Rev.2,31190,5,subclase_5_digitos,"Cacao,chocolate y confituras",2229086,44879,1050212,182701,,311106,326381,1915279,106435127,,20975248,4473018,750671,,2308536,938890,307374,167547,,421221,16052041,16052041,21269145,5921663,8386,15355868,21277531,13032552,34301697,2598268,45002326,84258701,190693828,545204,72733523,64339165,22462911,2079510,162160313,,,,,,,,,,,,,,,,,,,,,
1994,C,Rev.2,312,3,grupo_3_digitos,ALIMENTOS DIVERSOS,26770721,141320,1799976,4476744,7922821,524355,1418712,16283927,804407335,,321506925,114941283,24164973,291463,74417304,4398303,3062010,8607231,7556511,2065584,117870862,117870862,158034683,24763128,18163365,151434920,176198048,98303515,256338199,9945252,236830950,702979459,1507386794,465235,351806030,462093873,400658975,24508677,1239532790,,,,,,,,,,,,,,,,,,,,,
1994,C,Rev.2,3121,4,clase_4_digitos,PRODUCTOS ALIMENTICIOS DIVERSOS,25483125,141320,1799976,3869491,7786025,420562,1376898,15394272,676395096,,274697565,114168673,24164973,268486,74011155,4393605,2984437,8346017,7556511,1999433,126071064,126071064,146516028,24354000,14327589,136489617,160843616,106750673,253266700,9764448,226526086,652777840,1329172936,465235,332595264,438458051,372582630,9228480,1153329660,,,,,,,,,,,,,,,,,,,,,
1994,C,Rev.2,31211,5,subclase_5_digitos,,4119466,141320,311947,620237,518297,230547,181416,2003764,171869421,,45133802,2869493,695914,,1481105,513902,306675,-128103,,562049,25186353,25186353,22246587,10961229,,11285358,22246587,22167518,44414105,2456786,44749400,119189021,291058442,465235,105162052,162472966,3721879,9228480,281050611,,,,,,,,,,,,,,,,,,,,,
1994,C,Rev.2,31212,5,subclase_5_digitos,,21363660,,1488029,3249254,7267728,190015,1195482,13390508,504525675,,229563763,111299180,23469059,268486,72530051,3879703,2677762,8474120,7556511,1437384,100884711,100884711,124269441,13392771,14327589,125204258,138597029,84583155,208852595,7307662,181776685,533588818,1038114494,,227433212,275985086,368860751,,872279049,,,,,,,,,,,,,,,,,,,,,
1994,C,Rev.2,3122,4,clase_4_digitos,RACIONES BALANCEADAS,1287596,,,607253,136796,103792,41814,889655,128012239,,46809361,772610,,22977,406148,4698,77573,261214,,66152,-8200202,-8200202,11518656,409128,3835776,14945304,15354432,-8447157,3071498,180804,10304865,50201619,178213858,,19210766,23635822,28076345,15280197,86203130,,,,,,,,,,,,,,,,,,,,,
1994,C,Rev.2,31220,5,subclase_5_digitos,Preparación raciones balanceadas,1287596,,,607253,136796,103792,41814,889655,128012239,,46809361,772610,,22977,406148,4698,77573,261214,,66152,-8200202,-8200202,11518656,409128,3835776,14945304,15354432,-8447157,3071498,180804,10304865,50201619,178213858,,19210766,23635822,28076345,15280197,86203130,,,,,,,,,,,,,,,,,,,,,
1994,C,Rev.2,313,3,grupo_3_digitos,INDUSTRIA DE BEBIDAS,73891807,8545,4406073,2769401,7630247,927515,1557331,17299111,1082232567,3331403,765986602,74404522,-171446,9098463,40241938,2932562,18618154,3684850,484606651,2786814,796591145,793259742,247699025,43700940,623043,204621128,248322068,263790390,511489415,45407290,359169554,1992307705,3074540272,6089677,1183514378,1536991385,54981744,12023462,2793600646,,,,,,,,,,,,,,,,,,,,,
1994,C,Rev.2,3131,4,clase_4_digitos,DEST.Y MEZCLA BEBIDAS ESPIRITUOSAS,9575017,,1740686,187285,38,166635,466637,2561281,164803937,,12860334,2989451,325259,218020,2115193,181380,6818,142781,106781880,426385,154967681,154967681,26789098,10438000,216605,16567704,27005703,45300990,72090087,2458427,57717171,235120203,399924141,1769330,289937626,50058550,34722537,694171,377182214,,,,,,,,,,,,,,,,,,,,,
1994,C,Rev.2,31310,5,subclase_5_digitos,Dest.y mezcla bebidas espirituosas,9575017,,1740686,187285,38,166635,466637,2561281,164803937,,12860334,2989451,325259,218020,2115193,181380,6818,142781,106781880,426385,154967681,154967681,26789098,10438000,216605,16567704,27005703,45300990,72090087,2458427,57717171,235120203,399924141,1769330,289937626,50058550,34722537,694171,377182214,,,,,,,,,,,,,,,,,,,,,
1994,C,Rev.2,3132,4,clase_4_digitos,INDUSTRIAS VINICOLAS,7617641,,49610,1451043,58764,517727,141166,2218310,164166238,,46436558,13751674,211812,8899839,2233859,452049,130453,1823662,18815479,317217,51103666,51103666,27057972,1299201,,25758771,27057972,26670232,53728204,5300738,39366299,144524163,308690401,,114208136,167752591,2641294,7873022,292475044,,,,,,,,,,,,,,,,,,,,,
1994,C,Rev.2,31320,5,subclase_5_digitos,Industrias vinícolas.,7617641,,49610,1451043,58764,517727,141166,2218310,164166238,,46436558,13751674,211812,8899839,2233859,452049,130453,1823662,18815479,317217,51103666,51103666,27057972,1299201,,25758771,27057972,26670232,53728204,5300738,39366299,144524163,308690401,,114208136,167752591,2641294,7873022,292475044,,,,,,,,,,,,,,,,,,,,,
1994,C,Rev.2,3133,4,clase_4_digitos,CERVECERIAS Y MALTERIAS,27089154,,1608290,54709,6732350,43361,104596,8543306,186355060,3331403,195307095,16726905,-6414952,25323,11947242,778006,9529811,861475,99445280,913254,158070580,154739177,40048485,3003245,98653,37143893,40147138,54112374,94160859,3599672,114947023,492082449,678437509,,483698139,39351946,13297566,,536347651,,,,,,,,,,,,,,,,,,,,,
1994,C,Rev.2,31330,5,subclase_5_digitos,Cervecerías y malterías,27089154,,1608290,54709,6732350,43361,104596,8543306,186355060,3331403,195307095,16726905,-6414952,25323,11947242,778006,9529811,861475,99445280,913254,158070580,154739177,40048485,3003245,98653,37143893,40147138,54112374,94160859,3599672,114947023,492082449,678437509,,483698139,39351946,13297566,,536347651,,,,,,,,,,,,,,,,,,,,,
1994,C,Rev.2,3134,4,clase_4_digitos,BEBIDAS SIN ALCOHOL,29609995,8545,1007487,1076364,839094,199792,844932,3976214,566907332,,511382615,40936492,5706435,-44719,23945644,1521127,8951071,856933,259564012,1129958,432449219,432449219,153803470,28960494,307785,125150761,154111255,137706795,291510265,34048454,147139061,1120580890,1687488222,4320347,295670477,1279828298,4320347,3456269,1587595737,,,,,,,,,,,,,,,,,,,,,
1994,C,Rev.2,31340,5,subclase_5_digitos,Bebidas sin alcohol,29609995,8545,1007487,1076364,839094,199792,844932,3976214,566907332,,511382615,40936492,5706435,-44719,23945644,1521127,8951071,856933,259564012,1129958,432449219,432449219,153803470,28960494,307785,125150761,154111255,137706795,291510265,34048454,147139061,1120580890,1687488222,4320347,295670477,1279828298,4320347,3456269,1587595737,,,,,,,,,,,,,,,,,,,,,
1994,C,Rev.2,314,3,grupo_3_digitos,INDUSTRIAS DEL TABACO,8268010,,561834,117206,,,142187,821227,126537229,8275,132689359,19065109,718241,845010,15421056,386373,1040007,654422,706227986,488697,707516596,707508321,414567,2973286,5574009,3015290,5988576,130880,545447,669033,66146929,914612619,1041149848,,1000271139,23366434,,,1023637573,,,,,,,,,,,,,,,,,,,,,
1994,C,Rev.2,3140,4,clase_4_digitos,INDUSTRIAS DEL TABACO,8268010,,561834,117206,,,142187,821227,126537229,8275,132689359,19065109,718241,845010,15421056,386373,1040007,654422,706227986,488697,707516596,707508321,414567,2973286,5574009,3015290,5988576,130880,545447,669033,66146929,914612619,1041149848,,1000271139,23366434,,,1023637573,,,,,,,,,,,,,,,,,,,,,
1994,C,Rev.2,31400,5,subclase_5_digitos,Industrias del tabaco.,8268010,,561834,117206,,,142187,821227,126537229,8275,132689359,19065109,718241,845010,15421056,386373,1040007,654422,706227986,488697,707516596,707508321,414567,2973286,5574009,3015290,5988576,130880,545447,669033,66146929,914612619,1041149848,,1000271139,23366434,,,1023637573,,,,,,,,,,,,,,,,,,,,,
1994,C,Rev.2,32,2,division_2_digitos,"TEXTILES,PR.VESTIR,INDUSTRIA CUERO",141180045,137846,17315502,2128049,14174770,4487179,3580034,41823381,3251193871,52596013,1247125890,142217963,16031389,586773,96663193,10751943,11901055,6283610,34533,8115951,87883652,35287639,448868518,92806352,1993681,358055847,450862199,65909478,514777996,13823691,1004841612,2428435185,5679629057,8502684,929035503,627598983,325764156,97053601,1987954927,,,,,,,,,,,,,,,,,,,,,
1994,C,Rev.2,321,3,grupo_3_digitos,TEXTILES,99602401,78537,15202429,914069,7143843,1363697,2271563,26974139,1507623031,26387661,645586070,87129646,7111129,105294,70898196,4618848,2812055,1584125,3470,4281944,55966434,29578773,189967044,37866794,1346960,153447211,191314004,43853095,233820139,7827925,515897394,1290664638,2798287669,7612340,607382910,192361593,185604775,32223393,1025185010,,,,,,,,,,,,,,,,,,,,,
1994,C,Rev.2,3211,4,clase_4_digitos,"LAVADERO,HILANDERIA Y TEJEDURIA.",84439666,78537,14296758,286596,6646318,673962,1900482,23882653,1283526822,22933566,535484002,77816449,6382156,104122,64663306,3635108,2189286,842472,,3412871,34570563,11636996,153704141,32470282,827134,122060993,154531275,24815023,178519164,6342669,414542298,1046102963,2329629785,4282301,443830963,87072851,154315589,10647487,700149191,,,,,,,,,,,,,,,,,,,,,
1994,C,Rev.2,32111,5,subclase_5_digitos,"Lavadero,enfardelaje y fab de tops",38428211,,2566868,195442,4227439,91401,415340,7496489,730910128,9640311,318284066,30437561,4874670,61176,22684434,931980,1080559,804742,,1007961,3877842,-5762469,41087162,4535022,471699,37023839,41558861,-476570,40610592,3346452,124289031,475238838,1206148966,,11518858,,84423723,,95942581,,,,,,,,,,,,,,,,,,,,,
1994,C,Rev.2,32112,5,subclase_5_digitos,"Hiland.tejeduría,acabado de lana",12301833,,1891094,33595,1211710,216658,619507,3972564,205810162,10733183,115471925,20166698,684875,33682,17599061,526354,778439,544287,,1000271,-7392704,-18125887,32862000,7181643,9328,25689685,32871328,-10053375,22808625,1660400,121049468,230697339,436507501,,102830914,8857588,10148277,9899652,131736431,,,,,,,,,,,,,,,,,,,,,
1994,C,Rev.2,32113,5,subclase_5_digitos,,12075841,78537,629761,36114,1086872,204360,595431,2631075,159056985,,29151692,1683394,-203301,9263,1120035,714263,226446,-183312,,642114,22116243,22116243,29536411,6338978,,23197433,29536411,21092392,50628803,381737,68482181,131825958,290882943,223986,188897729,15212824,35892645,,240227184,,,,,,,,,,,,,,,,,,,,,
1994,C,Rev.2,32114,5,subclase_5_digitos,,21632753,,9209034,21445,120297,161543,270205,9782525,187334862,2560072,72625000,25528796,1025912,,23259776,1462511,103841,-323245,,761219,15980664,13420592,50199417,14414638,346107,36130885,50545524,14265365,64464782,954080,100529256,208207602,395542463,4058316,140548211,63002438,23850943,747836,232207744,,,,,,,,,,,,,,,,,,,,,
1994,C,Rev.2,32115,5,subclase_5_digitos,Hiland.tejeduría de fibras duras,1027,,,,,,,,414686,,-48681,,,,,,,,,1306,-11483,-11483,19151,,,19151,19151,-12789,6362,,192362,133225,547911,,35251,,,,35251,,,,,,,,,,,,,,,,,,,,,
1994,C,Rev.2,3212,4,clase_4_digitos,TEXTILES EXCEPTO PRENDAS VESTIR,955318,,,59267,,340743,29801,429811,44716065,,13887322,1152974,129152,,437898,18760,13068,554097,3470,87761,3379192,3379192,4329344,460947,287326,4155722,4616670,2991767,7321111,296194,11946987,30168819,74884884,78224,27341035,20714585,16126113,3333545,67593501,,,,,,,,,,,,,,,,,,,,,
1994,C,Rev.2,32120,5,subclase_5_digitos,Textiles excepto prendas vestir,955318,,,59267,,340743,29801,429811,44716065,,13887322,1152974,129152,,437898,18760,13068,554097,3470,87761,3379192,3379192,4329344,460947,287326,4155722,4616670,2991767,7321111,296194,11946987,30168819,74884884,78224,27341035,20714585,16126113,3333545,67593501,,,,,,,,,,,,,,,,,,,,,
1994,C,Rev.2,3213,4,clase_4_digitos,TEJIDOS PUNTO Y MEDIAS,9164976,,427275,380108,5880,316281,100886,1230431,104480241,2895560,71346936,1391265,-484395,,967993,550333,233042,124292,,443759,11834089,8938529,16325965,1266037,221032,15280960,16546997,10401504,26727469,988826,55286969,144737409,249217650,700779,89540791,44340687,718348,17028501,152329106,,,,,,,,,,,,,,,,,,,,,
1994,C,Rev.2,32130,5,subclase_5_digitos,Tejidos de punto y medias.,9164976,,427275,380108,5880,316281,100886,1230431,104480241,2895560,71346936,1391265,-484395,,967993,550333,233042,124292,,443759,11834089,8938529,16325965,1266037,221032,15280960,16546997,10401504,26727469,988826,55286969,144737409,249217650,700779,89540791,44340687,718348,17028501,152329106,,,,,,,,,,,,,,,,,,,,,
1994,C,Rev.2,3214,4,clase_4_digitos,TAPICES Y ALFOMBRAS,369382,,,,,2704,43294,45998,6319737,,4960316,-208712,,,-207978,124,,-858,,24167,974547,974547,1836351,211616,5019,1629754,1841370,922768,2759119,27612,3017244,9321488,15641226,,653775,13853059,,715320,15222154,,,,,,,,,,,,,,,,,,,,,
1994,C,Rev.2,32140,5,subclase_5_digitos,Tapices y alfombras,369382,,,,,2704,43294,45998,6319737,,4960316,-208712,,,-207978,124,,-858,,24167,974547,974547,1836351,211616,5019,1629754,1841370,922768,2759119,27612,3017244,9321488,15641226,,653775,13853059,,715320,15222154,,,,,,,,,,,,,,,,,,,,,
1994,C,Rev.2,3215,4,clase_4_digitos,CORDELERIA,28994,,,,20625,17116,19243,56984,1998323,,375893,83927,,1172,,1380,,81375,,13508,326407,326407,419483,206360,6449,219572,425932,295097,714580,17802,1700291,2431585,4429908,,2762538,1040956,200184,,4003678,,,,,,,,,,,,,,,,,,,,,
1994,C,Rev.2,32150,5,subclase_5_digitos,Cordelería.,28994,,,,20625,17116,19243,56984,1998323,,375893,83927,,1172,,1380,,81375,,13508,326407,326407,419483,206360,6449,219572,425932,295097,714580,17802,1700291,2431585,4429908,,2762538,1040956,200184,,4003678,,,,,,,,,,,,,,,,,,,,,
1994,C,Rev.2,3219,4,clase_4_digitos,TEXTILES N.E.P.,4644065,,478396,188098,471020,12891,177857,1328262,66581843,558534,19531601,6893743,1084216,,5036978,413143,376660,-17254,,299878,4881637,4323102,13351761,3251551,,10100210,13351761,4426936,17778698,154822,29403606,57902375,124484218,2551035,43253808,25339456,14244540,498540,85887380,,,,,,,,,,,,,,,,,,,,,
1994,C,Rev.2,32190,5,subclase_5_digitos,Textiles N.E.P..,4644065,,478396,188098,471020,12891,177857,1328262,66581843,558534,19531601,6893743,1084216,,5036978,413143,376660,-17254,,299878,4881637,4323102,13351761,3251551,,10100210,13351761,4426936,17778698,154822,29403606,57902375,124484218,2551035,43253808,25339456,14244540,498540,85887380,,,,,,,,,,,,,,,,,,,,,
1994,C,Rev.2,322,3,grupo_3_digitos,PRENDAS VESTIR EXCEPTO CALZADO,13913033,59309,478979,282891,218789,2045475,440195,3525639,648654718,11264879,312106186,19010241,730465,62983,3082556,4090862,7231368,3812006,31063,2100226,48220097,36955218,124734223,23465806,198246,101466664,124932470,43239737,167973960,2849071,270369071,633343509,1281998227,890345,171663419,287282424,14860841,61557998,536255027,,,,,,,,,,,,,,,,,,,,,
1994,C,Rev.2,3220,4,clase_4_digitos,PRENDAS VESTIR EXCEPTO CALZADO,13913033,59309,478979,282891,218789,2045475,440195,3525639,648654718,11264879,312106186,19010241,730465,62983,3082556,4090862,7231368,3812006,31063,2100226,48220097,36955218,124734223,23465806,198246,101466664,124932470,43239737,167973960,2849071,270369071,633343509,1281998227,890345,171663419,287282424,14860841,61557998,536255027,,,,,,,,,,,,,,,,,,,,,
1994,C,Rev.2,32201,5,subclase_5_digitos,,9938538,59309,442557,104572,218789,1363569,272992,2461788,404646874,4930964,229167957,13305345,718468,62154,1923287,3216553,7179001,205883,11958,1511003,60617293,55686329,80547010,12260055,198246,68485202,80745257,57323411,137870421,1770922,195217895,490010719,894657593,739383,137464427,227627555,8617252,43122048,417570665,,,,,,,,,,,,,,,,,,,,,
1994,C,Rev.2,32202,5,subclase_5_digitos,Prendas de cuero.,2138777,,,172647,,488325,98169,759141,176032672,6333915,55326448,2710598,11997,,650596,499846,,1548159,19105,288808,-23183763,-29517678,32366279,9268240,,23098039,32366279,-24438205,7928074,946529,37055679,65003225,241035897,,482665,3771187,,6831347,11085199,,,,,,,,,,,,,,,,,,,,,
1994,C,Rev.2,32203,5,subclase_5_digitos,,1835719,,36423,5673,,193580,69035,304710,67975172,,27611782,2994297,,830,508673,374463,52367,2057964,,300415,10786567,10786567,11820934,1937512,,9883423,11820934,10354530,22175465,131621,38095497,78329564,146304736,150962,33716327,55883682,6243589,11604603,107599163,,,,,,,,,,,,,,,,,,,,,
1994,C,Rev.2,323,3,grupo_3_digitos,"CUERO Y PIELES,EXCEP.CALZADO",23722184,,1590721,860321,6812138,415247,614833,10293259,865688854,12180626,268567345,33230985,8189796,82338,20668655,1616399,1782733,891063,,1203617,-19449883,-31630509,91902976,29594350,448475,62757100,92351451,-22799434,69103542,2145934,150462776,411121796,1276810650,,12345401,66208028,125298540,2777463,206629431,,,,,,,,,,,,,,,,,,,,,
1994,C,Rev.2,3231,4,clase_4_digitos,CURTIEMBRES Y TALLERES DE ACABADO,21919702,,1568192,860321,6812138,390141,559955,10190747,782996309,10077941,258588264,32530836,8189796,82154,20142689,1523932,1745526,846739,,1048174,-13232063,-23310004,80479240,28737019,446338,52188559,80925578,-16066371,64412869,1786134,132734790,389932752,1172929061,,11488369,44518769,125298540,2777463,184083142,,,,,,,,,,,,,,,,,,,,,
1994,C,Rev.2,32310,5,subclase_5_digitos,Curtiembres y talleres de acabado.,21919702,,1568192,860321,6812138,390141,559955,10190747,782996309,10077941,258588264,32530836,8189796,82154,20142689,1523932,1745526,846739,,1048174,-13232063,-23310004,80479240,28737019,446338,52188559,80925578,-16066371,64412869,1786134,132734790,389932752,1172929061,,11488369,44518769,125298540,2777463,184083142,,,,,,,,,,,,,,,,,,,,,
1994,C,Rev.2,3233,4,clase_4_digitos,"ART.CUERO (MARROQUINERIA,ETC.)",1802482,,22528,,,25106,54878,102513,82692546,2102685,9979081,700149,,184,525966,92467,37207,44324,,155443,-6217820,-8320505,11423736,857331,2137,10568541,11425873,-6733062,4690673,359800,17727986,21189044,103881589,,857031,21689258,,,22546289,,,,,,,,,,,,,,,,,,,,,
1994,C,Rev.2,32330,5,subclase_5_digitos,Art.cuero (marroquinería),1802482,,22528,,,25106,54878,102513,82692546,2102685,9979081,700149,,184,525966,92467,37207,44324,,155443,-6217820,-8320505,11423736,857331,2137,10568541,11425873,-6733062,4690673,359800,17727986,21189044,103881589,,857031,21689258,,,22546289,,,,,,,,,,,,,,,,,,,,,
1994,C,Rev.2,324,3,grupo_3_digitos,CALZADO EXCEPTO.CAUCHO Y PLASTIC,3942426,,43373,70769,,662760,253442,1030345,229227268,2762847,20866288,2847091,,336157,2013785,425834,74899,-3584,,530164,3147004,384157,42264275,1879402,,40384872,42264275,1616079,43880354,1000760,68112371,93305242,322532510,,137643774,81746939,,494746,219885459,,,,,,,,,,,,,,,,,,,,,
1994,C,Rev.2,3240,4,clase_4_digitos,CALZADO EXCEPTO.CAUCHO Y PLASTICO,3942426,,43373,70769,,662760,253442,1030345,229227268,2762847,20866288,2847091,,336157,2013785,425834,74899,-3584,,530164,3147004,384157,42264275,1879402,,40384872,42264275,1616079,43880354,1000760,68112371,93305242,322532510,,137643774,81746939,,494746,219885459,,,,,,,,,,,,,,,,,,,,,
1994,C,Rev.2,32400,5,subclase_5_digitos,"Calzado,excepto caucho y plástico",3942426,,43373,70769,,662760,253442,1030345,229227268,2762847,20866288,2847091,,336157,2013785,425834,74899,-3584,,530164,3147004,384157,42264275,1879402,,40384872,42264275,1616079,43880354,1000760,68112371,93305242,322532510,,137643774,81746939,,494746,219885459,,,,,,,,,,,,,,,,,,,,,
1994,C,Rev.2,33,2,division_2_digitos,INDUSTRIA DE LA MADERA,3199188,,,2689681,,1103346,241339,4034366,170259738,,86013429,15963265,84364,314937,6410698,1281839,86129,7785299,51274,653693,33325893,33325893,42881365,15574157,201937,27509145,43083301,30726203,73607568,1894724,81911712,204450223,374709961,2344219,101365392,113724233,74632261,43395427,335461531,,,,,,,,,,,,,,,,,,,,,
1994,C,Rev.2,331,3,grupo_3_digitos,INDUSTRIA MADERA (EXCEP.MUEBLES),2117352,,,2159567,,508871,221997,2890436,73967713,,16351837,3830036,84364,130685,2017563,94273,76844,1426307,51274,316241,14142510,14142510,9933828,492458,201937,9643307,10135765,12773334,22707162,1001661,40129859,72741558,146709271,328737,39351674,31846074,56580340,4610779,132717604,,,,,,,,,,,,,,,,,,,,,
1994,C,Rev.2,3311,4,clase_4_digitos,"ASERRADEROS,OBRA BLANCA,PARQUET",1722669,,,2113164,,441396,169549,2724109,61553868,,11674952,2819319,84364,68096,1373729,88740,73201,1131190,38466,251599,11147938,11147938,7808729,447302,201307,7562734,8010036,10017577,17826306,840296,32365997,56911556,118465424,,18535056,31188600,51604645,3572197,104900499,,,,,,,,,,,,,,,,,,,,,
1994,C,Rev.2,33110,5,subclase_5_digitos,"Aserraderos,obra blanca y parquet",1722669,,,2113164,,441396,169549,2724109,61553868,,11674952,2819319,84364,68096,1373729,88740,73201,1131190,38466,251599,11147938,11147938,7808729,447302,201307,7562734,8010036,10017577,17826306,840296,32365997,56911556,118465424,,18535056,31188600,51604645,3572197,104900499,,,,,,,,,,,,,,,,,,,,,
1994,C,Rev.2,3312,4,clase_4_digitos,ENVASES MADERA Y ARTICULOS DE CANA,312454,,,40627,,41223,30026,111877,6048341,,888949,1010717,,62590,643834,5533,3643,295117,,28767,1025858,1025858,1065498,45156,630,1020972,1066128,904379,1969878,92712,2942051,5169312,11217653,,6530406,,4318220,709844,11558471,,,,,,,,,,,,,,,,,,,,,
1994,C,Rev.2,33120,5,subclase_5_digitos,Envases de madera y art.de caña,312454,,,40627,,41223,30026,111877,6048341,,888949,1010717,,62590,643834,5533,3643,295117,,28767,1025858,1025858,1065498,45156,630,1020972,1066128,904379,1969878,92712,2942051,5169312,11217653,,6530406,,4318220,709844,11558471,,,,,,,,,,,,,,,,,,,,,
1994,C,Rev.2,3319,4,clase_4_digitos,PROD.MADERA N.E.P. Y CORCHO,82229,,,5776,,26252,22422,54450,6365503,,3787937,,,,,,,,12807,35876,1968713,1968713,1059601,,,1059601,1059601,1851378,2910978,68653,4821811,10660690,17026193,328737,14286212,657474,657474,328737,16258634,,,,,,,,,,,,,,,,,,,,,
1994,C,Rev.2,33191,5,subclase_5_digitos,,82229,,,5776,,26252,22422,54450,6365503,,3787937,,,,,,,,12807,35876,1968713,1968713,1059601,,,1059601,1059601,1851378,2910978,68653,4821811,10660690,17026193,328737,14286212,657474,657474,328737,16258634,,,,,,,,,,,,,,,,,,,,,
1994,C,Rev.2,332,3,grupo_3_digitos,MUEBLES Y ACCESORIOS.,1081837,,,530114,,594475,19342,1143930,96292025,,69661592,12133229,,184251,4393135,1187566,9285,6358992,,337452,19183383,19183383,32947537,15081699,,17865838,32947537,17952869,50900406,893063,41781853,131708665,228000690,2015482,62013717,81878159,18051921,38784648,202743928,,,,,,,,,,,,,,,,,,,,,
1994,C,Rev.2,3320,4,clase_4_digitos,MUEBLES Y ACCESORIOS.,1081837,,,530114,,594475,19342,1143930,96292025,,69661592,12133229,,184251,4393135,1187566,9285,6358992,,337452,19183383,19183383,32947537,15081699,,17865838,32947537,17952869,50900406,893063,41781853,131708665,228000690,2015482,62013717,81878159,18051921,38784648,202743928,,,,,,,,,,,,,,,,,,,,,
1994,C,Rev.2,33201,5,subclase_5_digitos,,916192,,,530114,,594475,19342,1143930,96079328,,70019768,12127816,,184251,4390780,1184508,9285,6358992,,335964,19151398,19151398,32922362,15081699,,17840663,32922362,17933655,50856017,881779,41587854,131675212,227754540,2015482,62013717,81878159,18051921,38784648,202743928,,,,,,,,,,,,,,,,,,,,,
1994,C,Rev.2,33202,5,subclase_5_digitos,,165645,,,,,,,,212697,,-358176,5413,,,2355,3058,,,,1488,31985,31985,25175,,,25175,25175,19214,44388,11284,193999,33453,246151,,,,,,,,,,,,,,,,,,,,,,,,,,,
1994,C,Rev.2,34,2,division_2_digitos,PAPEL Y PROD.PAPEL;IMPRENTA Y EDIT,60463572,37096,5026480,1171427,10935362,2606195,733165,20509724,938728079,63055,477177584,73048327,-459573,430072,59696754,2717883,347356,10315835,1328826,3555254,99293136,99230081,145066811,54438846,9673934,100301899,154740745,91330561,236397372,3078496,451872056,1088743293,2027471372,40450397,700642500,428362245,424380713,67807114,1661642969,,,,,,,,,,,,,,,,,,,,,
1994,C,Rev.2,341,3,grupo_3_digitos,PAPEL Y PROD.DEL PAPEL,39317554,21627,5008731,482153,10935362,311592,213734,16973198,403986703,63055,151493226,17957624,656534,,14764403,575087,196202,1765397,1328826,1132447,37957378,37894323,59457219,25868422,649707,34238504,60106926,34077040,93534259,1419065,148797698,377502801,781489504,8776213,282374768,25946189,231682577,2968431,551748177,,,,,,,,,,,,,,,,,,,,,
1994,C,Rev.2,3411,4,clase_4_digitos,"PULPA MADERA,PAPEL Y CARTON",30408248,21627,4504478,268382,10931363,96948,102824,15925622,194057080,63055,64830295,14023694,954231,,11562079,95312,66579,1345493,,666592,6709249,6646194,27105672,10002432,387371,17490611,27493043,5313180,32418852,729477,72550098,174434835,368491915,,89385193,4006453,130611408,570963,224574017,,,,,,,,,,,,,,,,,,,,,
1994,C,Rev.2,34110,5,subclase_5_digitos,"Pulpa de madera, papel y cartón",30408248,21627,4504478,268382,10931363,96948,102824,15925622,194057080,63055,64830295,14023694,954231,,11562079,95312,66579,1345493,,666592,6709249,6646194,27105672,10002432,387371,17490611,27493043,5313180,32418852,729477,72550098,174434835,368491915,,89385193,4006453,130611408,570963,224574017,,,,,,,,,,,,,,,,,,,,,
1994,C,Rev.2,3412,4,clase_4_digitos,ENVASES Y CAJAS PAPEL Y CARTON,5798038,,504253,212597,,207421,103593,1027864,141722832,,40094750,3467380,540065,,2133176,319305,129623,345210,8179,190420,11416170,11416170,17351795,8459282,148764,9041277,17500559,10915116,28266911,302456,40132144,97441102,239163934,8776213,104372076,2548564,92865145,2397469,210959467,,,,,,,,,,,,,,,,,,,,,
1994,C,Rev.2,34120,5,subclase_5_digitos,Envases y cajas de papel y cartón,5798038,,504253,212597,,207421,103593,1027864,141722832,,40094750,3467380,540065,,2133176,319305,129623,345210,8179,190420,11416170,11416170,17351795,8459282,148764,9041277,17500559,10915116,28266911,302456,40132144,97441102,239163934,8776213,104372076,2548564,92865145,2397469,210959467,,,,,,,,,,,,,,,,,,,,,
1994,C,Rev.2,3419,4,clase_4_digitos,ARTIC.PAPEL Y CARTON N.E.P.,3111268,,,1174,3999,7223,7316,19712,68206791,,46568181,466550,-837762,,1069149,160470,,74694,1320647,275435,19831959,19831959,14999752,7406708,113572,7706616,15113324,17848744,32848496,387132,36115455,105626864,173833655,,88617499,19391172,8206023,,116214694,,,,,,,,,,,,,,,,,,,,,
1994,C,Rev.2,34190,5,subclase_5_digitos,Artículos de papel y cartón n.e.p,3111268,,,1174,3999,7223,7316,19712,68206791,,46568181,466550,-837762,,1069149,160470,,74694,1320647,275435,19831959,19831959,14999752,7406708,113572,7706616,15113324,17848744,32848496,387132,36115455,105626864,173833655,,88617499,19391172,8206023,,116214694,,,,,,,,,,,,,,,,,,,,,
1994,C,Rev.2,342,3,grupo_3_digitos,"IMPRENTAS,EDITORIALES IND.CONEXAS",21146018,15469,17749,689274,,2294603,519431,3536526,534741376,,325684357,55090703,-1116107,430072,44932351,2142796,151154,8550438,,2422807,61335758,61335758,85609593,28570424,9024226,66063395,94633819,57253521,142863113,1659431,303074359,711240492,1245981868,31674185,418267732,402416057,192698136,64838683,1109894792,,,,,,,,,,,,,,,,,,,,,
1994,C,Rev.2,3420,4,clase_4_digitos,"IMPRENTAS,EDITORIALES IND.CONEXAS",21146018,15469,17749,689274,,2294603,519431,3536526,534741376,,325684357,55090703,-1116107,430072,44932351,2142796,151154,8550438,,2422807,61335758,61335758,85609593,28570424,9024226,66063395,94633819,57253521,142863113,1659431,303074359,711240492,1245981868,31674185,418267732,402416057,192698136,64838683,1109894792,,,,,,,,,,,,,,,,,,,,,
1994,C,Rev.2,34201,5,subclase_5_digitos,,10921213,,,353220,,164980,120811,639011,326437987,,221322502,8905266,36605,6462,5351966,1844178,151154,1514900,,1207257,29235380,29235380,33088507,13566736,8289976,27811746,41378482,27462634,60551141,565489,157499950,418979045,745417033,4887552,235640927,312160558,52652725,46471095,651812856,,,,,,,,,,,,,,,,,,,,,
1994,C,Rev.2,34202,5,subclase_5_digitos,,10224805,15469,17749,336054,,2129622,398620,2897515,208303388,,104361855,46185438,-1152713,423610,39580384,298618,,7035538,,1215550,32100379,32100379,52521086,15003688,734251,38251649,53255336,29790887,82311973,1093941,145574408,292261447,500564835,26786633,182626804,90255499,140045411,18367588,458081936,,,,,,,,,,,,,,,,,,,,,
1994,C,Rev.2,35,2,division_2_digitos,PRODUCTOS QUIMICOS.,142874814,988560,15181350,4025808,1243073,2929456,4577808,28946055,2351609856,1148301,978246880,188800749,50810346,5226655,91513324,13145563,14613629,13491232,23508174,7493042,298166126,297017825,444028417,165991526,10266136,288303026,454294552,257184287,701212704,9980622,896872408,2315011927,4666621784,225739900,1322835189,751472962,1185345634,96443070,3581836754,,,,,,,,,,,,,,,,,,,,,
1994,C,Rev.2,351,3,grupo_3_digitos,SUSTANCIAS QUIMICAS.,17437320,2475,1604820,905981,1101569,760574,377097,4752515,352866644,496337,111317212,18187814,3640160,61644,9885835,761537,2007296,1831341,67210,937794,27904827,27408490,31700140,10542408,3803821,24961553,35503962,26053181,57753321,846642,120374324,276537345,629403989,21393855,123117872,17722593,214073052,2134591,378441963,,,,,,,,,,,,,,,,,,,,,
1994,C,Rev.2,3511,4,clase_4_digitos,SUSTANCIAS QUIM.INDUSTR.BASICAS,13852748,2475,1357937,563216,,728994,256407,2909030,136177304,,55011306,16230125,2794275,60374,9381321,619230,1901165,1473760,67210,524759,22909685,22909685,20775012,4660209,492238,16607042,21267251,21769180,42544192,548536,67136652,158910391,295087696,21393855,69515999,7874116,113011225,2134591,213929785,,,,,,,,,,,,,,,,,,,,,
1994,C,Rev.2,35110,5,subclase_5_digitos,Sustancias químicas ind.básicas,13852748,2475,1357937,563216,,728994,256407,2909030,136177304,,55011306,16230125,2794275,60374,9381321,619230,1901165,1473760,67210,524759,22909685,22909685,20775012,4660209,492238,16607042,21267251,21769180,42544192,548536,67136652,158910391,295087696,21393855,69515999,7874116,113011225,2134591,213929785,,,,,,,,,,,,,,,,,,,,,
1994,C,Rev.2,3512,4,clase_4_digitos,ABONOS Y PLAGUICIDAS,2097963,,,317106,897142,19451,98391,1332090,167306895,496337,45000768,792839,78906,,204620,115937,43565,349811,,311423,3500881,3004544,6810576,3408996,2782354,6183934,9592930,2903915,9714491,285543,40458817,90562092,257868987,,33787063,9848477,98163683,,141799222,,,,,,,,,,,,,,,,,,,,,
1994,C,Rev.2,35120,5,subclase_5_digitos,Abonos y plaguicidas,2097963,,,317106,897142,19451,98391,1332090,167306895,496337,45000768,792839,78906,,204620,115937,43565,349811,,311423,3500881,3004544,6810576,3408996,2782354,6183934,9592930,2903915,9714491,285543,40458817,90562092,257868987,,33787063,9848477,98163683,,141799222,,,,,,,,,,,,,,,,,,,,,
1994,C,Rev.2,3513,4,clase_4_digitos,RESINAS SINTETICAS Y FIBRAS ARTIF.,1486609,,246882,25659,204427,12129,22298,511395,49382445,,11305138,1164849,766979,1270,299895,26370,62566,7769,,101612,1494260,1494260,4114552,2473204,529229,2170577,4643781,1380086,5494637,12563,12778855,27064862,76447307,,19814810,,2898145,,22712955,,,,,,,,,,,,,,,,,,,,,
1994,C,Rev.2,35130,5,subclase_5_digitos,Resinas sintéticas y fibras artif.,1486609,,246882,25659,204427,12129,22298,511395,49382445,,11305138,1164849,766979,1270,299895,26370,62566,7769,,101612,1494260,1494260,4114552,2473204,529229,2170577,4643781,1380086,5494637,12563,12778855,27064862,76447307,,19814810,,2898145,,22712955,,,,,,,,,,,,,,,,,,,,,
1994,C,Rev.2,352,3,grupo_3_digitos,OTROS PRODUCTOS QUIMICOS,36725438,190515,2385557,1074621,41849,877217,2838327,7408085,1210614921,636181,665591599,70782653,32931687,1171063,13875324,8929480,8632174,5242924,23440964,4247889,149209310,148573129,266069879,88018696,2770291,180821475,268840171,117561916,383631795,3958542,473007538,1323897704,2534512626,157241234,782153863,611095617,333488078,31987351,1915966142,,,,,,,,,,,,,,,,,,,,,
1994,C,Rev.2,3521,4,clase_4_digitos,"PINTURAS,BARNICES,LACAS",10035921,105387,292677,736233,,50010,84295,1268604,213876619,563262,108811281,29330314,24165054,355633,2353416,1162985,51671,1241556,,491123,19465990,18902728,49735080,14450940,686,35284825,49735766,18197796,67932876,777071,63277581,201027511,414904130,3279030,83159094,223164065,22991509,26011084,358604782,,,,,,,,,,,,,,,,,,,,,
1994,C,Rev.2,35210,5,subclase_5_digitos,"Pinturas, barnices y lacas.",10035921,105387,292677,736233,,50010,84295,1268604,213876619,563262,108811281,29330314,24165054,355633,2353416,1162985,51671,1241556,,491123,19465990,18902728,49735080,14450940,686,35284825,49735766,18197796,67932876,777071,63277581,201027511,414904130,3279030,83159094,223164065,22991509,26011084,358604782,,,,,,,,,,,,,,,,,,,,,
1994,C,Rev.2,3522,4,clase_4_digitos,PROD.FARMACEUTICOS Y MEDICAMENTOS,13391949,85128,496289,71718,,288592,514809,1456537,438493010,,428171751,27674107,7376137,530975,6516088,4916479,5911825,2422602,1446847,2280050,58846858,58846858,83662361,40980343,2536724,45218742,86199084,52988355,136650716,2131606,237206538,737617097,1176110106,150701196,282052448,100216361,259923544,2521016,795414566,,,,,,,,,,,,,,,,,,,,,
1994,C,Rev.2,35220,5,subclase_5_digitos,Prod farmacéuticos y medicamentos,13391949,85128,496289,71718,,288592,514809,1456537,438493010,,428171751,27674107,7376137,530975,6516088,4916479,5911825,2422602,1446847,2280050,58846858,58846858,83662361,40980343,2536724,45218742,86199084,52988355,136650716,2131606,237206538,737617097,1176110106,150701196,282052448,100216361,259923544,2521016,795414566,,,,,,,,,,,,,,,,,,,,,
1994,C,Rev.2,3523,4,clase_4_digitos,ARTICULOS.DE LIMPIEZA Y TOCADOR.,11781844,,1571856,138278,,387160,2184707,4282001,508664414,72919,105886259,11153529,412922,247493,4310075,2490193,2596111,1096734,21994117,1222486,62721397,62648478,122525994,29197177,48599,93377416,122574593,38657042,161183036,847751,152717797,333034377,841698791,2457185,391613046,258425705,15069605,2231661,669797201,,,,,,,,,,,,,,,,,,,,,
1994,C,Rev.2,35231,5,subclase_5_digitos,,5596086,,1511283,,,32245,1612963,3156491,211633119,,62957557,5469647,176982,705,2311998,145702,2210971,623289,173007,476140,-587147,-587147,40869329,10181206,48599,30736722,40917928,-1595090,39274238,358796,60525678,128492174,340125293,2457185,161891462,101190792,15069605,2231661,282840705,,,,,,,,,,,,,,,,,,,,,
1994,C,Rev.2,35232,5,subclase_5_digitos,,6185758,,60573,138278,,354915,571744,1125510,297031295,72919,42928701,5683881,235939,246788,1998077,2344491,385140,473445,21821111,746346,63308544,63235626,81656665,19015971,,62640694,81656665,40252132,121908797,488956,92192118,204542203,501573499,,229721584,157234912,,,386956496,,,,,,,,,,,,,,,,,,,,,
1994,C,Rev.2,3529,4,clase_4_digitos,PRODUCTOS QUIMICOS N.E.P,1515724,,24735,128391,41849,151454,54515,400944,49580879,,22722308,2624703,977574,36962,695744,359823,72568,482032,,254229,8175065,8175065,10146445,3390236,184283,6940492,10330728,7718722,17865167,202114,19805623,52218720,101799599,803823,25329275,29289486,35503419,1223590,92149593,,,,,,,,,,,,,,,,,,,,,
1994,C,Rev.2,35290,5,subclase_5_digitos,Productos químicos n.e.p.,1515724,,24735,128391,41849,151454,54515,400944,49580879,,22722308,2624703,977574,36962,695744,359823,72568,482032,,254229,8175065,8175065,10146445,3390236,184283,6940492,10330728,7718722,17865167,202114,19805623,52218720,101799599,803823,25329275,29289486,35503419,1223590,92149593,,,,,,,,,,,,,,,,,,,,,
1994,C,Rev.2,353,3,grupo_3_digitos,REFINERIAS DE PETROLEO,55076969,587832,6317782,599647,,29883,183933,7719077,54451455,,-8719780,33222636,13948844,,17299593,810713,626194,537292,,53450,2057095,2057095,3862229,4104815,3033807,2791221,6896036,1111055,4973284,892590,7963105,56377389,110828844,6851880,61666920,,28386360,978840,97884000,,,,,,,,,,,,,,,,,,,,,
1994,C,Rev.2,3530,4,clase_4_digitos,REFINERIAS DE PETROLEO,55076969,587832,6317782,599647,,29883,183933,7719077,54451455,,-8719780,33222636,13948844,,17299593,810713,626194,537292,,53450,2057095,2057095,3862229,4104815,3033807,2791221,6896036,1111055,4973284,892590,7963105,56377389,110828844,6851880,61666920,,28386360,978840,97884000,,,,,,,,,,,,,,,,,,,,,
1994,C,Rev.2,35300,5,subclase_5_digitos,Refinerías de petroleo.,55076969,587832,6317782,599647,,29883,183933,7719077,54451455,,-8719780,33222636,13948844,,17299593,810713,626194,537292,,53450,2057095,2057095,3862229,4104815,3033807,2791221,6896036,1111055,4973284,892590,7963105,56377389,110828844,6851880,61666920,,28386360,978840,97884000,,,,,,,,,,,,,,,,,,,,,
1994,C,Rev.2,354,3,grupo_3_digitos,PROD.DERIVADOS PETROLEO Y CARBON,123517,,,48197,49803,157174,49651,304824,15497214,,8212861,-1459479,-1416282,,56614,10045,,-109856,,25611,1529365,1529365,5003987,1633472,,3370515,5003987,1467885,6471873,35869,3263542,13129285,28626499,,12098152,7057255,,1008179,20163587,,,,,,,,,,,,,,,,,,,,,
1994,C,Rev.2,3540,4,clase_4_digitos,PROD.DERIVADOS PETROLEO Y CARBON,123517,,,48197,49803,157174,49651,304824,15497214,,8212861,-1459479,-1416282,,56614,10045,,-109856,,25611,1529365,1529365,5003987,1633472,,3370515,5003987,1467885,6471873,35869,3263542,13129285,28626499,,12098152,7057255,,1008179,20163587,,,,,,,,,,,,,,,,,,,,,
1994,C,Rev.2,35400,5,subclase_5_digitos,Prod.derivados petroleo y carbón,123517,,,48197,49803,157174,49651,304824,15497214,,8212861,-1459479,-1416282,,56614,10045,,-109856,,25611,1529365,1529365,5003987,1633472,,3370515,5003987,1467885,6471873,35869,3263542,13129285,28626499,,12098152,7057255,,1008179,20163587,,,,,,,,,,,,,,,,,,,,,
1994,C,Rev.2,355,3,grupo_3_digitos,PRODUCTOS DEL CAUCHO,14560313,207738,4723934,1038031,49852,624871,243355,6887782,149472475,,9099726,5629202,,169957,4153732,236834,103651,965028,,571903,30683749,30683749,29768455,8622048,658216,21804623,30426671,27462181,57230636,2649664,74403950,128747738,278220213,16482165,112300645,17421188,48128954,12406895,206739847,,,,,,,,,,,,,,,,,,,,,
1994,C,Rev.2,3551,4,clase_4_digitos,CAMARAS Y NEUMATICOS,13099010,207738,4149715,938013,,364176,74225,5733868,120769451,,5674120,3601351,,,3052200,24140,33621,491389,,372193,22367534,22367534,23934958,7687753,658216,16905421,24593174,19645169,43580128,2350172,48255789,89396453,210165904,15347720,83042569,5129816,29766183,10397308,143683596,,,,,,,,,,,,,,,,,,,,,
1994,C,Rev.2,35510,5,subclase_5_digitos,"Cámaras, protectores y neumáticos",13099010,207738,4149715,938013,,364176,74225,5733868,120769451,,5674120,3601351,,,3052200,24140,33621,491389,,372193,22367534,22367534,23934958,7687753,658216,16905421,24593174,19645169,43580128,2350172,48255789,89396453,210165904,15347720,83042569,5129816,29766183,10397308,143683596,,,,,,,,,,,,,,,,,,,,,
1994,C,Rev.2,3559,4,clase_4_digitos,PRODUCTOS DEL CAUCHO N.E.P.,1461303,,574219,100018,49852,260695,169130,1153914,28703024,,3425606,2027852,,169957,1101532,212694,70029,473639,,199710,8316215,8316215,5833497,934294,,4899202,5833497,7817012,13650509,299493,26148161,39351285,68054309,1134445,29258075,12291372,18362772,2009587,63056251,,,,,,,,,,,,,,,,,,,,,
1994,C,Rev.2,35590,5,subclase_5_digitos,Productos del caucho n.e.p.,1461303,,574219,100018,49852,260695,169130,1153914,28703024,,3425606,2027852,,169957,1101532,212694,70029,473639,,199710,8316215,8316215,5833497,934294,,4899202,5833497,7817012,13650509,299493,26148161,39351285,68054309,1134445,29258075,12291372,18362772,2009587,63056251,,,,,,,,,,,,,,,,,,,,,
1994,C,Rev.2,356,3,grupo_3_digitos,PRODUCTOS DEL PLASTICOS N.E.P.,18951257,,149257,359331,,479738,885445,1873772,568707147,15783,192745263,62437923,1705937,3823990,46242225,2396953,3244314,5024503,,1656396,86781780,86765996,107623726,53070087,,54553639,107623726,83528070,191151796,1597314,217859949,516322466,1085029613,23770767,231497737,98176309,561269190,47927213,962641216,,,,,,,,,,,,,,,,,,,,,
1994,C,Rev.2,3560,4,clase_4_digitos,PRODUCTOS DEL PLASTICO N.E.P.,18951257,,149257,359331,,479738,885445,1873772,568707147,15783,192745263,62437923,1705937,3823990,46242225,2396953,3244314,5024503,,1656396,86781780,86765996,107623726,53070087,,54553639,107623726,83528070,191151796,1597314,217859949,516322466,1085029613,23770767,231497737,98176309,561269190,47927213,962641216,,,,,,,,,,,,,,,,,,,,,
1994,C,Rev.2,35600,5,subclase_5_digitos,Productos plásticos n.e.p.,18951257,,149257,359331,,479738,885445,1873772,568707147,15783,192745263,62437923,1705937,3823990,46242225,2396953,3244314,5024503,,1656396,86781780,86765996,107623726,53070087,,54553639,107623726,83528070,191151796,1597314,217859949,516322466,1085029613,23770767,231497737,98176309,561269190,47927213,962641216,,,,,,,,,,,,,,,,,,,,,
1994,C,Rev.2,36,2,division_2_digitos,PRODUCTOS MINERALES NO METALICOS,48150162,374716,71300216,4336304,20020479,2422564,9192009,107646288,650181581,2518607,199888634,51233065,2581624,81790,39692530,738052,1536510,6602559,,2708708,59416393,56897786,79571457,18168178,865369,62268648,80436826,51735620,131307076,4972066,337470445,642407027,1292588608,33656782,570408268,196540153,214774034,109997882,1125377119,,,,,,,,,,,,,,,,,,,,,
1994,C,Rev.2,361,3,grupo_3_digitos,"OBJETOS BARRO,LOZA Y PORCELANA",10464136,,2515944,528743,14618980,5762,922738,18592167,89811492,,45104633,2994479,24757,18581,2515860,211752,92557,130972,,694153,8250582,8250582,16889479,5842135,,11047344,16889479,7068204,23957684,488225,87875062,151694413,241505904,1202429,8073175,82185480,7214575,32465587,131141245,,,,,,,,,,,,,,,,,,,,,
1994,C,Rev.2,3610,4,clase_4_digitos,"OBJETOS BARRO,LOZA Y PORCELANA",10464136,,2515944,528743,14618980,5762,922738,18592167,89811492,,45104633,2994479,24757,18581,2515860,211752,92557,130972,,694153,8250582,8250582,16889479,5842135,,11047344,16889479,7068204,23957684,488225,87875062,151694413,241505904,1202429,8073175,82185480,7214575,32465587,131141245,,,,,,,,,,,,,,,,,,,,,
1994,C,Rev.2,36100,5,subclase_5_digitos,"Objetos de barro,loza y porcelana",10464136,,2515944,528743,14618980,5762,922738,18592167,89811492,,45104633,2994479,24757,18581,2515860,211752,92557,130972,,694153,8250582,8250582,16889479,5842135,,11047344,16889479,7068204,23957684,488225,87875062,151694413,241505904,1202429,8073175,82185480,7214575,32465587,131141245,,,,,,,,,,,,,,,,,,,,,
1994,C,Rev.2,362,3,grupo_3_digitos,VIDRIO Y PRODUCTOS DEL VIDRIO,5518176,349098,4026041,219334,72246,17956,1493195,6177869,68137121,2518607,4011283,9896683,661341,,8618640,19005,576007,21690,,349592,10203092,7684485,16482275,6586574,,9895701,16482275,8207805,24690080,1645696,59536513,76750457,144887578,744296,39426459,2941729,70988161,1453830,115554475,,,,,,,,,,,,,,,,,,,,,
1994,C,Rev.2,3620,4,clase_4_digitos,VIDRIO Y PRODUCTOS DEL VIDRIO,5518176,349098,4026041,219334,72246,17956,1493195,6177869,68137121,2518607,4011283,9896683,661341,,8618640,19005,576007,21690,,349592,10203092,7684485,16482275,6586574,,9895701,16482275,8207805,24690080,1645696,59536513,76750457,144887578,744296,39426459,2941729,70988161,1453830,115554475,,,,,,,,,,,,,,,,,,,,,
1994,C,Rev.2,36200,5,subclase_5_digitos,Vidrio y productos del vidrio.,5518176,349098,4026041,219334,72246,17956,1493195,6177869,68137121,2518607,4011283,9896683,661341,,8618640,19005,576007,21690,,349592,10203092,7684485,16482275,6586574,,9895701,16482275,8207805,24690080,1645696,59536513,76750457,144887578,744296,39426459,2941729,70988161,1453830,115554475,,,,,,,,,,,,,,,,,,,,,
1994,C,Rev.2,369,3,grupo_3_digitos,OTROS PROD.MINERALES NO METALICOS.,32167851,25618,64758231,3588228,5329253,2398846,6776076,82876251,492232968,,150772719,38341903,1895526,63209,28558030,507295,867946,6449897,,1664963,40962719,40962719,46199702,5739469,865369,41325602,47065071,36459611,82659313,2838145,190058869,413962158,906195126,31710057,522908635,111412944,136571298,76078465,878681399,,,,,,,,,,,,,,,,,,,,,
1994,C,Rev.2,3691,4,clase_4_digitos,PROD.ARCILLA PARA CONSTRUCCION,5096948,,772800,198031,1619967,1269002,2000186,5859985,19946284,,9174900,1257198,,,,,,1257198,,303566,10631810,10631810,3844688,,,3844688,3844688,9641758,13486446,686486,37451626,62355285,82301568,,38442974,2905730,14419627,19975051,75743382,,,,,,,,,,,,,,,,,,,,,
1994,C,Rev.2,36910,5,subclase_5_digitos,Prod.arcilla para la construcción.,5096948,,772800,198031,1619967,1269002,2000186,5859985,19946284,,9174900,1257198,,,,,,1257198,,303566,10631810,10631810,3844688,,,3844688,3844688,9641758,13486446,686486,37451626,62355285,82301568,,38442974,2905730,14419627,19975051,75743382,,,,,,,,,,,,,,,,,,,,,
1994,C,Rev.2,3692,4,clase_4_digitos,"CEMENTO, CAL Y YESO.",19021990,25618,63529044,950158,3647410,3308,3595355,71750892,299449449,,105435119,8415754,1731704,1371,2073744,307043,325640,3976252,,596530,8085383,8085383,6571953,458961,6229,6119222,6578183,7252813,13824767,236040,82930686,215473178,514922626,37820,434511220,4289122,65598452,1072281,505508894,,,,,,,,,,,,,,,,,,,,,
1994,C,Rev.2,36920,5,subclase_5_digitos,"Cemento, cal y yeso.",19021990,25618,63529044,950158,3647410,3308,3595355,71750892,299449449,,105435119,8415754,1731704,1371,2073744,307043,325640,3976252,,596530,8085383,8085383,6571953,458961,6229,6119222,6578183,7252813,13824767,236040,82930686,215473178,514922626,37820,434511220,4289122,65598452,1072281,505508894,,,,,,,,,,,,,,,,,,,,,
1994,C,Rev.2,3699,4,clase_4_digitos,PROD.MINERALES NO METALICOS N.E.P.,8048913,,456387,2440039,61876,1126537,1180535,5265374,172837236,,36162700,28668952,163822,61838,26484286,200252,542306,1216447,,764867,22245526,22245526,35783061,5280508,859140,31361693,36642201,19565040,55348101,1915619,69676557,136133695,308970931,31672238,49954441,104218091,56553219,55031134,297429123,,,,,,,,,,,,,,,,,,,,,
1994,C,Rev.2,36991,5,subclase_5_digitos,,5952128,,456387,1699792,54446,772713,468952,3452291,94005152,,17719472,28565372,163822,9767,26433284,199745,542306,1216447,,369527,13230866,13230866,21080625,4967728,859140,16972037,21939765,11423027,32503652,1438311,45718998,82621463,176626615,30944339,33276507,46981137,42785560,12530051,166517594,,,,,,,,,,,,,,,,,,,,,
1994,C,Rev.2,36992,5,subclase_5_digitos,,2096785,,,740247,7430,353824,711583,1813083,78832083,,18443228,103580,,52071,51002,507,,,,395340,9014660,9014660,14702435,312779,,14389656,14702435,8142013,22844448,477307,23957559,53512232,132344315,727899,16677934,57236954,13767659,42501083,130911528,,,,,,,,,,,,,,,,,,,,,
1994,C,Rev.2,37,2,division_2_digitos,INDUSTRIAS METALICAS BASICAS,13572617,318233,1895741,652473,231108,249481,2617920,5964956,257080655,,133837673,59636705,10160592,,45057692,939191,3145682,333548,,966024,28819002,28819002,56319487,32958527,55369,23416329,56374856,27031321,83350808,821658,72964375,249193667,506274321,471758,191508973,46403605,55669079,4562177,298615592,,,,,,,,,,,,,,,,,,,,,
1994,C,Rev.2,371,3,grupo_3_digitos,IND.BASICAS DE HIERRO Y ACERO,11036855,255205,1667526,460519,231108,215563,2161378,4991300,211025941,,105137790,58360587,10160592,,43930091,790674,3145682,333548,,803313,18006255,18006255,42995807,25784304,55369,17266872,43051176,16876051,59871858,326891,50903255,185084156,396110097,134331,182392573,8190139,24746045,1927989,217391077,,,,,,,,,,,,,,,,,,,,,
1994,C,Rev.2,3710,4,clase_4_digitos,IND.BASICAS DE HIERRO Y ACERO,11036855,255205,1667526,460519,231108,215563,2161378,4991300,211025941,,105137790,58360587,10160592,,43930091,790674,3145682,333548,,803313,18006255,18006255,42995807,25784304,55369,17266872,43051176,16876051,59871858,326891,50903255,185084156,396110097,134331,182392573,8190139,24746045,1927989,217391077,,,,,,,,,,,,,,,,,,,,,
1994,C,Rev.2,37100,5,subclase_5_digitos,Ind.básicas de hierro y acero,11036855,255205,1667526,460519,231108,215563,2161378,4991300,211025941,,105137790,58360587,10160592,,43930091,790674,3145682,333548,,803313,18006255,18006255,42995807,25784304,55369,17266872,43051176,16876051,59871858,326891,50903255,185084156,396110097,134331,182392573,8190139,24746045,1927989,217391077,,,,,,,,,,,,,,,,,,,,,
1994,C,Rev.2,372,3,grupo_3_digitos,IND.BASICAS DE METALES NO FERROSOS,2535762,63028,228215,191954,,33918,456541,973656,46054713,,28699883,1276118,,,1127601,148516,,,,162710,10812747,10812747,13323680,7174223,,6149457,13323680,10155269,23478950,494767,22061119,64109511,110164224,337427,9116400,38213466,30923034,2634188,81224515,,,,,,,,,,,,,,,,,,,,,
1994,C,Rev.2,3720,4,clase_4_digitos,IND.BASICAS DE METALES NO FERROSOS,2535762,63028,228215,191954,,33918,456541,973656,46054713,,28699883,1276118,,,1127601,148516,,,,162710,10812747,10812747,13323680,7174223,,6149457,13323680,10155269,23478950,494767,22061119,64109511,110164224,337427,9116400,38213466,30923034,2634188,81224515,,,,,,,,,,,,,,,,,,,,,
1994,C,Rev.2,37200,5,subclase_5_digitos,Ind.básicas de metales no ferrosos,2535762,63028,228215,191954,,33918,456541,973656,46054713,,28699883,1276118,,,1127601,148516,,,,162710,10812747,10812747,13323680,7174223,,6149457,13323680,10155269,23478950,494767,22061119,64109511,110164224,337427,9116400,38213466,30923034,2634188,81224515,,,,,,,,,,,,,,,,,,,,,
1994,C,Rev.2,38,2,division_2_digitos,"PROD.METAL.,MAQUINARIA Y EQUIPO",77826663,917385,2958091,4298672,392884,4332631,5674204,18573868,1537926096,108769,626230062,90549893,36501195,1737508,25477150,6643434,14329639,5860967,60667884,6443492,272866441,272757672,381798943,162147578,3190740,222842105,384989683,195322814,577121757,10432251,725814748,1702629146,3240555242,81851283,601794199,506426005,553045505,196760501,1939877493,,,,,,,,,,,,,,,,,,,,,
1994,C,Rev.2,381,3,grupo_3_digitos,PROD.METAL.EXCEP.MAQUIN.Y EQUIPO,27546527,207205,2367731,1677819,235107,1728544,2137769,8354175,529793884,58869,222019923,30548166,15041566,477421,5299377,2878371,3711831,3139599,,2490748,94039715,93980847,124834497,36062779,576178,89347896,125410675,86268414,211102911,5280553,290400432,633947728,1163741612,25128388,314660104,212737926,287154997,75458141,915139557,,,,,,,,,,,,,,,,,,,,,
1994,C,Rev.2,3811,4,clase_4_digitos,"CUCHILLERIA,HERRAM.MANUAL,CERRAJ.",817195,7685,37454,99769,,149896,68159,362963,16330539,,2805656,218267,,,38161,11067,,169040,,159729,6322527,6322527,2784295,261950,,2522345,2784295,6048244,8832539,114554,20006855,29952233,46282772,,13922502,30954196,129101,129101,45134901,,,,,,,,,,,,,,,,,,,,,
1994,C,Rev.2,38110,5,subclase_5_digitos,"Cuchillería,herram.manuales,cerraj",817195,7685,37454,99769,,149896,68159,362963,16330539,,2805656,218267,,,38161,11067,,169040,,159729,6322527,6322527,2784295,261950,,2522345,2784295,6048244,8832539,114554,20006855,29952233,46282772,,13922502,30954196,129101,129101,45134901,,,,,,,,,,,,,,,,,,,,,
1994,C,Rev.2,3812,4,clase_4_digitos,MUEBLES.Y ACCES.PRINCIP.METALICOS,1543209,,,141281,,363237,76901,581419,30735600,,13762425,636705,,17976,120247,157557,,340925,,250249,5077264,5077264,6680989,485409,,6195580,6680989,4496687,11177677,330328,12834764,33217663,63953263,10152179,3557317,,17006736,25913174,56629406,,,,,,,,,,,,,,,,,,,,,
1994,C,Rev.2,38120,5,subclase_5_digitos,Muebles y acces princip.metálicos,1543209,,,141281,,363237,76901,581419,30735600,,13762425,636705,,17976,120247,157557,,340925,,250249,5077264,5077264,6680989,485409,,6195580,6680989,4496687,11177677,330328,12834764,33217663,63953263,10152179,3557317,,17006736,25913174,56629406,,,,,,,,,,,,,,,,,,,,,
1994,C,Rev.2,3813,4,clase_4_digitos,PROD.METAL.ESTRUC.(HERRERIA-OBRA),4721788,81107,24355,597102,142009,429595,318376,1592545,111798514,36323,34575421,3910038,,189534,1215835,537252,-520,1967937,,619915,20684844,20648521,22956089,1689639,105126,21371576,23061215,18707794,41663883,1357134,64699930,124645659,236444173,6803418,18425739,41783944,110708295,24646497,202367893,,,,,,,,,,,,,,,,,,,,,
1994,C,Rev.2,38130,5,subclase_5_digitos,Prod.metálicos estruc(Herr.obra),4721788,81107,24355,597102,142009,429595,318376,1592545,111798514,36323,34575421,3910038,,189534,1215835,537252,-520,1967937,,619915,20684844,20648521,22956089,1689639,105126,21371576,23061215,18707794,41663883,1357134,64699930,124645659,236444173,6803418,18425739,41783944,110708295,24646497,202367893,,,,,,,,,,,,,,,,,,,,,
1994,C,Rev.2,3819,4,clase_4_digitos,ARTICULOS METALICOS N.E.P.,20464335,118413,2305922,839668,93097,785815,1674334,5817249,370929232,22546,170876421,25783156,15041566,269912,3925135,2172495,3712351,661697,,1460855,61955081,61932535,92413124,33625781,471052,59258395,92884176,57015689,149428813,3478536,192858882,446132173,817061405,8172792,278754546,139999786,159310866,24769369,611007358,,,,,,,,,,,,,,,,,,,,,
1994,C,Rev.2,38191,5,subclase_5_digitos,,5765714,,620958,119305,82874,22330,322164,1167630,90480829,,6394281,354749,,,354749,,,,,232632,5306447,5306447,24877550,13344684,327034,11859900,25204584,4291967,29169517,781848,30335832,47802274,138283103,1486112,89133356,2249847,10862636,3856880,107588831,,,,,,,,,,,,,,,,,,,,,
1994,C,Rev.2,38192,5,subclase_5_digitos,,10976691,118413,1684964,650725,10224,572101,1138387,4174814,191710817,22546,105613442,23356939,14865400,256390,3598753,383594,3591105,661697,,671658,27608592,27586047,40852412,9245265,106107,31713254,40958519,25832860,66685272,1104075,90376096,234552277,426263094,5619583,180040966,56715705,116017002,2584023,360977279,,,,,,,,,,,,,,,,,,,,,
1994,C,Rev.2,38193,5,subclase_5_digitos,,3721930,,,69638,,191385,213783,474805,88737585,,58868698,2071468,176167,13522,-28367,1788901,121245,,,556565,29040042,29040042,26683162,11035832,37911,15685241,26721073,26890863,53574025,1592614,72146953,163777622,252515208,1067096,9580223,81034234,32431228,18328466,142441248,,,,,,,,,,,,,,,,,,,,,
1994,C,Rev.2,382,3,grupo_3_digitos,MAQUINARIA EXCEPTO ELECTRICA.,5192201,,9600,585209,,847898,976656,2419364,126051409,,34638202,6681590,725260,451863,4664395,127619,248273,464180,,908356,24951024,24951024,26958672,5033910,2065980,23990742,29024652,23030156,49988828,1012512,100342428,165123856,291175265,7331016,15801763,85761937,29563338,35826739,174284793,,,,,,,,,,,,,,,,,,,,,
1994,C,Rev.2,3822,4,clase_4_digitos,MAQUIN.Y EQUIPO P/AGRICULTURA,482193,,,89474,,92442,487496,669412,23113627,,6750848,4741324,454518,333333,3861923,15984,,75566,,90456,717638,717638,3493161,,2034178,5527339,5527339,594309,4087470,32873,9610078,17560757,40674384,4394024,1010864,8363792,1716416,16522407,32007504,,,,,,,,,,,,,,,,,,,,,
1994,C,Rev.2,38220,5,subclase_5_digitos,Maquinaria y equipo p/agricultura,482193,,,89474,,92442,487496,669412,23113627,,6750848,4741324,454518,333333,3861923,15984,,75566,,90456,717638,717638,3493161,,2034178,5527339,5527339,594309,4087470,32873,9610078,17560757,40674384,4394024,1010864,8363792,1716416,16522407,32007504,,,,,,,,,,,,,,,,,,,,,
1994,C,Rev.2,3823,4,clase_4_digitos,MAQUIN.P/TRAB.METALES Y MADERA,74493,,,4402,,12114,,16516,1259234,,1622750,54642,8679,,,5926,,40037,,9685,273280,273280,447591,266825,,180766,447591,253858,701449,9737,1263086,3233609,4492843,54600,1283095,262112,1654407,,3254214,,,,,,,,,,,,,,,,,,,,,
1994,C,Rev.2,38230,5,subclase_5_digitos,Maquin.p/trabajar metales y madera,74493,,,4402,,12114,,16516,1259234,,1622750,54642,8679,,,5926,,40037,,9685,273280,273280,447591,266825,,180766,447591,253858,701449,9737,1263086,3233609,4492843,54600,1283095,262112,1654407,,3254214,,,,,,,,,,,,,,,,,,,,,
1994,C,Rev.2,3824,4,clase_4_digitos,MAQUIN.Y EQUIPO P/INDUSTRIA,2194122,,,377024,,331780,338944,1047748,51150301,,18974059,309992,,26254,,35465,248273,,,343581,6224292,6224292,12683600,600138,,12083462,12683600,5508784,18192384,371927,28717365,56109837,107260138,,6486353,68393685,10391238,,85271275,,,,,,,,,,,,,,,,,,,,,
1994,C,Rev.2,38240,5,subclase_5_digitos,Maquinaria y equipo p/industria.,2194122,,,377024,,331780,338944,1047748,51150301,,18974059,309992,,26254,,35465,248273,,,343581,6224292,6224292,12683600,600138,,12083462,12683600,5508784,18192384,371927,28717365,56109837,107260138,,6486353,68393685,10391238,,85271275,,,,,,,,,,,,,,,,,,,,,
1994,C,Rev.2,3825,4,clase_4_digitos,"MAQ.OFIC,CALCULO Y CONTABILIDAD",1316938,,,32352,,135262,12699,180313,6478731,,4677861,769548,,92277,677272,,,,,117615,4610810,4610810,2649329,1246101,6391,1409619,2655720,4037037,6686366,456158,15057030,25662640,32141370,64975,,324875,2658151,173266,3221267,,,,,,,,,,,,,,,,,,,,,
1994,C,Rev.2,38250,5,subclase_5_digitos,Máq.ofic.cálculo y contabilidad,1316938,,,32352,,135262,12699,180313,6478731,,4677861,769548,,92277,677272,,,,,117615,4610810,4610810,2649329,1246101,6391,1409619,2655720,4037037,6686366,456158,15057030,25662640,32141370,64975,,324875,2658151,173266,3221267,,,,,,,,,,,,,,,,,,,,,
1994,C,Rev.2,3829,4,clase_4_digitos,MAQUIN.Y EQUIPOS N.E.P.,1124456,,9600,81957,,276300,137518,505376,44049515,,2612684,806083,262063,,125200,70243,,348577,,347018,13125004,13125004,7684991,2920846,25412,4789556,7710403,12636168,20321159,141818,45694869,62557014,106606529,2817417,7021451,8417472,13143126,19131066,50530533,,,,,,,,,,,,,,,,,,,,,
1994,C,Rev.2,38290,5,subclase_5_digitos,Maquin.y equipo n.e.p.,1124456,,9600,81957,,276300,137518,505376,44049515,,2612684,806083,262063,,125200,70243,,348577,,347018,13125004,13125004,7684991,2920846,25412,4789556,7710403,12636168,20321159,141818,45694869,62557014,106606529,2817417,7021451,8417472,13143126,19131066,50530533,,,,,,,,,,,,,,,,,,,,,
1994,C,Rev.2,383,3,grupo_3_digitos,MAQUIN.APAR.Y SUMIN.ELECTRICOS,15056305,171542,153234,679375,145119,624576,804993,2578840,329882664,49900,118922811,24802675,12703924,323213,8668696,1642552,1115609,348680,,1130445,50596701,50546801,99161156,60328159,261364,39094361,99422520,47514318,146675474,1951938,136868735,321394653,651277317,44399252,167154151,127935359,108569502,46748605,494806870,,,,,,,,,,,,,,,,,,,,,
1994,C,Rev.2,3831,4,clase_4_digitos,MAQ.Y APAR.INDUSTR.ELECTRICOS,1363883,,,98378,,108930,101638,308946,39034043,,18343402,2209526,,166741,1620910,149039,213278,59558,,243842,5720209,5720209,10270768,3424651,260843,7106960,10531611,5129163,15399931,347204,32216684,57644179,96678222,325036,9328248,10321824,19004500,37429926,76409534,,,,,,,,,,,,,,,,,,,,,
1994,C,Rev.2,38310,5,subclase_5_digitos,Máq.y apar.industriales eléctricos,1363883,,,98378,,108930,101638,308946,39034043,,18343402,2209526,,166741,1620910,149039,213278,59558,,243842,5720209,5720209,10270768,3424651,260843,7106960,10531611,5129163,15399931,347204,32216684,57644179,96678222,325036,9328248,10321824,19004500,37429926,76409534,,,,,,,,,,,,,,,,,,,,,
1994,C,Rev.2,3832,4,clase_4_digitos,"EQ.Y APAR.RADIO,TV Y COMUNICACION",1198511,,,142746,,108947,,251693,53711475,,43898817,519235,130270,24411,-100366,1002895,24693,-562669,,84678,14932776,14932776,30821576,25792086,,5029490,30821576,14463135,45284711,384963,11560466,71590571,125302046,1448570,9398221,10338054,51757410,600874,73543128,,,,,,,,,,,,,,,,,,,,,
1994,C,Rev.2,38320,5,subclase_5_digitos,"Eq.y apar. radio,tv,y comunicación",1198511,,,142746,,108947,,251693,53711475,,43898817,519235,130270,24411,-100366,1002895,24693,-562669,,84678,14932776,14932776,30821576,25792086,,5029490,30821576,14463135,45284711,384963,11560466,71590571,125302046,1448570,9398221,10338054,51757410,600874,73543128,,,,,,,,,,,,,,,,,,,,,
1994,C,Rev.2,3833,4,clase_4_digitos,APAR.Y ACCES.ELECT.USO DOMESTICO,2373280,,93119,332313,,93959,296966,816356,88552098,,22134236,1224288,-1815354,50828,2173903,143231,585618,86061,,383766,11321209,11321209,27629385,11902324,521,15727582,27629906,10317174,37946559,620269,38663020,74491745,163043843,3255913,61426264,66293260,,343105,131318542,,,,,,,,,,,,,,,,,,,,,
1994,C,Rev.2,38330,5,subclase_5_digitos,Apar.y acces.eléct. uso doméstico,2373280,,93119,332313,,93959,296966,816356,88552098,,22134236,1224288,-1815354,50828,2173903,143231,585618,86061,,383766,11321209,11321209,27629385,11902324,521,15727582,27629906,10317174,37946559,620269,38663020,74491745,163043843,3255913,61426264,66293260,,343105,131318542,,,,,,,,,,,,,,,,,,,,,
1994,C,Rev.2,3839,4,clase_4_digitos,"PILAS,LAMP,MATER.DE CONDUCCION",10120631,171542,60115,105938,145119,312741,406389,1201845,148585047,49900,34546356,20849626,14389008,81232,4974248,347388,292020,765730,,418159,18622506,18572606,30439428,19209098,,11230330,30439428,17604845,48044273,599502,54428565,117668158,266253205,39369733,87001418,40982221,37807592,8374701,213535666,,,,,,,,,,,,,,,,,,,,,
1994,C,Rev.2,38391,5,subclase_5_digitos,Acumuladores y pilas (baterías),1070637,150125,28215,20647,98172,87747,270062,654968,14991205,,2399896,-508923,-363980,,-285052,70268,,69841,,100208,3749071,3749071,3399835,1094872,,2304963,3399835,3544129,6943965,104734,13268376,20487980,35479185,892868,1100579,23821020,1100579,5133167,32048214,,,,,,,,,,,,,,,,,,,,,
1994,C,Rev.2,38393,5,subclase_5_digitos,Piezas y material conducción elect,9049993,21417,31900,85291,46947,224994,136328,546877,133593843,49900,32146460,21358549,14752988,81232,5259300,277120,292020,695889,,317951,14873435,14823535,27039593,18114226,,8925367,27039593,14060716,41100308,494769,41160189,97180177,230774020,38476866,85900839,17161202,36707013,3241534,181487453,,,,,,,,,,,,,,,,,,,,,
1994,C,Rev.2,384,3,grupo_3_digitos,MATERIAL DE TRANSPORTE,20359869,538638,395100,1320130,12659,1029804,1695434,4991764,490114993,,195807113,19469098,2863798,465929,3664980,1678216,8946059,1850115,60658973,1683323,99444990,99444990,113133097,51774875,287217,61645439,113420314,35199673,148332770,1903021,169404863,485016835,975131828,3538008,104178181,65681627,43087590,21609138,238094544,,,,,,,,,,,,,,,,,,,,,
1994,C,Rev.2,3841,4,clase_4_digitos,CONSTRUCCION Y REPARACION NAVALES,6376025,,,725752,9150,70282,328203,1133387,49395111,,12520847,8517631,141803,48000,488820,111645,7374919,352444,,357952,-2243868,-2243868,4206246,,59154,4265401,4265401,-2779211,1427036,177390,48691449,65344453,114739564,,,,,,,,,,,,,,,,,,,,,,,,,,,
1994,C,Rev.2,38410,5,subclase_5_digitos,Construcción y reparacion navales,6376025,,,725752,9150,70282,328203,1133387,49395111,,12520847,8517631,141803,48000,488820,111645,7374919,352444,,357952,-2243868,-2243868,4206246,,59154,4265401,4265401,-2779211,1427036,177390,48691449,65344453,114739564,,,,,,,,,,,,,,,,,,,,,,,,,,,
1994,C,Rev.2,3843,4,clase_4_digitos,AUTOMOVILES Y REPUESTOS,9671006,538638,395100,576978,3509,802486,1286005,3602716,360290801,,165161607,5509991,342889,350987,2226689,460759,683045,1445622,58665660,1107336,90923671,90923671,81888109,46729276,228063,35386895,82116172,29539464,111427573,1611211,96123067,361879352,722170153,3538008,34085409,61226543,17604896,16173938,132628794,,,,,,,,,,,,,,,,,,,,,
1994,C,Rev.2,38430,5,subclase_5_digitos,Automotores y repuestos,9671006,538638,395100,576978,3509,802486,1286005,3602716,360290801,,165161607,5509991,342889,350987,2226689,460759,683045,1445622,58665660,1107336,90923671,90923671,81888109,46729276,228063,35386895,82116172,29539464,111427573,1611211,96123067,361879352,722170153,3538008,34085409,61226543,17604896,16173938,132628794,,,,,,,,,,,,,,,,,,,,,
1994,C,Rev.2,3844,4,clase_4_digitos,"MOTOS, MOTOCICLETAS Y BICICLETAS",4312838,,,17400,,157036,81225,255661,80429081,,18124659,5441476,2379106,66943,949471,1105812,888095,52049,1993313,218035,10765187,10765187,27038742,5045599,,21993143,27038742,8439419,35478161,114420,24590347,57793031,138222112,,70092772,4455085,25482694,5435200,105465750,,,,,,,,,,,,,,,,,,,,,
1994,C,Rev.2,38440,5,subclase_5_digitos,"Motos,motocicletas y bicicletas.",4312838,,,17400,,157036,81225,255661,80429081,,18124659,5441476,2379106,66943,949471,1105812,888095,52049,1993313,218035,10765187,10765187,27038742,5045599,,21993143,27038742,8439419,35478161,114420,24590347,57793031,138222112,,70092772,4455085,25482694,5435200,105465750,,,,,,,,,,,,,,,,,,,,,
1994,C,Rev.2,385,3,grupo_3_digitos,EQ.PROF.Y CIENTIF.Y AP.FOTOGRAFIA,9671761,,32426,36139,,101809,59351,229725,62083145,,54842013,9048364,5166647,19081,3179702,316675,307865,58393,8911,230621,3834011,3834011,17711522,8947855,,8763667,17711522,3310253,21021775,284225,28798290,97146075,159229220,1454618,,14309156,84670079,17117877,117551729,,,,,,,,,,,,,,,,,,,,,
1994,C,Rev.2,3851,4,clase_4_digitos,EQ.PROF.Y CIENTIFICO (ORTOPEDIA),9371130,,32426,36139,,13562,30148,112275,45595820,,31697620,8071494,5166647,17787,2751203,91586,44271,,8911,153706,2251560,2251560,13528213,8032764,,5495449,13528213,1896138,15424351,192805,19165293,62485603,108081423,,,,84670079,,84670079,,,,,,,,,,,,,,,,,,,,,
1994,C,Rev.2,38510,5,subclase_5_digitos,Equipo prof.científico(ortopedia),9371130,,32426,36139,,13562,30148,112275,45595820,,31697620,8071494,5166647,17787,2751203,91586,44271,,8911,153706,2251560,2251560,13528213,8032764,,5495449,13528213,1896138,15424351,192805,19165293,62485603,108081423,,,,84670079,,84670079,,,,,,,,,,,,,,,,,,,,,
1994,C,Rev.2,3852,4,clase_4_digitos,"AP.FOTOGRAFICOS,INSTRUM.OPTICA",300631,,,,,88247,29203,117450,16487325,,23144393,976870,,1294,428499,225090,263595,58393,,76914,1582450,1582450,4183308,915091,,3268217,4183308,1414115,5597423,91421,9632997,34660472,51147797,1454618,,14309156,,17117877,32881651,,,,,,,,,,,,,,,,,,,,,
1994,C,Rev.2,38520,5,subclase_5_digitos,Ap.fotográficos e instrum.óptica.,300631,,,,,88247,29203,117450,16487325,,23144393,976870,,1294,428499,225090,263595,58393,,76914,1582450,1582450,4183308,915091,,3268217,4183308,1414115,5597423,91421,9632997,34660472,51147797,1454618,,14309156,,17117877,32881651,,,,,,,,,,,,,,,,,,,,,
1994,C,Rev.2,39,2,division_2_digitos,OTRAS INDUSTRIAS MANUFACTURERAS,8459896,101968,16484,154927,,208805,201869,684054,105950084,9744,48022648,1507527,,43804,676270,450705,6619,330129,1397552,335709,13491754,13482010,16680121,3358047,294356,13616430,16974477,10768341,27448462,990152,33338290,103302844,209252929,1974562,41262428,10388453,20677321,10509246,84812009,,,,,,,,,,,,,,,,,,,,,
1994,C,Rev.2,390,3,grupo_3_digitos,OTRAS INDUSTRIAS MANUFACTURERAS,8459896,101968,16484,154927,,208805,201869,684054,105950084,9744,48022648,1507527,,43804,676270,450705,6619,330129,1397552,335709,13491754,13482010,16680121,3358047,294356,13616430,16974477,10768341,27448462,990152,33338290,103302844,209252929,1974562,41262428,10388453,20677321,10509246,84812009,,,,,,,,,,,,,,,,,,,,,
1994,C,Rev.2,3901,4,clase_4_digitos,JOYAS Y ARTICULOS CONEXOS,142084,,,8180,,8078,73392,89649,5429702,,1993093,199186,,,167203,31983,,,,100109,1296135,1296135,352422,10136,82511,424797,434933,1176538,1528960,19488,4501645,7932957,13362659,,131359,,,4482573,4613931,,,,,,,,,,,,,,,,,,,,,
1994,C,Rev.2,39010,5,subclase_5_digitos,Joyas y artículos conexos.,142084,,,8180,,8078,73392,89649,5429702,,1993093,199186,,,167203,31983,,,,100109,1296135,1296135,352422,10136,82511,424797,434933,1176538,1528960,19488,4501645,7932957,13362659,,131359,,,4482573,4613931,,,,,,,,,,,,,,,,,,,,,
1994,C,Rev.2,3903,4,clase_4_digitos,ARTIC.DE DEPORTE Y ATLETISMO,48124,,,,,13214,,13214,648167,9744,413136,,,,,,,,,3672,74559,64814,128810,,,128810,128810,66374,195184,4512,240863,766938,1415105,,619893,676770,,12960,1309624,,,,,,,,,,,,,,,,,,,,,
1994,C,Rev.2,39030,5,subclase_5_digitos,Artículos para deporte.,48124,,,,,13214,,13214,648167,9744,413136,,,,,,,,,3672,74559,64814,128810,,,128810,128810,66374,195184,4512,240863,766938,1415105,,619893,676770,,12960,1309624,,,,,,,,,,,,,,,,,,,,,
1994,C,Rev.2,3909,4,clase_4_digitos,OTRAS INDUSTRIAS MANUFACT. N.E.P.,8269687,101968,16484,146747,,187513,128477,581190,99872215,,45616419,1308342,,43804,509067,418722,6619,330129,1397552,231927,12121061,12121061,16198889,3347912,211845,13062823,16410734,9525429,25724318,966152,28595782,94602949,194475165,1974562,40511176,9711682,20677321,6013713,78888454,,,,,,,,,,,,,,,,,,,,,
1994,C,Rev.2,39090,5,subclase_5_digitos,Otras industrias manufact.n.e.p.,8269687,101968,16484,146747,,187513,128477,581190,99872215,,45616419,1308342,,43804,509067,418722,6619,330129,1397552,231927,12121061,12121061,16198889,3347912,211845,13062823,16410734,9525429,25724318,966152,28595782,94602949,194475165,1974562,40511176,9711682,20677321,6013713,78888454,,,,,,,,,,,,,,,,,,,,,
1995,C,Rev.2,3,1,industria_total,INDUSTRIAS MANUFACTURERAS,1080618302,8132106,179382727,71655740,117935513,30509590,77495615,485111291,24882658966,277723900,9876495944,2307202986,259743747,17767763,1694990073,78395884,145215367,111090153,3249753494,63299579,5269501800,4991777900,3630722715,1046634366,131727039,2715815389,3752283850,1761073005,5391795720,195375722,7288518323,23237410469,48120069436,1149568194,14799523621,7681322212,5026578671,2655519817,31312512514,,,,,,,,,,,,,,,,,,,,,
1995,C,Rev.2,31,2,division_2_digitos,PRODUCTOS ALIMENT.BEBIDAS Y TABACO,452078614,3387788,35940313,48179337,62361310,7549560,43518616,200936924,11914252903,147967254,3866486741,651018800,126000707,11611288,347552130,39046351,78495655,48312669,1449716700,23235199,2515751454,2367784200,1412058064,293123017,41721904,1160656950,1453779968,906325333,2318383396,136474223,2665260090,9351609645,21265862548,217193253,7662169950,4838407411,1191296245,1823422614,15732489473,,,,,,,,,,,,,,,,,,,,,
1995,C,Rev.2,311,3,grupo_3_digitos,PRODUCTOS ALIMENTICIOS,293281342,3254269,28629574,33362571,41987852,5519433,35541443,148295142,9099532415,139819521,2227661760,423060857,100680074,1876553,206877039,27961193,53611099,32054899,14270718,15435710,524514079,384694558,828808559,93295210,28855213,764368563,857663772,444136114,1272944673,50671537,1771990632,4677628292,13777160707,92935049,4461547284,1799005861,931167760,1783258998,9067914953,,,,,,,,,,,,,,,,,,,,,
1995,C,Rev.2,3111,4,clase_4_digitos,MATANZA Y PREPARAC CARNES Y AVES,93671274,5448,7450092,6197634,8211541,1368748,6172070,29405533,4023881735,69365377,472541970,148535769,34998375,305190,85750930,8760589,1745530,16975156,12574224,4002330,217867484,148502106,231778516,13829739,7542830,225491608,239321347,189754051,421532568,11536878,482510019,1197225369,5221107103,15726387,1643798704,855195904,589972657,125287693,3229981346,,,,,,,,,,,,,,,,,,,,,
1995,C,Rev.2,31111,5,subclase_5_digitos,Matanza de ganado.,74827434,,5377365,4089359,6763978,559434,3918632,20708768,3201477521,68436783,216529511,66898839,18109388,12452,39599239,1937208,297374,6943179,11117113,2830807,115041301,46604518,131420968,4995224,6236880,132662623,137657848,94015463,225436430,7077919,338356167,676317630,3877795151,15726387,860872175,537048077,582301075,54625408,2050573123,,,,,,,,,,,,,,,,,,,,,
1995,C,Rev.2,31112,5,subclase_5_digitos,Preparación y conservación carnes,14465004,,2072727,1319022,1294736,809314,2171731,7667529,574000099,928594,182948709,73640843,16673557,292737,40927322,5038256,1353195,9355776,1263246,958363,78769597,77841002,81640235,8834515,1284553,74090274,82924789,72913490,154553725,3634498,115314762,390569477,964569576,,653324013,152497510,3756790,23806614,833384927,,,,,,,,,,,,,,,,,,,,,
1995,C,Rev.2,31113,5,subclase_5_digitos,Matanza y preparación de aves.,4378836,5448,,789253,152827,,81708,1029236,248404115,,73063750,7996087,215430,,5224369,1785125,94961,676201,193864,213161,24056586,24056586,18717314,,21397,18738711,18738711,22825099,41542413,824462,28839090,130338262,378742377,,129602516,165650317,3914793,46855671,346023296,,,,,,,,,,,,,,,,,,,,,
1995,C,Rev.2,3112,4,clase_4_digitos,PRODUCTOS LACTEOS,61684102,712088,13216132,1229777,7445489,486600,2227605,25317691,1513431304,24632642,528637475,116016685,32093084,1082553,47137775,8611934,20484162,6607177,115321,3920305,68577535,43944893,131515806,19064171,17900807,130352442,149416614,53717896,185233702,10824013,442918780,1077185250,2590616554,69022962,1290386573,179052747,22212296,48816199,1609490777,,,,,,,,,,,,,,,,,,,,,
1995,C,Rev.2,31120,5,subclase_5_digitos,Productos lácteos.,61684102,712088,13216132,1229777,7445489,486600,2227605,25317691,1513431304,24632642,528637475,116016685,32093084,1082553,47137775,8611934,20484162,6607177,115321,3920305,68577535,43944893,131515806,19064171,17900807,130352442,149416614,53717896,185233702,10824013,442918780,1077185250,2590616554,69022962,1290386573,179052747,22212296,48816199,1609490777,,,,,,,,,,,,,,,,,,,,,
1995,C,Rev.2,3113,4,clase_4_digitos,ENVAS.Y CONSERVAC.FRUTAS-LEGUMBRES,9716113,,373459,276138,1295716,225741,95102,2266156,60530628,1113552,21889053,1164280,161060,,774886,2971,,225363,890286,263471,15710344,14596792,11319700,4359134,90922,7051487,11410621,13645306,24965006,911280,20661174,66863133,127393761,,34323188,11672087,,791345,46786620,,,,,,,,,,,,,,,,,,,,,
1995,C,Rev.2,31130,5,subclase_5_digitos,"Envas.y concervac.frutas,legumbres",9716113,,373459,276138,1295716,225741,95102,2266156,60530628,1113552,21889053,1164280,161060,,774886,2971,,225363,890286,263471,15710344,14596792,11319700,4359134,90922,7051487,11410621,13645306,24965006,911280,20661174,66863133,127393761,,34323188,11672087,,791345,46786620,,,,,,,,,,,,,,,,,,,,,
1995,C,Rev.2,3114,4,clase_4_digitos,ELABORACION DE PESCADO Y OTROS,21427475,,,11113253,1368031,,3981610,16462894,261758154,5125855,7674893,27234454,2860439,50997,2779691,568079,20565557,409691,,1837716,-14176523,-19302378,24234363,2456720,469269,22246912,24703632,-16169173,8065190,154934,137886693,147686682,409444836,,8971647,,699359,,9671006,,,,,,,,,,,,,,,,,,,,,
1995,C,Rev.2,31140,5,subclase_5_digitos,"Elaboración de pescado, y otros.",21427475,,,11113253,1368031,,3981610,16462894,261758154,5125855,7674893,27234454,2860439,50997,2779691,568079,20565557,409691,,1837716,-14176523,-19302378,24234363,2456720,469269,22246912,24703632,-16169173,8065190,154934,137886693,147686682,409444836,,8971647,,699359,,9671006,,,,,,,,,,,,,,,,,,,,,
1995,C,Rev.2,3115,4,clase_4_digitos,ACEITES Y GRASAS VEGET.Y ANIMALES.,5941855,,4096076,979322,363204,10956,6771990,12221548,322090586,,80277708,6046356,795120,34363,4638399,116721,435918,25835,,296405,32956578,32956578,73574233,6000572,200342,67774003,73774575,27455023,101029256,5205149,38950589,158126729,480217315,,245173716,696622,57868516,65872161,369611015,,,,,,,,,,,,,,,,,,,,,
1995,C,Rev.2,31150,5,subclase_5_digitos,Aceites y grasas veget.y animales,5941855,,4096076,979322,363204,10956,6771990,12221548,322090586,,80277708,6046356,795120,34363,4638399,116721,435918,25835,,296405,32956578,32956578,73574233,6000572,200342,67774003,73774575,27455023,101029256,5205149,38950589,158126729,480217315,,245173716,696622,57868516,65872161,369611015,,,,,,,,,,,,,,,,,,,,,
1995,C,Rev.2,3116,4,clase_4_digitos,"MOLINOS HARINEROS,ARROCEROS,YERBAT",31808257,,688324,6068291,2528265,1411006,1025691,11721576,1386033336,39582095,280136647,71331928,5708135,132049,57232981,885936,3497541,3875286,395820,1613946,43531985,3949890,88490773,13569743,2354794,77275824,90845567,34635588,123126361,6886631,180313268,496208062,1882241398,,365803239,312475391,195534707,91688245,965501582,,,,,,,,,,,,,,,,,,,,,
1995,C,Rev.2,31161,5,subclase_5_digitos,Molinos harineros.,9602078,,98434,5351766,52143,222287,353668,6078298,451356310,616223,114262002,30810184,1483254,114614,22888855,284820,3354500,2684141,395820,891986,55613357,54997134,29072186,2412576,450462,27110072,29522648,52374163,81446349,1951388,89427562,268288776,719645086,,120057787,278865779,192780921,90615261,682319748,,,,,,,,,,,,,,,,,,,,,
1995,C,Rev.2,31162,5,subclase_5_digitos,Molinos arroceros.,21362243,,589890,488413,2476122,1140567,649051,5344043,853228350,38965872,161226894,39525592,4224881,17435,33532724,476405,143041,1131106,,641423,-13058514,-52024386,47262194,2786116,1904292,46380370,49166486,-18210298,29051896,4510361,80854201,211418952,1064647302,,171291857,10929992,2514237,1012746,185748833,,,,,,,,,,,,,,,,,,,,,
1995,C,Rev.2,31163,5,subclase_5_digitos,Molienda yerba mate.,843936,,,228112,,48152,22971,299235,81448676,,4647751,996152,,,811401,124711,,60039,,80537,977142,977142,12156393,8371051,40,3785382,12156433,471724,12628116,424882,10031505,16500334,97949010,,74453594,22679620,239549,60238,97433001,,,,,,,,,,,,,,,,,,,,,
1995,C,Rev.2,3117,4,clase_4_digitos,"PAN,REPOSTERIA,PASTAS,GALLETERIA",53132109,2498184,1297000,7099274,14837812,1351430,14052769,41136470,1085124544,,743682880,46812865,26865588,278096,3857619,7284606,6212256,2314701,,3017559,123562134,123562134,200999264,4789538,250639,196460365,201249903,110851273,311850537,9693302,380819791,1301196914,2386321458,7573266,413370672,321849506,22396871,1448560801,2213751116,,,,,,,,,,,,,,,,,,,,,
1995,C,Rev.2,31171,5,subclase_5_digitos,,35892113,4240,717334,2966288,14837812,941495,6081048,25548218,660313629,,625630725,26282192,19027519,71704,-7304501,5348695,5139443,3999332,,1991765,84105093,84105093,123452400,351673,234568,123335295,123686968,76411655,199864055,5701673,248988762,994616693,1654930323,780850,82441227,164489856,2756602,1319979190,1570447724,,,,,,,,,,,,,,,,,,,,,
1995,C,Rev.2,31172,5,subclase_5_digitos,Fideerías y preparación de pastas.,8907498,,208447,3965770,,308973,2000018,6483209,235564796,,45056639,4798374,4526495,,229312,1398114,319513,-1675061,,490051,12276637,12276637,49224412,214065,7031,49017378,49231443,10398873,59623285,1387712,65154481,131395254,366960050,2428057,116312638,96781498,1344536,128581611,345448342,,,,,,,,,,,,,,,,,,,,,
1995,C,Rev.2,31173,5,subclase_5_digitos,,8332498,2493944,371219,167216,,100961,5971702,9105043,189246119,,72995516,15732299,3311573,206392,10932808,537797,753300,-9571,,535742,27180405,27180405,28322452,4223800,9040,24107692,28331493,24040745,52363197,2603918,66676548,175184966,364431085,4364359,214616807,60578152,18295733,,297855050,,,,,,,,,,,,,,,,,,,,,
1995,C,Rev.2,3118,4,clase_4_digitos,INGENIOS Y REFINERIAS DE AZUCAR,13005577,,445378,367724,5937794,315198,810245,7876339,308738584,,50458867,3551581,-627550,-13508,2761635,99821,18138,1313045,,111939,17879088,17879088,36181998,24285830,40533,11936701,36222531,14090355,50272353,3676794,39494805,120838337,429576921,,361552369,37330330,13922072,53588,412858359,,,,,,,,,,,,,,,,,,,,,
1995,C,Rev.2,31180,5,subclase_5_digitos,Ingenios y refinerías de azúcar.,13005577,,445378,367724,5937794,315198,810245,7876339,308738584,,50458867,3551581,-627550,-13508,2761635,99821,18138,1313045,,111939,17879088,17879088,36181998,24285830,40533,11936701,36222531,14090355,50272353,3676794,39494805,120838337,429576921,,361552369,37330330,13922072,53588,412858359,,,,,,,,,,,,,,,,,,,,,
1995,C,Rev.2,3119,4,clase_4_digitos,"CACAO,CHOCOLATE Y CONFITURAS",2894580,38548,1063114,31158,,349754,404360,1886935,137943545,,42362267,2366939,-2174176,6814,1943124,1630535,651998,308644,295067,372039,18605454,18605454,30713906,4939762,5077,25779221,30718983,16155794,46869701,1782554,48435514,112297816,250241361,612434,98167176,80733274,28561283,2188965,210263132,,,,,,,,,,,,,,,,,,,,,
1995,C,Rev.2,31190,5,subclase_5_digitos,"Cacao,chocolate y confituras",2894580,38548,1063114,31158,,349754,404360,1886935,137943545,,42362267,2366939,-2174176,6814,1943124,1630535,651998,308644,295067,372039,18605454,18605454,30713906,4939762,5077,25779221,30718983,16155794,46869701,1782554,48435514,112297816,250241361,612434,98167176,80733274,28561283,2188965,210263132,,,,,,,,,,,,,,,,,,,,,
1995,C,Rev.2,312,3,grupo_3_digitos,ALIMENTOS DIVERSOS,47708093,133520,2393532,10994395,9533296,754090,4717215,28526047,1108508962,,567842920,79719971,6395876,2920,60388828,6660071,1725975,4546302,,2421193,150050438,150050438,251415560,92614714,3825215,162626061,255240775,125432276,376847836,22196968,308153956,1073755408,2182264370,113965898,547186613,1032312756,181795615,23089966,1898350849,,,,,,,,,,,,,,,,,,,,,
1995,C,Rev.2,3121,4,clase_4_digitos,PRODUCTOS ALIMENTICIOS DIVERSOS,44804949,133520,2393532,10195770,9401977,614905,4651090,27390794,969503413,,530184911,79345228,6232828,2920,60314762,6628297,1617742,4548680,,2270919,152538775,152538775,246268233,92601854,620308,154286687,246888541,128305396,374573629,21962459,298992926,1026521560,1996024973,113965898,524294935,1025127964,49177647,16415896,1728982340,,,,,,,,,,,,,,,,,,,,,
1995,C,Rev.2,31211,5,subclase_5_digitos,,11293209,133520,478164,1177055,618753,301937,241382,2950811,330433424,,49540783,5494123,,2920,2291052,2838910,142687,218554,,465920,24943193,24943193,62006478,30250600,530,31756408,62007008,20794789,82801267,3682484,59988928,145766113,476199537,,195500359,229454295,,16415896,441370550,,,,,,,,,,,,,,,,,,,,,
1995,C,Rev.2,31212,5,subclase_5_digitos,,33511740,,1915368,9018715,8783224,312968,4409708,24439982,639069988,,480644128,73851105,6232828,,58023710,3789387,1475055,4330126,,1804999,127595582,127595582,184261755,62351254,619778,122530279,184881533,107510607,291772362,18279975,239003998,880755448,1519825436,113965898,328794575,795673669,49177647,,1287611790,,,,,,,,,,,,,,,,,,,,,
1995,C,Rev.2,3122,4,clase_4_digitos,RACIONES BALANCEADAS,2903144,,,798626,131319,139185,66125,1135254,139005549,,37658010,374743,163048,,74066,31774,108233,-2378,,150274,-2488337,-2488337,5147327,12860,3204907,8339374,8352234,-2873120,2274207,234509,9161030,47233847,186239397,,22891678,7184792,132617968,6674070,169368509,,,,,,,,,,,,,,,,,,,,,
1995,C,Rev.2,31220,5,subclase_5_digitos,Preparación raciones balanceadas,2903144,,,798626,131319,139185,66125,1135254,139005549,,37658010,374743,163048,,74066,31774,108233,-2378,,150274,-2488337,-2488337,5147327,12860,3204907,8339374,8352234,-2873120,2274207,234509,9161030,47233847,186239397,,22891678,7184792,132617968,6674070,169368509,,,,,,,,,,,,,,,,,,,,,
1995,C,Rev.2,313,3,grupo_3_digitos,INDUSTRIA DE BEBIDAS,98941523,,4224053,3650609,10840162,1276037,3094505,23085366,1481767038,8073016,1014287515,138253900,18815864,8898453,75733034,3765053,19408160,11633337,605748152,3928784,1004768852,996695836,330379709,102713576,1290655,228956789,331670365,337323820,667703529,57768096,493862505,2603787379,4085554417,10292305,1515483688,1932534272,78332869,17073650,3553716785,,,,,,,,,,,,,,,,,,,,,
1995,C,Rev.2,3131,4,clase_4_digitos,DEST.Y MEZCLA BEBIDAS ESPIRITUOSAS,9357155,,1432715,229672,,179966,565619,2407971,182857362,,43611465,4047797,41000,9762,3017202,371189,49000,559644,129549005,547327,182987134,182987134,36535065,13475127,390891,23450829,36925956,51419038,87954102,1471765,75441183,311396938,494254299,2158677,387064113,61843467,2158677,839710,454064644,,,,,,,,,,,,,,,,,,,,,
1995,C,Rev.2,31310,5,subclase_5_digitos,Dest.y mezcla bebidas espirituosas,9357155,,1432715,229672,,179966,565619,2407971,182857362,,43611465,4047797,41000,9762,3017202,371189,49000,559644,129549005,547327,182987134,182987134,36535065,13475127,390891,23450829,36925956,51419038,87954102,1471765,75441183,311396938,494254299,2158677,387064113,61843467,2158677,839710,454064644,,,,,,,,,,,,,,,,,,,,,
1995,C,Rev.2,3132,4,clase_4_digitos,INDUSTRIAS VINICOLAS,10691838,,65511,1857208,62999,765368,510651,3261737,226579745,,68257442,22671664,168230,8879778,899164,526345,20331,12177816,22182901,408983,74725828,74725828,30113211,1635628,,28477583,30113211,42517732,72630942,9616213,49817098,203492205,430071950,82855,134531772,246870806,2379721,11236973,395102127,,,,,,,,,,,,,,,,,,,,,
1995,C,Rev.2,31320,5,subclase_5_digitos,Industrias vinícolas.,10691838,,65511,1857208,62999,765368,510651,3261737,226579745,,68257442,22671664,168230,8879778,899164,526345,20331,12177816,22182901,408983,74725828,74725828,30113211,1635628,,28477583,30113211,42517732,72630942,9616213,49817098,203492205,430071950,82855,134531772,246870806,2379721,11236973,395102127,,,,,,,,,,,,,,,,,,,,,
1995,C,Rev.2,3133,4,clase_4_digitos,CERVECERIAS Y MALTERIAS,34553377,,1582453,84684,8716447,57430,113960,10554974,313913481,8073016,306792886,48569360,2291096,52366,37892885,1599202,6806403,-72592,119338449,1283007,198050853,189977837,61908076,16926765,391344,45372655,62299420,72861724,134769800,4567673,160352836,691676936,1005590417,,613054511,43820428,23479590,,680354529,,,,,,,,,,,,,,,,,,,,,
1995,C,Rev.2,31330,5,subclase_5_digitos,Cervecerías y malterías,34553377,,1582453,84684,8716447,57430,113960,10554974,313913481,8073016,306792886,48569360,2291096,52366,37892885,1599202,6806403,-72592,119338449,1283007,198050853,189977837,61908076,16926765,391344,45372655,62299420,72861724,134769800,4567673,160352836,691676936,1005590417,,613054511,43820428,23479590,,680354529,,,,,,,,,,,,,,,,,,,,,
1995,C,Rev.2,3134,4,clase_4_digitos,BEBIDAS SIN ALCOHOL,44339153,,1143374,1479045,2060717,273273,1904275,6860684,758416451,,595625722,62965079,16315538,-43454,33923783,1268317,12532426,-1031532,334677798,1689467,549005037,549005037,201823358,70676056,508420,131655722,202331778,170525327,372348684,42112445,208251388,1397221300,2155637750,8050773,380833293,1579999571,50314881,4996967,2024195485,,,,,,,,,,,,,,,,,,,,,
1995,C,Rev.2,31340,5,subclase_5_digitos,Bebidas sin alcohol,44339153,,1143374,1479045,2060717,273273,1904275,6860684,758416451,,595625722,62965079,16315538,-43454,33923783,1268317,12532426,-1031532,334677798,1689467,549005037,549005037,201823358,70676056,508420,131655722,202331778,170525327,372348684,42112445,208251388,1397221300,2155637750,8050773,380833293,1579999571,50314881,4996967,2024195485,,,,,,,,,,,,,,,,,,,,,
1995,C,Rev.2,314,3,grupo_3_digitos,INDUSTRIAS DEL TABACO,12147655,,693154,171762,,,165453,1030369,224444488,74717,56694546,9984071,108893,833362,4553229,660034,3750421,78132,829697829,1449511,836418085,836343368,1454235,4499518,7750821,4705538,9205056,-566877,887358,5837622,91252997,996438566,1220883054,,1137952365,74554521,,,1212506886,,,,,,,,,,,,,,,,,,,,,
1995,C,Rev.2,3140,4,clase_4_digitos,INDUSTRIAS DEL TABACO,12147655,,693154,171762,,,165453,1030369,224444488,74717,56694546,9984071,108893,833362,4553229,660034,3750421,78132,829697829,1449511,836418085,836343368,1454235,4499518,7750821,4705538,9205056,-566877,887358,5837622,91252997,996438566,1220883054,,1137952365,74554521,,,1212506886,,,,,,,,,,,,,,,,,,,,,
1995,C,Rev.2,31400,5,subclase_5_digitos,Industrias del tabaco.,12147655,,693154,171762,,,165453,1030369,224444488,74717,56694546,9984071,108893,833362,4553229,660034,3750421,78132,829697829,1449511,836418085,836343368,1454235,4499518,7750821,4705538,9205056,-566877,887358,5837622,91252997,996438566,1220883054,,1137952365,74554521,,,1212506886,,,,,,,,,,,,,,,,,,,,,
1995,C,Rev.2,32,2,division_2_digitos,"TEXTILES,PR.VESTIR,INDUSTRIA CUERO",160097444,14229,19114394,3497907,17694240,5923899,6114622,52359292,4294267603,119241447,1711679712,182765913,15422543,759033,128843361,7384700,2849284,27506991,10895,10028503,10907088,-108334358,574055836,117730742,7396451,463721545,581452287,-14352988,559702848,15220679,1175847329,2939290127,7233557730,11370488,1002347020,563220550,433948758,115430715,2126317530,,,,,,,,,,,,,,,,,,,,,
1995,C,Rev.2,321,3,grupo_3_digitos,TEXTILES,117273635,14229,17065816,1891253,9419078,1766775,3739276,33896428,2122202200,57413092,1022580136,135072598,10292385,371375,97314902,1772641,1103222,24218073,7339,5201244,22852671,-34560422,252084075,39869177,1760505,213975403,253844580,8926702,261010777,8717385,601842287,1707135637,3829337837,8934517,643261750,226158301,272857096,29352035,1180563699,,,,,,,,,,,,,,,,,,,,,
1995,C,Rev.2,3211,4,clase_4_digitos,"LAVADERO,HILANDERIA Y TEJEDURIA.",98383065,14229,16278923,539856,8111195,1021634,3279181,29245019,1814296958,53312830,920820229,118279731,6579735,364162,92854057,1414975,957808,16108994,7339,3816324,3916130,-49396699,194424515,30931481,1285510,164778545,195710026,-6824643,187599872,6917110,481080901,1450887495,3265184454,3633340,505780058,57540034,231116658,3281877,801351967,,,,,,,,,,,,,,,,,,,,,
1995,C,Rev.2,32111,5,subclase_5_digitos,"Lavadero,enfardelaje y fab de tops",46779558,,3959502,222067,4254432,301826,580746,9318571,1074109668,32390322,684025310,47789624,6143625,320383,23567685,346375,375751,17035805,,1156680,793328,-31596994,60856099,5086107,918840,56688831,61774938,-3822670,57033429,3459318,144532648,843740522,1917850190,,34524013,,146470439,,180994451,,,,,,,,,,,,,,,,,,,,,
1995,C,Rev.2,32112,5,subclase_5_digitos,"Hiland.tejeduría,acabado de lana",18494813,,1895348,244436,1632380,319874,967613,5059651,286679425,16419717,105481478,15622916,669747,13325,14092804,187973,436280,222787,,1117720,-22876357,-39296074,48789174,5108006,68291,43749459,48857465,-25832355,22956819,1838278,146579064,231259281,517938706,,96299146,10335993,688772,756092,108080003,,,,,,,,,,,,,,,,,,,,,
1995,C,Rev.2,32113,5,subclase_5_digitos,,12779032,14229,941133,65447,2132335,281625,1416687,4851456,208454940,433578,58746417,3214053,,30455,3266024,67827,116977,-267229,7339,704839,24589498,24155920,32234108,4869516,7025,27371617,32241133,23272643,55506751,604677,87829656,183511024,391965965,191370,231609437,17868529,73906360,1012693,324588390,,,,,,,,,,,,,,,,,,,,,
1995,C,Rev.2,32114,5,subclase_5_digitos,,20328752,,9482940,7906,92049,118310,314135,10015341,244497705,4069213,72218662,51653138,-233637,,51927544,812800,28800,-882369,,835816,1409748,-2659465,52530735,15867851,291355,36954238,52822090,-440905,52089830,1014837,101938184,191826133,436323839,3441970,143277138,29335512,10051088,1513092,187618799,,,,,,,,,,,,,,,,,,,,,
1995,C,Rev.2,32115,5,subclase_5_digitos,Hiland.tejeduría de fibras duras,910,,,,,,,,555220,,348362,,,,,,,,,1269,-87,-87,14400,,,14400,14400,-1356,13044,,201349,550534,1105754,,70324,,,,70324,,,,,,,,,,,,,,,,,,,,,
1995,C,Rev.2,3212,4,clase_4_digitos,TEXTILES EXCEPTO PRENDAS VESTIR,887159,,,77068,,150760,43452,271280,40906888,,15395347,426342,45679,,205777,59577,115309,,,88610,1536468,1536468,3904661,975901,465535,3394295,4370196,1037032,4941693,410826,11297059,29116033,70022921,39953,36101285,8644240,18954170,1953352,65693000,,,,,,,,,,,,,,,,,,,,,
1995,C,Rev.2,32120,5,subclase_5_digitos,Textiles excepto prendas vestir,887159,,,77068,,150760,43452,271280,40906888,,15395347,426342,45679,,205777,59577,115309,,,88610,1536468,1536468,3904661,975901,465535,3394295,4370196,1037032,4941693,410826,11297059,29116033,70022921,39953,36101285,8644240,18954170,1953352,65693000,,,,,,,,,,,,,,,,,,,,,
1995,C,Rev.2,3213,4,clase_4_digitos,TEJIDOS PUNTO Y MEDIAS,10173921,,458010,792105,10500,444086,194314,1899016,130571352,3095025,52584686,7447158,-1450688,,1393405,136018,17209,7351214,,480136,8961233,5866208,21950068,1297364,,20652704,21950068,7273745,29223813,1207352,63415401,132040217,262611569,431668,35829499,113594125,,22555021,172410312,,,,,,,,,,,,,,,,,,,,,
1995,C,Rev.2,32130,5,subclase_5_digitos,Tejidos de punto y medias.,10173921,,458010,792105,10500,444086,194314,1899016,130571352,3095025,52584686,7447158,-1450688,,1393405,136018,17209,7351214,,480136,8961233,5866208,21950068,1297364,,20652704,21950068,7273745,29223813,1207352,63415401,132040217,262611569,431668,35829499,113594125,,22555021,172410312,,,,,,,,,,,,,,,,,,,,,
1995,C,Rev.2,3214,4,clase_4_digitos,TAPICES Y ALFOMBRAS,237042,,,,,,29273,29273,4542001,,183603,-210246,,,,854,,-211100,,15666,1066504,1066504,1875848,645101,1145,1231892,1876993,1013680,2889528,37158,2178041,3665190,8207191,,,4226000,,915915,5141915,,,,,,,,,,,,,,,,,,,,,
1995,C,Rev.2,32140,5,subclase_5_digitos,Tapices y alfombras,237042,,,,,,29273,29273,4542001,,183603,-210246,,,,854,,-211100,,15666,1066504,1066504,1875848,645101,1145,1231892,1876993,1013680,2889528,37158,2178041,3665190,8207191,,,4226000,,915915,5141915,,,,,,,,,,,,,,,,,,,,,
1995,C,Rev.2,3215,4,clase_4_digitos,CORDELERIA,56731,,,18535,34522,,10111,63168,2517805,4980,81041,332970,124272,7213,186784,,2376,12325,,16292,405218,400238,603970,274833,8315,337452,612285,375718,979688,13208,2068474,2606484,5124289,,2796061,1053588,202613,,4052262,,,,,,,,,,,,,,,,,,,,,
1995,C,Rev.2,32150,5,subclase_5_digitos,Cordelería.,56731,,,18535,34522,,10111,63168,2517805,4980,81041,332970,124272,7213,186784,,2376,12325,,16292,405218,400238,603970,274833,8315,337452,612285,375718,979688,13208,2068474,2606484,5124289,,2796061,1053588,202613,,4052262,,,,,,,,,,,,,,,,,,,,,
1995,C,Rev.2,3219,4,clase_4_digitos,TEXTILES N.E.P.,7535718,,328883,463689,1262861,150294,182945,2388672,129367195,1000258,33515230,8796643,4993387,,2674879,161218,10520,956640,,784216,6967117,5966859,29325012,5744497,,23580515,29325012,6051171,35376183,131730,41802411,88820219,218187414,4829557,62754848,41100313,22583654,645870,131914243,,,,,,,,,,,,,,,,,,,,,
1995,C,Rev.2,32190,5,subclase_5_digitos,Textiles N.E.P..,7535718,,328883,463689,1262861,150294,182945,2388672,129367195,1000258,33515230,8796643,4993387,,2674879,161218,10520,956640,,784216,6967117,5966859,29325012,5744497,,23580515,29325012,6051171,35376183,131730,41802411,88820219,218187414,4829557,62754848,41100313,22583654,645870,131914243,,,,,,,,,,,,,,,,,,,,,
1995,C,Rev.2,322,3,grupo_3_digitos,PRENDAS VESTIR EXCEPTO CALZADO,12863701,,506419,407378,227140,2283794,622141,4046872,707036676,8823689,367992705,8548160,559452,25618,4461127,2048555,568859,884549,3556,2913524,65061142,56237453,129833008,15707186,3962989,118088811,133795997,59024706,188857714,3119356,313535968,750629827,1457666502,2435970,165046698,241317508,15217066,82753420,506770661,,,,,,,,,,,,,,,,,,,,,
1995,C,Rev.2,3220,4,clase_4_digitos,PRENDAS VESTIR EXCEPTO CALZADO,12863701,,506419,407378,227140,2283794,622141,4046872,707036676,8823689,367992705,8548160,559452,25618,4461127,2048555,568859,884549,3556,2913524,65061142,56237453,129833008,15707186,3962989,118088811,133795997,59024706,188857714,3119356,313535968,750629827,1457666502,2435970,165046698,241317508,15217066,82753420,506770661,,,,,,,,,,,,,,,,,,,,,
1995,C,Rev.2,32201,5,subclase_5_digitos,,9271517,,492933,261769,227140,1854102,185756,3021700,434450331,8170493,295672003,6383867,555736,25618,2928693,1428580,568859,876382,3556,1898967,71098771,62928279,88384880,13167121,3836245,79054004,92221125,67211495,155596375,1984754,227821506,595693304,1030143635,2037668,112272539,200624554,10706640,58547041,384188443,,,,,,,,,,,,,,,,,,,,,
1995,C,Rev.2,32202,5,subclase_5_digitos,Prendas de cuero.,2221376,,,143556,,375293,374701,893551,213483626,653196,33599122,1457767,3717,,1214394,125378,,114279,,351870,-17609845,-18263041,28435083,545657,126743,28016170,28561826,-18917118,9517965,955403,49631732,67189190,280672815,,298014,3100286,,8345626,11743925,,,,,,,,,,,,,,,,,,,,,
1995,C,Rev.2,32203,5,subclase_5_digitos,,1370808,,13486,2053,,54399,61683,131621,59102719,,38721580,706527,,,318040,494598,,-106112,,662687,11572215,11572215,13013045,1994408,,11018638,13013045,10730329,23743374,179199,36082730,87747333,146850052,398302,52476144,37592667,4510425,15860753,110838292,,,,,,,,,,,,,,,,,,,,,
1995,C,Rev.2,323,3,grupo_3_digitos,"CUERO Y PIELES,EXCEP.CALZADO",24085835,,1542159,1146721,8048023,990522,1477064,13204489,1192529807,50909312,335477152,37712394,4406729,309945,25791495,4311524,1568247,1324454,,1419539,-78147670,-129056981,135047141,59400509,1672957,77319589,136720098,-82015853,53031288,2448644,195597550,426103556,1618633362,,22249487,53667025,115155159,2641518,193713190,,,,,,,,,,,,,,,,,,,,,
1995,C,Rev.2,3231,4,clase_4_digitos,CURTIEMBRES Y TALLERES DE ACABADO,21526679,,1516824,1146721,8048023,983606,1341953,13037127,1102702470,48770013,333827765,37411455,4406729,309945,25559501,4293284,1517542,1324454,,1270639,-72437554,-121207567,125471604,58298268,1666976,68840312,127138580,-76068634,49402971,2360441,176319271,410466148,1513168618,,7919959,45406979,115155159,2641518,171123616,,,,,,,,,,,,,,,,,,,,,
1995,C,Rev.2,32310,5,subclase_5_digitos,Curtiembres y talleres de acabado.,21526679,,1516824,1146721,8048023,983606,1341953,13037127,1102702470,48770013,333827765,37411455,4406729,309945,25559501,4293284,1517542,1324454,,1270639,-72437554,-121207567,125471604,58298268,1666976,68840312,127138580,-76068634,49402971,2360441,176319271,410466148,1513168618,,7919959,45406979,115155159,2641518,171123616,,,,,,,,,,,,,,,,,,,,,
1995,C,Rev.2,3233,4,clase_4_digitos,"ART.CUERO (MARROQUINERIA,ETC.)",2559156,,25335,,,6916,135111,167362,89827337,2139299,1649387,300939,,,231993,18240,50705,,,148900,-5710116,-7849415,9575537,1102241,5981,8479277,9581518,-5947220,3628317,88203,19278279,15637407,105464744,,14329528,8260046,,,22589574,,,,,,,,,,,,,,,,,,,,,
1995,C,Rev.2,32330,5,subclase_5_digitos,Art.cuero (marroquinería),2559156,,25335,,,6916,135111,167362,89827337,2139299,1649387,300939,,,231993,18240,50705,,,148900,-5710116,-7849415,9575537,1102241,5981,8479277,9581518,-5947220,3628317,88203,19278279,15637407,105464744,,14329528,8260046,,,22589574,,,,,,,,,,,,,,,,,,,,,
1995,C,Rev.2,324,3,grupo_3_digitos,CALZADO EXCEPTO.CAUCHO Y PLASTIC,5874273,,,52555,,882809,276141,1211504,272498921,2095354,-14370281,1432760,163977,52095,1275837,-748020,-391044,1079915,,494195,1140946,-954408,57091612,2753871,,54337742,57091612,-288543,56803070,935293,64871524,55421107,327920028,,171789085,42077716,30719438,683741,245269980,,,,,,,,,,,,,,,,,,,,,
1995,C,Rev.2,3240,4,clase_4_digitos,CALZADO EXCEPTO.CAUCHO Y PLASTICO,5874273,,,52555,,882809,276141,1211504,272498921,2095354,-14370281,1432760,163977,52095,1275837,-748020,-391044,1079915,,494195,1140946,-954408,57091612,2753871,,54337742,57091612,-288543,56803070,935293,64871524,55421107,327920028,,171789085,42077716,30719438,683741,245269980,,,,,,,,,,,,,,,,,,,,,
1995,C,Rev.2,32400,5,subclase_5_digitos,"Calzado,excepto caucho y plástico",5874273,,,52555,,882809,276141,1211504,272498921,2095354,-14370281,1432760,163977,52095,1275837,-748020,-391044,1079915,,494195,1140946,-954408,57091612,2753871,,54337742,57091612,-288543,56803070,935293,64871524,55421107,327920028,,171789085,42077716,30719438,683741,245269980,,,,,,,,,,,,,,,,,,,,,
1995,C,Rev.2,33,2,division_2_digitos,INDUSTRIA DE LA MADERA,5080497,,,2635222,,1994914,613843,5243978,216257993,28730,57384106,1095370,961651,728948,-248751,297881,198291,-842651,87083,835121,42789271,42760541,43979637,14357698,396499,30018438,44376136,39607856,83587492,2259211,103689771,208914915,425172908,1345898,100664308,85443682,115418332,43592732,346464951,,,,,,,,,,,,,,,,,,,,,
1995,C,Rev.2,331,3,grupo_3_digitos,INDUSTRIA MADERA (EXCEP.MUEBLES),3640800,,,2135646,,653788,582956,3372390,91918297,28730,17250284,1804762,961651,79834,240079,36297,181614,305286,87083,390785,15017842,14989112,14191195,93532,7994,14105657,14199188,13581386,27772581,958588,51572538,87452734,179371031,107654,31341441,27841782,90120940,13444642,162856459,,,,,,,,,,,,,,,,,,,,,
1995,C,Rev.2,3311,4,clase_4_digitos,"ASERRADEROS,OBRA BLANCA,PARQUET",2937946,,,2092055,,558476,522942,3173473,73504727,28730,14130295,698398,,5151,240079,36297,114836,302034,48159,314979,12014013,11985283,10568008,64862,4850,10507996,10572858,10919713,21487721,731161,41686285,70739808,144244535,,19060285,27626475,69867721,12253010,128807491,,,,,,,,,,,,,,,,,,,,,
1995,C,Rev.2,33110,5,subclase_5_digitos,"Aserraderos,obra blanca y parquet",2937946,,,2092055,,558476,522942,3173473,73504727,28730,14130295,698398,,5151,240079,36297,114836,302034,48159,314979,12014013,11985283,10568008,64862,4850,10507996,10572858,10919713,21487721,731161,41686285,70739808,144244535,,19060285,27626475,69867721,12253010,128807491,,,,,,,,,,,,,,,,,,,,,
1995,C,Rev.2,3312,4,clase_4_digitos,ENVASES MADERA Y ARTICULOS DE CANA,566467,,,36973,,63191,35009,135173,11963252,,2046706,1106364,961651,74683,,,66778,3252,,27938,1246196,1246196,2423503,28670,3144,2397977,2426647,1088919,3512422,129339,3849846,7709215,19672467,,,,20145565,922498,21068063,,,,,,,,,,,,,,,,,,,,,
1995,C,Rev.2,33120,5,subclase_5_digitos,Envases de madera y art.de caña,566467,,,36973,,63191,35009,135173,11963252,,2046706,1106364,961651,74683,,,66778,3252,,27938,1246196,1246196,2423503,28670,3144,2397977,2426647,1088919,3512422,129339,3849846,7709215,19672467,,,,20145565,922498,21068063,,,,,,,,,,,,,,,,,,,,,
1995,C,Rev.2,3319,4,clase_4_digitos,PROD.MADERA N.E.P. Y CORCHO,136387,,,6619,,32121,25005,63745,6450318,,1073283,,,,,,,,38924,47867,1757633,1757633,1199683,,,1199683,1199683,1572754,2772437,98088,6036407,9003710,15454028,107654,12281156,215307,107654,269134,12980905,,,,,,,,,,,,,,,,,,,,,
1995,C,Rev.2,33191,5,subclase_5_digitos,,136387,,,6619,,32121,25005,63745,6450318,,1073283,,,,,,,,38924,47867,1757633,1757633,1199683,,,1199683,1199683,1572754,2772437,98088,6036407,9003710,15454028,107654,12281156,215307,107654,269134,12980905,,,,,,,,,,,,,,,,,,,,,
1995,C,Rev.2,332,3,grupo_3_digitos,MUEBLES Y ACCESORIOS.,1439697,,,499575,,1341125,30887,1871587,124339696,,40133823,-709391,,649115,-488830,261584,16677,-1147937,,444336,27771429,27771429,29788442,14264166,388505,15912781,30176947,26026470,55814912,1300623,52117233,121462181,245801877,1238244,69322867,57601900,25297392,30148090,183608492,,,,,,,,,,,,,,,,,,,,,
1995,C,Rev.2,3320,4,clase_4_digitos,MUEBLES Y ACCESORIOS.,1439697,,,499575,,1341125,30887,1871587,124339696,,40133823,-709391,,649115,-488830,261584,16677,-1147937,,444336,27771429,27771429,29788442,14264166,388505,15912781,30176947,26026470,55814912,1300623,52117233,121462181,245801877,1238244,69322867,57601900,25297392,30148090,183608492,,,,,,,,,,,,,,,,,,,,,
1995,C,Rev.2,33201,5,subclase_5_digitos,,1439697,,,499575,,1341125,30887,1871587,124339696,,40133823,-709391,,649115,-488830,261584,16677,-1147937,,444336,27771429,27771429,29788442,14264166,388505,15912781,30176947,26026470,55814912,1300623,52117233,121462181,245801877,1238244,69322867,57601900,25297392,30148090,183608492,,,,,,,,,,,,,,,,,,,,,
1995,C,Rev.2,34,2,division_2_digitos,PAPEL Y PROD.PAPEL;IMPRENTA Y EDIT,85508443,31580,7070198,1389806,7957716,2764017,1204357,20417673,1226798625,,643816191,264413530,14243364,136893,232628967,8617905,5062413,3723988,1769494,4633056,132764849,132764849,253913622,80883000,22589108,195619729,266336825,121338163,375251785,5024137,610898446,1472987930,2699786556,61288719,1177534734,176439997,559997798,117411700,2092672949,,,,,,,,,,,,,,,,,,,,,
1995,C,Rev.2,341,3,grupo_3_digitos,PAPEL Y PROD.DEL PAPEL,53968543,17645,7048691,533163,7934544,325965,439547,16299555,638077935,,199848223,207497462,-1058879,-362,203421909,1276614,2922329,935851,1769494,1728453,31045211,31045211,136034232,52640039,2207196,85601388,138241427,24450746,160484977,3096519,213673883,498535860,1136613795,13948086,390416634,50001606,280517554,3531501,738415380,,,,,,,,,,,,,,,,,,,,,
1995,C,Rev.2,3411,4,clase_4_digitos,"PULPA MADERA,PAPEL Y CARTON",47927803,17645,6199687,354313,7924825,159301,5167,14660938,270961482,,78541769,198332533,-2039890,,197492977,304866,2508992,65588,,858482,-5358530,-5358530,53840902,17999545,623187,36464544,54464089,-7058659,46782243,841647,106045587,227156629,498118111,,106124094,8170377,143290786,,257585257,,,,,,,,,,,,,,,,,,,,,
1995,C,Rev.2,34110,5,subclase_5_digitos,"Pulpa de madera, papel y cartón",47927803,17645,6199687,354313,7924825,159301,5167,14660938,270961482,,78541769,198332533,-2039890,,197492977,304866,2508992,65588,,858482,-5358530,-5358530,53840902,17999545,623187,36464544,54464089,-7058659,46782243,841647,106045587,227156629,498118111,,106124094,8170377,143290786,,257585257,,,,,,,,,,,,,,,,,,,,,
1995,C,Rev.2,3412,4,clase_4_digitos,ENVASES Y CAJAS PAPEL Y CARTON,4677142,,849004,175509,,155429,420150,1600092,233053899,,61198800,3248764,797077,,1660655,214325,322080,254627,24856,470957,11459742,11459742,45514949,17734547,153927,27934329,45668876,10556580,56071529,407349,55669932,133005616,366059515,13421928,154673576,4222944,122171120,3531501,298021069,,,,,,,,,,,,,,,,,,,,,
1995,C,Rev.2,34120,5,subclase_5_digitos,Envases y cajas de papel y cartón,4677142,,849004,175509,,155429,420150,1600092,233053899,,61198800,3248764,797077,,1660655,214325,322080,254627,24856,470957,11459742,11459742,45514949,17734547,153927,27934329,45668876,10556580,56071529,407349,55669932,133005616,366059515,13421928,154673576,4222944,122171120,3531501,298021069,,,,,,,,,,,,,,,,,,,,,
1995,C,Rev.2,3419,4,clase_4_digitos,ARTIC.PAPEL Y CARTON N.E.P.,1363598,,,3341,9719,11235,14230,38525,134062554,,60107654,5916165,183934,-362,4268277,757423,91257,615636,1744637,399015,24943999,24943999,36678381,16905947,1430082,21202515,38108462,20952824,57631205,1847523,51958363,138373615,272436170,526158,129618964,37608285,15055648,,182809054,,,,,,,,,,,,,,,,,,,,,
1995,C,Rev.2,34190,5,subclase_5_digitos,Artículos de papel y cartón n.e.p,1363598,,,3341,9719,11235,14230,38525,134062554,,60107654,5916165,183934,-362,4268277,757423,91257,615636,1744637,399015,24943999,24943999,36678381,16905947,1430082,21202515,38108462,20952824,57631205,1847523,51958363,138373615,272436170,526158,129618964,37608285,15055648,,182809054,,,,,,,,,,,,,,,,,,,,,
1995,C,Rev.2,342,3,grupo_3_digitos,"IMPRENTAS,EDITORIALES IND.CONEXAS",31539900,13935,21507,856643,23171,2438052,764810,4118118,588720690,,443967969,56916068,15302243,137256,29207058,7341291,2140083,2788137,,2904603,101719638,101719638,117879390,28242961,20381912,110018341,128095398,96887418,214766808,1927618,397224564,974452070,1563172760,47340633,787118100,126438391,279480245,113880200,1354257569,,,,,,,,,,,,,,,,,,,,,
1995,C,Rev.2,3420,4,clase_4_digitos,"IMPRENTAS,EDITORIALES IND.CONEXAS",31539900,13935,21507,856643,23171,2438052,764810,4118118,588720690,,443967969,56916068,15302243,137256,29207058,7341291,2140083,2788137,,2904603,101719638,101719638,117879390,28242961,20381912,110018341,128095398,96887418,214766808,1927618,397224564,974452070,1563172760,47340633,787118100,126438391,279480245,113880200,1354257569,,,,,,,,,,,,,,,,,,,,,
1995,C,Rev.2,34201,5,subclase_5_digitos,,14215260,,,503724,,233225,242434,979383,283205189,,245581703,18204414,3260507,18427,6817859,4980597,1969014,1158011,,1418997,47928242,47928242,41183018,14877885,9528965,35834098,50711983,45737232,86920250,772013,188811323,496536528,779741718,10401183,491197486,1870708,73857432,77926737,655253546,,,,,,,,,,,,,,,,,,,,,
1995,C,Rev.2,34202,5,subclase_5_digitos,,17324639,13935,21507,352918,23171,2204826,522377,3138735,305515501,,198386265,38711654,12041736,118829,22389199,2360694,171069,1630127,,1485605,53791396,53791396,76696372,13365076,10852948,74184243,77383415,51150186,127846558,1155605,208413241,477915541,783431042,36939450,295920614,124567683,205622813,35953462,699004023,,,,,,,,,,,,,,,,,,,,,
1995,C,Rev.2,35,2,division_2_digitos,PRODUCTOS QUIMICOS.,228262514,2862863,56547245,4860062,2143697,3909509,5679061,76002437,4368666949,4952087,2375817450,1000939153,52122328,1397960,855151468,16962276,55784537,19520583,1716147536,10919212,2081390317,2076438231,615534721,267040213,55017821,403512329,670552542,339696056,955230776,14627514,1300260782,5980778976,10349445925,637350622,3614056752,926251932,1559561193,225948537,6963169035,,,,,,,,,,,,,,,,,,,,,
1995,C,Rev.2,351,3,grupo_3_digitos,SUSTANCIAS QUIMICAS.,19587923,21554,1465582,1073568,1185294,1031600,617476,5395074,504174030,2750291,213380317,32624553,7100239,144733,18869115,1544486,2255637,2710343,79147,1730786,24059379,21309088,54603309,23714821,4786216,35674703,59389525,21262522,75865831,986924,169563536,423840863,928014893,30503069,125856615,22609826,332024204,5135449,516129163,,,,,,,,,,,,,,,,,,,,,
1995,C,Rev.2,3511,4,clase_4_digitos,SUSTANCIAS QUIM.INDUSTR.BASICAS,15500431,,1138236,600394,,911922,481137,3131689,199117905,390411,103158032,28440968,6724493,142927,15539608,1373933,2005637,2654370,62260,730812,26837622,26447211,33230607,9736113,478,23494972,33231085,25256030,58486637,788519,91282667,236388340,435506246,30503069,96565042,13088395,158020875,3319303,301496685,,,,,,,,,,,,,,,,,,,,,
1995,C,Rev.2,35110,5,subclase_5_digitos,Sustancias químicas ind.básicas,15500431,,1138236,600394,,911922,481137,3131689,199117905,390411,103158032,28440968,6724493,142927,15539608,1373933,2005637,2654370,62260,730812,26837622,26447211,33230607,9736113,478,23494972,33231085,25256030,58486637,788519,91282667,236388340,435506246,30503069,96565042,13088395,158020875,3319303,301496685,,,,,,,,,,,,,,,,,,,,,
1995,C,Rev.2,3512,4,clase_4_digitos,ABONOS Y PLAGUICIDAS,2109295,21554,,430168,803959,81493,109598,1446771,205273642,1419916,59143633,2787932,252146,,2386873,92940,,55972,,392324,1369377,-50539,5473461,2402559,3574862,6645763,9048323,810261,6283722,166792,50831151,112033540,317307182,,7779928,8939147,147545601,525832,164790509,,,,,,,,,,,,,,,,,,,,,
1995,C,Rev.2,35120,5,subclase_5_digitos,Abonos y plaguicidas,2109295,21554,,430168,803959,81493,109598,1446771,205273642,1419916,59143633,2787932,252146,,2386873,92940,,55972,,392324,1369377,-50539,5473461,2402559,3574862,6645763,9048323,810261,6283722,166792,50831151,112033540,317307182,,7779928,8939147,147545601,525832,164790509,,,,,,,,,,,,,,,,,,,,,
1995,C,Rev.2,3513,4,clase_4_digitos,RESINAS SINTETICAS Y FIBRAS ARTIF.,1978196,,327346,43006,381335,38185,26742,816614,99782483,939964,51078652,1395653,123600,1806,942634,77613,250000,,16887,607649,-4147621,-5087585,15899241,11576149,1210876,5533968,17110117,-4803770,11095471,31614,27449719,75418982,175201465,,21511645,582283,26457728,1290314,49841970,,,,,,,,,,,,,,,,,,,,,
1995,C,Rev.2,35130,5,subclase_5_digitos,Resinas sintéticas y fibras artif.,1978196,,327346,43006,381335,38185,26742,816614,99782483,939964,51078652,1395653,123600,1806,942634,77613,250000,,16887,607649,-4147621,-5087585,15899241,11576149,1210876,5533968,17110117,-4803770,11095471,31614,27449719,75418982,175201465,,21511645,582283,26457728,1290314,49841970,,,,,,,,,,,,,,,,,,,,,
1995,C,Rev.2,352,3,grupo_3_digitos,OTROS PRODUCTOS QUIMICOS,49964060,251614,4868560,1410289,913061,970858,2397503,10811886,1572500434,1927777,1102306708,133963163,27819684,1078085,45710189,11950834,39930400,7473972,11643818,5136424,154141540,152213762,374797516,135922260,2217344,241092600,377014860,132101802,506899318,5259495,631783796,1936268326,3508768760,201613405,899638302,750942147,493410534,75330486,2420934874,,,,,,,,,,,,,,,,,,,,,
1995,C,Rev.2,3521,4,clase_4_digitos,"PINTURAS,BARNICES,LACAS",14018378,93249,334292,636126,,44859,270019,1378545,249967267,1413030,123813012,23276154,8676323,887299,8902932,4206784,48778,554037,64791,614698,20125498,18712468,61425590,19932878,9531,41502243,61435121,18808370,80233960,637639,76119100,232662957,482630224,2364413,119138254,252658054,18358649,28226251,420745621,,,,,,,,,,,,,,,,,,,,,
1995,C,Rev.2,35210,5,subclase_5_digitos,"Pinturas, barnices y lacas.",14018378,93249,334292,636126,,44859,270019,1378545,249967267,1413030,123813012,23276154,8676323,887299,8902932,4206784,48778,554037,64791,614698,20125498,18712468,61425590,19932878,9531,41502243,61435121,18808370,80233960,637639,76119100,232662957,482630224,2364413,119138254,252658054,18358649,28226251,420745621,,,,,,,,,,,,,,,,,,,,,
1995,C,Rev.2,3522,4,clase_4_digitos,PROD.FARMACEUTICOS Y MEDICAMENTOS,22587620,158365,538173,63367,,108977,951096,1819977,705209808,76557,745830909,76199924,8057542,182507,21670732,4996636,37518912,3773595,1431188,3090762,83447149,83370592,160144136,80768622,1984728,81360242,162128864,75119137,235263273,3806062,393357477,1245146598,1950356405,198118213,352121721,175321061,396410567,3034773,1125006335,,,,,,,,,,,,,,,,,,,,,
1995,C,Rev.2,35220,5,subclase_5_digitos,Prod farmacéuticos y medicamentos,22587620,158365,538173,63367,,108977,951096,1819977,705209808,76557,745830909,76199924,8057542,182507,21670732,4996636,37518912,3773595,1431188,3090762,83447149,83370592,160144136,80768622,1984728,81360242,162128864,75119137,235263273,3806062,393357477,1245146598,1950356405,198118213,352121721,175321061,396410567,3034773,1125006335,,,,,,,,,,,,,,,,,,,,,
1995,C,Rev.2,3523,4,clase_4_digitos,ARTICULOS.DE LIMPIEZA Y TOCADOR.,11484138,,3971174,593604,834080,584332,1055759,7038949,551047627,438190,185731751,32107954,11085819,8278,14091498,1900201,2044433,2977725,10147839,1233044,39597470,39159280,139260495,30610432,40732,108690795,139301227,27667085,166927580,549503,137889777,374264946,925312573,1130779,390729291,284787513,24713305,40890772,742251661,,,,,,,,,,,,,,,,,,,,,
1995,C,Rev.2,35231,5,subclase_5_digitos,,6906090,,3898215,50389,829440,72407,910178,5760628,237539178,438190,95846812,10807047,11535,2247,5727647,438671,1676780,2950168,24158,453223,-4550443,-4988633,48253168,6600449,40732,41693450,48293900,-5265217,42987951,237393,61529356,159293625,396832803,465834,181000591,126634022,23383415,1536885,333020747,,,,,,,,,,,,,,,,,,,,,
1995,C,Rev.2,35232,5,subclase_5_digitos,,4578048,,72959,543215,4640,511925,145581,1278321,313508449,,89884938,21300907,11074284,6031,8363852,1461530,367653,27557,10123681,779821,44147914,44147914,91007327,24009983,,66997345,91007327,32932302,123939630,312109,76360421,214971321,528479770,664945,209728700,158153491,1329890,39353887,409230914,,,,,,,,,,,,,,,,,,,,,
1995,C,Rev.2,3529,4,clase_4_digitos,PRODUCTOS QUIMICOS N.E.P,1873924,,24921,117192,78981,232690,120630,574415,66275733,,46931037,2379131,,,1045027,847212,318277,168615,,197921,10971422,10971422,13967295,4610328,182353,9539320,14149648,10507209,24474505,266292,24417442,84193825,150469558,,37649036,38175519,53928012,3178690,132931257,,,,,,,,,,,,,,,,,,,,,
1995,C,Rev.2,35290,5,subclase_5_digitos,Productos químicos n.e.p.,1873924,,24921,117192,78981,232690,120630,574415,66275733,,46931037,2379131,,,1045027,847212,318277,168615,,197921,10971422,10971422,13967295,4610328,182353,9539320,14149648,10507209,24474505,266292,24417442,84193825,150469558,,37649036,38175519,53928012,3178690,132931257,,,,,,,,,,,,,,,,,,,,,
1995,C,Rev.2,353,3,grupo_3_digitos,REFINERIAS DE PETROLEO,103469877,2270973,43741895,962661,,30973,1354136,48360638,1380976474,,843523271,770049938,14558448,,753173612,1439497,479588,398793,1704424571,862049,1749647511,1749647511,34401843,34300565,35499628,35600906,69901471,42976751,77378594,1384140,122911867,2819552526,4200529000,374384640,2139340800,,160450560,,2674176000,,,,,,,,,,,,,,,,,,,,,
1995,C,Rev.2,3530,4,clase_4_digitos,REFINERIAS DE PETROLEO,103469877,2270973,43741895,962661,,30973,1354136,48360638,1380976474,,843523271,770049938,14558448,,753173612,1439497,479588,398793,1704424571,862049,1749647511,1749647511,34401843,34300565,35499628,35600906,69901471,42976751,77378594,1384140,122911867,2819552526,4200529000,374384640,2139340800,,160450560,,2674176000,,,,,,,,,,,,,,,,,,,,,
1995,C,Rev.2,35300,5,subclase_5_digitos,Refinerías de petroleo.,103469877,2270973,43741895,962661,,30973,1354136,48360638,1380976474,,843523271,770049938,14558448,,753173612,1439497,479588,398793,1704424571,862049,1749647511,1749647511,34401843,34300565,35499628,35600906,69901471,42976751,77378594,1384140,122911867,2819552526,4200529000,374384640,2139340800,,160450560,,2674176000,,,,,,,,,,,,,,,,,,,,,
1995,C,Rev.2,354,3,grupo_3_digitos,PROD.DERIVADOS PETROLEO Y CARBON,187941,,,,31927,,118182,150109,20456663,,2784006,802728,,,,188453,,614275,,37066,1494619,1494619,5974205,1985857,,3988348,5974205,1398750,7372955,58803,4873271,9339837,29796499,,14223271,8296908,,1185273,23705452,,,,,,,,,,,,,,,,,,,,,
1995,C,Rev.2,3540,4,clase_4_digitos,PROD.DERIVADOS PETROLEO Y CARBON,187941,,,,31927,,118182,150109,20456663,,2784006,802728,,,,188453,,614275,,37066,1494619,1494619,5974205,1985857,,3988348,5974205,1398750,7372955,58803,4873271,9339837,29796499,,14223271,8296908,,1185273,23705452,,,,,,,,,,,,,,,,,,,,,
1995,C,Rev.2,35400,5,subclase_5_digitos,Prod.derivados petroleo y carbón,187941,,,,31927,,118182,150109,20456663,,2784006,802728,,,,188453,,614275,,37066,1494619,1494619,5974205,1985857,,3988348,5974205,1398750,7372955,58803,4873271,9339837,29796499,,14223271,8296908,,1185273,23705452,,,,,,,,,,,,,,,,,,,,,
1995,C,Rev.2,355,3,grupo_3_digitos,PRODUCTOS DEL CAUCHO,20207685,318722,6229713,988392,13415,792161,276408,8618810,196720350,,28456200,7186877,,22119,4860906,217099,154122,1932631,,802171,29173225,29173225,36771185,20751892,1060319,17079613,37831504,24656060,61427246,3714994,101229328,179066439,375786789,22704659,134606355,25161266,49805265,20034265,252311809,,,,,,,,,,,,,,,,,,,,,
1995,C,Rev.2,3551,4,clase_4_digitos,CAMARAS Y NEUMATICOS,17534155,318722,5295592,840124,,396932,79970,6931338,164146886,,20150984,6526859,,,4508105,133304,19309,1866141,,575799,20084262,20084262,28845230,18214744,954927,11585413,29800157,16204607,45049837,3303857,72093600,129863002,294009889,21289655,102791929,8465218,30271743,14961843,177780388,,,,,,,,,,,,,,,,,,,,,
1995,C,Rev.2,35510,5,subclase_5_digitos,"Cámaras, protectores y neumáticos",17534155,318722,5295592,840124,,396932,79970,6931338,164146886,,20150984,6526859,,,4508105,133304,19309,1866141,,575799,20084262,20084262,28845230,18214744,954927,11585413,29800157,16204607,45049837,3303857,72093600,129863002,294009889,21289655,102791929,8465218,30271743,14961843,177780388,,,,,,,,,,,,,,,,,,,,,
1995,C,Rev.2,3559,4,clase_4_digitos,PRODUCTOS DEL CAUCHO N.E.P.,2673530,,934121,148268,13415,395229,196439,1687472,32573463,,8305216,660018,,22119,352801,83796,134813,66490,,226373,9088963,9088963,7925955,2537147,105392,5494200,8031347,8451454,16377409,411137,29135728,49203437,81776900,1415004,31814426,16696048,19533521,5072421,74531421,,,,,,,,,,,,,,,,,,,,,
1995,C,Rev.2,35590,5,subclase_5_digitos,Productos del caucho n.e.p.,2673530,,934121,148268,13415,395229,196439,1687472,32573463,,8305216,660018,,22119,352801,83796,134813,66490,,226373,9088963,9088963,7925955,2537147,105392,5494200,8031347,8451454,16377409,411137,29135728,49203437,81776900,1415004,31814426,16696048,19533521,5072421,74531421,,,,,,,,,,,,,,,,,,,,,
1995,C,Rev.2,356,3,grupo_3_digitos,PRODUCTOS DEL PLASTICOS N.E.P.,34845028,,241495,425152,,1083917,915355,2665919,693838998,274018,185366948,56311893,2643956,153024,32537646,1621907,12964790,6390570,,2350715,122874043,122600025,108986662,50364818,11454315,70076159,120440977,117300171,226286833,3223158,269898984,612710985,1306549983,8144848,300391408,119241785,523870631,124263064,1075911737,,,,,,,,,,,,,,,,,,,,,
1995,C,Rev.2,3560,4,clase_4_digitos,PRODUCTOS DEL PLASTICO N.E.P.,34845028,,241495,425152,,1083917,915355,2665919,693838998,274018,185366948,56311893,2643956,153024,32537646,1621907,12964790,6390570,,2350715,122874043,122600025,108986662,50364818,11454315,70076159,120440977,117300171,226286833,3223158,269898984,612710985,1306549983,8144848,300391408,119241785,523870631,124263064,1075911737,,,,,,,,,,,,,,,,,,,,,
1995,C,Rev.2,35600,5,subclase_5_digitos,Productos plásticos n.e.p.,34845028,,241495,425152,,1083917,915355,2665919,693838998,274018,185366948,56311893,2643956,153024,32537646,1621907,12964790,6390570,,2350715,122874043,122600025,108986662,50364818,11454315,70076159,120440977,117300171,226286833,3223158,269898984,612710985,1306549983,8144848,300391408,119241785,523870631,124263064,1075911737,,,,,,,,,,,,,,,,,,,,,
1995,C,Rev.2,36,2,division_2_digitos,PRODUCTOS MINERALES NO METALICOS,40191691,363895,53667792,5761033,26692422,1392610,7970333,95848085,639931999,2712155,298348654,8875223,2929748,-4623588,12631383,-766489,-4211888,2916057,,3016127,104299897,101587742,134489850,23600996,169534,111058388,134659384,96698495,231188345,4585276,373948073,814076160,1454008160,96777153,336783528,493962291,160347942,102129164,1190000078,,,,,,,,,,,,,,,,,,,,,
1995,C,Rev.2,361,3,grupo_3_digitos,"OBJETOS BARRO,LOZA Y PORCELANA",13906212,,4567848,625522,17986893,2977,1049205,24232445,118700168,27262,37329384,3986648,-168743,2958,3781655,414971,33709,-77902,,822854,14890599,14863337,28679665,4360560,,24319105,28679665,13601292,42280957,466453,100997977,167096910,285797078,,7933241,116779712,,50895882,175608835,,,,,,,,,,,,,,,,,,,,,
1995,C,Rev.2,3610,4,clase_4_digitos,"OBJETOS BARRO,LOZA Y PORCELANA",13906212,,4567848,625522,17986893,2977,1049205,24232445,118700168,27262,37329384,3986648,-168743,2958,3781655,414971,33709,-77902,,822854,14890599,14863337,28679665,4360560,,24319105,28679665,13601292,42280957,466453,100997977,167096910,285797078,,7933241,116779712,,50895882,175608835,,,,,,,,,,,,,,,,,,,,,
1995,C,Rev.2,36100,5,subclase_5_digitos,"Objetos de barro,loza y porcelana",13906212,,4567848,625522,17986893,2977,1049205,24232445,118700168,27262,37329384,3986648,-168743,2958,3781655,414971,33709,-77902,,822854,14890599,14863337,28679665,4360560,,24319105,28679665,13601292,42280957,466453,100997977,167096910,285797078,,7933241,116779712,,50895882,175608835,,,,,,,,,,,,,,,,,,,,,
1995,C,Rev.2,362,3,grupo_3_digitos,VIDRIO Y PRODUCTOS DEL VIDRIO,5732434,318112,3477049,285773,67421,8498,952311,5109164,69509827,2684893,27760724,3966994,,,2783796,16026,935292,231880,,474844,8692468,6007575,16395349,3617012,,12778336,16395349,7761471,24156820,456153,51844490,91345222,160855050,1009412,29343613,2333712,74355632,1750283,108792652,,,,,,,,,,,,,,,,,,,,,
1995,C,Rev.2,3620,4,clase_4_digitos,VIDRIO Y PRODUCTOS DEL VIDRIO,5732434,318112,3477049,285773,67421,8498,952311,5109164,69509827,2684893,27760724,3966994,,,2783796,16026,935292,231880,,474844,8692468,6007575,16395349,3617012,,12778336,16395349,7761471,24156820,456153,51844490,91345222,160855050,1009412,29343613,2333712,74355632,1750283,108792652,,,,,,,,,,,,,,,,,,,,,
1995,C,Rev.2,36200,5,subclase_5_digitos,Vidrio y productos del vidrio.,5732434,318112,3477049,285773,67421,8498,952311,5109164,69509827,2684893,27760724,3966994,,,2783796,16026,935292,231880,,474844,8692468,6007575,16395349,3617012,,12778336,16395349,7761471,24156820,456153,51844490,91345222,160855050,1009412,29343613,2333712,74355632,1750283,108792652,,,,,,,,,,,,,,,,,,,,,
1995,C,Rev.2,369,3,grupo_3_digitos,OTROS PROD.MINERALES NO METALICOS.,20553045,45783,45622895,4849738,8638108,1381135,5968817,66506475,451722004,,233258546,921581,3098491,-4626546,6065932,-1197486,-5180889,2762079,,1718428,80716830,80716830,89414836,15623423,169534,73960947,89584370,75335731,164750567,3662670,221105607,555634028,1007356032,95767741,299506673,374848867,85992310,49482999,905598591,,,,,,,,,,,,,,,,,,,,,
1995,C,Rev.2,3691,4,clase_4_digitos,PROD.ARCILLA PARA CONSTRUCCION,6426494,,1035552,1267749,1002596,132662,2884211,6322771,20907160,,3571366,949172,,,242164,46823,,660185,,358513,8650633,8650633,4316003,,,4316003,4316003,7752856,12068859,539264,44871762,63520254,84427415,,34364083,2183049,11089535,19539231,67175897,,,,,,,,,,,,,,,,,,,,,
1995,C,Rev.2,36910,5,subclase_5_digitos,Prod.arcilla para la construcción.,6426494,,1035552,1267749,1002596,132662,2884211,6322771,20907160,,3571366,949172,,,242164,46823,,660185,,358513,8650633,8650633,4316003,,,4316003,4316003,7752856,12068859,539264,44871762,63520254,84427415,,34364083,2183049,11089535,19539231,67175897,,,,,,,,,,,,,,,,,,,,,
1995,C,Rev.2,3692,4,clase_4_digitos,"CEMENTO, CAL Y YESO.",2399688,45783,43781916,1319451,7542465,2369,1940677,54632661,268138925,,195561428,-5908737,908396,-4667774,5121713,-1481972,-6578939,789838,,374439,54271159,54271159,49105430,11407397,24806,37722839,49130236,52695562,101800992,1201159,99940745,352173020,620311945,39955636,245962635,249617996,10640073,2173889,548350230,,,,,,,,,,,,,,,,,,,,,
1995,C,Rev.2,36920,5,subclase_5_digitos,"Cemento, cal y yeso.",2399688,45783,43781916,1319451,7542465,2369,1940677,54632661,268138925,,195561428,-5908737,908396,-4667774,5121713,-1481972,-6578939,789838,,374439,54271159,54271159,49105430,11407397,24806,37722839,49130236,52695562,101800992,1201159,99940745,352173020,620311945,39955636,245962635,249617996,10640073,2173889,548350230,,,,,,,,,,,,,,,,,,,,,
1995,C,Rev.2,3699,4,clase_4_digitos,PROD.MINERALES NO METALICOS N.E.P.,11726863,,805427,2262538,93047,1246104,1143928,5551043,162675919,,34125753,5881147,2190095,41228,702055,237663,1398050,1312056,,985476,17795037,17795037,35993403,4216026,144729,31922105,36138131,14887314,50880716,1922247,76293100,139940753,302616672,55812105,19179955,123047822,64262702,27769879,290072464,,,,,,,,,,,,,,,,,,,,,
1995,C,Rev.2,36991,5,subclase_5_digitos,,9364361,,805427,1525490,93047,642141,448190,3514296,106969015,,19278407,5638726,2190095,21338,702055,15132,1398050,1312056,,471366,11972504,11972504,24360320,4095776,144729,20409272,24505048,9983936,34344255,1517202,54383034,94998306,201967321,55599907,16404478,51371436,58399436,9833968,191609225,,,,,,,,,,,,,,,,,,,,,
1995,C,Rev.2,36992,5,subclase_5_digitos,,2362503,,,737047,,603962,695738,2036747,55706903,,14847346,242421,,19890,,222531,,,,514110,5822534,5822534,11633083,120251,,11512832,11633083,4903378,16536461,405045,21910066,44942447,100649351,212198,2775477,71676386,5863266,17935911,98463239,,,,,,,,,,,,,,,,,,,,,
1995,C,Rev.2,37,2,division_2_digitos,INDUSTRIAS METALICAS BASICAS,22457420,511261,3080514,575241,381401,553697,4465356,9567470,416575252,,209066047,92700519,22489221,15951,66823523,1486636,526215,1358973,31834,1686710,30686711,30686711,83796636,40381589,142292,43557339,83938928,25969496,109766133,2998671,97482866,359693044,776268296,38986,144513632,71999001,212813230,5799344,435164194,,,,,,,,,,,,,,,,,,,,,
1995,C,Rev.2,371,3,grupo_3_digitos,IND.BASICAS DE HIERRO Y ACERO,19772025,440713,2375974,452682,381401,515017,4321399,8487186,321996890,,170578281,95343163,22489221,2352,69571459,1486636,478288,1315207,,568693,27020409,27020409,56602735,27595494,141823,29149064,56744558,23595496,80198231,2856220,71493429,288864144,610861034,14357,143441981,12894470,168402328,777503,325530638,,,,,,,,,,,,,,,,,,,,,
1995,C,Rev.2,3710,4,clase_4_digitos,IND.BASICAS DE HIERRO Y ACERO,19772025,440713,2375974,452682,381401,515017,4321399,8487186,321996890,,170578281,95343163,22489221,2352,69571459,1486636,478288,1315207,,568693,27020409,27020409,56602735,27595494,141823,29149064,56744558,23595496,80198231,2856220,71493429,288864144,610861034,14357,143441981,12894470,168402328,777503,325530638,,,,,,,,,,,,,,,,,,,,,
1995,C,Rev.2,37100,5,subclase_5_digitos,Ind.básicas de hierro y acero,19772025,440713,2375974,452682,381401,515017,4321399,8487186,321996890,,170578281,95343163,22489221,2352,69571459,1486636,478288,1315207,,568693,27020409,27020409,56602735,27595494,141823,29149064,56744558,23595496,80198231,2856220,71493429,288864144,610861034,14357,143441981,12894470,168402328,777503,325530638,,,,,,,,,,,,,,,,,,,,,
1995,C,Rev.2,372,3,grupo_3_digitos,IND.BASICAS DE METALES NO FERROSOS,2685396,70548,704540,122559,,38680,143956,1080283,94578362,,38487766,-2642644,,13599,-2747937,,47927,43766,31834,1118018,3666302,3666302,27193901,12786095,469,14408275,27194370,2374000,29567901,142450,25989436,70828900,165407262,24629,1071651,59104532,44410903,5021841,109633555,,,,,,,,,,,,,,,,,,,,,
1995,C,Rev.2,3720,4,clase_4_digitos,IND.BASICAS DE METALES NO FERROSOS,2685396,70548,704540,122559,,38680,143956,1080283,94578362,,38487766,-2642644,,13599,-2747937,,47927,43766,31834,1118018,3666302,3666302,27193901,12786095,469,14408275,27194370,2374000,29567901,142450,25989436,70828900,165407262,24629,1071651,59104532,44410903,5021841,109633555,,,,,,,,,,,,,,,,,,,,,
1995,C,Rev.2,37200,5,subclase_5_digitos,Ind.básicas de metales no ferrosos,2685396,70548,704540,122559,,38680,143956,1080283,94578362,,38487766,-2642644,,13599,-2747937,,47927,43766,31834,1118018,3666302,3666302,27193901,12786095,469,14408275,27194370,2374000,29567901,142450,25989436,70828900,165407262,24629,1071651,59104532,44410903,5021841,109633555,,,,,,,,,,,,,,,,,,,,,
1995,C,Rev.2,38,2,division_2_digitos,"PROD.METAL.,MAQUINARIA Y EQUIPO",83904283,819787,3952853,4653232,704727,5941430,7496372,23568401,1639521863,2822228,672279298,104722593,25310585,7733860,51393277,5217208,6510860,8556802,79247700,8296249,322014860,319192632,463546902,196659885,3910334,270797351,467457236,221441292,684988194,13029619,906947707,1982323920,3621845783,114967265,714405067,500878199,758658008,212567313,2301475852,,,,,,,,,,,,,,,,,,,,,
1995,C,Rev.2,381,3,grupo_3_digitos,PROD.METAL.EXCEP.MAQUIN.Y EQUIPO,32852273,267116,3310152,1824695,464490,2754423,2877122,11497999,699404669,486078,205325059,44518122,20199132,399698,15373855,2314612,1368434,4862392,7574,4028397,98847290,98361211,190285265,55743790,1298685,135840160,191583950,88439011,278724276,6372308,394000444,730538987,1429943656,27355075,422998214,229126725,378188161,74122688,1131790864,,,,,,,,,,,,,,,,,,,,,
1995,C,Rev.2,3811,4,clase_4_digitos,"CUCHILLERIA,HERRAM.MANUAL,CERRAJ.",887243,10954,58124,127911,,175536,80502,453027,19292332,,6160782,307849,255928,,20444,31477,,,,192838,7870237,7870237,4291694,303871,,3987823,4291694,7504400,11796093,172999,23361258,38279520,57571852,,17411829,36675134,,,54086962,,,,,,,,,,,,,,,,,,,,,
1995,C,Rev.2,38110,5,subclase_5_digitos,"Cuchillería,herram.manuales,cerraj",887243,10954,58124,127911,,175536,80502,453027,19292332,,6160782,307849,255928,,20444,31477,,,,192838,7870237,7870237,4291694,303871,,3987823,4291694,7504400,11796093,172999,23361258,38279520,57571852,,17411829,36675134,,,54086962,,,,,,,,,,,,,,,,,,,,,
1995,C,Rev.2,3812,4,clase_4_digitos,MUEBLES.Y ACCES.PRINCIP.METALICOS,1697702,,,174768,,464741,192194,831703,31834785,,10392083,856410,-1663928,7625,465587,1169349,589026,288752,1983,221964,4463884,4463884,8842906,1266974,6737,7582669,8849643,3891852,12734758,348085,14003616,30557284,62392069,12338162,2208500,5276139,19913476,19625473,59361751,,,,,,,,,,,,,,,,,,,,,
1995,C,Rev.2,38120,5,subclase_5_digitos,Muebles y acces princip.metálicos,1697702,,,174768,,464741,192194,831703,31834785,,10392083,856410,-1663928,7625,465587,1169349,589026,288752,1983,221964,4463884,4463884,8842906,1266974,6737,7582669,8849643,3891852,12734758,348085,14003616,30557284,62392069,12338162,2208500,5276139,19913476,19625473,59361751,,,,,,,,,,,,,,,,,,,,,
1995,C,Rev.2,3813,4,clase_4_digitos,PROD.METAL.ESTRUC.(HERRERIA-OBRA),6099120,153475,73254,967030,321934,592569,187881,2296143,179901231,5595,42355808,4889978,2273136,79241,-299696,331056,91438,2414802,5591,949731,26448022,26442427,36019603,3575074,58778,32503307,36078381,23399577,59419180,2093124,87981481,162878836,342780067,5098362,51028177,45812380,153589337,34277396,289805651,,,,,,,,,,,,,,,,,,,,,
1995,C,Rev.2,38130,5,subclase_5_digitos,Prod.metálicos estruc(Herr.obra),6099120,153475,73254,967030,321934,592569,187881,2296143,179901231,5595,42355808,4889978,2273136,79241,-299696,331056,91438,2414802,5591,949731,26448022,26442427,36019603,3575074,58778,32503307,36078381,23399577,59419180,2093124,87981481,162878836,342780067,5098362,51028177,45812380,153589337,34277396,289805651,,,,,,,,,,,,,,,,,,,,,
1995,C,Rev.2,3819,4,clase_4_digitos,ARTICULOS METALICOS N.E.P.,24168209,102687,3178774,554986,142556,1521578,2416546,7917126,468376321,480484,146416386,38463884,19333995,312832,15187520,782730,687970,2158838,,2663863,60065147,59584663,141131063,50597871,1233169,91766361,142364232,53643183,194774246,3758100,268654088,498823347,967199668,9918551,352349709,141363072,204685349,20219819,728536500,,,,,,,,,,,,,,,,,,,,,
1995,C,Rev.2,38191,5,subclase_5_digitos,,5833344,,589556,,108587,563042,202685,1463870,125241991,188475,-14144625,9848738,3445509,,6381910,,21319,,,317254,1868024,1679550,37031464,23291871,602183,14341776,37633647,385923,37417387,1164847,41583258,34951526,160193517,2173884,114772118,1496576,12483061,2294751,133220391,,,,,,,,,,,,,,,,,,,,,
1995,C,Rev.2,38192,5,subclase_5_digitos,,14307817,102687,2534695,320812,12537,717182,1695970,5383883,234414637,292009,127296220,25905689,15888487,312832,8789318,578812,157615,178626,,1411252,28168457,27876448,61212501,12342845,621417,49491072,61833917,25719897,86932397,1037308,125321726,294802212,529216849,7227708,232787780,61204310,161056954,1886725,464163477,,,,,,,,,,,,,,,,,,,,,
1995,C,Rev.2,38193,5,subclase_5_digitos,,4027048,,54523,234174,21433,241354,517890,1069374,108719693,,33264791,2709457,,,16292,203917,509036,1980212,,935358,30028666,30028666,42887098,14963155,9570,27933514,42896668,27537363,70424462,1555945,101749104,169069609,277789302,516959,4789811,78662185,31145333,16038343,131152632,,,,,,,,,,,,,,,,,,,,,
1995,C,Rev.2,382,3,grupo_3_digitos,MAQUINARIA EXCEPTO ELECTRICA.,5933085,,39288,714408,,1250295,1095430,3099422,141790819,,54065815,3993810,10965,446666,3578980,152886,,-195686,,875426,32665974,32665974,30826392,9077426,1566932,23315899,32393324,30546632,61373024,1243916,115884269,208549143,350339961,8942734,4005861,72220396,33105595,79747510,198022097,,,,,,,,,,,,,,,,,,,,,
1995,C,Rev.2,3822,4,clase_4_digitos,MAQUIN.Y EQUIPO P/AGRICULTURA,783903,,,112863,,122204,567765,802832,22986081,,6624070,2625478,,446666,2703291,1912,,-526391,,132081,516882,516882,3902648,,1456499,5359146,5359146,353715,4256363,31086,10566521,18491376,41477457,961324,1603647,11207479,961324,14185481,28919256,,,,,,,,,,,,,,,,,,,,,
1995,C,Rev.2,38220,5,subclase_5_digitos,Maquinaria y equipo p/agricultura,783903,,,112863,,122204,567765,802832,22986081,,6624070,2625478,,446666,2703291,1912,,-526391,,132081,516882,516882,3902648,,1456499,5359146,5359146,353715,4256363,31086,10566521,18491376,41477457,961324,1603647,11207479,961324,14185481,28919256,,,,,,,,,,,,,,,,,,,,,
1995,C,Rev.2,3823,4,clase_4_digitos,MAQUIN.P/TRAB.METALES Y MADERA,89682,,,4698,,14513,,19211,1352023,,815128,38463,10965,,9413,12806,,5279,,11154,1017166,1017166,513898,309220,,204678,513898,991821,1505719,14191,1365925,3287900,4639923,30533,977061,92625,2138346,,3238564,,,,,,,,,,,,,,,,,,,,,
1995,C,Rev.2,38230,5,subclase_5_digitos,Maquin.p/trabajar metales y madera,89682,,,4698,,14513,,19211,1352023,,815128,38463,10965,,9413,12806,,5279,,11154,1017166,1017166,513898,309220,,204678,513898,991821,1505719,14191,1365925,3287900,4639923,30533,977061,92625,2138346,,3238564,,,,,,,,,,,,,,,,,,,,,
1995,C,Rev.2,3824,4,clase_4_digitos,MAQUIN.Y EQUIPO P/INDUSTRIA,2856278,,,514360,,585189,195739,1295288,48904653,,12875962,-22548,,,,,,-22548,,205227,8591826,8591826,10276288,1130486,,9145802,10276288,7981606,18257894,404993,27721833,52045898,100950551,,1138610,60706826,9321323,464311,71631070,,,,,,,,,,,,,,,,,,,,,
1995,C,Rev.2,38240,5,subclase_5_digitos,Maquinaria y equipo p/industria.,2856278,,,514360,,585189,195739,1295288,48904653,,12875962,-22548,,,,,,-22548,,205227,8591826,8591826,10276288,1130486,,9145802,10276288,7981606,18257894,404993,27721833,52045898,100950551,,1138610,60706826,9321323,464311,71631070,,,,,,,,,,,,,,,,,,,,,
1995,C,Rev.2,3825,4,clase_4_digitos,"MAQ.OFIC,CALCULO Y CONTABILIDAD",890401,,,41404,,90755,14226,146385,8747913,,13886572,425761,,,425761,,,,,125408,5894388,5894388,3484693,1670608,767,1814852,3485460,5142634,8627327,626346,16730737,37402098,46150011,65682,,213467,1997337,229887,2506373,,,,,,,,,,,,,,,,,,,,,
1995,C,Rev.2,38250,5,subclase_5_digitos,Máq.ofic.cálculo y contabilidad,890401,,,41404,,90755,14226,146385,8747913,,13886572,425761,,,425761,,,,,125408,5894388,5894388,3484693,1670608,767,1814852,3485460,5142634,8627327,626346,16730737,37402098,46150011,65682,,213467,1997337,229887,2506373,,,,,,,,,,,,,,,,,,,,,
1995,C,Rev.2,3829,4,clase_4_digitos,MAQUIN.Y EQUIPOS N.E.P.,1312822,,39288,41084,,437633,317700,835705,59800149,,19864084,926655,,,440515,138168,,347973,,401555,16645712,16645712,12648865,5967112,109667,6791420,12758532,16076856,28725722,167300,59499253,97321870,157122019,7885195,286544,,18687266,64867830,91726835,,,,,,,,,,,,,,,,,,,,,
1995,C,Rev.2,38290,5,subclase_5_digitos,Maquin.y equipo n.e.p.,1312822,,39288,41084,,437633,317700,835705,59800149,,19864084,926655,,,440515,138168,,347973,,401555,16645712,16645712,12648865,5967112,109667,6791420,12758532,16076856,28725722,167300,59499253,97321870,157122019,7885195,286544,,18687266,64867830,91726835,,,,,,,,,,,,,,,,,,,,,
1995,C,Rev.2,383,3,grupo_3_digitos,MAQUIN.APAR.Y SUMIN.ELECTRICOS,13770205,274612,242992,917524,239094,791259,1126606,3592087,352115248,1201083,133464660,8640824,-17962927,836673,23206476,364196,1128009,1068396,383633,1319052,50383755,49182672,96266287,52917881,695524,44043930,96961811,46171116,142437403,2509954,166751991,363169527,715284775,72329084,199613717,151946764,127093160,15222034,566204759,,,,,,,,,,,,,,,,,,,,,
1995,C,Rev.2,3831,4,clase_4_digitos,MAQ.Y APAR.INDUSTR.ELECTRICOS,1547089,,,70583,,172069,150476,393128,42574401,,24331526,8099033,,494103,6264208,404680,307110,628933,,289202,4646806,4646806,13303925,4787282,,8516643,13303925,4002493,17306418,355111,36070901,66596322,109170723,2297154,14600800,1157800,61799966,4571332,84427052,,,,,,,,,,,,,,,,,,,,,
1995,C,Rev.2,38310,5,subclase_5_digitos,Máq.y apar.industriales eléctricos,1547089,,,70583,,172069,150476,393128,42574401,,24331526,8099033,,494103,6264208,404680,307110,628933,,289202,4646806,4646806,13303925,4787282,,8516643,13303925,4002493,17306418,355111,36070901,66596322,109170723,2297154,14600800,1157800,61799966,4571332,84427052,,,,,,,,,,,,,,,,,,,,,
1995,C,Rev.2,3832,4,clase_4_digitos,"EQ.Y APAR.RADIO,TV Y COMUNICACION",1384352,,,231475,,84451,,315926,21121601,,6916592,-1119302,23247,-164661,37366,-709208,,-306046,,66524,6581399,6581399,8510316,6034663,,2475653,8510316,6017374,14527690,497501,8777878,23660220,44781822,,10217998,6593605,13817011,145442,30774056,,,,,,,,,,,,,,,,,,,,,
1995,C,Rev.2,38320,5,subclase_5_digitos,"Eq.y apar. radio,tv,y comunicación",1384352,,,231475,,84451,,315926,21121601,,6916592,-1119302,23247,-164661,37366,-709208,,-306046,,66524,6581399,6581399,8510316,6034663,,2475653,8510316,6017374,14527690,497501,8777878,23660220,44781822,,10217998,6593605,13817011,145442,30774056,,,,,,,,,,,,,,,,,,,,,
1995,C,Rev.2,3833,4,clase_4_digitos,APAR.Y ACCES.ELECT.USO DOMESTICO,3041986,,57406,412573,,98139,326086,894205,113699514,9110,42221117,2586414,668948,117647,1074124,394144,355924,-24374,,364733,14938791,14929681,37580097,21398533,4501,16186065,37584598,14123719,51703816,450339,44712264,104905048,218604562,4297806,67082702,85634630,,450849,157465987,,,,,,,,,,,,,,,,,,,,,
1995,C,Rev.2,38330,5,subclase_5_digitos,Apar.y acces.eléct. uso doméstico,3041986,,57406,412573,,98139,326086,894205,113699514,9110,42221117,2586414,668948,117647,1074124,394144,355924,-24374,,364733,14938791,14929681,37580097,21398533,4501,16186065,37584598,14123719,51703816,450339,44712264,104905048,218604562,4297806,67082702,85634630,,450849,157465987,,,,,,,,,,,,,,,,,,,,,
1995,C,Rev.2,3839,4,clase_4_digitos,"PILAS,LAMP,MATER.DE CONDUCCION",7796778,274612,185586,202893,239094,436600,650044,1988829,174719731,1191974,59995425,-925321,-18655122,389583,15830779,274581,464976,769883,383633,598594,24216759,23024786,36871948,20697403,691023,16865568,37562971,22027530,58899478,1207003,77190948,168007937,342727669,65734125,107712217,58560729,51476183,10054411,293537664,,,,,,,,,,,,,,,,,,,,,
1995,C,Rev.2,38391,5,subclase_5_digitos,Acumuladores y pilas (baterías),550016,247626,57454,165538,189152,126675,351551,1137995,22801356,,4006073,1207054,,,1377593,,,-170539,,106823,4156811,4156811,5137188,2404386,,2732802,5137188,3892913,9030101,157074,13861532,22574432,45375788,1531515,2195762,34979868,2195762,7930026,48832933,,,,,,,,,,,,,,,,,,,,,
1995,C,Rev.2,38393,5,subclase_5_digitos,Piezas y material conducción elect,7246762,26986,128132,37355,49942,309926,298494,850834,151918375,1191974,55989353,-2132376,-18655122,389583,14453185,274581,464976,940422,383633,491770,20059949,18867975,31734760,18293017,691023,14132766,32425783,18134617,49869377,1049928,63329416,145433506,297351881,64202609,105516455,23580861,49280421,2124384,244704731,,,,,,,,,,,,,,,,,,,,,
1995,C,Rev.2,384,3,grupo_3_digitos,MATERIAL DE TRANSPORTE,22446461,278059,288242,1151313,1143,978125,2351264,5048146,352208774,1135066,220547411,41076499,23017669,6013277,5091338,1474349,3124201,2355665,78848694,1615813,132792347,131657280,122871172,68626680,349193,54593685,123220365,49920633,172791805,2407206,190063477,564714630,916923404,4417681,87787275,29018601,88143330,21696066,231062953,,,,,,,,,,,,,,,,,,,,,
1995,C,Rev.2,3841,4,clase_4_digitos,CONSTRUCCION Y REPARACION NAVALES,6034191,,,811598,,152610,483550,1447758,78917950,1135066,29845693,2498170,234211,518201,1042302,176318,234729,292409,,695866,-4812375,-5947441,6121721,200000,13159,5934880,6134880,-5669941,451780,161700,76440874,106373318,185291268,,,,48764,,48764,,,,,,,,,,,,,,,,,,,,,
1995,C,Rev.2,38410,5,subclase_5_digitos,Construcción y reparacion navales,6034191,,,811598,,152610,483550,1447758,78917950,1135066,29845693,2498170,234211,518201,1042302,176318,234729,292409,,695866,-4812375,-5947441,6121721,200000,13159,5934880,6134880,-5669941,451780,161700,76440874,106373318,185291268,,,,48764,,48764,,,,,,,,,,,,,,,,,,,,,
1995,C,Rev.2,3843,4,clase_4_digitos,AUTOMOVILES Y REPUESTOS,10592704,278059,288242,327003,1143,552920,1809037,3256404,210769188,,178419494,15133245,3694964,542112,5331187,945337,2882322,1737323,76817078,686233,121825651,121825651,95841816,63782583,336034,32395266,96177849,43662315,139504130,660025,85778774,396616624,607385812,4417681,23939679,24501901,88094567,16353646,157307473,,,,,,,,,,,,,,,,,,,,,
1995,C,Rev.2,38430,5,subclase_5_digitos,Automotores y repuestos,10592704,278059,288242,327003,1143,552920,1809037,3256404,210769188,,178419494,15133245,3694964,542112,5331187,945337,2882322,1737323,76817078,686233,121825651,121825651,95841816,63782583,336034,32395266,96177849,43662315,139504130,660025,85778774,396616624,607385812,4417681,23939679,24501901,88094567,16353646,157307473,,,,,,,,,,,,,,,,,,,,,
1995,C,Rev.2,3844,4,clase_4_digitos,"MOTOS, MOTOCICLETAS Y BICICLETAS",5819566,,,12712,,272595,58677,343984,62521636,,12282223,23445084,19088494,4952964,-1282151,352694,7150,325933,2031616,233714,15779070,15779070,20907636,4644097,,16263539,20907636,11928259,32835895,1585481,27843829,61724688,124246324,,63847596,4516700,,5342420,73706716,,,,,,,,,,,,,,,,,,,,,
1995,C,Rev.2,38440,5,subclase_5_digitos,"Motos,motocicletas y bicicletas.",5819566,,,12712,,272595,58677,343984,62521636,,12282223,23445084,19088494,4952964,-1282151,352694,7150,325933,2031616,233714,15779070,15779070,20907636,4644097,,16263539,20907636,11928259,32835895,1585481,27843829,61724688,124246324,,63847596,4516700,,5342420,73706716,,,,,,,,,,,,,,,,,,,,,
1995,C,Rev.2,385,3,grupo_3_digitos,EQ.PROF.Y CIENTIF.Y AP.FOTOGRAFIA,8902259,,72179,45292,,167328,45949,330748,94002353,,58876354,6493339,45746,37548,4142627,911166,890216,466036,7800,457561,7325495,7325495,23297785,10294108,,13003677,23297785,6363900,29661685,496234,40247526,115351633,209353986,1922692,,18565712,132127762,21779014,174395180,,,,,,,,,,,,,,,,,,,,,
1995,C,Rev.2,3851,4,clase_4_digitos,EQ.PROF.Y CIENTIFICO (ORTOPEDIA),8054653,,72179,45292,,107293,25987,250751,72632993,,39542462,5937118,45746,13211,4022490,869035,748106,238531,7800,210873,5344993,5344993,16683388,8705401,,7977988,16683388,4755096,21438485,371224,26399204,79341312,151974305,,,,132127762,,132127762,,,,,,,,,,,,,,,,,,,,,
1995,C,Rev.2,38510,5,subclase_5_digitos,Equipo prof.científico(ortopedia),8054653,,72179,45292,,107293,25987,250751,72632993,,39542462,5937118,45746,13211,4022490,869035,748106,238531,7800,210873,5344993,5344993,16683388,8705401,,7977988,16683388,4755096,21438485,371224,26399204,79341312,151974305,,,,132127762,,132127762,,,,,,,,,,,,,,,,,,,,,
1995,C,Rev.2,3852,4,clase_4_digitos,"AP.FOTOGRAFICOS,INSTRUM.OPTICA",847606,,,,,60034,19962,79996,21369360,,19333892,556221,,24337,120137,42131,142110,227506,,246687,1980501,1980501,6614397,1588707,,5025690,6614397,1608804,8223201,125010,13848321,36010321,57379681,1922692,,18565712,,21779014,42267418,,,,,,,,,,,,,,,,,,,,,
1995,C,Rev.2,38520,5,subclase_5_digitos,Ap.fotográficos e instrum.óptica.,847606,,,,,60034,19962,79996,21369360,,19333892,556221,,24337,120137,42131,142110,227506,,246687,1980501,1980501,6614397,1588707,,5025690,6614397,1608804,8223201,125010,13848321,36010321,57379681,1922692,,18565712,,21779014,42267418,,,,,,,,,,,,,,,,,,,,,
1995,C,Rev.2,39,2,division_2_digitos,OTRAS INDUSTRIAS MANUFACTURERAS,3037396,140704,9417,103900,,479956,433056,1167031,166385779,,41617744,671886,263599,7418,214715,149416,,36739,2742252,649404,28897353,28897353,49347448,12857226,383097,36873319,49730545,24349303,73696750,1156394,54183259,127735752,294121531,9235811,47048630,24719148,34537164,9217699,124758452,,,,,,,,,,,,,,,,,,,,,
1995,C,Rev.2,390,3,grupo_3_digitos,OTRAS INDUSTRIAS MANUFACTURERAS,3037396,140704,9417,103900,,479956,433056,1167031,166385779,,41617744,671886,263599,7418,214715,149416,,36739,2742252,649404,28897353,28897353,49347448,12857226,383097,36873319,49730545,24349303,73696750,1156394,54183259,127735752,294121531,9235811,47048630,24719148,34537164,9217699,124758452,,,,,,,,,,,,,,,,,,,,,
1995,C,Rev.2,3901,4,clase_4_digitos,JOYAS Y ARTICULOS CONEXOS,172854,,,9878,,34632,61396,105906,6769804,,1675963,53716,,7418,,46298,,,37565,258881,2115771,2115771,320976,,78251,399228,399228,1781051,2102027,38274,6400201,10364789,17134593,,43054,,,5061199,5104253,,,,,,,,,,,,,,,,,,,,,
1995,C,Rev.2,39010,5,subclase_5_digitos,Joyas y artículos conexos.,172854,,,9878,,34632,61396,105906,6769804,,1675963,53716,,7418,,46298,,,37565,258881,2115771,2115771,320976,,78251,399228,399228,1781051,2102027,38274,6400201,10364789,17134593,,43054,,,5061199,5104253,,,,,,,,,,,,,,,,,,,,,
1995,C,Rev.2,3903,4,clase_4_digitos,ARTIC.DE DEPORTE Y ATLETISMO,59824,,,,,17930,,17930,494253,,224280,,,,,,,,,2328,31926,31926,95312,,,95312,95312,23991,119303,5608,259424,575454,1069707,,412141,448461,,17367,877969,,,,,,,,,,,,,,,,,,,,,
1995,C,Rev.2,39030,5,subclase_5_digitos,Artículos para deporte.,59824,,,,,17930,,17930,494253,,224280,,,,,,,,,2328,31926,31926,95312,,,95312,95312,23991,119303,5608,259424,575454,1069707,,412141,448461,,17367,877969,,,,,,,,,,,,,,,,,,,,,
1995,C,Rev.2,3909,4,clase_4_digitos,OTRAS INDUSTRIAS MANUFACT. N.E.P.,2804718,140704,9417,94021,,427394,371659,1043196,159121722,,39717501,618171,263599,,214715,103118,,36739,2704687,388195,26749655,26749655,48931160,12857226,304846,36378779,49236005,22544261,71475420,1112512,47523634,116795509,275917231,9235811,46593435,24270687,34537164,4139133,118776230,,,,,,,,,,,,,,,,,,,,,
1995,C,Rev.2,39090,5,subclase_5_digitos,Otras industrias manufact.n.e.p.,2804718,140704,9417,94021,,427394,371659,1043196,159121722,,39717501,618171,263599,,214715,103118,,36739,2704687,388195,26749655,26749655,48931160,12857226,304846,36378779,49236005,22544261,71475420,1112512,47523634,116795509,275917231,9235811,46593435,24270687,34537164,4139133,118776230,,,,,,,,,,,,,,,,,,,,,
1996,C,Rev.2,3,1,industria_total,INDUSTRIAS MANUFACTURERAS,1304103136,6267985,276797715,94171228,121147542,36675230,106716996,641776696,33443852468,431932721,13880604296,1889169185,269397853,28290182,1211792425,104295792,164204955,111187978,4309150112,72822129,6545885916,6113953195,4741162707,1389907165,91033957,3442289499,4832196694,1920021219,6661706424,243892455,8633385267,29932045893,63375898361,2368571609,21426994348,9264584207,6266970317,3417922670,42745043151,,,,,,,,,,,,,,,,,,,,,
1996,C,Rev.2,31,2,division_2_digitos,PRODUCTOS ALIMENT.BEBIDAS Y TABACO,546232588,3631090,47868229,60227437,63654877,8607038,42006536,225995207,16788259368,262034289,5510614025,883858125,140360009,17352631,555467434,47359013,71475751,51843288,1818150096,28528625,2975635533,2713601243,1972835478,478196619,59872770,1554511630,2032708249,967438502,2940273980,161518310,3315015693,12085463548,28873722916,132255683,10299356669,6480029197,1327506500,2320672810,20559820859,,,,,,,,,,,,,,,,,,,,,
1996,C,Rev.2,311,3,grupo_3_digitos,PRODUCTOS ALIMENTICIOS,360953272,3607341,40078818,32052154,49293689,6541781,33760290,165334073,12892635930,237524780,2851389171,608995313,88412251,15218542,408738600,30414479,26302368,39909072,16649806,17126838,528281151,290756371,1092707619,140117003,46372615,998963231,1139080234,435923033,1528630652,58581474,2195150854,5698249667,18590885597,120463563,6256187020,1693624425,1042719225,2211150912,11324145144,,,,,,,,,,,,,,,,,,,,,
1996,C,Rev.2,3111,4,clase_4_digitos,MATANZA Y PREPARAC CARNES Y AVES,111915412,,10938099,8288672,6943339,1296192,12023768,39490070,5654639583,115174654,768024768,142893401,26306946,2096846,87015969,2845632,6487629,18140379,14893945,5400386,225943526,110768871,333356065,19031497,9853138,324177706,343209203,188675140,522031205,16974055,673864349,1664573401,7319212983,17468636,2250106319,1006282286,488914540,158265119,3921036901,,,,,,,,,,,,,,,,,,,,,
1996,C,Rev.2,31111,5,subclase_5_digitos,Matanza de ganado.,89515942,,8756456,5332403,6020906,423801,7858025,28391591,4693301296,114336159,444147588,96848745,18530654,471765,62442990,1233599,1894619,12275118,14632458,3943686,95322753,-19013406,227164179,7672962,9553447,229044663,236717626,67765261,294929439,8981348,496611495,1011261620,5704562916,17468636,1351991393,632875188,484791332,74979119,2562105668,,,,,,,,,,,,,,,,,,,,,
1996,C,Rev.2,31112,5,subclase_5_digitos,Preparación y conservación carnes,17010446,,2181643,1590123,922433,872391,4088067,9654657,692145872,838496,198127731,32388183,8883257,1625081,14080147,694116,3987104,3118477,261487,1174209,92623873,91785377,87543745,11084892,271303,76730156,87815048,84374104,171917850,6814073,141330881,448254436,1140400308,,750075953,188059119,1671693,28742769,968549534,,,,,,,,,,,,,,,,,,,,,
1996,C,Rev.2,31113,5,subclase_5_digitos,Matanza y preparación de aves.,5389023,,,1366146,,,77677,1443822,269192415,,125749450,13656474,-1106965,,10492832,917917,605905,2746784,,282491,37996900,37996900,18648141,273643,28389,18402887,18676529,36535775,55183916,1178634,35921972,205057345,474249760,,148038973,185347980,2451515,54543232,390381699,,,,,,,,,,,,,,,,,,,,,
1996,C,Rev.2,3112,4,clase_4_digitos,PRODUCTOS LACTEOS,72009652,,19827184,2454829,8037668,564138,937551,31821370,2364923990,40839845,379488034,258760911,43520385,1566576,193759095,10976331,2924239,6014285,149517,4253820,60806321,19966476,158641204,20308311,22633946,160966839,181275150,45692978,204334182,10710006,554713759,1026177922,3391101912,88576676,1695625502,163269484,42364842,70524638,2060361143,,,,,,,,,,,,,,,,,,,,,
1996,C,Rev.2,31120,5,subclase_5_digitos,Productos lácteos.,72009652,,19827184,2454829,8037668,564138,937551,31821370,2364923990,40839845,379488034,258760911,43520385,1566576,193759095,10976331,2924239,6014285,149517,4253820,60806321,19966476,158641204,20308311,22633946,160966839,181275150,45692978,204334182,10710006,554713759,1026177922,3391101912,88576676,1695625502,163269484,42364842,70524638,2060361143,,,,,,,,,,,,,,,,,,,,,
1996,C,Rev.2,3113,4,clase_4_digitos,ENVAS.Y CONSERVAC.FRUTAS-LEGUMBRES,8963939,,667489,276582,25785,374397,1595747,2940001,103991876,590866,61583231,-8606260,139794,,-9036901,171799,59062,59986,1601174,562072,21394450,20803584,13802974,1132423,136792,12807343,13939766,17948023,31750997,1283181,31858881,123209634,227201510,,96082609,22574812,,453069,119110491,,,,,,,,,,,,,,,,,,,,,
1996,C,Rev.2,31130,5,subclase_5_digitos,"Envas.y concervac.frutas,legumbres",8963939,,667489,276582,25785,374397,1595747,2940001,103991876,590866,61583231,-8606260,139794,,-9036901,171799,59062,59986,1601174,562072,21394450,20803584,13802974,1132423,136792,12807343,13939766,17948023,31750997,1283181,31858881,123209634,227201510,,96082609,22574812,,453069,119110491,,,,,,,,,,,,,,,,,,,,,
1996,C,Rev.2,3114,4,clase_4_digitos,ELABORACION DE PESCADO Y OTROS,26818308,,997905,618562,734415,190601,2978789,5520272,322981150,16728475,85177046,32788570,7833639,67795,14186800,393304,8203578,2103454,,921913,-26358187,-43086662,37029034,5402300,430319,32057053,37459353,-26402566,10626468,-877534,118969258,187877950,510859100,,17701220,526859,1056826,,19284906,,,,,,,,,,,,,,,,,,,,,
1996,C,Rev.2,31140,5,subclase_5_digitos,"Elaboración de pescado, y otros.",26818308,,997905,618562,734415,190601,2978789,5520272,322981150,16728475,85177046,32788570,7833639,67795,14186800,393304,8203578,2103454,,921913,-26358187,-43086662,37029034,5402300,430319,32057053,37459353,-26402566,10626468,-877534,118969258,187877950,510859100,,17701220,526859,1056826,,19284906,,,,,,,,,,,,,,,,,,,,,
1996,C,Rev.2,3115,4,clase_4_digitos,ACEITES Y GRASAS VEGET.Y ANIMALES.,6815488,,5405170,441727,9019992,95902,2332907,17295697,287931680,,56367630,4636100,27000,51483,3235034,222520,856257,243806,,321835,39035329,39035329,42419952,9585982,7735389,40569359,50155341,33555737,75975689,5157758,42361549,144579996,432511676,,271370558,13650208,94295821,55425553,434742141,,,,,,,,,,,,,,,,,,,,,
1996,C,Rev.2,31150,5,subclase_5_digitos,Aceites y grasas veget.y animales,6815488,,5405170,441727,9019992,95902,2332907,17295697,287931680,,56367630,4636100,27000,51483,3235034,222520,856257,243806,,321835,39035329,39035329,42419952,9585982,7735389,40569359,50155341,33555737,75975689,5157758,42361549,144579996,432511676,,271370558,13650208,94295821,55425553,434742141,,,,,,,,,,,,,,,,,,,,,
1996,C,Rev.2,3116,4,clase_4_digitos,"MOLINOS HARINEROS,ARROCEROS,YERBAT",43260296,,103761,10212585,3210019,1370618,1679004,16575988,2322921534,63906486,439605867,94838568,4101479,10708158,66676299,1951775,4585170,6815687,,1476101,42972407,-20934079,149892217,21117205,4661393,133436405,154553610,33118539,183010756,8377768,239424093,701356177,3024277711,3079051,855682826,61686368,302386767,150615960,1373450973,,,,,,,,,,,,,,,,,,,,,
1996,C,Rev.2,31161,5,subclase_5_digitos,Molinos harineros.,13098304,,103761,7298242,135766,475396,961036,8974201,708239260,2948948,198523306,33396966,-3082657,1979696,26685221,539009,1232832,6042865,,888405,77873595,74924647,50677877,6277300,1265817,45666394,51943694,74197906,124875783,2787284,107235794,393782050,1102021310,3079051,550500178,29836157,286422108,149724403,1019561897,,,,,,,,,,,,,,,,,,,,,
1996,C,Rev.2,31162,5,subclase_5_digitos,Molinos arroceros.,28902128,,,2651459,3074253,849385,672838,7247935,1529749937,60957538,232097088,61124095,7184136,8727413,39823137,1402332,3310313,676764,,494039,-36111857,-97069395,85428654,3979651,3395576,84844579,88824230,-41691647,43737007,5085751,120879290,284809111,1814559048,,227161594,7338190,15964659,882268,251346710,,,,,,,,,,,,,,,,,,,,,
1996,C,Rev.2,31163,5,subclase_5_digitos,Molienda yerba mate.,1259864,,,262884,,45837,45130,353852,84932337,,8985473,317507,,1049,167941,10434,42025,96058,,93657,1210669,1210669,13785686,10860254,,2925432,13785686,612280,14397966,504732,11309009,22765016,107697353,,78021054,24512022,,9290,102542366,,,,,,,,,,,,,,,,,,,,,
1996,C,Rev.2,3117,4,clase_4_digitos,"PAN,REPOSTERIA,PASTAS,GALLETERIA",71793356,3605230,1118453,9166126,13585844,1457043,11085009,40017704,1274740760,252582,925722463,68098577,7406196,252982,38816221,12464740,2984473,6173965,,3610980,124487141,124234559,258001658,8431366,848049,250418340,258849707,110727909,368729566,10148253,436326696,1558077074,2832817833,10471360,504669342,332492737,36081944,1773656577,2657371960,,,,,,,,,,,,,,,,,,,,,
1996,C,Rev.2,31171,5,subclase_5_digitos,,51012716,3432,539002,5427410,13585844,969195,2510376,23035257,754304906,70552,768252137,31810567,5542772,157680,8625037,11792551,1978425,3714102,,2183729,82329385,82258834,164225440,697668,831800,164359572,165057240,73282258,237507698,6863398,263173041,1164696727,1919001634,1273989,83942221,163651054,2365980,1597350395,1848583639,,,,,,,,,,,,,,,,,,,,,
1996,C,Rev.2,31172,5,subclase_5_digitos,Fideerías y preparación de pastas.,9732389,,221113,3670631,,353913,1603706,5849364,266954425,128503,51976645,10690348,1905864,,6946555,258463,352522,1226944,,724909,17115167,16986664,54795826,630927,6082,54170981,54801908,14661338,69457164,1728919,88918151,167613848,434568273,2490555,141574105,78894544,1761198,176306182,401026584,,,,,,,,,,,,,,,,,,,,,
1996,C,Rev.2,31173,5,subclase_5_digitos,,11048251,3601799,358339,68085,,133935,6970927,11133084,253481428,53528,105493682,25597662,-42439,95301,23244630,413726,653526,1232918,,702341,25042589,24989061,38980392,7102771,10167,31887788,38990559,22784312,61764704,1555936,84235504,225766498,479247926,6706815,279153015,89947139,31954766,,407761736,,,,,,,,,,,,,,,,,,,,,
1996,C,Rev.2,3118,4,clase_4_digitos,INGENIOS Y REFINERIAS DE AZUCAR,15347352,,,483791,7736627,436082,685418,9341918,388677077,,76986066,-1271768,-1958466,22251,542111,66082,,56254,,132836,16316593,16316593,53519106,37190091,64975,16393990,53584081,12189510,65708616,3994247,46822187,155472198,544149275,,454876770,19050676,12441344,68587,486437377,,,,,,,,,,,,,,,,,,,,,
1996,C,Rev.2,31180,5,subclase_5_digitos,Ingenios y refinerías de azúcar.,15347352,,,483791,7736627,436082,685418,9341918,388677077,,76986066,-1271768,-1958466,22251,542111,66082,,56254,,132836,16316593,16316593,53519106,37190091,64975,16393990,53584081,12189510,65708616,3994247,46822187,155472198,544149275,,454876770,19050676,12441344,68587,486437377,,,,,,,,,,,,,,,,,,,,,
1996,C,Rev.2,3119,4,clase_4_digitos,"CACAO,CHOCOLATE Y CONFITURAS",4029469,2111,1020756,109281,,756808,442096,2331053,171828281,31872,58434065,16857213,1035278,452451,13543971,1322296,201961,301256,5170,446897,23683571,23651699,46045410,17917828,8614,28136196,46054024,20417764,66463173,2813740,50810082,136925315,308753597,867840,110071872,74090993,65177140,2141408,252349253,,,,,,,,,,,,,,,,,,,,,
1996,C,Rev.2,31190,5,subclase_5_digitos,"Cacao,chocolate y confituras",4029469,2111,1020756,109281,,756808,442096,2331053,171828281,31872,58434065,16857213,1035278,452451,13543971,1322296,201961,301256,5170,446897,23683571,23651699,46045410,17917828,8614,28136196,46054024,20417764,66463173,2813740,50810082,136925315,308753597,867840,110071872,74090993,65177140,2141408,252349253,,,,,,,,,,,,,,,,,,,,,
1996,C,Rev.2,312,3,grupo_3_digitos,ALIMENTOS DIVERSOS,44211670,,1360857,23210020,893542,873520,4705058,31042997,1632295310,,1129575618,150032585,39158702,55071,89364244,10943507,6603948,3907113,32568,3359061,183812939,183812939,431011027,200062909,1584072,232532190,432595099,154605756,585616783,25815553,398309160,1755909386,3388204696,668095,683416341,2263937841,258054990,27138234,3233215501,,,,,,,,,,,,,,,,,,,,,
1996,C,Rev.2,3121,4,clase_4_digitos,PRODUCTOS ALIMENTICIOS DIVERSOS,41334238,,1360857,22009989,759057,871469,4412347,29413719,1426206189,,1062476050,131232334,24155242,4957,89170735,10876270,3362001,3663130,32568,3287013,204394167,204394167,407914808,199230210,1010969,209695567,408925777,175492952,583407760,25581634,388304205,1696508660,3122714849,668095,654812517,2254306105,62914989,18674320,2991376026,,,,,,,,,,,,,,,,,,,,,
1996,C,Rev.2,31211,5,subclase_5_digitos,,6988287,,764243,1787380,759057,516800,310753,4138234,331880033,,104812145,12469145,3069557,4957,1114888,4033014,2570713,1676017,,730116,30545203,30545203,68178042,38722022,10758,29466777,68188800,25727489,93905531,4087598,76488434,218834069,550714103,,226635491,267663697,,18674320,512973508,,,,,,,,,,,,,,,,,,,,,
1996,C,Rev.2,31212,5,subclase_5_digitos,,34345951,,596614,20222608,,354669,4101594,25275485,1094326156,,957663904,118763190,21085685,,88055847,6843257,791288,1987113,32568,2556897,173848964,173848964,339736766,160508187,1000211,180228790,340736978,149765463,489502229,21494036,311815771,1477674591,2572000746,668095,428177026,1986642408,62914989,,2478402518,,,,,,,,,,,,,,,,,,,,,
1996,C,Rev.2,3122,4,clase_4_digitos,RACIONES BALANCEADAS,2877432,,,1200031,134485,2051,292710,1629277,206089121,,67099568,18800250,15003460,50114,193509,67237,3241947,243983,,72048,-20581228,-20581228,23096219,832699,573103,22836623,23669322,-20887196,2209023,233919,10004955,59400726,265489848,,28603824,9631736,195140001,8463914,241839475,,,,,,,,,,,,,,,,,,,,,
1996,C,Rev.2,31220,5,subclase_5_digitos,Preparación raciones balanceadas,2877432,,,1200031,134485,2051,292710,1629277,206089121,,67099568,18800250,15003460,50114,193509,67237,3241947,243983,,72048,-20581228,-20581228,23096219,832699,573103,22836623,23669322,-20887196,2209023,233919,10004955,59400726,265489848,,28603824,9631736,195140001,8463914,241839475,,,,,,,,,,,,,,,,,,,,,
1996,C,Rev.2,313,3,grupo_3_digitos,INDUSTRIA DE BEBIDAS,124047411,23749,5467227,4630352,13467647,1191737,3295970,28076682,1883042539,22670247,1381737836,91897141,12770632,1545887,37178221,4038912,28584553,7778936,719820279,7066643,1187475969,1164805722,432684913,120925276,1712764,313472401,434397677,391982939,824667852,68606108,601159927,3271750896,5154793435,11124025,1871898728,2423274239,26732286,82383663,4415412940,,,,,,,,,,,,,,,,,,,,,
1996,C,Rev.2,3131,4,clase_4_digitos,DEST.Y MEZCLA BEBIDAS ESPIRITUOSAS,5342750,,1708591,385903,,255442,175679,2525615,200096178,,116977802,4594966,697041,,2199658,952896,,745371,137874219,2720570,203359019,203359019,39356614,12260841,867837,27963611,40224451,61761359,101117972,1002871,80928285,406607856,606704034,2626130,449633397,75088347,2626130,679994,530653999,,,,,,,,,,,,,,,,,,,,,
1996,C,Rev.2,31310,5,subclase_5_digitos,Dest.y mezcla bebidas espirituosas,5342750,,1708591,385903,,255442,175679,2525615,200096178,,116977802,4594966,697041,,2199658,952896,,745371,137874219,2720570,203359019,203359019,39356614,12260841,867837,27963611,40224451,61761359,101117972,1002871,80928285,406607856,606704034,2626130,449633397,75088347,2626130,679994,530653999,,,,,,,,,,,,,,,,,,,,,
1996,C,Rev.2,3132,4,clase_4_digitos,INDUSTRIAS VINICOLAS,12777259,,67753,2566345,,708435,330307,3672839,245784551,51994,107592498,10627932,100844,1530653,2844578,749730,10939,5391188,29387392,588046,83003225,82951231,33498616,4342338,,29156279,33498616,48375926,81874543,4651862,50576724,253897712,499682263,511660,147602058,310777220,687614,8898746,468477298,,,,,,,,,,,,,,,,,,,,,
1996,C,Rev.2,31320,5,subclase_5_digitos,Industrias vinícolas.,12777259,,67753,2566345,,708435,330307,3672839,245784551,51994,107592498,10627932,100844,1530653,2844578,749730,10939,5391188,29387392,588046,83003225,82951231,33498616,4342338,,29156279,33498616,48375926,81874543,4651862,50576724,253897712,499682263,511660,147602058,310777220,687614,8898746,468477298,,,,,,,,,,,,,,,,,,,,,
1996,C,Rev.2,3133,4,clase_4_digitos,CERVECERIAS Y MALTERIAS,45823979,,1942396,75322,11331404,75187,106922,13531231,426044286,22618253,408663111,30640637,6108307,56493,14979420,1753282,8322115,-578980,152596366,1592193,248791711,226173458,77563091,7551254,689425,70701262,78252516,81884562,159447653,12718590,206039907,886700455,1312744741,,712282871,61927686,16696622,,790907179,,,,,,,,,,,,,,,,,,,,,
1996,C,Rev.2,31330,5,subclase_5_digitos,Cervecerías y malterías,45823979,,1942396,75322,11331404,75187,106922,13531231,426044286,22618253,408663111,30640637,6108307,56493,14979420,1753282,8322115,-578980,152596366,1592193,248791711,226173458,77563091,7551254,689425,70701262,78252516,81884562,159447653,12718590,206039907,886700455,1312744741,,712282871,61927686,16696622,,790907179,,,,,,,,,,,,,,,,,,,,,
1996,C,Rev.2,3134,4,clase_4_digitos,BEBIDAS SIN ALCOHOL,60103423,23749,1748487,1602782,2136243,152674,2683062,8346997,1011117524,,748504424,46033606,5864441,-41260,17154566,583003,20251499,2221357,399962302,2165834,652322014,652322014,282266592,96770844,155502,185651250,282422094,199961092,482227684,50232786,263615011,1724544872,2735662396,7986234,562380402,1975480986,6721919,72804923,2625374464,,,,,,,,,,,,,,,,,,,,,
1996,C,Rev.2,31340,5,subclase_5_digitos,Bebidas sin alcohol,60103423,23749,1748487,1602782,2136243,152674,2683062,8346997,1011117524,,748504424,46033606,5864441,-41260,17154566,583003,20251499,2221357,399962302,2165834,652322014,652322014,282266592,96770844,155502,185651250,282422094,199961092,482227684,50232786,263615011,1724544872,2735662396,7986234,562380402,1975480986,6721919,72804923,2625374464,,,,,,,,,,,,,,,,,,,,,
1996,C,Rev.2,314,3,grupo_3_digitos,INDUSTRIAS DEL TABACO,17020235,,961326,334911,,,245218,1541455,380285589,1839262,147911400,32933086,18424,533131,20186368,1962114,9984882,248167,1081647443,976082,1076065474,1074226212,16431919,17091431,10203319,9543807,26635238,-15073226,1358693,8515175,120395752,1359553599,1739839188,,1487854581,99192692,,,1587047273,,,,,,,,,,,,,,,,,,,,,
1996,C,Rev.2,3140,4,clase_4_digitos,INDUSTRIAS DEL TABACO,17020235,,961326,334911,,,245218,1541455,380285589,1839262,147911400,32933086,18424,533131,20186368,1962114,9984882,248167,1081647443,976082,1076065474,1074226212,16431919,17091431,10203319,9543807,26635238,-15073226,1358693,8515175,120395752,1359553599,1739839188,,1487854581,99192692,,,1587047273,,,,,,,,,,,,,,,,,,,,,
1996,C,Rev.2,31400,5,subclase_5_digitos,Industrias del tabaco.,17020235,,961326,334911,,,245218,1541455,380285589,1839262,147911400,32933086,18424,533131,20186368,1962114,9984882,248167,1081647443,976082,1076065474,1074226212,16431919,17091431,10203319,9543807,26635238,-15073226,1358693,8515175,120395752,1359553599,1739839188,,1487854581,99192692,,,1587047273,,,,,,,,,,,,,,,,,,,,,
1996,C,Rev.2,32,2,division_2_digitos,"TEXTILES,PR.VESTIR,INDUSTRIA CUERO",197003817,63319,26856914,4828962,20154108,4400767,7738700,64042770,5544880580,139055182,2151282738,150525627,16122571,860103,109614058,16578499,3782693,3567702,18024,10467829,4313261,-134741921,724860419,176788975,4169209,552240654,729029628,-25568153,699292266,19395562,1318625822,3532170457,9077051037,11314486,1409628878,625811787,544126166,153261793,2744143110,,,,,,,,,,,,,,,,,,,,,
1996,C,Rev.2,321,3,grupo_3_digitos,TEXTILES,138914530,61260,21642912,2200411,8203942,1991452,5790070,39890046,2691337426,56397910,837371912,69978689,5161112,573083,50653109,9475155,2273852,1842377,18024,5407670,87890195,31492285,270211882,46531406,2033477,225713953,272245359,72929021,343140903,9535479,666030340,1673809067,4365146493,10239186,886253607,226521088,278956638,42894871,1444865390,,,,,,,,,,,,,,,,,,,,,
1996,C,Rev.2,3211,4,clase_4_digitos,"LAVADERO,HILANDERIA Y TEJEDURIA.",115205876,61260,20298089,561442,7881954,1306781,3899696,34009223,2326364979,50227244,710130326,73339950,4586994,312037,56374473,8030766,2092710,1942970,18024,3986279,53502363,3275119,209729071,37334982,1509410,173903499,211238481,42581014,252310085,6917046,507451751,1336063071,3662428050,4712296,657930100,72223506,233941798,4196986,973004686,,,,,,,,,,,,,,,,,,,,,
1996,C,Rev.2,32111,5,subclase_5_digitos,"Lavadero,enfardelaje y fab de tops",47606954,,5202292,239363,4035807,296671,1134261,10908394,1495286249,36564947,480898934,23042739,2802288,301343,14687374,4084342,402907,764486,,1196435,23570784,-12994163,59975073,4764565,1144722,56355230,61119795,19550859,79525932,2823490,147748407,663260132,2158546381,,47825220,,201600515,,249425735,,,,,,,,,,,,,,,,,,,,,
1996,C,Rev.2,32112,5,subclase_5_digitos,"Hiland.tejeduría,acabado de lana",26729677,,2951130,241345,2862044,286523,811923,7152965,355392089,8417729,131395580,13649298,1112184,9969,8425543,2289382,1481028,331192,,1181385,-14977992,-23395721,59630124,7728334,5425,51907215,59635549,-18119625,41510499,1960248,152821769,287551305,642943394,,170855545,11451544,1265682,1390824,184963595,,,,,,,,,,,,,,,,,,,,,
1996,C,Rev.2,32113,5,subclase_5_digitos,,11856009,61260,1500183,70480,869782,554112,1374605,4430423,230931122,165452,43133431,4201850,-127645,725,2794723,405964,200338,927744,18024,843180,28442844,28277392,43169997,12420752,2127,30751372,43172124,26896141,70066138,685499,98759653,182026484,412957607,160913,271293044,26406827,19044795,1072879,317978458,,,,,,,,,,,,,,,,,,,,,
1996,C,Rev.2,32114,5,subclase_5_digitos,,29012515,,10644484,10254,114321,169475,578907,11517442,244081396,5079116,54696699,32441857,800166,,30462628,1251078,8437,-80452,,763882,16461544,11382428,46941820,12421332,357136,34877624,47298956,14249852,61191672,1447810,107909874,203001517,447082913,4551383,167871562,34365135,12030806,1733284,220552169,,,,,,,,,,,,,,,,,,,,,
1996,C,Rev.2,32115,5,subclase_5_digitos,Hiland.tejeduría de fibras duras,721,,,,,,,,674123,,5681,4205,,,4205,,,,,1397,5183,5183,12058,,,12058,12058,3786,15844,,212047,223632,897755,,84729,,,,84729,,,,,,,,,,,,,,,,,,,,,
1996,C,Rev.2,3212,4,clase_4_digitos,TEXTILES EXCEPTO PRENDAS VESTIR,1196980,,234936,108445,,259370,96022,698774,51261453,,16424088,502722,,7661,5056,61118,25830,403057,,160740,1485938,1485938,6561539,2122218,512646,4951968,7074185,695959,7257498,629239,19337890,38444896,89706349,45358,40306585,16823824,10745663,2528577,70450006,,,,,,,,,,,,,,,,,,,,,
1996,C,Rev.2,32120,5,subclase_5_digitos,Textiles excepto prendas vestir,1196980,,234936,108445,,259370,96022,698774,51261453,,16424088,502722,,7661,5056,61118,25830,403057,,160740,1485938,1485938,6561539,2122218,512646,4951968,7074185,695959,7257498,629239,19337890,38444896,89706349,45358,40306585,16823824,10745663,2528577,70450006,,,,,,,,,,,,,,,,,,,,,
1996,C,Rev.2,3213,4,clase_4_digitos,TEJIDOS PUNTO Y MEDIAS,13251943,,653458,1091124,13800,425301,226789,2410473,168393678,5369041,66682327,1398219,,2720,576968,1059921,117436,-358826,,722163,16965575,11596533,23865647,1629144,,22236503,23865647,14579956,38445603,1663456,91797919,183328722,351722400,145246,97547850,100833216,,33965690,232492001,,,,,,,,,,,,,,,,,,,,,
1996,C,Rev.2,32130,5,subclase_5_digitos,Tejidos de punto y medias.,13251943,,653458,1091124,13800,425301,226789,2410473,168393678,5369041,66682327,1398219,,2720,576968,1059921,117436,-358826,,722163,16965575,11596533,23865647,1629144,,22236503,23865647,14579956,38445603,1663456,91797919,183328722,351722400,145246,97547850,100833216,,33965690,232492001,,,,,,,,,,,,,,,,,,,,,
1996,C,Rev.2,3214,4,clase_4_digitos,TAPICES Y ALFOMBRAS,4650,,,,,,500,500,685720,,112530,2200,,,1400,800,,,,,1000,1000,,,,,,,,1000,50000,168180,853900,,,,,1240533,1240533,,,,,,,,,,,,,,,,,,,,,
1996,C,Rev.2,32140,5,subclase_5_digitos,Tapices y alfombras,4650,,,,,,500,500,685720,,112530,2200,,,1400,800,,,,,1000,1000,,,,,,,,1000,50000,168180,853900,,,,,1240533,1240533,,,,,,,,,,,,,,,,,,,,,
1996,C,Rev.2,3215,4,clase_4_digitos,CORDELERIA,104783,,,19228,44893,,4670,68791,3055100,3857,1157799,17935,,,15572,,2363,,,18150,528291,524434,779597,407688,11421,383330,791018,506805,1286402,3336,2165262,3952278,7007378,,4370403,1560858,312172,,6243433,,,,,,,,,,,,,,,,,,,,,
1996,C,Rev.2,32150,5,subclase_5_digitos,Cordelería.,104783,,,19228,44893,,4670,68791,3055100,3857,1157799,17935,,,15572,,2363,,,18150,528291,524434,779597,407688,11421,383330,791018,506805,1286402,3336,2165262,3952278,7007378,,4370403,1560858,312172,,6243433,,,,,,,,,,,,,,,,,,,,,
1996,C,Rev.2,3219,4,clase_4_digitos,TEXTILES N.E.P.,9150299,,456428,420171,263295,,1562392,2702286,141576497,797768,42864841,-5282337,574118,250665,-6320360,322551,35513,-144824,,520338,15407028,14609260,29276028,5037375,,24238653,29276028,14565288,43841316,321402,45227519,111851920,253428416,5336287,86098669,35079684,33957006,963085,161434731,,,,,,,,,,,,,,,,,,,,,
1996,C,Rev.2,32190,5,subclase_5_digitos,Textiles N.E.P..,9150299,,456428,420171,263295,,1562392,2702286,141576497,797768,42864841,-5282337,574118,250665,-6320360,322551,35513,-144824,,520338,15407028,14609260,29276028,5037375,,24238653,29276028,14565288,43841316,321402,45227519,111851920,253428416,5336287,86098669,35079684,33957006,963085,161434731,,,,,,,,,,,,,,,,,,,,,
1996,C,Rev.2,322,3,grupo_3_digitos,PRENDAS VESTIR EXCEPTO CALZADO,16437808,2059,640629,964802,295797,713513,775390,3392190,906513595,17719731,481526680,12573487,1344482,131311,5606693,2064784,1233900,2192317,,2763213,67177560,49457828,151152287,17643346,914053,134422994,152066340,61138838,212291125,3275509,359099181,906521497,1813035093,1075300,229751274,256420326,20862435,102041990,610151324,,,,,,,,,,,,,,,,,,,,,
1996,C,Rev.2,3220,4,clase_4_digitos,PRENDAS VESTIR EXCEPTO CALZADO,16437808,2059,640629,964802,295797,713513,775390,3392190,906513595,17719731,481526680,12573487,1344482,131311,5606693,2064784,1233900,2192317,,2763213,67177560,49457828,151152287,17643346,914053,134422994,152066340,61138838,212291125,3275509,359099181,906521497,1813035093,1075300,229751274,256420326,20862435,102041990,610151324,,,,,,,,,,,,,,,,,,,,,
1996,C,Rev.2,32201,5,subclase_5_digitos,,11241302,2059,557571,760126,295797,374343,194814,2184709,555757663,8084042,389555549,11093057,1279414,131311,4977015,1687623,1233900,1783794,,2115032,67513338,59429296,107558480,15123696,914053,93348837,108472533,63802638,171361119,1595668,268836402,729062549,1284820212,1075300,182358257,184338981,16434193,78203896,462410628,,,,,,,,,,,,,,,,,,,,,
1996,C,Rev.2,32202,5,subclase_5_digitos,Prendas de cuero.,3669648,,76005,200643,,324709,511944,1113301,291824346,9635689,52038211,813547,65068,,501431,292531,,-45484,,375115,-19197701,-28833390,34017713,471672,,33546040,34017713,-21124748,12892964,1551933,58022821,84897290,376721636,,,3400681,,8293595,11694276,,,,,,,,,,,,,,,,,,,,,
1996,C,Rev.2,32203,5,subclase_5_digitos,,1526858,,7054,4034,,14461,68632,94181,58931586,,39932920,666883,,,128247,84629,,454007,,273066,18861923,18861923,9576094,2047978,,7528116,9576094,18460948,28037042,127909,32239959,92561659,151493245,,47393016,68680664,4428242,15544498,136046420,,,,,,,,,,,,,,,,,,,,,
1996,C,Rev.2,323,3,grupo_3_digitos,"CUERO Y PIELES,EXCEP.CALZADO",31653965,,4573374,1586922,11654369,1068020,1059275,19941959,1612535794,61444105,756987202,64721690,9559935,68168,50791066,4854195,274941,-826615,,1830027,-153821647,-215265751,230564976,107297441,1221679,124489214,231786655,-161365265,69199711,5713591,228666075,802041491,2414577285,,20541448,120261733,220520499,8119622,369443303,,,,,,,,,,,,,,,,,,,,,
1996,C,Rev.2,3231,4,clase_4_digitos,CURTIEMBRES Y TALLERES DE ACABADO,28563619,,4554036,1586922,11654369,1061189,924817,19781333,1506918875,59370719,752978586,64598496,9559935,68168,50762885,4816628,217495,-826615,,1676858,-148944503,-208315222,220261416,106869230,1214020,114606206,221475436,-156244941,64016475,5623580,207587195,780814178,2287733054,,3043498,117301813,217147920,8119622,345612853,,,,,,,,,,,,,,,,,,,,,
1996,C,Rev.2,32310,5,subclase_5_digitos,Curtiembres y talleres de acabado.,28563619,,4554036,1586922,11654369,1061189,924817,19781333,1506918875,59370719,752978586,64598496,9559935,68168,50762885,4816628,217495,-826615,,1676858,-148944503,-208315222,220261416,106869230,1214020,114606206,221475436,-156244941,64016475,5623580,207587195,780814178,2287733054,,3043498,117301813,217147920,8119622,345612853,,,,,,,,,,,,,,,,,,,,,
1996,C,Rev.2,3233,4,clase_4_digitos,"ART.CUERO (MARROQUINERIA,ETC.)",3090346,,19338,,,6831,134458,160626,105616918,2073386,4008616,123194,,,28181,37567,57446,,,153169,-4877144,-6950530,10303560,428211,7659,9883008,10311219,-5120324,5183236,90011,21078881,21227313,126844231,,17497951,2959921,3372579,,23830450,,,,,,,,,,,,,,,,,,,,,
1996,C,Rev.2,32330,5,subclase_5_digitos,Art.cuero (marroquinería),3090346,,19338,,,6831,134458,160626,105616918,2073386,4008616,123194,,,28181,37567,57446,,,153169,-4877144,-6950530,10303560,428211,7659,9883008,10311219,-5120324,5183236,90011,21078881,21227313,126844231,,17497951,2959921,3372579,,23830450,,,,,,,,,,,,,,,,,,,,,
1996,C,Rev.2,324,3,grupo_3_digitos,CALZADO EXCEPTO.CAUCHO Y PLASTIC,9997514,,,76827,,627782,113966,818574,334493765,3493436,75396944,3251761,57042,87540,2563190,184365,,359623,,466919,3067153,-426283,72931274,5316781,,67614493,72931274,1729252,74660526,870983,64830226,149798401,484292166,,273082549,22608640,23786594,205310,319683093,,,,,,,,,,,,,,,,,,,,,
1996,C,Rev.2,3240,4,clase_4_digitos,CALZADO EXCEPTO.CAUCHO Y PLASTICO,9997514,,,76827,,627782,113966,818574,334493765,3493436,75396944,3251761,57042,87540,2563190,184365,,359623,,466919,3067153,-426283,72931274,5316781,,67614493,72931274,1729252,74660526,870983,64830226,149798401,484292166,,273082549,22608640,23786594,205310,319683093,,,,,,,,,,,,,,,,,,,,,
1996,C,Rev.2,32400,5,subclase_5_digitos,"Calzado,excepto caucho y plástico",9997514,,,76827,,627782,113966,818574,334493765,3493436,75396944,3251761,57042,87540,2563190,184365,,359623,,466919,3067153,-426283,72931274,5316781,,67614493,72931274,1729252,74660526,870983,64830226,149798401,484292166,,273082549,22608640,23786594,205310,319683093,,,,,,,,,,,,,,,,,,,,,
1996,C,Rev.2,33,2,division_2_digitos,INDUSTRIA DE LA MADERA,6019654,132236,47593,3450678,,2883502,1302807,7816816,282472311,113987,50154699,15392956,3339090,568612,1442359,1371206,519950,8151739,,1033110,41603224,41489237,68559663,32666124,496961,36390500,69056624,37196532,105756195,3373582,130487105,228150696,510623006,2762094,132231213,78033053,137226540,36989761,387242662,,,,,,,,,,,,,,,,,,,,,
1996,C,Rev.2,331,3,grupo_3_digitos,INDUSTRIA MADERA (EXCEP.MUEBLES),4490255,,47593,2513340,,1571901,1249733,5382567,109711070,113987,15063548,6122817,3213514,,772687,9706,515311,1611598,,511407,17332170,17218182,15580705,782028,496961,15295637,16077666,15273223,30853928,1547540,63643937,100415923,210126994,137796,39378502,16395287,97406485,22487104,175805174,,,,,,,,,,,,,,,,,,,,,
1996,C,Rev.2,3311,4,clase_4_digitos,"ASERRADEROS,OBRA BLANCA,PARQUET",3705604,,47593,1934547,,1381609,1027591,4391340,88561242,113987,10251268,4559497,2154020,,432142,3622,365594,1604119,,421016,14915699,14801711,12448963,539785,451642,12360819,12900605,13448324,25897287,1046359,52199011,80957594,169518836,,18747782,15099714,83660493,21994261,139502249,,,,,,,,,,,,,,,,,,,,,
1996,C,Rev.2,33110,5,subclase_5_digitos,"Aserraderos,obra blanca y parquet",3705604,,47593,1934547,,1381609,1027591,4391340,88561242,113987,10251268,4559497,2154020,,432142,3622,365594,1604119,,421016,14915699,14801711,12448963,539785,451642,12360819,12900605,13448324,25897287,1046359,52199011,80957594,169518836,,18747782,15099714,83660493,21994261,139502249,,,,,,,,,,,,,,,,,,,,,
1996,C,Rev.2,3312,4,clase_4_digitos,ENVASES MADERA Y ARTICULOS DE CANA,634295,,,578793,,123380,181657,883830,13171976,,2579554,1591724,1059494,,183512,,149718,199000,,39345,1354293,1354293,2303108,242243,2508,2063373,2305616,960011,3263119,354937,4445489,9013631,22185607,,9179832,1019981,11264211,,21464025,,,,,,,,,,,,,,,,,,,,,
1996,C,Rev.2,33120,5,subclase_5_digitos,Envases de madera y art.de caña,634295,,,578793,,123380,181657,883830,13171976,,2579554,1591724,1059494,,183512,,149718,199000,,39345,1354293,1354293,2303108,242243,2508,2063373,2305616,960011,3263119,354937,4445489,9013631,22185607,,9179832,1019981,11264211,,21464025,,,,,,,,,,,,,,,,,,,,,
1996,C,Rev.2,3319,4,clase_4_digitos,PROD.MADERA N.E.P. Y CORCHO,150357,,,,,66911,40485,107396,7977853,,2232726,-28404,,,157032,6084,,-191520,,51046,1062178,1062178,828634,,42811,871445,871445,864888,1693522,146244,6999437,10444698,18422551,137796,11450888,275592,2481781,492843,14838901,,,,,,,,,,,,,,,,,,,,,
1996,C,Rev.2,33191,5,subclase_5_digitos,,150357,,,,,66911,40485,107396,7977853,,2232726,-28404,,,157032,6084,,-191520,,51046,1062178,1062178,828634,,42811,871445,871445,864888,1693522,146244,6999437,10444698,18422551,137796,11450888,275592,2481781,492843,14838901,,,,,,,,,,,,,,,,,,,,,
1996,C,Rev.2,332,3,grupo_3_digitos,MUEBLES Y ACCESORIOS.,1529399,132236,,937337,,1311601,53074,2434249,172761240,,35091151,9270139,125576,568612,669672,1361499,4639,6540141,,521704,24271055,24271055,52978959,31884096,,21094863,52978959,21923308,74902267,1826043,66843168,127734773,300496013,2624299,92852711,61637766,39820055,14502657,211437487,,,,,,,,,,,,,,,,,,,,,
1996,C,Rev.2,3320,4,clase_4_digitos,MUEBLES Y ACCESORIOS.,1529399,132236,,937337,,1311601,53074,2434249,172761240,,35091151,9270139,125576,568612,669672,1361499,4639,6540141,,521704,24271055,24271055,52978959,31884096,,21094863,52978959,21923308,74902267,1826043,66843168,127734773,300496013,2624299,92852711,61637766,39820055,14502657,211437487,,,,,,,,,,,,,,,,,,,,,
1996,C,Rev.2,33201,5,subclase_5_digitos,,1529399,132236,,937337,,1311601,53074,2434249,172761240,,35091151,9270139,125576,568612,669672,1361499,4639,6540141,,521704,24271055,24271055,52978959,31884096,,21094863,52978959,21923308,74902267,1826043,66843168,127734773,300496013,2624299,92852711,61637766,39820055,14502657,211437487,,,,,,,,,,,,,,,,,,,,,
1996,C,Rev.2,34,2,division_2_digitos,PAPEL Y PROD.PAPEL;IMPRENTA Y EDIT,108880343,95673,16800164,2487141,3890286,3578434,1796782,28648480,1669894259,12159898,980273568,193957091,23582938,596134,151250528,6241938,3094731,9190823,2924375,6236190,162838472,150678574,344910661,120583633,11163459,235490487,356074120,146379198,491289859,7298708,747370792,1987203276,3657097536,80032028,1692799108,164674246,754847213,155569694,2847922290,,,,,,,,,,,,,,,,,,,,,
1996,C,Rev.2,341,3,grupo_3_digitos,PAPEL Y PROD.DEL PAPEL,63137032,67774,16767386,1312769,3862480,327855,750123,23088387,845237456,10319118,375951540,79251193,5957846,,66689548,1086943,2753430,2763426,2417189,2053046,47231521,36912403,171360267,75931238,906423,96335453,172266690,39033412,210393679,3727874,250344012,726344987,1571582443,17705364,695050480,11783488,342748315,4337349,1071624996,,,,,,,,,,,,,,,,,,,,,
1996,C,Rev.2,3411,4,clase_4_digitos,"PULPA MADERA,PAPEL Y CARTON",48884627,67774,15583265,1104659,3847640,85020,202039,20890397,353285614,9857654,228290576,58565378,642664,,54096940,374756,2672267,778751,,890856,2388548,-7469106,78503884,31776881,903312,47630315,79407196,385292,78889176,1112400,108765031,378471128,731756742,,241478011,3102379,184879118,,429459508,,,,,,,,,,,,,,,,,,,,,
1996,C,Rev.2,34110,5,subclase_5_digitos,"Pulpa de madera, papel y cartón",48884627,67774,15583265,1104659,3847640,85020,202039,20890397,353285614,9857654,228290576,58565378,642664,,54096940,374756,2672267,778751,,890856,2388548,-7469106,78503884,31776881,903312,47630315,79407196,385292,78889176,1112400,108765031,378471128,731756742,,241478011,3102379,184879118,,429459508,,,,,,,,,,,,,,,,,,,,,
1996,C,Rev.2,3412,4,clase_4_digitos,ENVASES Y CAJAS PAPEL Y CARTON,7787928,,1184121,203570,,232116,529842,2149649,276437861,,67766799,7563188,1223174,,5436667,329652,81163,492532,,592534,18351883,18351883,33816586,18454009,,15362577,33816586,17140772,50957358,618577,71393132,165299743,441737604,17300296,190638169,5461391,148023897,4337349,365761101,,,,,,,,,,,,,,,,,,,,,
1996,C,Rev.2,34120,5,subclase_5_digitos,Envases y cajas de papel y cartón,7787928,,1184121,203570,,232116,529842,2149649,276437861,,67766799,7563188,1223174,,5436667,329652,81163,492532,,592534,18351883,18351883,33816586,18454009,,15362577,33816586,17140772,50957358,618577,71393132,165299743,441737604,17300296,190638169,5461391,148023897,4337349,365761101,,,,,,,,,,,,,,,,,,,,,
1996,C,Rev.2,3419,4,clase_4_digitos,ARTIC.PAPEL Y CARTON N.E.P.,6464477,,,4540,14840,10719,18242,48342,215513981,461464,79894165,13122627,4092008,,7155941,382535,,1492143,2417189,569656,26491090,26029626,59039797,25700348,3111,33342560,59042908,21507348,80547145,1996897,70185849,182574116,398088097,405068,262934301,3219718,9845301,,276404387,,,,,,,,,,,,,,,,,,,,,
1996,C,Rev.2,34190,5,subclase_5_digitos,Artículos de papel y cartón n.e.p,6464477,,,4540,14840,10719,18242,48342,215513981,461464,79894165,13122627,4092008,,7155941,382535,,1492143,2417189,569656,26491090,26029626,59039797,25700348,3111,33342560,59042908,21507348,80547145,1996897,70185849,182574116,398088097,405068,262934301,3219718,9845301,,276404387,,,,,,,,,,,,,,,,,,,,,
1996,C,Rev.2,342,3,grupo_3_digitos,"IMPRENTAS,EDITORIALES IND.CONEXAS",45743311,27899,32778,1174372,27806,3250578,1046659,5560092,824656803,1840780,604322028,114705898,17625092,596134,84560980,5154995,341301,6427397,507186,4183145,115606951,113766171,173550394,44652395,10257035,139155034,183807429,107345786,280896180,3570834,497026780,1260858289,2085515092,62326664,997748628,152890757,412098898,151232346,1776297293,,,,,,,,,,,,,,,,,,,,,
1996,C,Rev.2,3420,4,clase_4_digitos,"IMPRENTAS,EDITORIALES IND.CONEXAS",45743311,27899,32778,1174372,27806,3250578,1046659,5560092,824656803,1840780,604322028,114705898,17625092,596134,84560980,5154995,341301,6427397,507186,4183145,115606951,113766171,173550394,44652395,10257035,139155034,183807429,107345786,280896180,3570834,497026780,1260858289,2085515092,62326664,997748628,152890757,412098898,151232346,1776297293,,,,,,,,,,,,,,,,,,,,,
1996,C,Rev.2,34201,5,subclase_5_digitos,,20502398,,,623843,,324557,470332,1418732,445759907,1787139,351192464,82777900,15839374,29401,61255818,3516985,125683,2010639,,1965805,35242842,33455702,78540271,25560387,8149801,61129685,86690071,32136529,110676799,1140508,240128448,645279012,1091038920,15138950,648368871,2276737,91770910,96604923,854160391,,,,,,,,,,,,,,,,,,,,,
1996,C,Rev.2,34202,5,subclase_5_digitos,,25240912,27899,32778,550529,27806,2926021,576328,4141360,378896896,53641,253129564,31927998,1785718,566733,23305162,1638010,215618,4416758,507186,2217339,80364109,80310469,95010123,19092009,2107235,78025349,97117358,75209257,170219380,2430326,256898332,615579277,994476173,47187714,349379757,150614021,320327988,54627422,922136902,,,,,,,,,,,,,,,,,,,,,
1996,C,Rev.2,35,2,division_2_digitos,PRODUCTOS QUIMICOS.,270394855,917390,106383447,8778645,1468708,5980169,18107703,141636064,5855468525,12475626,3634473634,368303861,50091605,4425660,219578365,18587806,60832117,14788309,2485485072,11788876,2977564764,2965089138,838223161,312049285,11759087,537932964,849982249,458695399,1296918561,21595418,1532333987,8402291613,14257760139,1869244600,5913204859,1099608602,2421873958,273205247,11577137265,,,,,,,,,,,,,,,,,,,,,
1996,C,Rev.2,351,3,grupo_3_digitos,SUSTANCIAS QUIMICAS.,25820870,,799776,1902447,1159697,1371076,724210,5957207,628779943,7344473,258670149,79954017,12330466,187676,43086437,2345638,16062518,5941284,96082,1504231,28718748,21374275,67447687,21689632,5273225,51031280,72720912,25112777,92560464,2005659,182915321,488780616,1117560559,40437658,156390964,19633652,373992595,3995589,594450458,,,,,,,,,,,,,,,,,,,,,
1996,C,Rev.2,3511,4,clase_4_digitos,SUSTANCIAS QUIM.INDUSTR.BASICAS,20872340,,545521,1281190,,1173000,548481,3548192,226137640,2491105,104745072,41112575,1334723,53048,16191091,2035076,15838768,5659869,96082,867611,28838881,26347776,48496790,15557974,3776,32942592,48500566,26302812,74799602,1572377,106011992,257977180,484114821,40437658,126796039,10917583,180827231,3995589,362974100,,,,,,,,,,,,,,,,,,,,,
1996,C,Rev.2,35110,5,subclase_5_digitos,Sustancias químicas ind.básicas,20872340,,545521,1281190,,1173000,548481,3548192,226137640,2491105,104745072,41112575,1334723,53048,16191091,2035076,15838768,5659869,96082,867611,28838881,26347776,48496790,15557974,3776,32942592,48500566,26302812,74799602,1572377,106011992,257977180,484114821,40437658,126796039,10917583,180827231,3995589,362974100,,,,,,,,,,,,,,,,,,,,,
1996,C,Rev.2,3512,4,clase_4_digitos,ABONOS Y PLAGUICIDAS,2218261,,,558795,804562,139109,147147,1649613,310038030,3685367,113644503,6377332,5353237,,710483,289924,99601,-75913,,410389,-1759441,-5444808,9974934,2143700,3775045,11606279,13749979,-2545367,7429566,375537,51583464,162001422,472039451,,16385926,7814194,167184872,,191384993,,,,,,,,,,,,,,,,,,,,,
1996,C,Rev.2,35120,5,subclase_5_digitos,Abonos y plaguicidas,2218261,,,558795,804562,139109,147147,1649613,310038030,3685367,113644503,6377332,5353237,,710483,289924,99601,-75913,,410389,-1759441,-5444808,9974934,2143700,3775045,11606279,13749979,-2545367,7429566,375537,51583464,162001422,472039451,,16385926,7814194,167184872,,191384993,,,,,,,,,,,,,,,,,,,,,
1996,C,Rev.2,3513,4,clase_4_digitos,RESINAS SINTETICAS Y FIBRAS ARTIF.,2730269,,254255,62462,355135,58967,28582,759402,92604273,1168001,40280574,32464110,5642506,134628,26184863,20637,124149,357328,,226230,1639307,471306,8975964,3987958,1494404,6482410,10470367,1355332,10331296,57745,25319864,68802014,161406287,,13208999,901874,25980491,,40091365,,,,,,,,,,,,,,,,,,,,,
1996,C,Rev.2,35130,5,subclase_5_digitos,Resinas sintéticas y fibras artif.,2730269,,254255,62462,355135,58967,28582,759402,92604273,1168001,40280574,32464110,5642506,134628,26184863,20637,124149,357328,,226230,1639307,471306,8975964,3987958,1494404,6482410,10470367,1355332,10331296,57745,25319864,68802014,161406287,,13208999,901874,25980491,,40091365,,,,,,,,,,,,,,,,,,,,,
1996,C,Rev.2,352,3,grupo_3_digitos,OTROS PRODUCTOS QUIMICOS,60892011,548104,4708579,1721756,96522,1867824,2106496,11049281,1866969618,4787208,1440849648,143224460,51960191,2921949,39196344,13400061,31201763,4544152,12379000,5882196,211126043,206338835,462317324,202231071,3472862,263559116,465790187,183971383,646288707,8893464,765505109,2473585603,4340555221,260221169,1096098968,889155903,652775083,106813060,3005064182,,,,,,,,,,,,,,,,,,,,,
1996,C,Rev.2,3521,4,clase_4_digitos,"PINTURAS,BARNICES,LACAS",11009957,141918,226286,1323742,,50704,166333,1908983,366405984,2561261,196410509,24736471,17974375,1095490,1993029,3496413,89546,87618,,792128,35538332,32977071,73547679,23211980,71721,50407420,73619400,33465558,107013237,1280646,87177456,327574994,693980978,7213594,157366286,330137666,24998132,37478646,557194325,,,,,,,,,,,,,,,,,,,,,
1996,C,Rev.2,35210,5,subclase_5_digitos,"Pinturas, barnices y lacas.",11009957,141918,226286,1323742,,50704,166333,1908983,366405984,2561261,196410509,24736471,17974375,1095490,1993029,3496413,89546,87618,,792128,35538332,32977071,73547679,23211980,71721,50407420,73619400,33465558,107013237,1280646,87177456,327574994,693980978,7213594,157366286,330137666,24998132,37478646,557194325,,,,,,,,,,,,,,,,,,,,,
1996,C,Rev.2,3522,4,clase_4_digitos,PROD.FARMACEUTICOS Y MEDICAMENTOS,32568349,,549873,115120,,49273,1418653,2132920,826771451,858202,911384315,68290887,11343322,928885,16444241,6659620,30079055,2835765,1748327,3688924,98850767,97992565,213762521,132566161,2206157,83402516,215968678,88326241,302088762,5087275,501078537,1543023767,2369795218,248949024,464406764,226189616,521950903,3768510,1465264817,,,,,,,,,,,,,,,,,,,,,
1996,C,Rev.2,35220,5,subclase_5_digitos,Prod farmacéuticos y medicamentos,32568349,,549873,115120,,49273,1418653,2132920,826771451,858202,911384315,68290887,11343322,928885,16444241,6659620,30079055,2835765,1748327,3688924,98850767,97992565,213762521,132566161,2206157,83402516,215968678,88326241,302088762,5087275,501078537,1543023767,2369795218,248949024,464406764,226189616,521950903,3768510,1465264817,,,,,,,,,,,,,,,,,,,,,
1996,C,Rev.2,3523,4,clase_4_digitos,ARTICULOS.DE LIMPIEZA Y TOCADOR.,14858387,406186,3885842,121243,,1316700,283191,6013162,579550625,1367745,244511969,48147011,22642495,869010,19508658,3101357,1030149,995342,10630673,1117224,61120065,59752320,153592308,37383209,157976,116367075,153750284,47794270,201386578,1577899,143931064,463053740,1042604365,4058550,402519795,272490194,27383534,58540269,764992343,,,,,,,,,,,,,,,,,,,,,
1996,C,Rev.2,35231,5,subclase_5_digitos,,10335205,406186,3880984,42064,,164523,87937,4581693,213263915,1367745,105007104,5524266,746965,869010,2877896,281522,567809,181064,59466,354384,3507690,2139945,50602757,4440116,157976,46320617,50760733,2529540,53132297,564300,48123973,165606226,378870142,712321,174931832,122858751,25643561,712321,324858786,,,,,,,,,,,,,,,,,,,,,
1996,C,Rev.2,35232,5,subclase_5_digitos,,4523182,,4858,79179,,1152178,195255,1431470,366286710,,139504866,42622745,21895530,,16630762,2819835,462340,814278,10571207,762840,57612375,57612375,102989550,32943092,,70046458,102989550,45264730,148254280,1013599,95807091,297447514,663734224,3346229,227587963,149631444,1739973,57827948,440133557,,,,,,,,,,,,,,,,,,,,,
1996,C,Rev.2,3529,4,clase_4_digitos,PRODUCTOS QUIMICOS N.E.P,2455318,,46578,161650,96522,451147,238319,994216,94241558,,88542854,2050092,,28564,1250417,142671,3012,625428,,283920,15616878,15616878,21414816,9069720,1037008,13382104,22451825,14385314,35800130,947644,33318052,139933102,234174660,,71806123,60338426,78442514,7025635,217612698,,,,,,,,,,,,,,,,,,,,,
1996,C,Rev.2,35290,5,subclase_5_digitos,Productos químicos n.e.p.,2455318,,46578,161650,96522,451147,238319,994216,94241558,,88542854,2050092,,28564,1250417,142671,3012,625428,,283920,15616878,15616878,21414816,9069720,1037008,13382104,22451825,14385314,35800130,947644,33318052,139933102,234174660,,71806123,60338426,78442514,7025635,217612698,,,,,,,,,,,,,,,,,,,,,
1996,C,Rev.2,353,3,grupo_3_digitos,REFINERIAS DE PETROLEO,118993553,764,92911958,2941986,,49128,13457791,109361627,2253707931,,1600496062,101251161,6256736,,92377157,567293,594006,1455969,2473009990,1015570,2573497797,2573497797,104483009,,,104483009,104483009,97930241,202413250,1541996,160417393,4453404805,6707112736,1513568160,4162312440,,567588060,63065340,6306534000,,,,,,,,,,,,,,,,,,,,,
1996,C,Rev.2,3530,4,clase_4_digitos,REFINERIAS DE PETROLEO,118993553,764,92911958,2941986,,49128,13457791,109361627,2253707931,,1600496062,101251161,6256736,,92377157,567293,594006,1455969,2473009990,1015570,2573497797,2573497797,104483009,,,104483009,104483009,97930241,202413250,1541996,160417393,4453404805,6707112736,1513568160,4162312440,,567588060,63065340,6306534000,,,,,,,,,,,,,,,,,,,,,
1996,C,Rev.2,35300,5,subclase_5_digitos,Refinerías de petroleo.,118993553,764,92911958,2941986,,49128,13457791,109361627,2253707931,,1600496062,101251161,6256736,,92377157,567293,594006,1455969,2473009990,1015570,2573497797,2573497797,104483009,,,104483009,104483009,97930241,202413250,1541996,160417393,4453404805,6707112736,1513568160,4162312440,,567588060,63065340,6306534000,,,,,,,,,,,,,,,,,,,,,
1996,C,Rev.2,354,3,grupo_3_digitos,PROD.DERIVADOS PETROLEO Y CARBON,694653,,,99224,183695,261324,66967,611210,21450444,,7243480,-42765,,,-84303,41538,,,,46495,2031491,2031491,6291509,119804,,6171705,6291509,1869219,8160728,115778,5679756,15649380,37099824,,16160478,9426945,,1346706,26934129,,,,,,,,,,,,,,,,,,,,,
1996,C,Rev.2,3540,4,clase_4_digitos,PROD.DERIVADOS PETROLEO Y CARBON,694653,,,99224,183695,261324,66967,611210,21450444,,7243480,-42765,,,-84303,41538,,,,46495,2031491,2031491,6291509,119804,,6171705,6291509,1869219,8160728,115778,5679756,15649380,37099824,,16160478,9426945,,1346706,26934129,,,,,,,,,,,,,,,,,,,,,
1996,C,Rev.2,35400,5,subclase_5_digitos,Prod.derivados petroleo y carbón,694653,,,99224,183695,261324,66967,611210,21450444,,7243480,-42765,,,-84303,41538,,,,46495,2031491,2031491,6291509,119804,,6171705,6291509,1869219,8160728,115778,5679756,15649380,37099824,,16160478,9426945,,1346706,26934129,,,,,,,,,,,,,,,,,,,,,
1996,C,Rev.2,355,3,grupo_3_digitos,PRODUCTOS DEL CAUCHO,19416685,368522,7910604,1617617,28794,913610,281640,11120786,228706005,,43528480,11062951,,342318,6521376,272180,105316,3821761,,1015121,32716242,32716242,45352526,13954001,3013000,34411525,48365526,27876518,73229044,3824603,119176699,214838106,443544110,25917111,174320334,26475152,69064008,20604399,316381005,,,,,,,,,,,,,,,,,,,,,
1996,C,Rev.2,3551,4,clase_4_digitos,CAMARAS Y NEUMATICOS,17974853,368522,6797976,1391495,,444841,78671,9081504,192072470,,31094107,8224243,,175427,5703550,251180,23122,2070965,,737957,22393994,22393994,36009862,10983250,3013000,28039612,39022862,18264494,54274356,3391543,89372922,160835875,352908346,25010545,128679447,10874676,45210517,16802259,226577444,,,,,,,,,,,,,,,,,,,,,
1996,C,Rev.2,35510,5,subclase_5_digitos,"Cámaras, protectores y neumáticos",17974853,368522,6797976,1391495,,444841,78671,9081504,192072470,,31094107,8224243,,175427,5703550,251180,23122,2070965,,737957,22393994,22393994,36009862,10983250,3013000,28039612,39022862,18264494,54274356,3391543,89372922,160835875,352908346,25010545,128679447,10874676,45210517,16802259,226577444,,,,,,,,,,,,,,,,,,,,,
1996,C,Rev.2,3559,4,clase_4_digitos,PRODUCTOS DEL CAUCHO N.E.P.,1441832,,1112628,226122,28794,468769,202969,2039282,36633534,,12434374,2838708,,166891,817826,21000,82195,1750796,,277163,10322248,10322248,9342664,2970751,,6371913,9342664,9612025,18954688,433060,29803777,54002230,90635764,906566,45640887,15600476,23853491,3802140,89803561,,,,,,,,,,,,,,,,,,,,,
1996,C,Rev.2,35590,5,subclase_5_digitos,Productos del caucho n.e.p.,1441832,,1112628,226122,28794,468769,202969,2039282,36633534,,12434374,2838708,,166891,817826,21000,82195,1750796,,277163,10322248,10322248,9342664,2970751,,6371913,9342664,9612025,18954688,433060,29803777,54002230,90635764,906566,45640887,15600476,23853491,3802140,89803561,,,,,,,,,,,,,,,,,,,,,
1996,C,Rev.2,356,3,grupo_3_digitos,PRODUCTOS DEL PLASTICOS N.E.P.,44577084,,52530,495615,,1517208,1470600,3535953,855854585,343946,283685814,32854037,-20455788,973717,38481354,1961097,12868514,-974857,,2325264,129474444,129130498,152331105,74054776,,78276329,152331105,121935262,274266367,5213918,298639709,756033104,1611887689,29100502,307921674,154916950,758454212,77380152,1327773491,,,,,,,,,,,,,,,,,,,,,
1996,C,Rev.2,3560,4,clase_4_digitos,PRODUCTOS DEL PLASTICO N.E.P.,44577084,,52530,495615,,1517208,1470600,3535953,855854585,343946,283685814,32854037,-20455788,973717,38481354,1961097,12868514,-974857,,2325264,129474444,129130498,152331105,74054776,,78276329,152331105,121935262,274266367,5213918,298639709,756033104,1611887689,29100502,307921674,154916950,758454212,77380152,1327773491,,,,,,,,,,,,,,,,,,,,,
1996,C,Rev.2,35600,5,subclase_5_digitos,Productos plásticos n.e.p.,44577084,,52530,495615,,1517208,1470600,3535953,855854585,343946,283685814,32854037,-20455788,973717,38481354,1961097,12868514,-974857,,2325264,129474444,129130498,152331105,74054776,,78276329,152331105,121935262,274266367,5213918,298639709,756033104,1611887689,29100502,307921674,154916950,758454212,77380152,1327773491,,,,,,,,,,,,,,,,,,,,,
1996,C,Rev.2,36,2,division_2_digitos,PRODUCTOS MINERALES NO METALICOS,50277491,281457,68281123,7957759,30524353,1743129,17800615,126588437,861590772,3680458,377311265,59301126,7307787,220237,29366852,1990201,10352578,10063471,81261,3831131,101523662,97843204,187630489,29578718,92215,158143986,187722704,86486757,274117246,11124513,461734354,987166313,1848757085,97758394,759063495,321345231,177460560,128594683,1484222363,,,,,,,,,,,,,,,,,,,,,
1996,C,Rev.2,361,3,grupo_3_digitos,"OBJETOS BARRO,LOZA Y PORCELANA",19380850,,6419928,864456,26093755,2186,1145159,34525484,160030770,15979,33157902,5928843,-386723,28991,4638386,769830,878359,,,1060411,13031792,13015813,37921103,14104154,,23816949,37921103,11364504,49285607,606878,122096890,187651456,347682226,,9968662,160010540,,55241965,225221167,,,,,,,,,,,,,,,,,,,,,
1996,C,Rev.2,3610,4,clase_4_digitos,"OBJETOS BARRO,LOZA Y PORCELANA",19380850,,6419928,864456,26093755,2186,1145159,34525484,160030770,15979,33157902,5928843,-386723,28991,4638386,769830,878359,,,1060411,13031792,13015813,37921103,14104154,,23816949,37921103,11364504,49285607,606878,122096890,187651456,347682226,,9968662,160010540,,55241965,225221167,,,,,,,,,,,,,,,,,,,,,
1996,C,Rev.2,36100,5,subclase_5_digitos,"Objetos de barro,loza y porcelana",19380850,,6419928,864456,26093755,2186,1145159,34525484,160030770,15979,33157902,5928843,-386723,28991,4638386,769830,878359,,,1060411,13031792,13015813,37921103,14104154,,23816949,37921103,11364504,49285607,606878,122096890,187651456,347682226,,9968662,160010540,,55241965,225221167,,,,,,,,,,,,,,,,,,,,,
1996,C,Rev.2,362,3,grupo_3_digitos,VIDRIO Y PRODUCTOS DEL VIDRIO,5500072,234624,4278787,316944,110802,13408,3711873,8666437,89124551,3664479,38107139,7807667,,61281,5509788,,2128852,107746,,508173,4873773,1209294,22378961,4728768,,17650194,22378961,3739051,26118013,626549,62778405,107594910,196719461,1079320,30472559,2774424,85505166,1932107,121763576,,,,,,,,,,,,,,,,,,,,,
1996,C,Rev.2,3620,4,clase_4_digitos,VIDRIO Y PRODUCTOS DEL VIDRIO,5500072,234624,4278787,316944,110802,13408,3711873,8666437,89124551,3664479,38107139,7807667,,61281,5509788,,2128852,107746,,508173,4873773,1209294,22378961,4728768,,17650194,22378961,3739051,26118013,626549,62778405,107594910,196719461,1079320,30472559,2774424,85505166,1932107,121763576,,,,,,,,,,,,,,,,,,,,,
1996,C,Rev.2,36200,5,subclase_5_digitos,Vidrio y productos del vidrio.,5500072,234624,4278787,316944,110802,13408,3711873,8666437,89124551,3664479,38107139,7807667,,61281,5509788,,2128852,107746,,508173,4873773,1209294,22378961,4728768,,17650194,22378961,3739051,26118013,626549,62778405,107594910,196719461,1079320,30472559,2774424,85505166,1932107,121763576,,,,,,,,,,,,,,,,,,,,,
1996,C,Rev.2,369,3,grupo_3_digitos,OTROS PROD.MINERALES NO METALICOS.,25396569,46833,57582408,6776359,4319796,1727535,12943583,83396515,612435451,,306046224,45564617,7694510,129965,19218678,1220371,7345367,9955725,81261,2262547,83618096,83618096,127330425,10745796,92215,116676844,127422639,71383202,198713627,9891087,276859058,691919948,1304355399,96679074,718622274,158560268,91955394,71420610,1137237621,,,,,,,,,,,,,,,,,,,,,
1996,C,Rev.2,3691,4,clase_4_digitos,PROD.ARCILLA PARA CONSTRUCCION,7265606,,,1889369,332652,,6038077,8260099,25338066,,-5092837,3381743,,,64587,3314,,3313842,,481541,9966204,9966204,6326964,,,6326964,6326964,8382225,14709188,1102439,50536979,62675952,88014018,,42856780,1262880,14296727,28962297,87378684,,,,,,,,,,,,,,,,,,,,,
1996,C,Rev.2,36910,5,subclase_5_digitos,Prod.arcilla para la construcción.,7265606,,,1889369,332652,,6038077,8260099,25338066,,-5092837,3381743,,,64587,3314,,3313842,,481541,9966204,9966204,6326964,,,6326964,6326964,8382225,14709188,1102439,50536979,62675952,88014018,,42856780,1262880,14296727,28962297,87378684,,,,,,,,,,,,,,,,,,,,,
1996,C,Rev.2,3692,4,clase_4_digitos,"CEMENTO, CAL Y YESO.",9384364,46833,56095664,1825110,3966543,9795,5958624,67902569,369882782,,248529119,34495515,7694510,41830,19154090,731921,6471060,402103,,380731,52778785,52778785,77577430,7574689,75680,70078422,77653110,46908645,124486075,5489410,114802848,425495116,795377897,40563,648139286,2769027,11969362,2769027,665687264,,,,,,,,,,,,,,,,,,,,,
1996,C,Rev.2,36920,5,subclase_5_digitos,"Cemento, cal y yeso.",9384364,46833,56095664,1825110,3966543,9795,5958624,67902569,369882782,,248529119,34495515,7694510,41830,19154090,731921,6471060,402103,,380731,52778785,52778785,77577430,7574689,75680,70078422,77653110,46908645,124486075,5489410,114802848,425495116,795377897,40563,648139286,2769027,11969362,2769027,665687264,,,,,,,,,,,,,,,,,,,,,
1996,C,Rev.2,3699,4,clase_4_digitos,PROD.MINERALES NO METALICOS N.E.P.,8746600,,1486744,3061880,20601,1717740,946882,7233847,217214603,,62609942,7687359,,88134,,485137,874307,6239781,81261,1400276,20873107,20873107,43426031,3171107,16534,40271458,43442565,16092333,59518363,3299238,111519231,203748880,420963483,96638511,27626208,154528361,65689305,39689287,384171672,,,,,,,,,,,,,,,,,,,,,
1996,C,Rev.2,36991,5,subclase_5_digitos,,5998786,,1486744,2476807,,1060031,542362,5565945,146424791,,23653486,7604098,,4873,,485137,874307,6239781,81261,696834,14445832,14445832,29048951,2669172,16534,26396314,29065486,11061067,40110018,2606671,78586382,122684486,269109277,96078105,12095941,55961311,58076721,13239614,235451691,,,,,,,,,,,,,,,,,,,,,
1996,C,Rev.2,36992,5,subclase_5_digitos,,2747814,,,585073,20601,657709,404520,1667902,70789812,,38956456,83261,,83261,,,,,,703442,6427275,6427275,14377080,501935,,13875144,14377080,5031266,19408345,692567,32932849,81064394,151854206,560406,15530267,98567050,7612584,26449673,148719981,,,,,,,,,,,,,,,,,,,,,
1996,C,Rev.2,37,2,division_2_digitos,INDUSTRIAS METALICAS BASICAS,36117961,218132,3369542,730121,650826,542297,9899962,15410880,604577191,,347399090,88844864,4710060,104678,76049530,2646402,1210898,4123296,,1030599,27452573,27452573,106974842,55793910,244263,51425195,107219105,25008846,131983688,1413127,127410012,538379636,1142956827,789704,328406322,62023045,52299833,85306315,528825219,,,,,,,,,,,,,,,,,,,,,
1996,C,Rev.2,371,3,grupo_3_digitos,IND.BASICAS DE HIERRO Y ACERO,33558749,149232,2678185,562886,650826,491353,9391561,13924043,520104701,,313574128,86011956,4598838,,74311069,2494524,1210898,3396627,,827146,25527433,25527433,84327904,46491890,243600,38079614,84571504,23655481,107983385,1044805,102128548,474788858,994893559,173967,312297523,13998199,23770847,82023097,432263632,,,,,,,,,,,,,,,,,,,,,
1996,C,Rev.2,3710,4,clase_4_digitos,IND.BASICAS DE HIERRO Y ACERO,33558749,149232,2678185,562886,650826,491353,9391561,13924043,520104701,,313574128,86011956,4598838,,74311069,2494524,1210898,3396627,,827146,25527433,25527433,84327904,46491890,243600,38079614,84571504,23655481,107983385,1044805,102128548,474788858,994893559,173967,312297523,13998199,23770847,82023097,432263632,,,,,,,,,,,,,,,,,,,,,
1996,C,Rev.2,37100,5,subclase_5_digitos,Ind.básicas de hierro y acero,33558749,149232,2678185,562886,650826,491353,9391561,13924043,520104701,,313574128,86011956,4598838,,74311069,2494524,1210898,3396627,,827146,25527433,25527433,84327904,46491890,243600,38079614,84571504,23655481,107983385,1044805,102128548,474788858,994893559,173967,312297523,13998199,23770847,82023097,432263632,,,,,,,,,,,,,,,,,,,,,
1996,C,Rev.2,372,3,grupo_3_digitos,IND.BASICAS DE METALES NO FERROSOS,2559212,68900,691357,167235,,50944,508401,1486837,84472490,,33824962,2832908,111222,104678,1738461,151878,,726669,,203453,1925140,1925140,22646938,9302020,663,13345581,22647601,1353365,24000303,368322,25281464,63590778,148063268,615737,16108799,48024846,28528986,3283219,96561587,,,,,,,,,,,,,,,,,,,,,
1996,C,Rev.2,3720,4,clase_4_digitos,IND.BASICAS DE METALES NO FERROSOS,2559212,68900,691357,167235,,50944,508401,1486837,84472490,,33824962,2832908,111222,104678,1738461,151878,,726669,,203453,1925140,1925140,22646938,9302020,663,13345581,22647601,1353365,24000303,368322,25281464,63590778,148063268,615737,16108799,48024846,28528986,3283219,96561587,,,,,,,,,,,,,,,,,,,,,
1996,C,Rev.2,37200,5,subclase_5_digitos,Ind.básicas de metales no ferrosos,2559212,68900,691357,167235,,50944,508401,1486837,84472490,,33824962,2832908,111222,104678,1738461,151878,,726669,,203453,1925140,1925140,22646938,9302020,663,13345581,22647601,1353365,24000303,368322,25281464,63590778,148063268,615737,16108799,48024846,28528986,3283219,96561587,,,,,,,,,,,,,,,,,,,,,
1996,C,Rev.2,38,2,division_2_digitos,"PROD.METAL.,MAQUINARIA Y EQUIPO",86508967,659740,7174045,5609432,804384,8645526,7804964,30698090,1665098361,2413280,782345747,127449689,23822814,4002886,68667138,9189771,12667957,9099123,1964313,9321063,226644609,224231329,465981159,179931465,2244078,288293772,468225267,198482521,664986177,16876713,950712232,2043798275,3708896635,157577103,850456392,397278178,819196018,231388252,2455895942,,,,,,,,,,,,,,,,,,,,,
1996,C,Rev.2,381,3,grupo_3_digitos,PROD.METAL.EXCEP.MAQUIN.Y EQUIPO,32276502,220969,6565974,2762617,599759,5284469,2640565,18074354,762474647,380229,292949947,30195949,2651855,1278882,10576561,2858654,6755211,6074786,,3972244,108633001,108252772,226076754,76303670,996930,150770015,227073685,93544680,319621434,11116078,413647630,847126850,1609601497,24189469,474717247,196617752,419518014,91804397,1206846878,,,,,,,,,,,,,,,,,,,,,
1996,C,Rev.2,3811,4,clase_4_digitos,"CUCHILLERIA,HERRAM.MANUAL,CERRAJ.",1198829,14310,83035,188939,,233632,123813,643729,26488158,,10704081,2169174,,,11178,22156,,2135840,,253418,9343143,9343143,5740309,359144,89769,5470934,5830078,8891674,14631983,198051,30674804,51920857,78409015,,26045962,50173734,,,76219696,,,,,,,,,,,,,,,,,,,,,
1996,C,Rev.2,38110,5,subclase_5_digitos,"Cuchillería,herram.manuales,cerraj",1198829,14310,83035,188939,,233632,123813,643729,26488158,,10704081,2169174,,,11178,22156,,2135840,,253418,9343143,9343143,5740309,359144,89769,5470934,5830078,8891674,14631983,198051,30674804,51920857,78409015,,26045962,50173734,,,76219696,,,,,,,,,,,,,,,,,,,,,
1996,C,Rev.2,3812,4,clase_4_digitos,MUEBLES.Y ACCES.PRINCIP.METALICOS,1968255,,,175974,,492544,186104,854622,36630783,,12285634,5871121,947600,,409363,675372,3838786,,,136958,6368780,6368780,8771581,2445608,,6325973,8771581,5763235,14534817,468586,16756226,37378895,74009678,7968854,2503150,,29693993,25542177,65708175,,,,,,,,,,,,,,,,,,,,,
1996,C,Rev.2,38120,5,subclase_5_digitos,Muebles y acces princip.metálicos,1968255,,,175974,,492544,186104,854622,36630783,,12285634,5871121,947600,,409363,675372,3838786,,,136958,6368780,6368780,8771581,2445608,,6325973,8771581,5763235,14534817,468586,16756226,37378895,74009678,7968854,2503150,,29693993,25542177,65708175,,,,,,,,,,,,,,,,,,,,,
1996,C,Rev.2,3813,4,clase_4_digitos,PROD.METAL.ESTRUC.(HERRERIA-OBRA),5715229,154392,236288,1485732,500315,620571,320418,3317716,207514197,,57572148,10839173,3962642,171212,3614958,1141366,126125,1822870,,1209982,26935629,26935629,45979383,7013398,115026,39081011,46094409,23231779,69211162,2493868,96797334,187020340,394534537,2066047,99193605,22017860,166509830,39750683,329538026,,,,,,,,,,,,,,,,,,,,,
1996,C,Rev.2,38130,5,subclase_5_digitos,Prod.metálicos estruc(Herr.obra),5715229,154392,236288,1485732,500315,620571,320418,3317716,207514197,,57572148,10839173,3962642,171212,3614958,1141366,126125,1822870,,1209982,26935629,26935629,45979383,7013398,115026,39081011,46094409,23231779,69211162,2493868,96797334,187020340,394534537,2066047,99193605,22017860,166509830,39750683,329538026,,,,,,,,,,,,,,,,,,,,,
1996,C,Rev.2,3819,4,clase_4_digitos,ARTICULOS METALICOS N.E.P.,23394189,52267,6246651,911971,99445,3937723,2010230,13258287,491841508,380229,212388084,11316481,-2258388,1107670,6541063,1019760,2790300,2116077,,2371885,65985449,65605220,165585481,66485520,792135,99892096,166377616,55657991,221243472,7955573,269419266,570806758,1062648266,14154567,346974529,124426157,223314191,26511537,735380981,,,,,,,,,,,,,,,,,,,,,
1996,C,Rev.2,38191,5,subclase_5_digitos,,3251382,,804754,,83857,433264,266055,1587930,95731499,97311,29880021,4350797,,,3610588,53107,687101,,,257603,-1112509,-1209820,39803722,24869538,599832,15534016,40403554,-2411100,37392622,1040988,29915002,61836585,157568084,2188489,103243608,3174833,12874082,2381125,123862137,,,,,,,,,,,,,,,,,,,,,
1996,C,Rev.2,38192,5,subclase_5_digitos,,15291331,52267,5361917,615145,15588,719796,1210057,7974770,273665775,282918,120520988,1370701,-2258388,1107670,1331346,676488,192452,321133,,1045972,36915507,36632589,66811222,15753812,173265,51230675,66984487,34049424,100860646,1820111,126464989,298909898,572575674,11966079,240838697,60717076,170704141,2502040,486728033,,,,,,,,,,,,,,,,,,,,,
1996,C,Rev.2,38193,5,subclase_5_digitos,,4851476,,79981,296826,,2784662,534118,3695587,122444233,,61987075,5594983,,,1599129,290164,1910747,1794943,,1068309,30182451,30182451,58970537,25862170,19038,33127405,58989575,24019667,82990204,5094474,113039274,210060275,332504509,,2892225,60534248,39735967,21628372,124790811,,,,,,,,,,,,,,,,,,,,,
1996,C,Rev.2,382,3,grupo_3_digitos,MAQUINARIA EXCEPTO ELECTRICA.,5013935,,,612924,,950319,1342026,2905270,131219616,,74607572,3164006,,593032,1187660,297515,84392,1001407,34010,1053019,25448020,25448020,34611848,12666625,1043128,22988350,35654975,23036428,58170773,1324563,120756671,225826199,357045815,8799956,5620785,25436379,35460307,73710330,149027758,,,,,,,,,,,,,,,,,,,,,
1996,C,Rev.2,3822,4,clase_4_digitos,MAQUIN.Y EQUIPO P/AGRICULTURA,590569,,,79667,,109122,646844,835632,34210295,,21165601,987035,,,345275,27733,,614027,,166411,-2370528,-2370528,6472746,226932,1029420,7275234,7502166,-2575450,4385784,38510,12698298,32083940,66294236,1548786,945766,14345564,1161589,29840318,47842023,,,,,,,,,,,,,,,,,,,,,
1996,C,Rev.2,38220,5,subclase_5_digitos,Maquinaria y equipo p/agricultura,590569,,,79667,,109122,646844,835632,34210295,,21165601,987035,,,345275,27733,,614027,,166411,-2370528,-2370528,6472746,226932,1029420,7275234,7502166,-2575450,4385784,38510,12698298,32083940,66294236,1548786,945766,14345564,1161589,29840318,47842023,,,,,,,,,,,,,,,,,,,,,
1996,C,Rev.2,3823,4,clase_4_digitos,MAQUIN.P/TRAB.METALES Y MADERA,102870,,,8699,,18466,,27166,1797291,,2761276,84279,,,,120222,,-35943,,12899,1496971,1496971,1010865,571726,,439138,1010865,1458000,2468865,26072,1551789,5912907,7710198,41063,1272939,,2792254,,4106256,,,,,,,,,,,,,,,,,,,,,
1996,C,Rev.2,38230,5,subclase_5_digitos,Maquin.p/trabajar metales y madera,102870,,,8699,,18466,,27166,1797291,,2761276,84279,,,,120222,,-35943,,12899,1496971,1496971,1010865,571726,,439138,1010865,1458000,2468865,26072,1551789,5912907,7710198,41063,1272939,,2792254,,4106256,,,,,,,,,,,,,,,,,,,,,
1996,C,Rev.2,3824,4,clase_4_digitos,MAQUIN.Y EQUIPO P/INDUSTRIA,1358844,,,86921,,108867,170757,366546,19452865,,4472497,57503,,,42803,14701,,,34010,110311,4366422,4366422,3507456,1135910,,2371546,3507456,3978683,7520149,243419,11879115,22076878,41529743,,3168126,,11349762,494457,15012345,,,,,,,,,,,,,,,,,,,,,
1996,C,Rev.2,38240,5,subclase_5_digitos,Maquinaria y equipo p/industria.,1358844,,,86921,,108867,170757,366546,19452865,,4472497,57503,,,42803,14701,,,34010,110311,4366422,4366422,3507456,1135910,,2371546,3507456,3978683,7520149,243419,11879115,22076878,41529743,,3168126,,11349762,494457,15012345,,,,,,,,,,,,,,,,,,,,,
1996,C,Rev.2,3825,4,clase_4_digitos,"MAQ.OFIC,CALCULO Y CONTABILIDAD",1210107,,,55913,,97462,13292,166667,10865146,,20643417,1602792,,593032,1009760,,,,,180719,5536305,5536305,6617120,983052,,5634068,6617120,4500638,11117758,854948,22008164,49397993,60263139,63700,,238875,1364948,1117211,2784734,,,,,,,,,,,,,,,,,,,,,
1996,C,Rev.2,38250,5,subclase_5_digitos,Máq.ofic.cálculo y contabilidad,1210107,,,55913,,97462,13292,166667,10865146,,20643417,1602792,,593032,1009760,,,,,180719,5536305,5536305,6617120,983052,,5634068,6617120,4500638,11117758,854948,22008164,49397993,60263139,63700,,238875,1364948,1117211,2784734,,,,,,,,,,,,,,,,,,,,,
1996,C,Rev.2,3829,4,clase_4_digitos,MAQUIN.Y EQUIPOS N.E.P.,1751545,,,381724,,616402,511133,1509259,64894018,,25564782,432396,,,-210177,134859,84392,423323,,582679,16418850,16418850,17003661,9749005,13708,7268364,17017369,15674556,32678217,161615,72619305,116354481,181248500,7146408,233954,10851940,18791755,42258344,79282401,,,,,,,,,,,,,,,,,,,,,
1996,C,Rev.2,38290,5,subclase_5_digitos,Maquin.y equipo n.e.p.,1751545,,,381724,,616402,511133,1509259,64894018,,25564782,432396,,,-210177,134859,84392,423323,,582679,16418850,16418850,17003661,9749005,13708,7268364,17017369,15674556,32678217,161615,72619305,116354481,181248500,7146408,233954,10851940,18791755,42258344,79282401,,,,,,,,,,,,,,,,,,,,,
1996,C,Rev.2,383,3,grupo_3_digitos,MAQUIN.APAR.Y SUMIN.ELECTRICOS,19093216,247673,381995,945664,202612,863226,1709283,4350453,442558713,596814,246516299,29406231,6315313,1509735,17648199,1679758,1669771,583455,,1605101,58568252,57971438,122007717,67166896,198363,55039184,122206080,54272128,176279845,2691024,196615252,520196206,962754919,117606294,254417019,146384157,209212449,18995941,746615859,,,,,,,,,,,,,,,,,,,,,
1996,C,Rev.2,3831,4,clase_4_digitos,MAQ.Y APAR.INDUSTR.ELECTRICOS,2356717,,,169342,,204401,71330,445073,65951539,57788,79067254,15286976,,898598,13171770,762966,275182,178460,,444778,9296147,9238359,23071721,10144112,,12927609,23071721,8319481,31391202,531888,53996757,144659087,210610626,2940358,16115327,3008703,146320010,6519022,174903419,,,,,,,,,,,,,,,,,,,,,
1996,C,Rev.2,38310,5,subclase_5_digitos,Máq.y apar.industriales eléctricos,2356717,,,169342,,204401,71330,445073,65951539,57788,79067254,15286976,,898598,13171770,762966,275182,178460,,444778,9296147,9238359,23071721,10144112,,12927609,23071721,8319481,31391202,531888,53996757,144659087,210610626,2940358,16115327,3008703,146320010,6519022,174903419,,,,,,,,,,,,,,,,,,,,,
1996,C,Rev.2,3832,4,clase_4_digitos,"EQ.Y APAR.RADIO,TV Y COMUNICACION",396518,,,384941,,153542,,538483,33903421,,16300765,4449129,4374979,,,,74149,,,45761,4664967,4664967,11351591,6633271,,4718320,11351591,3979107,15330698,640098,5544912,26907162,60810582,25807006,3669372,,11748153,229336,41453867,,,,,,,,,,,,,,,,,,,,,
1996,C,Rev.2,38320,5,subclase_5_digitos,"Eq.y apar. radio,tv,y comunicación",396518,,,384941,,153542,,538483,33903421,,16300765,4449129,4374979,,,,74149,,,45761,4664967,4664967,11351591,6633271,,4718320,11351591,3979107,15330698,640098,5544912,26907162,60810582,25807006,3669372,,11748153,229336,41453867,,,,,,,,,,,,,,,,,,,,,
1996,C,Rev.2,3833,4,clase_4_digitos,APAR.Y ACCES.ELECT.USO DOMESTICO,4746559,,106931,48223,,119575,838395,1113124,134667442,2806,65755049,2689044,763128,,1380262,89378,437152,19124,,439673,18057525,18054719,47768107,28665958,198363,19300512,47966470,16989330,64757437,628522,53891484,142447811,277115254,5501191,103512120,84355814,,,193369125,,,,,,,,,,,,,,,,,,,,,
1996,C,Rev.2,38330,5,subclase_5_digitos,Apar.y acces.eléct. uso doméstico,4746559,,106931,48223,,119575,838395,1113124,134667442,2806,65755049,2689044,763128,,1380262,89378,437152,19124,,439673,18057525,18054719,47768107,28665958,198363,19300512,47966470,16989330,64757437,628522,53891484,142447811,277115254,5501191,103512120,84355814,,,193369125,,,,,,,,,,,,,,,,,,,,,
1996,C,Rev.2,3839,4,clase_4_digitos,"PILAS,LAMP,MATER.DE CONDUCCION",11593422,247673,275065,343158,202612,385707,799558,2253773,208036311,536220,85393230,6981082,1177205,611137,3096168,827415,883287,385871,,674889,26549613,26013394,39816298,21723556,,18092743,39816298,24984209,64800507,890515,83182099,206182145,414218456,83357738,131120200,59019640,51144286,12247583,336889448,,,,,,,,,,,,,,,,,,,,,
1996,C,Rev.2,38391,5,subclase_5_digitos,Acumuladores y pilas (baterías),750359,221467,168019,300760,178248,101175,510287,1479956,38198774,,11802022,603590,338950,5884,160020,98736,,,,124650,4446349,4446349,7529227,2978250,,4550977,7529227,4182341,11711568,139358,16418603,33417333,71616106,1076465,12811632,33158275,5020887,10677382,62744641,,,,,,,,,,,,,,,,,,,,,
1996,C,Rev.2,38393,5,subclase_5_digitos,Piezas y material conducción elect,10843063,26206,107045,42398,24364,284532,289271,773817,169837538,536220,73591209,6377493,838255,605253,2936148,728679,883287,385871,,550238,22103264,21567044,32287071,18745305,,13541766,32287071,20801868,53088939,751157,66763496,172764812,342602350,82281273,118308568,25861365,46123400,1570201,274144807,,,,,,,,,,,,,,,,,,,,,
1996,C,Rev.2,384,3,grupo_3_digitos,MATERIAL DE TRANSPORTE,18501700,191097,226075,1232299,2012,1157704,1915994,4725182,217945520,1436238,80964392,46134553,14855646,587153,21337431,4110568,4129088,1114667,1920318,2012140,21909038,20472800,55470585,13605108,5657,41871134,55476272,16841911,72312496,1134669,159974984,279913876,497859397,5236793,115701341,16516646,27646341,18766247,183867367,,,,,,,,,,,,,,,,,,,,,
1996,C,Rev.2,3841,4,clase_4_digitos,CONSTRUCCION Y REPARACION NAVALES,5222882,115822,,712036,182,212533,553539,1594112,70375812,1098684,13634827,4582781,791988,349982,2511363,526382,25902,377164,,671637,-5235000,-6333684,6665801,29063,5657,6642395,6671488,-6155461,510339,248825,66823409,79347434,149723246,,,,131506,,131506,,,,,,,,,,,,,,,,,,,,,
1996,C,Rev.2,38410,5,subclase_5_digitos,Construcción y reparacion navales,5222882,115822,,712036,182,212533,553539,1594112,70375812,1098684,13634827,4582781,791988,349982,2511363,526382,25902,377164,,671637,-5235000,-6333684,6665801,29063,5657,6642395,6671488,-6155461,510339,248825,66823409,79347434,149723246,,,,131506,,131506,,,,,,,,,,,,,,,,,,,,,
1996,C,Rev.2,3843,4,clase_4_digitos,AUTOMOVILES Y REPUESTOS,6066801,75275,226075,520263,1830,472671,1362456,2658570,68089533,337554,31388411,7322540,518688,237171,4006448,594978,1802687,162568,,1040292,12230217,11892663,22481927,7763870,,14718057,22481927,10786498,33268425,403427,54993323,104341198,172430731,5236793,26982559,12487737,27514835,7250944,79472868,,,,,,,,,,,,,,,,,,,,,
1996,C,Rev.2,38430,5,subclase_5_digitos,Automotores y repuestos,6066801,75275,226075,520263,1830,472671,1362456,2658570,68089533,337554,31388411,7322540,518688,237171,4006448,594978,1802687,162568,,1040292,12230217,11892663,22481927,7763870,,14718057,22481927,10786498,33268425,403427,54993323,104341198,172430731,5236793,26982559,12487737,27514835,7250944,79472868,,,,,,,,,,,,,,,,,,,,,
1996,C,Rev.2,3844,4,clase_4_digitos,"MOTOS, MOTOCICLETAS Y BICICLETAS",7212017,,,,,472500,,472500,79480175,,35941154,34229232,13544970,,14819620,2989208,2300499,574935,1920318,300211,14913821,14913821,26322857,5812175,,20510682,26322857,12210875,38533732,482417,38158252,96225244,175705419,,88718781,4028909,,11515303,104262993,,,,,,,,,,,,,,,,,,,,,
1996,C,Rev.2,38440,5,subclase_5_digitos,"Motos,motocicletas y bicicletas.",7212017,,,,,472500,,472500,79480175,,35941154,34229232,13544970,,14819620,2989208,2300499,574935,1920318,300211,14913821,14913821,26322857,5812175,,20510682,26322857,12210875,38533732,482417,38158252,96225244,175705419,,88718781,4028909,,11515303,104262993,,,,,,,,,,,,,,,,,,,,,
1996,C,Rev.2,385,3,grupo_3_digitos,EQ.PROF.Y CIENTIF.Y AP.FOTOGRAFIA,11623613,,,55927,,389808,197095,642830,110899865,,87307538,18548950,,34085,17917286,243276,29496,324807,9984,678559,12086297,12086297,27814255,10189166,,17625089,27814255,10787375,38601630,610379,59717695,170735143,281635008,1744591,,12323245,127358907,28111337,169538080,,,,,,,,,,,,,,,,,,,,,
1996,C,Rev.2,3851,4,clase_4_digitos,EQ.PROF.Y CIENTIFICO (ORTOPEDIA),10702073,,,55927,,254682,181408,492018,84963577,,55901361,18159029,,,17713204,121018,,324807,9984,356084,9614025,9614025,18673503,8224962,,10448540,18673503,8798161,27471663,449797,43094064,119311523,204275100,,,,127358907,,127358907,,,,,,,,,,,,,,,,,,,,,
1996,C,Rev.2,38510,5,subclase_5_digitos,Equipo prof.científico(ortopedia),10702073,,,55927,,254682,181408,492018,84963577,,55901361,18159029,,,17713204,121018,,324807,9984,356084,9614025,9614025,18673503,8224962,,10448540,18673503,8798161,27471663,449797,43094064,119311523,204275100,,,,127358907,,127358907,,,,,,,,,,,,,,,,,,,,,
1996,C,Rev.2,3852,4,clase_4_digitos,"AP.FOTOGRAFICOS,INSTRUM.OPTICA",921540,,,,,135126,15687,150813,25936288,,31406177,389920,,34085,204082,122258,29496,,,322476,2472272,2472272,9140752,1964204,,7176548,9140752,1989214,11129967,160582,16623631,51423620,77359908,1744591,,12323245,,28111337,42179173,,,,,,,,,,,,,,,,,,,,,
1996,C,Rev.2,38520,5,subclase_5_digitos,Ap.fotográficos e instrum.óptica.,921540,,,,,135126,15687,150813,25936288,,31406177,389920,,34085,204082,122258,29496,,,322476,2472272,2472272,9140752,1964204,,7176548,9140752,1989214,11129967,160582,16623631,51423620,77359908,1744591,,12323245,,28111337,42179173,,,,,,,,,,,,,,,,,,,,,
1996,C,Rev.2,39,2,division_2_digitos,OTRAS INDUSTRIAS MANUFACTURERAS,2667459,268948,16659,101055,,294367,258926,939954,171611101,,46749531,1535847,60979,159243,356162,330957,268280,360227,526971,584706,28309818,28309818,31186834,4318437,991915,27860312,32178749,25901618,57088452,1296523,49695270,127422079,299033179,16837516,41847412,35780868,32433529,32934115,159833440,,,,,,,,,,,,,,,,,,,,,
1996,C,Rev.2,390,3,grupo_3_digitos,OTRAS INDUSTRIAS MANUFACTURERAS,2667459,268948,16659,101055,,294367,258926,939954,171611101,,46749531,1535847,60979,159243,356162,330957,268280,360227,526971,584706,28309818,28309818,31186834,4318437,991915,27860312,32178749,25901618,57088452,1296523,49695270,127422079,299033179,16837516,41847412,35780868,32433529,32934115,159833440,,,,,,,,,,,,,,,,,,,,,
1996,C,Rev.2,3901,4,clase_4_digitos,JOYAS Y ARTICULOS CONEXOS,207867,,,13946,,13677,75469,103092,5758859,,1998405,142656,,,,80708,61948,,111585,251235,1846765,1846765,508341,,96852,605192,605192,1364674,1873015,119270,5600057,9653093,15411953,,106278,,,5560121,5666399,,,,,,,,,,,,,,,,,,,,,
1996,C,Rev.2,39010,5,subclase_5_digitos,Joyas y artículos conexos.,207867,,,13946,,13677,75469,103092,5758859,,1998405,142656,,,,80708,61948,,111585,251235,1846765,1846765,508341,,96852,605192,605192,1364674,1873015,119270,5600057,9653093,15411953,,106278,,,5560121,5666399,,,,,,,,,,,,,,,,,,,,,
1996,C,Rev.2,3903,4,clase_4_digitos,ARTIC.DE DEPORTE Y ATLETISMO,71462,,,,,,11654,11654,527715,,280742,,,,,,,,,1782,119980,119980,93871,,,93871,93871,116262,210132,1937,203152,675337,1203053,,476079,629289,,22229,1127598,,,,,,,,,,,,,,,,,,,,,
1996,C,Rev.2,39030,5,subclase_5_digitos,Artículos para deporte.,71462,,,,,,11654,11654,527715,,280742,,,,,,,,,1782,119980,119980,93871,,,93871,93871,116262,210132,1937,203152,675337,1203053,,476079,629289,,22229,1127598,,,,,,,,,,,,,,,,,,,,,
1996,C,Rev.2,3909,4,clase_4_digitos,OTRAS INDUSTRIAS MANUFACT. N.E.P.,2388130,268948,16659,87109,,280690,171803,825208,165324526,,44470384,1393191,60979,159243,356162,250249,206332,360227,415386,331689,26343073,26343073,30584623,4318437,895063,27161249,31479686,24420682,55005305,1175316,43892061,117093648,282418174,16837516,41265055,35151579,32433529,27351765,153039444,,,,,,,,,,,,,,,,,,,,,
1996,C,Rev.2,39090,5,subclase_5_digitos,Otras industrias manufact.n.e.p.,2388130,268948,16659,87109,,280690,171803,825208,165324526,,44470384,1393191,60979,159243,356162,250249,206332,360227,415386,331689,26343073,26343073,30584623,4318437,895063,27161249,31479686,24420682,55005305,1175316,43892061,117093648,282418174,16837516,41265055,35151579,32433529,27351765,153039444,,,,,,,,,,,,,,,,,,,,,
1997,C,Rev.2,3,1,industria_total,INDUSTRIAS MANUFACTURERAS,2084478214.1007,,,,,,,,42713367027.2825,554039086.6543,11507984060.149101,3655794093.2612996,,,,,,,5370369808.473799,93788656.6925,,5269441809.8792,,,,,,1915174505.0186,,359322431.3672,10355742880.732601,29217646964.8616,71931013992.1441,,,,,7832511344.51756,50718030517.76653,3885012466.2271996,2022846922.2322,1527356490.3477998,3550203412.58,19054577688.122597,8605107514.212603,27659685202.335197,334809053.6472001,229218372.9659,2490112610.6675,65419425.493,448792987.1468,187798657.0595,204092402.7328,1514889250.7152,69119887.5202,1238156551.5297601,561805129.5830661,1226839102.13494,39561964366.784195,296754023.217008
1997,C,Rev.2,31,2,division_2_digitos,PRODUCTOS ALIMENT.BEBIDAS Y TABACO,1099549274.3283997,,,,,,,,21663321135.1019,218976992.395,3838563310.4399004,1569302266.2951,,,,,,,2169077288.0843,33298946.574,,2158701688.3879004,,,,,,1038655058.6805,,175302446.1246,4036687934.392,11133502207.548203,32796823342.650097,,,,,4901445380.38897,22666967842.39307,1661568232.1992998,1055321402.2818002,505974751.9175,1561296154.1992998,13050459437.3993,1940032138.6781998,14990491576.0775,100272078,92265965.9042,481322897.28639996,65180235.030600004,1165364.1394999903,-10793938.750600003,53692963.81649999,342070793.3553,30007479.6951,125583782.248054,43464960,112054444.19064999,17297109919.1954,187309356.37
1997,C,Rev.2,311,3,grupo_3_digitos,PRODUCTOS ALIMENTICIOS,481231900.1989,,,,,,,,16313962816.258,196530380.451,1921020184.2332,1104880535.7145,,,,,,,2718628,22603762.994999997,,-67415152.94270001,,,,,,359997098.73249996,,103792836.51330002,2729479642.687,5064316574.176399,21378279390.434402,,,,,2584783626.3875704,12281783626.546705,1136549736.2013,809965075.0573,233490643.14399996,1043455718.2013001,11786804164.2978,793486266.0202,12580290430.318,93094018,31669200.486799996,519465269.2599,66493583.111999996,87738295.33599998,-3435580.6023,53637564.182399996,291924104.5626999,23107302.6691,123650494.57805398,0,109534229.04065,9444594385.17043,19220891.37
1997,C,Rev.2,3111,4,clase_4_digitos,MATANZA Y PREPARAC CARNES Y AVES,139953894.3071,,,,,,,,7679149364.643601,145725693.01719996,655529155.4725,373985419.2684,,,,,,,533389,7406690.524499999,,-97336162.8603,,,,,,140562283.4237,,40449450.6324,875969717.2847,1574116604.204,9253265968.8476,,,,,697292864.9133,4530907072.757704,381745457.92679995,289533947.3636,56724553.563200004,346258500.92679995,6285928674.443399,131672543.70240001,6417601218.1458,35486957,7760038.6584,205204278.0236,13639072.416999998,49879228.6801,486155.9377,22787935.5334,119054370.62659998,-642485.1711999999,1134907.6467040002,0,20374836.72,3812104463.4777,0
1997,C,Rev.2,31111,5,subclase_5_digitos,Matanza de ganado.,108003110.14240001,,,,,,,,6627205825.1056,145688226.01719996,372089356.64800006,304504069.3304,,,,,,,147797,5607301.6828000005,,-108632440.91960001,,,,,,29663592.965199996,,31300686.4148,656332695.2212001,1027792721.092,7654998546.1976,,,,,551289374.0599998,3141330299.5895996,311752354.3304,234952863.3304,43590860,278543723.3304,5581454391.957599,8436495.791999998,5589890887.749599,33208631,7248285,150642469.3684,11008464,16970135.156400003,-700022,10735622.08,112603919.132,24351,336837.42,0,20374836.72,2569329251.3896003,0
1997,C,Rev.2,31112,5,subclase_5_digitos,Preparación y conservación carnes,22101809.6377,,,,,,,,735765674.9710001,37467,197871355.7565,39195983.174,,,,,,,385592,1355760.1657,,9555335.762299998,,,,,,83210943.67849998,,7851450.596600001,163093958.7895,392622459.9459999,1128388134.917,,,,,99154649.48493999,978499184.7651,39707736.832399994,24804710.269199997,12624700.563200003,37429410.832399994,525130220.3248,73711113.91040002,598841334.2352,2278326,511753.65839999996,37176306.19420001,2253395.4169999994,23776613.935699996,754809.3237,7073483.6024,3984840.0866,-666836.1711999999,798070.226704,0,0,878546465.0534558,0
1997,C,Rev.2,31113,5,subclase_5_digitos,Matanza y preparación de aves.,9848974.526999999,,,,,,,,316177864.5669999,0,85568443.068,30285366.763999995,,,,,,,0,443628.6759999999,,1740942.297,,,,,,27687746.779999997,,1297313.621,56543063.274000004,153701423.166,469879287.73299986,,,,,46848841.36836,411077588.403,30285366.763999995,29776373.763999995,508993,30285366.763999995,179344062.16099998,49524934,228868996.16099998,0,0,17385502.460999995,377213,9132479.587999998,431368.614,4978829.851000001,2465611.408,0,0,0,0,364228747.03463995,0
1997,C,Rev.2,3112,4,clase_4_digitos,PRODUCTOS LACTEOS,106015107.9772,,,,,,,,2848456267.3221,51218137.3957,228701240.9283,223688969.1571,,,,,,,100356,5803733.991500001,,-26898412.2097,,,,,,71827088.62979999,,18415635.1945,712072572.5233,1019890509.2191,3868346776.5411997,,,,,66227112.154042,2395696558.1471014,231952042.92580003,157552519.55640003,74399523.3694,231952042.92580003,1911293668.6184998,168753345.69819996,2080047014.3167,0,8263073.768700001,177101895.79189998,56082111.3076,16537493.129299998,500080.5268,239024.6588,82409933.68869999,21333252.480699997,40944765.190000005,0,87694412.16064999,2200830268.64241,0
1997,C,Rev.2,31120,5,subclase_5_digitos,Productos lácteos.,106015107.9772,,,,,,,,2848456267.3221,51218137.3957,228701240.9283,223688969.1571,,,,,,,100356,5803733.991500001,,-26898412.2097,,,,,,71827088.62979999,,18415635.1945,712072572.5233,1019890509.2191,3868346776.5411997,,,,,66227112.154042,2395696558.1471014,231952042.92580003,157552519.55640003,74399523.3694,231952042.92580003,1911293668.6184998,168753345.69819996,2080047014.3167,0,8263073.768700001,177101895.79189998,56082111.3076,16537493.129299998,500080.5268,239024.6588,82409933.68869999,21333252.480699997,40944765.190000005,0,87694412.16064999,2200830268.64241,0
1997,C,Rev.2,3113,4,clase_4_digitos,ENVAS.Y CONSERVAC.FRUTAS-LEGUMBRES,13443974.4487,,,,,,,,132229189.3351,1012141,32528731.952,3633710.4222999997,,,,,,,1379565,408187.10669999995,,2460992.1908,,,,,,13683249.8123,,1685381.0841,46232636.8645,94666335.456,226895524.79109997,,,,,11843367.527199998,110614219.63599998,3633710.4222999997,1530133.4223,2103577,3633710.4222999997,85495353.0723,7772126,93267479.0723,0,0,36494340.38209999,2496253.3057999997,943131.827,736045,-653433.6138,33016904.7689,-44560.9058,0,0,0,98770852.10879998,0
1997,C,Rev.2,31130,5,subclase_5_digitos,"Envas.y concervac.frutas,legumbres",13443974.4487,,,,,,,,132229189.3351,1012141,32528731.952,3633710.4222999997,,,,,,,1379565,408187.10669999995,,2460992.1908,,,,,,13683249.8123,,1685381.0841,46232636.8645,94666335.456,226895524.79109997,,,,,11843367.527199998,110614219.63599998,3633710.4222999997,1530133.4223,2103577,3633710.4222999997,85495353.0723,7772126,93267479.0723,0,0,36494340.38209999,2496253.3057999997,943131.827,736045,-653433.6138,33016904.7689,-44560.9058,0,0,0,98770852.10879998,0
1997,C,Rev.2,3114,4,clase_4_digitos,ELABORACION DE PESCADO Y OTROS,25664091.560999997,,,,,,,,317276375.5018,9263776,46584817.9598,46078798.262600005,,,,,,,0,1060035.4111999997,,-7224460.9988,,,,,,-14677878,,979279.5899999999,131400959.46720001,196425407.98920003,513701783.49099994,,,,,1049765.9400000002,22339620,47170687.262600005,19433963.262599997,26987881,46421844.262600005,185243267.42700002,0,185243267.42700002,748843,1091889,-46825169.39920001,-729167.5999999999,451436.7514,76730,0,-51510653.5506,4886485,0,0,0,14229414.52,7060439.54
1997,C,Rev.2,31140,5,subclase_5_digitos,"Elaboración de pescado, y otros.",25664091.560999997,,,,,,,,317276375.5018,9263776,46584817.9598,46078798.262600005,,,,,,,0,1060035.4111999997,,-7224460.9988,,,,,,-14677878,,979279.5899999999,131400959.46720001,196425407.98920003,513701783.49099994,,,,,1049765.9400000002,22339620,47170687.262600005,19433963.262599997,26987881,46421844.262600005,185243267.42700002,0,185243267.42700002,748843,1091889,-46825169.39920001,-729167.5999999999,451436.7514,76730,0,-51510653.5506,4886485,0,0,0,14229414.52,7060439.54
1997,C,Rev.2,3115,4,clase_4_digitos,ACEITES Y GRASAS VEGET.Y ANIMALES.,6028884.7444,,,,,,,,355392284.0598001,0,55021022.87239999,2724736.2213000003,,,,,,,0,486778.16799999995,,6392227.0318,,,,,,27625946.8284,,5905448.863799999,47260905.8042,114703040.45280002,470095324.51259995,,,,,67020715.78499,416303985.38619995,2928736.2213000003,1423986.9852999998,1504749.236,2928736.2213000003,221615420.38420004,10667142,232282562.38420004,0,204000,35951877.571600005,-2999496.5343,-2885926,-2112000,23936661,20025943.1059,-13304,0,0,0,349283269.60121,0
1997,C,Rev.2,31150,5,subclase_5_digitos,Aceites y grasas veget.y animales,6028884.7444,,,,,,,,355392284.0598001,0,55021022.87239999,2724736.2213000003,,,,,,,0,486778.16799999995,,6392227.0318,,,,,,27625946.8284,,5905448.863799999,47260905.8042,114703040.45280002,470095324.51259995,,,,,67020715.78499,416303985.38619995,2928736.2213000003,1423986.9852999998,1504749.236,2928736.2213000003,221615420.38420004,10667142,232282562.38420004,0,204000,35951877.571600005,-2999496.5343,-2885926,-2112000,23936661,20025943.1059,-13304,0,0,0,349283269.60121,0
1997,C,Rev.2,3116,4,clase_4_digitos,"MOLINOS HARINEROS,ARROCEROS,YERBAT",67069600.580000006,,,,,,,,2963261233.3687,-13423195.961900001,164079301.23359996,128916447.6162,,,,,,,0,2712387.3989999997,,31390609.5802,,,,,,5617581.4115,,15255026.219299998,297269910.6642,559809422.058,3523070655.4267,,,,,123972647.72126502,1566603611.9169052,140862853.4987,43682542.031500004,40932851.46720001,84615393.4987,2178246528.1642003,58945037.8704,2237191566.0346007,56247460,11946405.8825,18688695.543699995,1034431.404,7558059.3626999995,-4716847.379600001,3332649.8976,11345198.993600002,135203.2654,4292752.5200000005,0,46020.8,1435570934.0456402,2721256.8299999996
1997,C,Rev.2,31161,5,subclase_5_digitos,Molinos harineros.,18355441.8904,,,,,,,,714155950.6183001,14845831.038099999,90508000.55519998,32955702.6802,,,,,,,0,1119765.1142,,-5917929.6662,,,,,,42886603.457899995,,7808136.2577,137768260.1026,240713772.88200003,954869723.5003,,,,,121846942.47126502,1139259486.440105,41585444.29870001,22965811.8315,18619632.467199996,41585444.29870001,509464636.4409999,6072518,515537154.4409999,0,8629741.618499996,1522242.9197,976564.4952,1384203.0779000001,-4570035.379600001,6510411,-3229784.5392,450884.2654,4292752.5200000005,0,0,1010398534.6188401,2721256.8299999996
1997,C,Rev.2,31162,5,subclase_5_digitos,Molinos arroceros.,47790392,,,,,,,,2181519919,-28269027,69602356,95920519,,,,,,,0,1503586,,36770981,,,,,,-38270791,,6998368,148743615,302907344,2484427263,,,,,2125705.25,327834270,99155494,20594815,22313219,42908034,1662409844,20613,1662430457,56247460,3234975,19878643,398896,6890289,629249,-3175149,15451039,-315681,0,0,46020.8,325662543.95,0
1997,C,Rev.2,31163,5,subclase_5_digitos,Molienda yerba mate.,923766.6895999999,,,,,,,,67585363.7504,0,3968944.6783999996,40225.936,,,,,,,0,89036.2848,,537558.2463999998,,,,,,1001768.9536000001,,448521.9616,10758035.561600002,16188305.176,83773668.9264,,,,,0,99509855.47679998,121915.2,121915.2,0,121915.2,6372047.7232,52851906.8704,59223954.593600005,0,81689.26399999998,-2712190.3759999997,-341029.0912,-716432.7151999999,-776061,-2612.1023999999998,-876055.4672,0,0,0,0,99509855.47679998,0
1997,C,Rev.2,3117,4,clase_4_digitos,"PAN,REPOSTERIA,PASTAS,GALLETERIA",88917867.35789998,,,,,,,,1378809668.1015997,2363737,627821428.8286998,255133612.9141,,,,,,,572065,4032395.7417000006,,13696663.4771,,,,,,87331652.0458,,11455939.7354,495962735.34120005,1226398695.0049,2605208363.1065,,,,,1615350420.75195,2494055524.9827,257379664.9141,226813963.4059,29980701.5082,256794664.9141,820361675.3163,19823182,840184857.3163,585000,2246052,15832951.523800002,-746088.434,13806631.014900003,-2437199.7633,564387.4893999998,4402855.2168000005,242366,77278069.22135,0,1418959.36,800008075.6493999,0
1997,C,Rev.2,31171,5,subclase_5_digitos,,61533740.849,,,,,,,,839693054.8899,911188,526140917.72209996,127322473.14740002,,,,,,,572065,2288303.3989999997,,8044836.341600001,,,,,,54013298.0446,,6095655.942600002,291555539.0348,887275033.9474999,1726968088.8374,,,,,1435470634.85195,1633759436.3789997,128028131.14740002,120015984.23920001,7427146.9082,127443131.14740002,568084973.9215,2701766,570786739.9215,585000,705658,10382319.0341,-1501209.8423000001,12525929.856600001,-1368309.7633,485133.4894000001,227557.2937,13218,71201255.79135,0,1418959.36,125668586.37569998,0
1997,C,Rev.2,31172,5,subclase_5_digitos,Fideerías y preparación de pastas.,14191140.5089,,,,,,,,270991366.21169996,147051,79079388.10659999,112993492.7667,,,,,,,0,927335.3427,,3607258.1354999994,,,,,,5720621.001200001,,2826973.7928,108880318.3064,205758105.0574,476749471.2691,,,,,178747205.9,454893656.6037001,114354962.7667,98961426.16669999,15393536.6,114354962.7667,149649614.39480004,1764251,151413865.39480004,0,1361470,1933621.4897,-1045385.5917,1480844.1583,-1115515,0,2793178.9231,-179501,1250351.8800000004,0,0,274896098.8237,0
1997,C,Rev.2,31173,5,subclase_5_digitos,,13192986,,,,,,,,268125247,1305498,22601123,14817647,,,,,,,0,816757,,2044569,,,,,,27597733,,2533310,95526878,133365556,401490803,,,,,1132580,405402432,14996571,7836553,7160018,14996571,102627087,15357165,117984252,0,178924,3517011,1800507,-200143,46625,79254,1382119,408649,4826461.550000001,0,0,399443390.45,0
1997,C,Rev.2,3118,4,clase_4_digitos,INGENIOS Y REFINERIAS DE AZUCAR,28436071,,,,,,,,487843015,370092,63110390,40216002,,,,,,,0,194244,,6638672,,,,,,14624877,,6814520,62735358,160920491,648763506,,,,,0,552340214,40232750,39350186,856806,40206992,64585972,335087581,399673553,25758,16748,71860683,-419165,1233531,0,4912918,68910571,-2777172,0,0,0,542901019,9439195
1997,C,Rev.2,31180,5,subclase_5_digitos,Ingenios y refinerías de azúcar.,28436071,,,,,,,,487843015,370092,63110390,40216002,,,,,,,0,194244,,6638672,,,,,,14624877,,6814520,62735358,160920491,648763506,,,,,0,552340214,40232750,39350186,856806,40206992,64585972,335087581,399673553,25758,16748,71860683,-419165,1233531,0,4912918,68910571,-2777172,0,0,0,542901019,9439195
1997,C,Rev.2,3119,4,clase_4_digitos,"CACAO,CHOCOLATE Y CONFITURAS",5702408.2226,,,,,,,,151545418.9253,0,47644094.9859,30502839.8525,,,,,,,133253,499310.65239999996,,3464718.8462,,,,,,13402297.581,,2832155.1938,60574846.7377,117386068.79240002,268931487.7177,,,,,2026731.594821,192922819.72010002,30643833.0297,30643833.0297,0,30643833.0297,34033604.8719,60765307.74920001,94798912.62109998,0,140993.17720000003,5155716.822400001,-1864367.7541,214709.5706,4031455.0760999997,-1482578.783,4268980.712800001,-12482,0,0,0,190896088.125279,0
1997,C,Rev.2,31190,5,subclase_5_digitos,"Cacao,chocolate y confituras",5702408.2226,,,,,,,,151545418.9253,0,47644094.9859,30502839.8525,,,,,,,133253,499310.65239999996,,3464718.8462,,,,,,13402297.581,,2832155.1938,60574846.7377,117386068.79240002,268931487.7177,,,,,2026731.594821,192922819.72010002,30643833.0297,30643833.0297,0,30643833.0297,34033604.8719,60765307.74920001,94798912.62109998,0,140993.17720000003,5155716.822400001,-1864367.7541,214709.5706,4031455.0760999997,-1482578.783,4268980.712800001,-12482,0,0,0,190896088.125279,0
1997,C,Rev.2,312,3,grupo_3_digitos,ALIMENTOS DIVERSOS,65954776.193900004,,,,,,,,2397989391.889,1806946,835986090.1951,47117528.3678,,,,,,,1000388.3580000001,4259242.908600002,,10830220.9343,,,,,,269682567.1531001,,7377535.667699999,500863770.9383999,1413634858.2617,3811624250.1507,,,,,23123323.464985,3681328641.1073046,102309348.65519999,87446657.12569997,14862691.529499998,102309348.65519999,663379806.2484001,460636624.77159995,1124016431.02,0,55191820.2874,-92713794.2171,6275156.577000001,-83590321.62689999,-7905111.697500001,1583028.1545000002,-9378971.624199998,302426,0,43464960,0,3446651892.6423197,168088465
1997,C,Rev.2,3121,4,clase_4_digitos,PRODUCTOS ALIMENTICIOS DIVERSOS,61259900.0625,,,,,,,,2149665117.0162,1806946,817258664.6329,36362616.367,,,,,,,1000388.3580000001,4211093.696,,10417412.2019,,,,,,289620265.9024999,,7012876.1479,491260323.084,1380196299.9812999,3529861416.9975004,,,,,19961425.597105,3231326135.6737046,91324572.452,76730193.92250001,14594378.529499998,91324572.452,442470616.98199993,452082427.77159995,894553044.7536,0,54961956.085,-101526448.2547,5896248.577000001,-93319261.02649999,-7905111.697500001,1583028.1545000002,-8129013.262200001,347661,0,43464960,0,3167899750.0766,0
1997,C,Rev.2,31211,5,subclase_5_digitos,,6696301.9215,,,,,,,,349896194.5467,0,158266762.0619,8578230.132499998,,,,,,,0,789654.0395,,3688164.7414,,,,,,16971454.679,,2898510.7019,93358058.77499999,262009287.49980003,611905482.0465,,,,,18276758.9092,702793017.9111999,9682984.738999998,9682984.738999998,0,9682984.738999998,23243810.297,147002120.7591,170245931.0561,0,1104754.6065000002,3283577.5818000003,-4371894.523999999,-345172.72300000006,7391660.862500001,425250.036,183733.9303,0,0,0,0,684516259.0020001,0
1997,C,Rev.2,31212,5,subclase_5_digitos,,54563598.141,,,,,,,,1799768922.4695,1806946,658991902.5710001,27784386.2345,,,,,,,1000388.3580000001,3421439.6565,,6729247.4605,,,,,,272648811.2235,,4114365.446,397902264.309,1118187012.4815,2917955934.951,,,,,1684666.6879050003,2528533117.7624946,81641587.71300001,67047209.1835,14594378.529499998,81641587.71300001,419226806.685,305080307.0125,724307113.6975,0,53857201.4785,-104810025.83649999,10268143.101,-92974088.3035,-15296772.560000002,1157778.1185,-8312747.192500001,347661,0,43464960,0,2483383491.0745907,0
1997,C,Rev.2,3122,4,clase_4_digitos,RACIONES BALANCEADAS,4694876.1314,,,,,,,,248324274.8728,0,18727425.5622,10754912.000800002,,,,,,,0,48149.212600000006,,412808.7324,,,,,,-19937698.749399997,,364659.5198,9603447.8544,33438558.280399997,281762833.15320003,,,,,3161897.86788,450002505.43359995,10984776.203199998,10716463.203199998,268313,10984776.203199998,220909189.2664,8554197,229463386.2664,0,229864.2024,8812654.037599996,378908,9728939.399599997,0,0,-1249958.3620000002,-45235,0,0,0,278752142.56572,168088465
1997,C,Rev.2,31220,5,subclase_5_digitos,Preparación raciones balanceadas,4694876.1314,,,,,,,,248324274.8728,0,18727425.5622,10754912.000800002,,,,,,,0,48149.212600000006,,412808.7324,,,,,,-19937698.749399997,,364659.5198,9603447.8544,33438558.280399997,281762833.15320003,,,,,3161897.86788,450002505.43359995,10984776.203199998,10716463.203199998,268313,10984776.203199998,220909189.2664,8554197,229463386.2664,0,229864.2024,8812654.037599996,378908,9728939.399599997,0,0,-1249958.3620000002,-45235,0,0,0,278752142.56572,168088465
1997,C,Rev.2,313,3,grupo_3_digitos,INDUSTRIA DE BEBIDAS,530057495.9355999,,,,,,,,2420164356.9549007,24063671.943999995,919428627.0116,367844793.2128,,,,,,,810592671.7263001,5168510.6704,,855329991.3963001,,,,,,427277481.79489994,,63632480.9436,655228977.7666,2960045092.1101003,5380209449.065,,,,,2293538430.5364203,4740556409.739099,373125217.3428,148373298.0988,217573859.24399996,365947157.3428,569459682.8530998,435580503.8863999,1005040186.7394999,7178060,5280424.13,-41097618.7564,-11437972.658399997,-55069962.56960001,289871.5492,-4073445.5204,37450692.41679999,-8256801.974,1933287.6700000004,0,2520215.15,2442564476.38268,0
1997,C,Rev.2,3131,4,clase_4_digitos,DEST.Y MEZCLA BEBIDAS ESPIRITUOSAS,5237778.568,,,,,,,,174634459.38720003,0,-5600033.2516,2065402.3348,,,,,,,118195139.62199998,512382.44879999995,,123013890.0728,,,,,,47059263.853599995,,4306368.002,65768574.357599996,188420209.7468,363054669.134,,,,,0,383084370.6504,2123982.9148,2123982.9148,0,2123982.9148,10919237.76,57338137.252399996,68257375.01240002,0,58580.58,-29052010.9124,-709722.3244,-7290828.949600001,483509.3671999999,-22962734.110400002,1427765.1048,0,1933287.6700000004,0,1933287.6700000004,379217795.3104,0
1997,C,Rev.2,31310,5,subclase_5_digitos,Dest.y mezcla bebidas espirituosas,5237778.568,,,,,,,,174634459.38720003,0,-5600033.2516,2065402.3348,,,,,,,118195139.62199998,512382.44879999995,,123013890.0728,,,,,,47059263.853599995,,4306368.002,65768574.357599996,188420209.7468,363054669.134,,,,,0,383084370.6504,2123982.9148,2123982.9148,0,2123982.9148,10919237.76,57338137.252399996,68257375.01240002,0,58580.58,-29052010.9124,-709722.3244,-7290828.949600001,483509.3671999999,-22962734.110400002,1427765.1048,0,1933287.6700000004,0,1933287.6700000004,379217795.3104,0
1997,C,Rev.2,3132,4,clase_4_digitos,INDUSTRIAS VINICOLAS,14054037.7676,,,,,,,,260625779.4168,45523.944,62538247.55199999,8423560.878,,,,,,,34396328.966000006,644126.1208,,42817418.0844,,,,,,50606798.00920001,,7822486.941600001,58061891.8812,177471595.2852,438097374.70199996,,,,,11014601.056419998,407187851.46400005,9590393.427999998,8646105.184,944288.2439999998,9590393.427999998,181499957.758,1549709.634,183049667.392,0,1166832.55,35625311.155999996,5688155.665999999,-6829781.619999999,-1478977.818,10324126.59,27922975.312,-1186.974,0,0,0,396173250.40758,0
1997,C,Rev.2,31320,5,subclase_5_digitos,Industrias vinícolas.,14054037.7676,,,,,,,,260625779.4168,45523.944,62538247.55199999,8423560.878,,,,,,,34396328.966000006,644126.1208,,42817418.0844,,,,,,50606798.00920001,,7822486.941600001,58061891.8812,177471595.2852,438097374.70199996,,,,,11014601.056419998,407187851.46400005,9590393.427999998,8646105.184,944288.2439999998,9590393.427999998,181499957.758,1549709.634,183049667.392,0,1166832.55,35625311.155999996,5688155.665999999,-6829781.619999999,-1478977.818,10324126.59,27922975.312,-1186.974,0,0,0,396173250.40758,0
1997,C,Rev.2,3133,4,clase_4_digitos,CERVECERIAS Y MALTERIAS,93706025,,,,,,,,740537545,24018148,202468623,260778635,,,,,,,185463729,1812531,,171220123,,,,,,70672289,,7962011,229684427,697079198,1437616743,,,,,0,840182144,262576621,109333282,148054455,257387737,301196051,6333143,307529194,5188884,1797986,-34024420,5838539,-43247322,1242054,8129305,2643238,-8630234,0,0,0,840182144,0
1997,C,Rev.2,31330,5,subclase_5_digitos,Cervecerías y malterías,93706025,,,,,,,,740537545,24018148,202468623,260778635,,,,,,,185463729,1812531,,171220123,,,,,,70672289,,7962011,229684427,697079198,1437616743,,,,,0,840182144,262576621,109333282,148054455,257387737,301196051,6333143,307529194,5188884,1797986,-34024420,5838539,-43247322,1242054,8129305,2643238,-8630234,0,0,0,840182144,0
1997,C,Rev.2,3134,4,clase_4_digitos,BEBIDAS SIN ALCOHOL,417059654.6,,,,,,,,1244366573.1508996,0,660021789.7112001,96577195,,,,,,,472537474.1383,2199471.1008,,518278560.2390999,,,,,,258939130.9321,,43541615,301714084.5278,1897074089.0780997,3141440662.2289996,,,,,2282523829.48,3110102043.6247,98834220,28269928,68575116,96845044,75844436.33509998,370359514,446203950.3351,1989176,2257025,-13646499,-22254945,2297970,43286,435857,5456714,374619,0,0,586927.4799999999,826991286.6646999,0
1997,C,Rev.2,31340,5,subclase_5_digitos,Bebidas sin alcohol,417059654.6,,,,,,,,1244366573.1508996,0,660021789.7112001,96577195,,,,,,,472537474.1383,2199471.1008,,518278560.2390999,,,,,,258939130.9321,,43541615,301714084.5278,1897074089.0780997,3141440662.2289996,,,,,2282523829.48,3110102043.6247,98834220,28269928,68575116,96845044,75844436.33509998,370359514,446203950.3351,1989176,2257025,-13646499,-22254945,2297970,43286,435857,5456714,374619,0,0,586927.4799999999,826991286.6646999,0
1997,C,Rev.2,314,3,grupo_3_digitos,INDUSTRIAS DEL TABACO,22305102,,,,,,,,531204570,-3424006,162128409,49459409,,,,,,,1354765600,1267430,,1359956629,,,,,,-18302089,,499593,151115543,1695505683,2226710253,,,,,0,1963299165,49583930,9536372,40047558,49583930,30815784,250328744,281144528,0,124521,95669041,3849468,52087353,256882,2545817,22074968,14854553,0,0,0,1963299165,0
1997,C,Rev.2,3140,4,clase_4_digitos,INDUSTRIAS DEL TABACO,22305102,,,,,,,,531204570,-3424006,162128409,49459409,,,,,,,1354765600,1267430,,1359956629,,,,,,-18302089,,499593,151115543,1695505683,2226710253,,,,,0,1963299165,49583930,9536372,40047558,49583930,30815784,250328744,281144528,0,124521,95669041,3849468,52087353,256882,2545817,22074968,14854553,0,0,0,1963299165,0
1997,C,Rev.2,31400,5,subclase_5_digitos,Industrias del tabaco.,22305102,,,,,,,,531204570,-3424006,162128409,49459409,,,,,,,1354765600,1267430,,1359956629,,,,,,-18302089,,499593,151115543,1695505683,2226710253,,,,,0,1963299165,49583930,9536372,40047558,49583930,30815784,250328744,281144528,0,124521,95669041,3849468,52087353,256882,2545817,22074968,14854553,0,0,0,1963299165,0
1997,C,Rev.2,32,2,division_2_digitos,"TEXTILES,PR.VESTIR,INDUSTRIA CUERO",231067053.42650002,,,,,,,,6842121388.611302,161479702.70909998,1950954883.5433,269580926.2534001,,,,,,,0,14309685.2839,,-135192867.15829998,,,,,,-111948751.33549999,,11977150.266899997,1514359647.539,3561188717.3505006,10403310105.961798,,,,,343958718.908825,3069712048.041298,280491267.5425,139825625.1259,134670829.14119998,274496454.2671,3079797373.3479004,1016381511.4086,4096178884.7565002,5994813.275400002,10910341.2891,954859266.2682,-15773705.0281,155951423.727,68274588.44000001,6795.65480001,738764516.2337,7635647.240800001,30807993.3608,8242867.247472,5107754.481691001,2615157624.6293497,66437089.413160004
1997,C,Rev.2,321,3,grupo_3_digitos,TEXTILES,163200105.01859996,,,,,,,,3039654537.5205,92497934.9876,1088756829.776,165264335.9396,,,,,,,0,7194595.653999999,,-79339565.63449998,,,,,,44452029.3401,,5963773.6991,779236933.5132,1951854302.6732998,4991508840.193801,,,,,82943614.318907,1686359766.5375996,171682587.08290002,92233371.6654,78221241.8461,170454613.51149997,1684025477.2577999,435352138.98489994,2119377616.2427,1227973.5714,6418251.1433,649262816.2730001,757388.4597,730390.1570999998,62612916.330699995,25029555.8222,552871603.6947,7260961.8086,17884163.54,8242867.247472,5107754.481691001,1529035448.01453,43145918.935
1997,C,Rev.2,3211,4,clase_4_digitos,"LAVADERO,HILANDERIA Y TEJEDURIA.",139503664.04749998,,,,,,,,2659541931.5497,85887324.9554,978098786.1944,147763917.6834,,,,,,,0,5309417.5243,,-76159651.0879,,,,,,26741611.398300003,,4418256.343199999,606956039.7410002,1648398838.895,4307940770.444699,,,,,18450659.14461,1193202126.1979015,152222670.32090002,79564758.82089998,71978548.5,151543307.32090002,1525023359.5800998,333402868.01199996,1858426227.5921,679363,4458752.6375,630586025.6219001,691496.9289000002,-7301543.277400001,59006472.88249999,22484300.4004,548912089.1265,6793209.561000001,0,8242867.247472,4448407.83,1153630590.50082,8429601.475
1997,C,Rev.2,32111,5,subclase_5_digitos,"Lavadero,enfardelaje y fab de tops",57817413.7475,,,,,,,,1664247982.9105,52786538,701061262.407,67479261.5185,,,,,,,0,1593777.8615,,-49881228.342499994,,,,,,17438621.374000005,,1311531.796,182569086.8125,891566534.6244999,2555814517.5350003,,,,,0,251545604.29,69160994.5185,52754195.5185,16406799,69160994.5185,1104849746.35,77477123.6995,1182326870.0495,0,1681733,480983374.91999996,847049,-14309079.032,2414609,-25976723,516313858.95199996,1693660,0,0,0,251545604.29,0
1997,C,Rev.2,32112,5,subclase_5_digitos,"Hiland.tejeduría,acabado de lana",33263415.295,,,,,,,,510883152.9599999,23921159.675,121348790.27599998,19958718.175,,,,,,,0,1635641.0350000001,,-21188703.55,,,,,,-32774793.555,,1096815.09,195554743.135,328978245.156,839861398.1160002,,,,,16530195.127399998,221023293.54119998,20783372.18,9945136.205,10838235.975000001,20783372.18,276418723.3,68797916.985,345216640.285,0,824654.005,45350465.655,121437.645,2014087.57,6510950.95,44325685.39,-12679046.065,5057350.164999999,0,0,0,196344916.9388,8148181.4750000015
1997,C,Rev.2,32113,5,subclase_5_digitos,,12825959.0755,,,,,,,,211860149.50149998,633943.608,49026118.3265,45466203.3635,,,,,,,0,915250.9525,,1074006.6185,,,,,,28474157.57,,792699.2739999999,106675718.57099998,169601802.59149998,381461952.09299994,,,,,1082969.61721,405114605.2659999,47226805.49600001,11079869.971000003,36119097.525000006,47198967.49600001,107449208.7095,79221995.65199998,186671204.3615,27838,1760602.1325000003,19183667.0685,-486750.73650000006,7250654.177,1324928.0725000002,-2340496.74,13566757.899499997,-131425.604,0,0,0,404031635.64879006,0
1997,C,Rev.2,32114,5,subclase_5_digitos,,35595455.929500006,,,,,,,,271818506.1777,8545683.672399998,106710713.18489999,14859734.626399996,,,,,,,0,1163347.6753,,-6165125.8138999995,,,,,,13610626.009299997,,1217210.1832,121935077.2225,258076120.523,529894626.7007,,,,,837494.4,315479071.1007,15051498.126399996,5785557.1263999995,8614416,14399973.126399996,35695681.22060001,107905831.67549999,143601512.8961,651525,191763.5,85068517.9784,209761.02039999998,-2257205.9923999994,48755984.86,6475834.7504,31710518.34,173625,0,8242867.247472,4448407.83,301668881.623228,281420
1997,C,Rev.2,32115,5,subclase_5_digitos,Hiland.tejeduría de fibras duras,1420,,,,,,,,732140,0,-48098,0,,,,,,,0,1400,,1400,,,,,,-7000,,0,221414,176136,908276,,,,,0,39552,0,0,0,0,610000,0,610000,0,0,0,0,0,0,0,0,0,0,0,0,39552,0
1997,C,Rev.2,3212,4,clase_4_digitos,TEXTILES EXCEPTO PRENDAS VESTIR,1545549.0777,,,,,,,,96500007.99640001,0,11904903.1203,267270.79040000006,,,,,,,0,180412.1801,,681261.2932999999,,,,,,699570.9496,,500849.1132,17139808.7348,31271522.2261,127771530.2225,,,,,21004105.766616996,130822403.21390001,1638931.9335999999,1399727.1963000002,239204.73730000004,1638931.9335999999,16856214.0843,68210260.3891,85066474.4734,0,1371661.1432,2961609.1219,0,4509926.7511,-75639.5518,-146382.4678,-1291032.9108,-35262.6988,0,0,99056.655819,109719240.79146402,0
1997,C,Rev.2,32120,5,subclase_5_digitos,Textiles excepto prendas vestir,1545549.0777,,,,,,,,96500007.99640001,0,11904903.1203,267270.79040000006,,,,,,,0,180412.1801,,681261.2932999999,,,,,,699570.9496,,500849.1132,17139808.7348,31271522.2261,127771530.2225,,,,,21004105.766616996,130822403.21390001,1638931.9335999999,1399727.1963000002,239204.73730000004,1638931.9335999999,16856214.0843,68210260.3891,85066474.4734,0,1371661.1432,2961609.1219,0,4509926.7511,-75639.5518,-146382.4678,-1291032.9108,-35262.6988,0,0,99056.655819,109719240.79146402,0
1997,C,Rev.2,3213,4,clase_4_digitos,TEJIDOS PUNTO Y MEDIAS,12566231.061000003,,,,,,,,175091067.361,5309011.726799999,52507358.62150001,11116612.830800002,,,,,,,0,1086378.5608,,-3344759.6275,,,,,,12274370.151000002,,877873.5385,104995088.6084,166723918.66339996,341814986.0244,,,,,40859345.418,219964785.6602,11545065.830800002,5117957.0822,6003488.6088000005,11121445.691,88195065.614,15401036.5738,103596102.1878,423620.1398,428453,12084347.960800001,130587.143,-1972574.7048,1434291,5383853.244000001,6882760.9626,225430.316,0,0,0,179105440.24219996,0
1997,C,Rev.2,32130,5,subclase_5_digitos,Tejidos de punto y medias.,12566231.061000003,,,,,,,,175091067.361,5309011.726799999,52507358.62150001,11116612.830800002,,,,,,,0,1086378.5608,,-3344759.6275,,,,,,12274370.151000002,,877873.5385,104995088.6084,166723918.66339996,341814986.0244,,,,,40859345.418,219964785.6602,11545065.830800002,5117957.0822,6003488.6088000005,11121445.691,88195065.614,15401036.5738,103596102.1878,423620.1398,428453,12084347.960800001,130587.143,-1972574.7048,1434291,5383853.244000001,6882760.9626,225430.316,0,0,0,179105440.24219996,0
1997,C,Rev.2,3214,4,clase_4_digitos,TAPICES Y ALFOMBRAS,4000,,,,,,,,703700,0,347931,2400,,,,,,,0,0,,0,,,,,,0,,0,81448,433379,1137079,,,,,1228779,1228779,2400,2400,0,2400,301600,0,301600,0,0,-91700,0,0,0,0,-91700,0,0,0,0,0,0
1997,C,Rev.2,32140,5,subclase_5_digitos,Tapices y alfombras,4000,,,,,,,,703700,0,347931,2400,,,,,,,0,0,,0,,,,,,0,,0,81448,433379,1137079,,,,,1228779,1228779,2400,2400,0,2400,301600,0,301600,0,0,-91700,0,0,0,0,-91700,0,0,0,0,0,0
1997,C,Rev.2,3215,4,clase_4_digitos,CORDELERIA,171902,,,,,,,,3526770,0,439535,568549,,,,,,,0,23138,,29014,,,,,,302232,,5876,2866804,3507255,7034025,,,,,0,5197432,655072,655072,0,655072,391394,1313656,1705050,0,86523,297370,0,-200936,478008,-46497,33320,33475,0,0,0,5197432,0
1997,C,Rev.2,32150,5,subclase_5_digitos,Cordelería.,171902,,,,,,,,3526770,0,439535,568549,,,,,,,0,23138,,29014,,,,,,302232,,5876,2866804,3507255,7034025,,,,,0,5197432,655072,655072,0,655072,391394,1313656,1705050,0,86523,297370,0,-200936,478008,-46497,33320,33475,0,0,0,5197432,0
1997,C,Rev.2,3219,4,clase_4_digitos,TEXTILES N.E.P.,9408758.832399998,,,,,,,,104291060.61340001,1301598.3054,45458315.8398,5545585.635000001,,,,,,,0,595249.3888,,-545430.2123999998,,,,,,4434244.841200001,,160918.7042,47197744.429000005,101519388.8888,205810449.5022,,,,,1400724.9896799999,135944240.4656,5618446.9976,5493456.566000001,0,5493456.566000001,53257843.9794,17024318.010000005,70282161.98940001,124990.4316,72861.36259999998,3425163.5683999998,-64695.6122,5695517.388200001,1769784,-2645718.3543999996,-1573833.4836000002,244109.6304,17884163.54,0,560289.995872,81382744.480048,34716317.46
1997,C,Rev.2,32190,5,subclase_5_digitos,Textiles N.E.P..,9408758.832399998,,,,,,,,104291060.61340001,1301598.3054,45458315.8398,5545585.635000001,,,,,,,0,595249.3888,,-545430.2123999998,,,,,,4434244.841200001,,160918.7042,47197744.429000005,101519388.8888,205810449.5022,,,,,1400724.9896799999,135944240.4656,5618446.9976,5493456.566000001,0,5493456.566000001,53257843.9794,17024318.010000005,70282161.98940001,124990.4316,72861.36259999998,3425163.5683999998,-64695.6122,5695517.388200001,1769784,-2645718.3543999996,-1573833.4836000002,244109.6304,17884163.54,0,560289.995872,81382744.480048,34716317.46
1997,C,Rev.2,322,3,grupo_3_digitos,PRENDAS VESTIR EXCEPTO CALZADO,17348554.970799997,,,,,,,,1317829240.785,31948903.382999998,360792767.65450007,43674431.6031,,,,,,,0,4614259.608200001,,-23700837.580499995,,,,,,60668923.635000005,,3633806.1943,455159905.63519996,809600390.68,2127429631.465,,,,,256038433.02991802,1026938073.4236,46283412.4431,31450526.043099996,14832886.4,46283412.4431,608745413.3290999,236541785.038,845287198.3670999,0,2608980.8399999994,85472260.0672,-16026390.698499998,57379295.69860001,4863859.5513,19182734.385399997,19720875.1279,351886.0025,12923829.820800003,0,0,734684640.094722,23291170.47816
1997,C,Rev.2,3220,4,clase_4_digitos,PRENDAS VESTIR EXCEPTO CALZADO,17348554.970799997,,,,,,,,1317829240.785,31948903.382999998,360792767.65450007,43674431.6031,,,,,,,0,4614259.608200001,,-23700837.580499995,,,,,,60668923.635000005,,3633806.1943,455159905.63519996,809600390.68,2127429631.465,,,,,256038433.02991802,1026938073.4236,46283412.4431,31450526.043099996,14832886.4,46283412.4431,608745413.3290999,236541785.038,845287198.3670999,0,2608980.8399999994,85472260.0672,-16026390.698499998,57379295.69860001,4863859.5513,19182734.385399997,19720875.1279,351886.0025,12923829.820800003,0,0,734684640.094722,23291170.47816
1997,C,Rev.2,32201,5,subclase_5_digitos,,13752750.640299998,,,,,,,,918583989.3623998,26635295.300500005,287969560.98529994,35119603.511999995,,,,,,,0,3681259.3553999993,,-19847901.9126,,,,,,54478511.425000004,,3106134.0324999997,355565745.0547,637440154.7677,1556024144.1300998,,,,,218179973.33815998,839628261.6152,36819763.352,26206603.952,10613159.4,36819763.352,427786022.0174001,186678926.017,614464948.0344,0,1700159.84,65421151.594000004,231036.88149999993,49620040.7545,4310845.376,11086981.789499998,-29420.209999999995,201667.0025,12923829.820800003,0,0,588985899.12808,19538559.328160003
1997,C,Rev.2,32202,5,subclase_5_digitos,Prendas de cuero.,2844603.0500999996,,,,,,,,272430781.7697,4564319,20936412.2378,5675697.676,,,,,,,0,432769.0424999999,,-3807849.5736,,,,,,-5362153.5033,,323700.3839,48448788.942099996,68421954.65639998,340852736.42609996,,,,,4439001.4603,11298890.4603,6584518.676,2364791.676,4219727,6584518.676,123533853.5428,26918351,150452204.5428,0,908821,5292288.601600001,601743,-6740135.848300001,-39400.6895,7083071.478000001,4236791.661400001,150219,0,0,0,3107277.8499999996,3752611.15
1997,C,Rev.2,32203,5,subclase_5_digitos,,751201.2803999999,,,,,,,,126814469.6529,749289.0824999999,51886794.4314,2879130.4150999994,,,,,,,0,500231.2103,,-45086.094300000004,,,,,,11552565.7133,,203971.77790000002,51145371.6384,103738281.2559,230552750.9088,,,,,33419458.231457997,176010921.34809998,2879130.4150999994,2879130.4150999994,0,2879130.4150999994,57425537.76890001,22944508.021,80370045.7899,0,0,14758819.871600002,-16859170.58,14499390.7924,592414.8648,1012681.1179,15513503.676499998,0,0,0,0,142591463.116642,0
1997,C,Rev.2,323,3,grupo_3_digitos,"CUERO Y PIELES,EXCEP.CALZADO",40834106.871700004,,,,,,,,2256469524.2314,33778192.3385,459580805.5988,57811514.69670001,,,,,,,0,1976591.2337,,-29764783.7313,,,,,,-218606880.6508,,2036817.3735000002,229370642.1306,700020770.8697999,2956490295.1011996,,,,,4976671.5600000005,158043989.87829998,59570412.0025,15020843.4034,39782728.895100005,54803572.29850001,639597552.7486,309346976.3857,948944529.1343,4766839.704000001,1758897.3058,224815365.7726,-142527.7893,100634960.7159,559671.558,-43138729.55279999,167206473.41109997,-304482.5703,0,0,0,153067318.31829998,0
1997,C,Rev.2,3231,4,clase_4_digitos,CURTIEMBRES Y TALLERES DE ACABADO,40560290.92160001,,,,,,,,2225990315.7381,33385462.338600002,457374409.9586,57581327.592700005,,,,,,,0,1949333.9385999998,,-29448221.562999997,,,,,,-216208916.7855,,1987906.837,226057233.06309998,694543712.3803,2920534028.1184,,,,,3680131.56,154064957.9963,59210471.558699995,14660902.959600002,39782728.895100005,54443631.8547,617304156.1015,306439911.2882999,923744067.3897998,4766839.704000001,1629143.966,223065818.538,-107970.162,98102965.9595,559671.558,-43138729.55279999,168006168.07329997,-356287.338,0,0,0,150384826.4363,0
1997,C,Rev.2,32310,5,subclase_5_digitos,Curtiembres y talleres de acabado.,40560290.92160001,,,,,,,,2225990315.7381,33385462.338600002,457374409.9586,57581327.592700005,,,,,,,0,1949333.9385999998,,-29448221.562999997,,,,,,-216208916.7855,,1987906.837,226057233.06309998,694543712.3803,2920534028.1184,,,,,3680131.56,154064957.9963,59210471.558699995,14660902.959600002,39782728.895100005,54443631.8547,617304156.1015,306439911.2882999,923744067.3897998,4766839.704000001,1629143.966,223065818.538,-107970.162,98102965.9595,559671.558,-43138729.55279999,168006168.07329997,-356287.338,0,0,0,150384826.4363,0
1997,C,Rev.2,3232,4,clase_4_digitos,PREP.Y TENIDO DE PIELES FINAS,0,,,,,,,,0,0,0,0,,,,,,,0,0,,0,,,,,,0,,0,0,0,0,,,,,0,0,0,0,0,0,0,0,0,0,0,0,0,0,0,0,0,0,0,0,0,0,0
1997,C,Rev.2,32320,5,subclase_5_digitos,Prep y teñido de pieles finas,0,,,,,,,,0,0,0,0,,,,,,,0,0,,0,,,,,,0,,0,0,0,0,,,,,0,0,0,0,0,0,0,0,0,0,0,0,0,0,0,0,0,0,0,0,0,0,0
1997,C,Rev.2,3233,4,clase_4_digitos,"ART.CUERO (MARROQUINERIA,ETC.)",273815.9501,,,,,,,,30479208.493299995,392729.99990000005,2206395.6402,230187.104,,,,,,,0,27257.2951,,-316562.16829999996,,,,,,-2397963.8652999997,,48910.5365,3313409.0675,5477058.4895,35956266.98279999,,,,,1296540,3979031.8819999998,359940.4438,359940.4438,0,359940.4438,22293396.647100005,2907065.0974,25200461.7445,0,129753.3398,1749547.2345999999,-34557.62729999999,2531994.7564,0,0,-799694.6622,51804.7677,0,0,0,2682491.8819999998,0
1997,C,Rev.2,32330,5,subclase_5_digitos,Art.cuero (marroquinería),273815.9501,,,,,,,,30479208.493299995,392729.99990000005,2206395.6402,230187.104,,,,,,,0,27257.2951,,-316562.16829999996,,,,,,-2397963.8652999997,,48910.5365,3313409.0675,5477058.4895,35956266.98279999,,,,,1296540,3979031.8819999998,359940.4438,359940.4438,0,359940.4438,22293396.647100005,2907065.0974,25200461.7445,0,129753.3398,1749547.2345999999,-34557.62729999999,2531994.7564,0,0,-799694.6622,51804.7677,0,0,0,2682491.8819999998,0
1997,C,Rev.2,324,3,grupo_3_digitos,CALZADO EXCEPTO.CAUCHO Y PLASTIC,9684286.5654,,,,,,,,228168086.0744,3254672,41824480.514,2830644.014,,,,,,,0,524238.788,,-2387680.212,,,,,,1537176.3402,,342753,50592166.260000005,99713253.12739998,327881339.2018,,,,,0,198370218.20179996,2954856.014,1120884.014,1833972,2954856.014,147428930.0124,35140611,182569541.0124,0,124212,-4691175.8445999995,-362175,-2793222.8446,238141,-1066765,-1034436,327282,0,0,0,198370218.20179996,0
1997,C,Rev.2,3240,4,clase_4_digitos,CALZADO EXCEPTO.CAUCHO Y PLASTICO,9684286.5654,,,,,,,,228168086.0744,3254672,41824480.514,2830644.014,,,,,,,0,524238.788,,-2387680.212,,,,,,1537176.3402,,342753,50592166.260000005,99713253.12739998,327881339.2018,,,,,0,198370218.20179996,2954856.014,1120884.014,1833972,2954856.014,147428930.0124,35140611,182569541.0124,0,124212,-4691175.8445999995,-362175,-2793222.8446,238141,-1066765,-1034436,327282,0,0,0,198370218.20179996,0
1997,C,Rev.2,32400,5,subclase_5_digitos,"Calzado,excepto caucho y plástico",9684286.5654,,,,,,,,228168086.0744,3254672,41824480.514,2830644.014,,,,,,,0,524238.788,,-2387680.212,,,,,,1537176.3402,,342753,50592166.260000005,99713253.12739998,327881339.2018,,,,,0,198370218.20179996,2954856.014,1120884.014,1833972,2954856.014,147428930.0124,35140611,182569541.0124,0,124212,-4691175.8445999995,-362175,-2793222.8446,238141,-1066765,-1034436,327282,0,0,0,198370218.20179996,0
1997,C,Rev.2,33,2,division_2_digitos,INDUSTRIA DE LA MADERA,10209849.0033,,,,,,,,253595816.6363,107384.93,100147095.4146,24433981.038100004,,,,,,,0,1190060.5844,,2381264.0575,,,,,,45041055.348699994,,1298588.4031,128486975.56470001,241225184.04009998,494821000.6764,,,,,154797335.627571,648855749.5494999,27864384.985499997,24461131.048,1714780.8875000002,26175911.9355,141145248.76929998,5295286.364599999,146440535.1339,1688473.05,3430403.9474,6141235.386700001,-77858.90269999999,-6071549.676600001,1290603.5493,-38443.1148,10452848.2645,585635.267,2097034.496608,5817430.581428001,714857.582054,479307134.267439,6121956.9944
1997,C,Rev.2,331,3,grupo_3_digitos,INDUSTRIA MADERA (EXCEP.MUEBLES),5186127.937000002,,,,,,,,87655404.58769998,107384.93,9772176.3582,7312011.685199999,,,,,,,0,540837.6975999998,,1230364.361,,,,,,14546277.2842,,796911.5934,44977817.473299995,61166486.12950001,148821890.71719998,,,,,19146989.093739998,126861191.54059999,10474772.628399998,7093249.654399999,1693049.9239999999,8786299.578399999,53542559.7739,0,53542559.7739,1688473.05,3162760.9432,14398744.8908,-61577.532,401113.8739,2894388.8191999993,766763.8959999998,9985244.5197,412811.314,0,5784209.572190001,585612.3069300001,95222423.57334,6121956.9944
1997,C,Rev.2,3311,4,clase_4_digitos,"ASERRADEROS,OBRA BLANCA,PARQUET",4425038.738000002,,,,,,,,69048755.2601,107384.93,7725888.443,5573366.419799999,,,,,,,0,274466.98140000005,,903963.4947999999,,,,,,10088052.420399997,,736881.4434,36964686.308699995,50019576.9845,119068332.2446,,,,,16444554.59874,98875535.32719998,8675160.837999998,5736639.714000001,1452236.9740000002,7188876.688,41330810.1263,0,41330810.1263,1486284.1500000004,3101794.4181999997,13268515.834600002,-61577.532,733398.3019000001,2894388.8191999993,-183552.346,9473047.277499996,412811.314,0,4684898.455440001,585612.3069300001,72512174.27168998,4648295.694399999
1997,C,Rev.2,33110,5,subclase_5_digitos,"Aserraderos,obra blanca y parquet",4425038.738000002,,,,,,,,69048755.2601,107384.93,7725888.443,5573366.419799999,,,,,,,0,274466.98140000005,,903963.4947999999,,,,,,10088052.420399997,,736881.4434,36964686.308699995,50019576.9845,119068332.2446,,,,,16444554.59874,98875535.32719998,8675160.837999998,5736639.714000001,1452236.9740000002,7188876.688,41330810.1263,0,41330810.1263,1486284.1500000004,3101794.4181999997,13268515.834600002,-61577.532,733398.3019000001,2894388.8191999993,-183552.346,9473047.277499996,412811.314,0,4684898.455440001,585612.3069300001,72512174.27168998,4648295.694399999
1997,C,Rev.2,3312,4,clase_4_digitos,ENVASES MADERA Y ARTICULOS DE CANA,594337.0749999997,,,,,,,,13532298.550000003,0,816927.5999999999,1730245.075,,,,,,,0,242362.225,,302392.375,,,,,,3649813.8249999997,,60030.15,4722002.925000001,6435659.9750000015,19967958.525,,,,,1105245.9749999999,19388597.775000002,1791211.6,1348209.75,240812.94999999998,1589022.7,8758329.65,0,8758329.65,202188.89999999997,60966.524999999994,-67084.17500000002,0,-341056.14999999997,0,0,273971.975,0,0,1099311.11675,0,15710379.383250002,1473661.3
1997,C,Rev.2,33120,5,subclase_5_digitos,Envases de madera y art.de caña,594337.0749999997,,,,,,,,13532298.550000003,0,816927.5999999999,1730245.075,,,,,,,0,242362.225,,302392.375,,,,,,3649813.8249999997,,60030.15,4722002.925000001,6435659.9750000015,19967958.525,,,,,1105245.9749999999,19388597.775000002,1791211.6,1348209.75,240812.94999999998,1589022.7,8758329.65,0,8758329.65,202188.89999999997,60966.524999999994,-67084.17500000002,0,-341056.14999999997,0,0,273971.975,0,0,1099311.11675,0,15710379.383250002,1473661.3
1997,C,Rev.2,3319,4,clase_4_digitos,PROD.MADERA N.E.P. Y CORCHO,166752.12399999998,,,,,,,,5074350.777600002,0,1229360.3151999998,8400.190399999998,,,,,,,0,24008.4912,,24008.4912,,,,,,808411.0388,,0,3291128.2396,4711249.17,9785599.947599996,,,,,1597188.52,8597058.438399998,8400.190399999998,8400.190399999998,0,8400.190399999998,3453419.9976,0,3453419.9976,0,0,1197313.2311999998,0,8771.721999999998,0,950316.242,238225.26720000003,0,0,0,0,6999869.918400002,0
1997,C,Rev.2,33191,5,subclase_5_digitos,,166752.12399999998,,,,,,,,5074350.777600002,0,1229360.3151999998,8400.190399999998,,,,,,,0,24008.4912,,24008.4912,,,,,,808411.0388,,0,3291128.2396,4711249.17,9785599.947599996,,,,,1597188.52,8597058.438399998,8400.190399999998,8400.190399999998,0,8400.190399999998,3453419.9976,0,3453419.9976,0,0,1197313.2311999998,0,8771.721999999998,0,950316.242,238225.26720000003,0,0,0,0,6999869.918400002,0
1997,C,Rev.2,332,3,grupo_3_digitos,MUEBLES Y ACCESORIOS.,5023721.0663,,,,,,,,165940412.04859996,0,90374919.0564,17121969.3529,,,,,,,0,649222.8868,,1150899.6965000003,,,,,,30494778.0645,,501676.8097,83509158.0914,180058697.9106,345999109.95919997,,,,,135650346.53383103,521994558.00890005,17389612.3571,17367881.3936,21730.963500000005,17389612.3571,87602688.9954,5295286.364599999,92897975.36,0,267643.0042,-8257509.5041000005,-16281.370699999996,-6472663.550500001,-1603785.2699000002,-805207.0108,467603.7448,172823.95299999998,2097034.496608,33221.009238000006,129245.27512400004,384084710.694099,0
1997,C,Rev.2,3320,4,clase_4_digitos,MUEBLES Y ACCESORIOS.,5023721.0663,,,,,,,,165940412.04859996,0,90374919.0564,17121969.3529,,,,,,,0,649222.8868,,1150899.6965000003,,,,,,30494778.0645,,501676.8097,83509158.0914,180058697.9106,345999109.95919997,,,,,135650346.53383103,521994558.00890005,17389612.3571,17367881.3936,21730.963500000005,17389612.3571,87602688.9954,5295286.364599999,92897975.36,0,267643.0042,-8257509.5041000005,-16281.370699999996,-6472663.550500001,-1603785.2699000002,-805207.0108,467603.7448,172823.95299999998,2097034.496608,33221.009238000006,129245.27512400004,384084710.694099,0
1997,C,Rev.2,33201,5,subclase_5_digitos,,5023721.0663,,,,,,,,165856164.48610002,0,90505202.7588,17121969.3529,,,,,,,0,648359.1448,,1150035.9545,,,,,,30478052.878500003,,501676.8097,83355999.62169999,180034959.40129998,345891123.8874,,,,,135594088.138231,521938299.61329997,17389612.3571,17367881.3936,21730.963500000005,17389612.3571,87580583.74370001,5295286.364599999,92875870.1083,0,267643.0042,-8241583.933800001,-16281.370699999996,-6472663.550500001,-1587859.6996000004,-805207.0108,467603.7448,172823.95299999998,2097034.496608,33221.009238000006,129245.27512400004,384084710.694099,0
1997,C,Rev.2,33202,5,subclase_5_digitos,,0,,,,,,,,84247.56249999999,0,-130283.70239999998,0,,,,,,,0,863.742,,863.742,,,,,,16725.186000000005,,0,153158.46969999996,23738.5093,107986.07180000002,,,,,56258.395599999996,56258.395599999996,0,0,0,0,22105.2517,0,22105.2517,0,0,-15925.570299999998,0,0,-15925.570299999998,0,0,0,0,0,0,0,0
1997,C,Rev.2,34,2,division_2_digitos,PAPEL Y PROD.PAPEL;IMPRENTA Y EDIT,155925456.6544,,,,,,,,1961614897.2378,26867498.920599997,711300078.9598999,274662508.1649,,,,,,,0,6968317.792800001,,-14369635.4945,,,,,,134370937.23009998,,5529545.6333,809900008.8266,1662755908.9464,3624370806.1842003,,,,,321605741.1862239,3002148235.2802033,307289106.3589,173614232.1688,115406914.9346,289021147.10340005,585783233.4716002,561425332.1285,1147208565.6000998,18267959.2555,32626598.194,85217267.9779,-2996.8344,52765280.3481,8897674.138299996,2466239.0806,15453280.7945,5637790.450800001,71984330.57643399,14053292.459209999,68470698.65537998,2523241167.71674,2793004.6862160005
1997,C,Rev.2,341,3,grupo_3_digitos,PAPEL Y PROD.DEL PAPEL,86035920.9852,,,,,,,,921811500.5879,23758435.4305,263726163.451,84851262.1126,,,,,,,0,2258324.5507,,-19466722.7699,,,,,,11500808.315800002,,2033388.1099000003,257207252.4152,587502614.0815,1509314114.6694,,,,,157981175.551624,1111056607.6181993,91706727.3671,50521240.23570001,37276533.2729,87797773.50859998,377809998.6225,296653766.78999996,674463765.4124999,3908953.8584999996,6855465.254500001,74010078.69519998,0,50456456.0753,8159575.1049999995,1096449.9911,10054647.521299997,4242950.0025,9572804.298393996,6744520.2798500005,3017582.143572,933740525.3447597,0
1997,C,Rev.2,3411,4,clase_4_digitos,"PULPA MADERA,PAPEL Y CARTON",68495299.498,,,,,,,,464653863.353,22281227.4305,126923319.83,55771350.573,,,,,,,0,1192310.8395000002,,-20169488.3965,,,,,,-17796568.7265,,919428.1944999999,136908976.528,312158107.4595,776811970.8124999,,,,,321586.91323000006,507875365.315,57916402.8275,38905651.62550001,17911491.343499996,56817142.969000004,135543887.607,173227210.196,308771097.8029999,1099259.8585,2145052.2545,36975140.895,0,26427747.545,5776505.999500001,-2319921.776,4810883.124,2279926.0024999995,0,0,2960751.3093749997,504593027.09239495,0
1997,C,Rev.2,34110,5,subclase_5_digitos,"Pulpa de madera, papel y cartón",68495299.498,,,,,,,,464653863.353,22281227.4305,126923319.83,55771350.573,,,,,,,0,1192310.8395000002,,-20169488.3965,,,,,,-17796568.7265,,919428.1944999999,136908976.528,312158107.4595,776811970.8124999,,,,,321586.91323000006,507875365.315,57916402.8275,38905651.62550001,17911491.343499996,56817142.969000004,135543887.607,173227210.196,308771097.8029999,1099259.8585,2145052.2545,36975140.895,0,26427747.545,5776505.999500001,-2319921.776,4810883.124,2279926.0024999995,0,0,2960751.3093749997,504593027.09239495,0
1997,C,Rev.2,3412,4,clase_4_digitos,ENVASES Y CAJAS PAPEL Y CARTON,11019171,,,,,,,,291797460,758473,68841689,14712254,,,,,,,0,600765,,422059,,,,,,13416113,,579767,69870775,150153694,441951154,,,,,157545926.97,360676100,19179319,6157489,10454183,16611672,117854786,112878697,230733483,2567647,4467065,12600142,0,5371640,-87328,3166590,2343597,1805643,9459142.629999999,3902978.57,0,189768051.83,0
1997,C,Rev.2,34120,5,subclase_5_digitos,Envases y cajas de papel y cartón,11019171,,,,,,,,291797460,758473,68841689,14712254,,,,,,,0,600765,,422059,,,,,,13416113,,579767,69870775,150153694,441951154,,,,,157545926.97,360676100,19179319,6157489,10454183,16611672,117854786,112878697,230733483,2567647,4467065,12600142,0,5371640,-87328,3166590,2343597,1805643,9459142.629999999,3902978.57,0,189768051.83,0
1997,C,Rev.2,3419,4,clase_4_digitos,ARTIC.PAPEL Y CARTON N.E.P.,6521450.4872,,,,,,,,165360177.2349,718735,67961154.62099999,14367657.5396,,,,,,,0,465248.7112,,280706.6266,,,,,,15881264.0423,,534192.9154000002,50427500.8872,125190812.62199998,290550989.8569,,,,,113661.668394,242505142.3032,14611005.5396,5458099.610199999,8910858.929399999,14368958.5396,124411325.0155,10547859.594000002,134959184.6095,242047,243348,24434795.8002,0,18657068.5303,2470397.1055,249781.76710000003,2900167.3973,157381,113661.668394,2841541.70985,56830.834197000004,239379446.422365,0
1997,C,Rev.2,34190,5,subclase_5_digitos,Artículos de papel y cartón n.e.p,6521450.4872,,,,,,,,165360177.2349,718735,67961154.62099999,14367657.5396,,,,,,,0,465248.7112,,280706.6266,,,,,,15881264.0423,,534192.9154000002,50427500.8872,125190812.62199998,290550989.8569,,,,,113661.668394,242505142.3032,14611005.5396,5458099.610199999,8910858.929399999,14368958.5396,124411325.0155,10547859.594000002,134959184.6095,242047,243348,24434795.8002,0,18657068.5303,2470397.1055,249781.76710000003,2900167.3973,157381,113661.668394,2841541.70985,56830.834197000004,239379446.422365,0
1997,C,Rev.2,342,3,grupo_3_digitos,"IMPRENTAS,EDITORIALES IND.CONEXAS",69889535.6692,,,,,,,,1039803396.6499,3109063.4900999996,447573915.50890005,189811246.0523,,,,,,,0,4709993.2421,,5097087.275400002,,,,,,122870128.9143,,3496157.5234,552692756.4114001,1075253294.8648999,2115056691.5147998,,,,,163624565.6346,1891091627.662004,215582378.9918,123092991.93310001,78130381.66169998,201223373.59480003,207973234.8491,264771565.3385,472744800.1876,14359005.397,25771132.9395,11207189.2827,-2996.8344,2308824.2728,738099.0333,1369789.0895000002,5398633.273200001,1394840.4482999998,62411526.27804001,7308772.17936,65453116.511808,1589500642.37198,2793004.6862160005
1997,C,Rev.2,3420,4,clase_4_digitos,"IMPRENTAS,EDITORIALES IND.CONEXAS",69889535.6692,,,,,,,,1039803396.6499,3109063.4900999996,447573915.50890005,189811246.0523,,,,,,,0,4709993.2421,,5097087.275400002,,,,,,122870128.9143,,3496157.5234,552692756.4114001,1075253294.8648999,2115056691.5147998,,,,,163624565.6346,1891091627.662004,215582378.9918,123092991.93310001,78130381.66169998,201223373.59480003,207973234.8491,264771565.3385,472744800.1876,14359005.397,25771132.9395,11207189.2827,-2996.8344,2308824.2728,738099.0333,1369789.0895000002,5398633.273200001,1394840.4482999998,62411526.27804001,7308772.17936,65453116.511808,1589500642.37198,2793004.6862160005
1997,C,Rev.2,34201,5,subclase_5_digitos,,39870985.72890001,,,,,,,,593307936.6741,3086513.3043,244608788.0106,44226562.1634,,,,,,,0,2489680.3511999995,,435087.47400000005,,,,,,38419280.821200006,,1031920.4271,290619230.4498,575534091.6633,1168842028.3374,,,,,139023890.49178797,990566061.4272001,49693865.0274,21195086.8248,14173109.805600004,35368196.6304,63044989.12560001,148473245.9136,211518235.0392,14325668.397,5467302.863999999,-486342.19169999997,0,-1240335.1341000001,609820.4915999998,235781.1324,-48775.797,-42832.88460000001,23184655.883477993,0,3238275.4558019997,822326234.9099159,2793004.6862160005
1997,C,Rev.2,34202,5,subclase_5_digitos,,29971958.940299995,,,,,,,,445574761.9757999,22550.1858,202796516.4983,145494408.8889,,,,,,,0,2218213.8908999995,,4651374.8014,,,,,,84288216.0931,,2455711.0963,261827596.9616,499247447.20159996,944822209.1774001,,,,,24464763.442811992,899166449.2348,165798238.9644,101840967.1083,63957271.85609999,165798238.9644,144870395.72349998,116053319.4249,260923715.14839998,0,20303830.0755,11826522.474400003,-2996.8344,3682150.4069,128278.5417,1134007.9571,5447409.0702,1437673.3329000003,39226870.394562,7308772.17936,62214841.05600599,765951202.1620599,0
1997,C,Rev.2,34203,5,subclase_5_digitos,,46591,,,,,,,,920698,0,168611,90275,,,,,,,0,2099,,10625,,,,,,162632,,8526,245929,471756,1392454,,,,,135911.7,1359117,90275,56938,0,56938,57850,245000,302850,33337,0,-132991,0,-132991,0,0,0,0,0,0,0,1223205.3,0
1997,C,Rev.2,35,2,division_2_digitos,PRODUCTOS QUIMICOS.,342542048.9148,,,,,,,,7523593637.3506,100935997.24540001,3255704779.6724,631754506.1145998,,,,,,,3199765209.3895,18594998.499599997,,3266119053.4368005,,,,,,475774587.2549,,148694842.79309997,1952227112.2905,8816592994.314499,16340186631.665098,,,,,1091981998.21193,14461043448.32746,682801384.876,308796414.8999999,347544704.36060005,656341119.2606,702015603.2694999,3629951701.0681996,4331967304.337699,26460265.6154,51046878.76140001,425900741.7753,11347877.708299998,64630142.2788,54217454.574300006,84957000.18409999,193880848.5046,16867418.5252,718617568.0766101,477395808.233152,977473287.1693679,11164207542.636402,31367244
1997,C,Rev.2,351,3,grupo_3_digitos,SUSTANCIAS QUIMICAS.,33944630.7025,,,,,,,,738542659.8815,11153842.732999997,182693177.4961,139414953.5128,,,,,,,0,3515488.4503999995,,-5681084.862600001,,,,,,14679347.655700002,,1957269.4200000002,196733553.4795,407690276.8155,1146232936.6969998,,,,,525796211.41999996,1329100436.8914998,147027288.58290002,58630515.582899995,88396773,147027288.58290002,133564612.67949998,377421370.64910007,510985983.32860005,0,7612335.0701,63679405.8107,2274669.9253,12538510.731199998,2670578,2462218.1103,36586139.0439,7147290,56686974.501264006,0,36526766.410000004,710090484.5602361,0
1997,C,Rev.2,3511,4,clase_4_digitos,SUSTANCIAS QUIM.INDUSTR.BASICAS,26705502.940799996,,,,,,,,296263741.0408,5330094,58573809.756799996,56299001.4176,,,,,,,0,1828949.2,,-1955247.5296,,,,,,23476158.784799997,,1545897.2704,116265630.26800002,199589695.436,495853436.47679996,,,,,1452854.4200000002,374320355.2248,61295754.4176,29684869.4176,31610885,61295754.4176,115830406.6896,34241355.288,150071761.9776,0,4996753,10627109.628799997,-236943,-8104988.640000001,1605966,1283664,14422263.2688,1657148,56686974.501264006,0,25999357.61,290181168.693536,0
1997,C,Rev.2,35110,5,subclase_5_digitos,Sustancias químicas ind.básicas,26705502.940799996,,,,,,,,296263741.0408,5330094,58573809.756799996,56299001.4176,,,,,,,0,1828949.2,,-1955247.5296,,,,,,23476158.784799997,,1545897.2704,116265630.26800002,199589695.436,495853436.47679996,,,,,1452854.4200000002,374320355.2248,61295754.4176,29684869.4176,31610885,61295754.4176,115830406.6896,34241355.288,150071761.9776,0,4996753,10627109.628799997,-236943,-8104988.640000001,1605966,1283664,14422263.2688,1657148,56686974.501264006,0,25999357.61,290181168.693536,0
1997,C,Rev.2,3512,4,clase_4_digitos,ABONOS Y PLAGUICIDAS,2475140.7617000006,,,,,,,,374643602.8407,4257605.733,117574543.73930001,22262705.0952,,,,,,,0,525647.2504,,-3320586.3329999996,,,,,,-10655198.129099999,,411372.1496,61137367.211500004,177866465.3795,552510068.2202,,,,,524343357,934112591.6667,24878287.1653,20463295.1653,4414992,24878287.1653,17734205.989899997,277809253.36810005,295543459.358,0,2615582.0700999997,28497802.181899995,1779051.9252999998,13133780.371200003,1064612,406690.1103,10502496.7751,1611171,0,0,10527408.800000003,399241825.8667,0
1997,C,Rev.2,35120,5,subclase_5_digitos,Abonos y plaguicidas,2475140.7617000006,,,,,,,,374643602.8407,4257605.733,117574543.73930001,22262705.0952,,,,,,,0,525647.2504,,-3320586.3329999996,,,,,,-10655198.129099999,,411372.1496,61137367.211500004,177866465.3795,552510068.2202,,,,,524343357,934112591.6667,24878287.1653,20463295.1653,4414992,24878287.1653,17734205.989899997,277809253.36810005,295543459.358,0,2615582.0700999997,28497802.181899995,1779051.9252999998,13133780.371200003,1064612,406690.1103,10502496.7751,1611171,0,0,10527408.800000003,399241825.8667,0
1997,C,Rev.2,3513,4,clase_4_digitos,RESINAS SINTETICAS Y FIBRAS ARTIF.,4763987,,,,,,,,67635316,1566143,6544824,60853247,,,,,,,0,1160892,,-405251,,,,,,1858387,,0,19330556,30234116,97869432,,,,,0,20667490,60853247,8482351,52370896,60853247,0,65370761.993,65370761.993,0,0,24554494,732561,7509719,0,771864,11661379,3878971,0,0,0,20667490,0
1997,C,Rev.2,35130,5,subclase_5_digitos,Resinas sintéticas y fibras artif.,4763987,,,,,,,,67635316,1566143,6544824,60853247,,,,,,,0,1160892,,-405251,,,,,,1858387,,0,19330556,30234116,97869432,,,,,0,20667490,60853247,8482351,52370896,60853247,0,65370761.993,65370761.993,0,0,24554494,732561,7509719,0,771864,11661379,3878971,0,0,0,20667490,0
1997,C,Rev.2,352,3,grupo_3_digitos,OTROS PRODUCTOS QUIMICOS,97436002.9218,,,,,,,,2127223371.5528,511852.1792,803148307.4103,171593128.4404,,,,,,,14863372.3895,8020575.066799999,,42410664.8796,,,,,,182552230.95970002,,20038569.6025,934514361.9175999,1877509337.1292999,4004732708.6821,,,,,476192926.292502,4425096492.608698,208470985.0939,140184353.66109997,55485451.4414,195669805.1025,316717469.2081,632146831.3306999,948864300.5388,12801179.9914,36877856.6535,126446998.6093,7476286.975600001,18482015.9192,101797177.38429998,-5717453.432000001,-1530039.6592,5939011.4214,112198214.163512,73502704.310352,273083097.85811204,3490119549.98422,0
1997,C,Rev.2,3521,4,clase_4_digitos,"PINTURAS,BARNICES,LACAS",15523272.390000002,,,,,,,,402594895.075,3077572,169551112.4275,18671640.37,,,,,,,0,916754.5724999999,,-1213972.36,,,,,,30288866.09,,946845.0675,99860268.5075,283720680.9649999,686315576.04,,,,,74042805,589081582.16,18739147.487499997,16659313.9075,2041383.75,18700697.6575,119288336.08,152517431.8775,271805767.9575,38449.83,67507.1175,-1946038.175,174944.135,2979875.9075,557600.3125,1106365.96,-6853943.49,89119,5236931.4633,0,3066702.8918999997,506735142.8048,0
1997,C,Rev.2,35210,5,subclase_5_digitos,"Pinturas, barnices y lacas.",15523272.390000002,,,,,,,,402594895.075,3077572,169551112.4275,18671640.37,,,,,,,0,916754.5724999999,,-1213972.36,,,,,,30288866.09,,946845.0675,99860268.5075,283720680.9649999,686315576.04,,,,,74042805,589081582.16,18739147.487499997,16659313.9075,2041383.75,18700697.6575,119288336.08,152517431.8775,271805767.9575,38449.83,67507.1175,-1946038.175,174944.135,2979875.9075,557600.3125,1106365.96,-6853943.49,89119,5236931.4633,0,3066702.8918999997,506735142.8048,0
1997,C,Rev.2,3522,4,clase_4_digitos,PROD.FARMACEUTICOS Y MEDICAMENTOS,64421095.77120001,,,,,,,,966374463.74,-1027082.5908,473783904.28459996,121879477.57439998,,,,,,,310893,5259520.4478,,23675279.0338,,,,,,79148467.88579999,,17077782.995199997,624450657.2493999,1186330936.339,2152705400.079,,,,,6268353.076894,2494649183.1066012,127942159.39820002,97753211.7224,17426217.514400005,115179429.2368,45257446.232,372939372.40659994,418196818.63860005,12762730.1614,6062681.8237999985,69116805.383,3560543.8432,309999.4624,57544295.19360001,-6268097.050600001,9074703.513,4895360.4214,106484134.756784,73502704.310352,269792603.589142,2038601387.37343,0
1997,C,Rev.2,35220,5,subclase_5_digitos,Prod farmacéuticos y medicamentos,64421095.77120001,,,,,,,,966374463.74,-1027082.5908,473783904.28459996,121879477.57439998,,,,,,,310893,5259520.4478,,23675279.0338,,,,,,79148467.88579999,,17077782.995199997,624450657.2493999,1186330936.339,2152705400.079,,,,,6268353.076894,2494649183.1066012,127942159.39820002,97753211.7224,17426217.514400005,115179429.2368,45257446.232,372939372.40659994,418196818.63860005,12762730.1614,6062681.8237999985,69116805.383,3560543.8432,309999.4624,57544295.19360001,-6268097.050600001,9074703.513,4895360.4214,106484134.756784,73502704.310352,269792603.589142,2038601387.37343,0
1997,C,Rev.2,3523,4,clase_4_digitos,ARTICULOS.DE LIMPIEZA Y TOCADOR.,15448535.039399998,,,,,,,,617280740.1632,-1620923,125251404.0318,25214367.237,,,,,,,14552479.3895,1500594.3995000003,,19419740.792999998,,,,,,58737904.1729,,1745744.004,171332221.6205,331451901.48469996,948732641.6479,,,,,391352078.01234794,1121852938.9207,55633992.596200004,19838739.332200002,35795253.264000006,55633992.596200004,126638701.0825,25498030.5368,152136731.61929998,0,30419625.3592,41862508.524100006,2927291.8023999995,4439907.6899,40381003.98239999,3256.8556000000003,-6843483.8062,954532,477147.9434280001,0,0,730023712.964924,0
1997,C,Rev.2,35231,5,subclase_5_digitos,,5980764.3964,,,,,,,,252418290.5936,-1620923,36867652.624000005,-23384274.9396,,,,,,,140449.4672,392460.0064,,3059154.1544,,,,,,1567017.7724000001,,905321.6807999999,47592807.9432,93500379.118,345918669.71159995,,,,,169498837.01234797,304465871.6876,6189340.850000001,4694486.378400002,1494854.4715999998,6189340.850000001,70906674.09559998,12768375.5612,83675049.65679999,0,29573615.789599996,4587239.209600001,537809.9588000001,4301930.728,-92547.9632,799416.8696,-1913902.3836,954532,477147.9434280001,0,0,134489886.73182398,0
1997,C,Rev.2,35232,5,subclase_5_digitos,,9467770.642999997,,,,,,,,364862449.56960005,0,88383751.4078,48598642.1766,,,,,,,14412029.9223,1108134.3931000002,,16360586.638599996,,,,,,57170886.4005,,840422.3232,123739413.6773,237951522.36670002,602813971.9363,,,,,221853241,817387067.2331002,49444651.7462,15144252.953800002,34300398.7924,49444651.7462,55732026.986899994,12729654.975600002,68461681.9625,0,846009.5696,37275269.3145,2389481.8436,137976.96189999997,40473551.9456,-796160.014,-4929581.4226,0,0,0,0,595533826.2331002,0
1997,C,Rev.2,3529,4,clase_4_digitos,PRODUCTOS QUIMICOS N.E.P,2043099.7211999998,,,,,,,,140973272.5746,82285.77,34561886.6664,5827643.2590000015,,,,,,,0,343705.64699999994,,529617.4128,,,,,,14376992.811000003,,268197.5358,38871214.5402,76005818.3406,216979090.9152,,,,,4529690.20326,219512788.4214,6155685.612000001,5933088.698999999,222596.913,6155685.612000001,25532985.8136,81191996.5098,106724982.32340002,0,328042.353,17413722.8772,813507.1949999997,10752232.8594,3314277.8957999996,-558979.1969999999,3092684.124,0,0,0,223791.37707,214759306.84107,0
1997,C,Rev.2,35290,5,subclase_5_digitos,Productos químicos n.e.p.,2043099.7211999998,,,,,,,,140973272.5746,82285.77,34561886.6664,5827643.2590000015,,,,,,,0,343705.64699999994,,529617.4128,,,,,,14376992.811000003,,268197.5358,38871214.5402,76005818.3406,216979090.9152,,,,,4529690.20326,219512788.4214,6155685.612000001,5933088.698999999,222596.913,6155685.612000001,25532985.8136,81191996.5098,106724982.32340002,0,328042.353,17413722.8772,813507.1949999997,10752232.8594,3314277.8957999996,-558979.1969999999,3092684.124,0,0,0,223791.37707,214759306.84107,0
1997,C,Rev.2,353,3,grupo_3_digitos,REFINERIAS DE PETROLEO,131006671,,,,,,,,3159336232,0,1730328760,60562697,,,,,,,3184901837,2277928,,3311006341,,,,,,114250174,,123826576,279567099,5451908871,8611245103,,,,,0,6572065481,60562697,5455845,47007137,52462982,0,1962780009,1962780009,8099715,0,99094274,-1316961,-3349977,-52415052,0,156176264,0,525765238.47999996,0,657206548.1,5389093694.42,0
1997,C,Rev.2,3530,4,clase_4_digitos,REFINERIAS DE PETROLEO,131006671,,,,,,,,3159336232,0,1730328760,60562697,,,,,,,3184901837,2277928,,3311006341,,,,,,114250174,,123826576,279567099,5451908871,8611245103,,,,,0,6572065481,60562697,5455845,47007137,52462982,0,1962780009,1962780009,8099715,0,99094274,-1316961,-3349977,-52415052,0,156176264,0,525765238.47999996,0,657206548.1,5389093694.42,0
1997,C,Rev.2,35300,5,subclase_5_digitos,Refinerías de petroleo.,131006671,,,,,,,,3159336232,0,1730328760,60562697,,,,,,,3184901837,2277928,,3311006341,,,,,,114250174,,123826576,279567099,5451908871,8611245103,,,,,0,6572065481,60562697,5455845,47007137,52462982,0,1962780009,1962780009,8099715,0,99094274,-1316961,-3349977,-52415052,0,156176264,0,525765238.47999996,0,657206548.1,5389093694.42,0
1997,C,Rev.2,354,3,grupo_3_digitos,PROD.DERIVADOS PETROLEO Y CARBON,265158.33930000005,,,,,,,,18501812.3493,0,13013837.6228,38765.6616,,,,,,,0,60431.4041,,60431.4041,,,,,,934553.9103,,0,7128504.748600001,20467932.114800002,38969744.4641,,,,,3596086.7517920006,44951084.3974,163506.38479999997,163506.38479999997,0,163506.38479999997,4426461.251200001,0,4426461.251200001,0,124740.7232,-3257438.4837,-349477.6998,-390647.6686999999,-2081260.12,-62154.5472,-373898.4479999999,0,0,0,0,41354997.64560801,0
1997,C,Rev.2,3540,4,clase_4_digitos,PROD.DERIVADOS PETROLEO Y CARBON,265158.33930000005,,,,,,,,18501812.3493,0,13013837.6228,38765.6616,,,,,,,0,60431.4041,,60431.4041,,,,,,934553.9103,,0,7128504.748600001,20467932.114800002,38969744.4641,,,,,3596086.7517920006,44951084.3974,163506.38479999997,163506.38479999997,0,163506.38479999997,4426461.251200001,0,4426461.251200001,0,124740.7232,-3257438.4837,-349477.6998,-390647.6686999999,-2081260.12,-62154.5472,-373898.4479999999,0,0,0,0,41354997.64560801,0
1997,C,Rev.2,35400,5,subclase_5_digitos,Prod.derivados petroleo y carbón,265158.33930000005,,,,,,,,18501812.3493,0,13013837.6228,38765.6616,,,,,,,0,60431.4041,,60431.4041,,,,,,934553.9103,,0,7128504.748600001,20467932.114800002,38969744.4641,,,,,3596086.7517920006,44951084.3974,163506.38479999997,163506.38479999997,0,163506.38479999997,4426461.251200001,0,4426461.251200001,0,124740.7232,-3257438.4837,-349477.6998,-390647.6686999999,-2081260.12,-62154.5472,-373898.4479999999,0,0,0,0,41354997.64560801,0
1997,C,Rev.2,355,3,grupo_3_digitos,PRODUCTOS DEL CAUCHO,23187411.1032,,,,,,,,305628945.9879999,4196877,55354836.3686,15809059.7612,,,,,,,0,1344740.1521000003,,-1710304.9345,,,,,,38540535.318799995,,1141831.9134,172741855.7506,249573798.2879,555202744.2759001,,,,,30239316.939200997,512412279.8831001,17376071.1442,14521745.0122,2854326.1319999998,17376071.1442,88648670.75409998,164380263.01839998,253028933.77249998,0,1567011.3830000004,39622429.2562,-1901.7216,30974797.9143,-434466.2,-4864565.457,10048198.720499998,3900366,14052899.327033998,116678.88,7152203.578132001,460851181.158733,0
1997,C,Rev.2,3551,4,clase_4_digitos,CAMARAS Y NEUMATICOS,20032034.616800003,,,,,,,,263175193.9956,4191840,39213554.424100004,3307145.617,,,,,,,0,1030159.7912,,-2384504.8569999994,,,,,,26124552.6518,,777175.3518,137042657.41509998,193903741.599,457078935.59459996,,,,,21139261.237626,421538088.72830003,4816383,1996377,2820006,4816383,81398712.7322,148082827.1094,229481539.8416,0,1509237.3830000004,35721362.6454,0,28904438.8454,-467258.2,-5098748,8572167,3810763,10916964.795323998,0,6555566.818131999,382926295.877218,0
1997,C,Rev.2,35510,5,subclase_5_digitos,"Cámaras, protectores y neumáticos",20032034.616800003,,,,,,,,263175193.9956,4191840,39213554.424100004,3307145.617,,,,,,,0,1030159.7912,,-2384504.8569999994,,,,,,26124552.6518,,777175.3518,137042657.41509998,193903741.599,457078935.59459996,,,,,21139261.237626,421538088.72830003,4816383,1996377,2820006,4816383,81398712.7322,148082827.1094,229481539.8416,0,1509237.3830000004,35721362.6454,0,28904438.8454,-467258.2,-5098748,8572167,3810763,10916964.795323998,0,6555566.818131999,382926295.877218,0
1997,C,Rev.2,3559,4,clase_4_digitos,PRODUCTOS DEL CAUCHO N.E.P.,3155376.4864,,,,,,,,42453751.9924,5037,16141281.944499997,12501914.1442,,,,,,,0,314580.3609,,674199.9225,,,,,,12415982.666999998,,364656.5616,35699198.3355,55670056.6889,98123808.6813,,,,,9100055.701574996,90874191.15479998,12559688.1442,12525368.0122,34320.132,12559688.1442,7249958.0219,16297435.909,23547393.9309,0,57774,3901066.6108,-1901.7216,2070359.0689,32792,234182.543,1476031.7205,89603,3135934.53171,116678.88,596636.76,77924885.281515,0
1997,C,Rev.2,35590,5,subclase_5_digitos,Productos del caucho n.e.p.,3155376.4864,,,,,,,,42453751.9924,5037,16141281.944499997,12501914.1442,,,,,,,0,314580.3609,,674199.9225,,,,,,12415982.666999998,,364656.5616,35699198.3355,55670056.6889,98123808.6813,,,,,9100055.701574996,90874191.15479998,12559688.1442,12525368.0122,34320.132,12559688.1442,7249958.0219,16297435.909,23547393.9309,0,57774,3901066.6108,-1901.7216,2070359.0689,32792,234182.543,1476031.7205,89603,3135934.53171,116678.88,596636.76,77924885.281515,0
1997,C,Rev.2,356,3,grupo_3_digitos,PRODUCTOS DEL PLASTICOS N.E.P.,56702174.848,,,,,,,,1174360615.579,85073425.3332,471165860.7746,244335901.73859996,,,,,,,0,3375835.4262,,-79966994.0498,,,,,,124817745.41040002,,1730595.8572,361541737.3942,809442778.9669999,1983803394.546,,,,,56157456.808432,1577417673.5467958,249200836.67019996,89840449.259,153801016.7872,243641466.0462,158658389.37660003,493223227.07,651881616.4466,5559370.624,4864934.931600002,100315072.5828,3265261.2288,6375442.382800001,4680477.510000001,93138955.51,-7025815.152600001,-119248.89619999999,9914241.6048,403776425.0428,3504671.223124,1072697634.8676399,31367244
1997,C,Rev.2,3560,4,clase_4_digitos,PRODUCTOS DEL PLASTICO N.E.P.,56702174.848,,,,,,,,1174360615.579,85073425.3332,471165860.7746,244335901.73859996,,,,,,,0,3375835.4262,,-79966994.0498,,,,,,124817745.41040002,,1730595.8572,361541737.3942,809442778.9669999,1983803394.546,,,,,56157456.808432,1577417673.5467958,249200836.67019996,89840449.259,153801016.7872,243641466.0462,158658389.37660003,493223227.07,651881616.4466,5559370.624,4864934.931600002,100315072.5828,3265261.2288,6375442.382800001,4680477.510000001,93138955.51,-7025815.152600001,-119248.89619999999,9914241.6048,403776425.0428,3504671.223124,1072697634.8676399,31367244
1997,C,Rev.2,35600,5,subclase_5_digitos,Productos plásticos n.e.p.,56702174.848,,,,,,,,1174360615.579,85073425.3332,471165860.7746,244335901.73859996,,,,,,,0,3375835.4262,,-79966994.0498,,,,,,124817745.41040002,,1730595.8572,361541737.3942,809442778.9669999,1983803394.546,,,,,56157456.808432,1577417673.5467958,249200836.67019996,89840449.259,153801016.7872,243641466.0462,158658389.37660003,493223227.07,651881616.4466,5559370.624,4864934.931600002,100315072.5828,3265261.2288,6375442.382800001,4680477.510000001,93138955.51,-7025815.152600001,-119248.89619999999,9914241.6048,403776425.0428,3504671.223124,1072697634.8676399,31367244
1997,C,Rev.2,36,2,division_2_digitos,PRODUCTOS MINERALES NO METALICOS,76913770.68479998,,,,,,,,989078334.3617,8725829.172299998,499161897.6766,516435954.313,,,,,,,0,4684343.172900001,,1264955.2325000002,,,,,,72578686.96930002,,5306441.231900001,522064513.86289996,1099405137.4568,2088483471.8184998,,,,,123605146.121506,1541989062.5497959,521423485.1714,69543918.17139998,297001568,366545486.1714,469988695.8544,75582485.9362,545571181.7906,154877999,4987530.8584,83691106.4678,2287703.4385999995,21797023.973399997,8336066.925799999,18273396.3803,28009021.5085,4987894.2412,38648991.23917401,2362531.59,8562204.620475998,1368810188.97864,0
1997,C,Rev.2,361,3,grupo_3_digitos,"OBJETOS BARRO,LOZA Y PORCELANA",18296315.375,,,,,,,,168335026.75,0,3085524.75,27262570,,,,,,,0,1278328.25,,1880239.25,,,,,,6708815.5,,601911,139568400.5,162830479.875,331165506.625,,,,,1485952.375,170904321.375,27330942,18738224,5355416,24093640,18892317.75,27929799,46822116.75,3237302,68372,35426820.875,2473179,8061408.624999999,8990016,4971097.875,7649763.375,3281356,0,0,0,169418369,0
1997,C,Rev.2,3610,4,clase_4_digitos,"OBJETOS BARRO,LOZA Y PORCELANA",18296315.375,,,,,,,,168335026.75,0,3085524.75,27262570,,,,,,,0,1278328.25,,1880239.25,,,,,,6708815.5,,601911,139568400.5,162830479.875,331165506.625,,,,,1485952.375,170904321.375,27330942,18738224,5355416,24093640,18892317.75,27929799,46822116.75,3237302,68372,35426820.875,2473179,8061408.624999999,8990016,4971097.875,7649763.375,3281356,0,0,0,169418369,0
1997,C,Rev.2,36100,5,subclase_5_digitos,"Objetos de barro,loza y porcelana",18296315.375,,,,,,,,168335026.75,0,3085524.75,27262570,,,,,,,0,1278328.25,,1880239.25,,,,,,6708815.5,,601911,139568400.5,162830479.875,331165506.625,,,,,1485952.375,170904321.375,27330942,18738224,5355416,24093640,18892317.75,27929799,46822116.75,3237302,68372,35426820.875,2473179,8061408.624999999,8990016,4971097.875,7649763.375,3281356,0,0,0,169418369,0
1997,C,Rev.2,362,3,grupo_3_digitos,VIDRIO Y PRODUCTOS DEL VIDRIO,6403321.700800001,,,,,,,,108506073.13659999,4938496,25584139.201399997,10717796.409600003,,,,,,,0,771775.8682000001,,-3486776.1118,,,,,,-4603910.489,,679944.02,71390210.5204,99890895.3108,208396968.4474,,,,,767550.9773399999,134061155.70940001,10717796.409600003,2757754.4096,7960042,10717796.409600003,24095971.9166,15454474.936199998,39550446.85279999,0,0,7256697.3728,-1168717,122307.20259999999,3809464,735262,3285631.1702,472750,460530.586404,0,307020.3909359999,132526053.75471999,0
1997,C,Rev.2,3620,4,clase_4_digitos,VIDRIO Y PRODUCTOS DEL VIDRIO,6403321.700800001,,,,,,,,108506073.13659999,4938496,25584139.201399997,10717796.409600003,,,,,,,0,771775.8682000001,,-3486776.1118,,,,,,-4603910.489,,679944.02,71390210.5204,99890895.3108,208396968.4474,,,,,767550.9773399999,134061155.70940001,10717796.409600003,2757754.4096,7960042,10717796.409600003,24095971.9166,15454474.936199998,39550446.85279999,0,0,7256697.3728,-1168717,122307.20259999999,3809464,735262,3285631.1702,472750,460530.586404,0,307020.3909359999,132526053.75471999,0
1997,C,Rev.2,36200,5,subclase_5_digitos,Vidrio y productos del vidrio.,6403321.700800001,,,,,,,,108506073.13659999,4938496,25584139.201399997,10717796.409600003,,,,,,,0,771775.8682000001,,-3486776.1118,,,,,,-4603910.489,,679944.02,71390210.5204,99890895.3108,208396968.4474,,,,,767550.9773399999,134061155.70940001,10717796.409600003,2757754.4096,7960042,10717796.409600003,24095971.9166,15454474.936199998,39550446.85279999,0,0,7256697.3728,-1168717,122307.20259999999,3809464,735262,3285631.1702,472750,460530.586404,0,307020.3909359999,132526053.75471999,0
1997,C,Rev.2,369,3,grupo_3_digitos,OTROS PROD.MINERALES NO METALICOS.,52214133.609000005,,,,,,,,712237234.4751,3787333.1722999997,470492233.72519994,478455587.9034,,,,,,,0,2634239.0547,,2871492.0943,,,,,,70473781.9583,,4024586.2119,311105902.8425,836683762.2710001,1548920996.7461,,,,,121351642.76916601,1237023585.465396,483374746.7618,48047939.761800006,283686110,331734049.7618,427000406.18780005,32198212,459198618.18780005,151640697,4919158.8584,41007588.220000006,983241.4386,13613308.1458,-4463413.074200001,12567036.5053,17073626.963299997,1233788.2411999998,38188460.65276999,2362531.59,8255184.22954,1066865766.2239201,0
1997,C,Rev.2,3691,4,clase_4_digitos,PROD.ARCILLA PARA CONSTRUCCION,5661977.627599999,,,,,,,,52689814.4518,1135172.1723000002,86943.1232,764809.9042999999,,,,,,,0,618493.5,,559199.0688000001,,,,,,20667539.403099995,,1075877.7411,71334366.72569999,77642486.5453,130332300.99710001,,,,,18918163.94036,119624120.1681,3697068.9017,3697068.9017,0,3697068.9017,13196336.9844,0,13196336.9844,0,2932258.9973999998,5792934.521500001,0,8167.3676000000005,0,2516542.5681,3268224.5858,0,137257.5602,0,0,100568698.66753998,0
1997,C,Rev.2,36910,5,subclase_5_digitos,Prod.arcilla para la construcción.,5661977.627599999,,,,,,,,52689814.4518,1135172.1723000002,86943.1232,764809.9042999999,,,,,,,0,618493.5,,559199.0688000001,,,,,,20667539.403099995,,1075877.7411,71334366.72569999,77642486.5453,130332300.99710001,,,,,18918163.94036,119624120.1681,3697068.9017,3697068.9017,0,3697068.9017,13196336.9844,0,13196336.9844,0,2932258.9973999998,5792934.521500001,0,8167.3676000000005,0,2516542.5681,3268224.5858,0,137257.5602,0,0,100568698.66753998,0
1997,C,Rev.2,3692,4,clase_4_digitos,"CEMENTO, CAL Y YESO.",29608841.4304,,,,,,,,463454329.3461,2319448,399131747.9811999,436721562.2954999,,,,,,,0,1150414.4819,,420722.7945000001,,,,,,22836096.4324,,1589756.3126,135099141.4722,564260453.6783001,1027714783.0243999,,,,,13490253.894800002,748398273.9753,436721562.2954999,3167205.2955,282134095,285301300.2954999,277574989.6372,23473762,301048751.6372,151420262,0,5298942.827699999,1077253.3386000001,-150477.03,380266.0864,4663360.8654000005,-1689359.4327,1017899,0,2362531.59,835600.35,731709888.1404998,0
1997,C,Rev.2,36920,5,subclase_5_digitos,"Cemento, cal y yeso.",29608841.4304,,,,,,,,463454329.3461,2319448,399131747.9811999,436721562.2954999,,,,,,,0,1150414.4819,,420722.7945000001,,,,,,22836096.4324,,1589756.3126,135099141.4722,564260453.6783001,1027714783.0243999,,,,,13490253.894800002,748398273.9753,436721562.2954999,3167205.2955,282134095,285301300.2954999,277574989.6372,23473762,301048751.6372,151420262,0,5298942.827699999,1077253.3386000001,-150477.03,380266.0864,4663360.8654000005,-1689359.4327,1017899,0,2362531.59,835600.35,731709888.1404998,0
1997,C,Rev.2,3699,4,clase_4_digitos,PROD.MINERALES NO METALICOS N.E.P.,16943314.551,,,,,,,,196093090.67719996,332713,71273542.62079999,40969215.703600004,,,,,,,0,865331.0727999998,,1891570.2310000001,,,,,,26970146.1228,,1358952.1582000002,104672394.64459999,194780822.0474,390873912.72459996,,,,,88943224.934006,369001191.322,42956115.564600006,41183665.564600006,1552015,42735680.564600006,136229079.5662,8724450,144953529.5662,220435,1986899.861,29915710.8708,-94011.9,13755617.8082,-4843679.160599999,5387133.0718,15494761.8102,215889.2412,38051203.09257,0,7419583.87954,234587179.415884,0
1997,C,Rev.2,36991,5,subclase_5_digitos,,11331637.875600005,,,,,,,,137815375.02460003,332713,48725216.6878,27528351.3662,,,,,,,0,502181.14259999996,,1415955.3636,,,,,,22151497.3746,,1246487.2210000001,65363794.9668,126836604.89380002,264651979.91839996,,,,,27259804.90181599,255474681.42520005,29515251.227199998,27742801.227199998,1552015,29294816.227199998,75613670.57519999,8724450,84338120.57519999,220435,1986899.861,5255009.3253999995,-118443,-1444501.6232,-1584612.5784,256252,8078934.679400001,67379.84759999998,37759646.400000006,0,7419583.87954,183035646.24384397,0
1997,C,Rev.2,36992,5,subclase_5_digitos,,5611676.6754,,,,,,,,58277715.6526,0,22548325.933,13440864.3374,,,,,,,0,363149.93020000006,,475614.8674,,,,,,4818648.7482,,112464.93719999999,39308599.6778,67944217.15359999,126221932.8062,,,,,61683420.03219,113526509.89680001,13440864.3374,13440864.3374,0,13440864.3374,60615408.991000004,0,60615408.991000004,0,0,24660701.545399997,24431.099999999995,15200119.431399997,-3259066.5822,5130881.0718,7415827.130799999,148509.39359999998,291556.69257,0,0,51551533.17204,0
1997,C,Rev.2,37,2,division_2_digitos,INDUSTRIAS METALICAS BASICAS,42075571.19900001,,,,,,,,975421186.3512,14702564.187999997,440761886.4233,135590653.22839996,,,,,,,0,1326226.5292,,-12230368.692199998,,,,,,14910330.228399996,,1145968.9666000002,155441819.6824,626048908.6124998,1601470094.9637,,,,,182628837.29058796,685602647.9885,135634238.22839996,33413605.1441,90724963.9794,124138569.12349999,116077453.51000002,627228654.5394999,743306108.0494999,11495669.104900002,43585,100875900.803,0,38094450.103,6559123,2016780,54906924.7,-701377,3916352.22,0,2998462.1024499997,496058996.37546206,0
1997,C,Rev.2,371,3,grupo_3_digitos,IND.BASICAS DE HIERRO Y ACERO,40644341.19900001,,,,,,,,882311191.3512,14416466.187999997,404044682.4233,134951411.22839996,,,,,,,0,1111035.5292,,-12370493.692199998,,,,,,13828191.228399996,,934936.9666000002,131237167.6824,563555697.6124998,1445866888.9637,,,,,176086590.14058796,538209568.9885,134951411.22839996,33107910.1441,90347831.9794,123455742.12349999,47879636.510000005,627228654.5394999,675108291.0494999,11495669.104900002,0,88956495.803,0,31287106.103,5777344,-1065113,53955195.7,-998037,3129008.3,0,2998462.1024499997,355995508.44546205,0
1997,C,Rev.2,3710,4,clase_4_digitos,IND.BASICAS DE HIERRO Y ACERO,40644341.19900001,,,,,,,,882311191.3512,14416466.187999997,404044682.4233,134951411.22839996,,,,,,,0,1111035.5292,,-12370493.692199998,,,,,,13828191.228399996,,934936.9666000002,131237167.6824,563555697.6124998,1445866888.9637,,,,,176086590.14058796,538209568.9885,134951411.22839996,33107910.1441,90347831.9794,123455742.12349999,47879636.510000005,627228654.5394999,675108291.0494999,11495669.104900002,0,88956495.803,0,31287106.103,5777344,-1065113,53955195.7,-998037,3129008.3,0,2998462.1024499997,355995508.44546205,0
1997,C,Rev.2,37100,5,subclase_5_digitos,Ind.básicas de hierro y acero,40644341.19900001,,,,,,,,882311191.3512,14416466.187999997,404044682.4233,134951411.22839996,,,,,,,0,1111035.5292,,-12370493.692199998,,,,,,13828191.228399996,,934936.9666000002,131237167.6824,563555697.6124998,1445866888.9637,,,,,176086590.14058796,538209568.9885,134951411.22839996,33107910.1441,90347831.9794,123455742.12349999,47879636.510000005,627228654.5394999,675108291.0494999,11495669.104900002,0,88956495.803,0,31287106.103,5777344,-1065113,53955195.7,-998037,3129008.3,0,2998462.1024499997,355995508.44546205,0
1997,C,Rev.2,372,3,grupo_3_digitos,IND.BASICAS DE METALES NO FERROSOS,1431230,,,,,,,,93109995,286098,36717204,639242,,,,,,,0,215191,,140125,,,,,,1082139,,211032,24204652,62493211,155603206,,,,,6542247.149999999,147393079,682827,305695,377132,682827,68197817,0,68197817,0,43585,11919405,0,6807344,781779,3081893,951729,296660,787343.92,0,0,140063487.93,0
1997,C,Rev.2,3720,4,clase_4_digitos,IND.BASICAS DE METALES NO FERROSOS,1431230,,,,,,,,93109995,286098,36717204,639242,,,,,,,0,215191,,140125,,,,,,1082139,,211032,24204652,62493211,155603206,,,,,6542247.149999999,147393079,682827,305695,377132,682827,68197817,0,68197817,0,43585,11919405,0,6807344,781779,3081893,951729,296660,787343.92,0,0,140063487.93,0
1997,C,Rev.2,37200,5,subclase_5_digitos,Ind.básicas de metales no ferrosos,1431230,,,,,,,,93109995,286098,36717204,639242,,,,,,,0,215191,,140125,,,,,,1082139,,211032,24204652,62493211,155603206,,,,,6542247.149999999,147393079,682827,305695,377132,682827,68197817,0,68197817,0,43585,11919405,0,6807344,781779,3081893,951729,296660,787343.92,0,0,140063487.93,0
1997,C,Rev.2,38,2,division_2_digitos,"PROD.METAL.,MAQUINARIA Y EQUIPO",122039387.4086,,,,,,,,2373374617.7949004,22243117.093899995,655155651.4133,228910688.5749,,,,,,,1527311,12802803.6896,,1608747.9477,,,,,,228056669.67319998,,9521750.352000002,1161828263.4147,1940632050.1842997,4314006667.979199,,,,,688021520.09486,4371057642.780201,262817757.58630002,214383121.0258,32682840.2145,247065961.24029997,861245770.7470001,737488643.1516,1598734413.8985999,15751796.346,33907069.0114,350341961.64410007,2945269.7005,118517156.10959998,52872881.041600004,43121256.081,129092919.8851,3792478.8263,238708709.687736,10468239.471804,42591159.802650996,3389232492.72315,2035521
1997,C,Rev.2,381,3,grupo_3_digitos,PROD.METAL.EXCEP.MAQUIN.Y EQUIPO,42654138.2703,,,,,,,,1033686195.1872001,392262.8493,267376396.63889998,19371252.2114,,,,,,,0,4053742.8132999996,,8845480.5851,,,,,,114706095.0017,,5184000.621099999,503938073.5455,822814089.0397999,1856500284.227,,,,,227875292.044401,1850334582.782099,40151570.410399996,34851260.5687,5232878.867400001,40084139.4361,500916273.5802999,248569758.9708,749486032.5511,67430.9743,20780318.199,136270077.9813,1606287.3934000002,44815923.1436,12453317.5468,34470155.792100005,42123838.351,800555.7543999999,108984383.845762,0,23867390.198916,1489607516.6930199,0
1997,C,Rev.2,3811,4,clase_4_digitos,"CUCHILLERIA,HERRAM.MANUAL,CERRAJ.",2200250.1672000005,,,,,,,,68421883.65719998,0,16040466.5715,12521255.306700002,,,,,,,0,146077.82279999997,,244009.5372,,,,,,12022225.4322,,97931.71439999998,51305496.61229999,69790222.8882,138212106.54539996,,,,,1126365.750783,136027443.33630005,12521255.306700002,12521255.306700002,0,12521255.306700002,48646030.419,1737484.0821000002,50383514.50110001,0,0,585194.2004999999,6421.9545,-536745.9576,0,-383499.3357,1499017.5393,0,255604.548303,0,0,134645473.037214,0
1997,C,Rev.2,38110,5,subclase_5_digitos,"Cuchillería,herram.manuales,cerraj",2200250.1672000005,,,,,,,,68421883.65719998,0,16040466.5715,12521255.306700002,,,,,,,0,146077.82279999997,,244009.5372,,,,,,12022225.4322,,97931.71439999998,51305496.61229999,69790222.8882,138212106.54539996,,,,,1126365.750783,136027443.33630005,12521255.306700002,12521255.306700002,0,12521255.306700002,48646030.419,1737484.0821000002,50383514.50110001,0,0,585194.2004999999,6421.9545,-536745.9576,0,-383499.3357,1499017.5393,0,255604.548303,0,0,134645473.037214,0
1997,C,Rev.2,3812,4,clase_4_digitos,MUEBLES.Y ACCES.PRINCIP.METALICOS,2119610.7947000004,,,,,,,,50326867.57830001,0,21264875.241699997,2303439.2199,,,,,,,0,213407.9075,,379297.55279999995,,,,,,5872790.472900001,,165889.64530000003,25365796.6969,49129580.2861,99456447.8644,,,,,33658858.863189,96129169.57059999,2451300.2199,2451300.2199,0,2451300.2199,30996926.789099995,94221,31091147.789099995,0,147861,15167036.7683,7000,3492051.1354999994,6899546.5173,-581619.3310000001,5350058.4465000015,0,20056690.799247995,0,2715586.445517,39698033.462646,0
1997,C,Rev.2,38120,5,subclase_5_digitos,Muebles y acces princip.metálicos,2119610.7947000004,,,,,,,,50326867.57830001,0,21264875.241699997,2303439.2199,,,,,,,0,213407.9075,,379297.55279999995,,,,,,5872790.472900001,,165889.64530000003,25365796.6969,49129580.2861,99456447.8644,,,,,33658858.863189,96129169.57059999,2451300.2199,2451300.2199,0,2451300.2199,30996926.789099995,94221,31091147.789099995,0,147861,15167036.7683,7000,3492051.1354999994,6899546.5173,-581619.3310000001,5350058.4465000015,0,20056690.799247995,0,2715586.445517,39698033.462646,0
1997,C,Rev.2,3813,4,clase_4_digitos,PROD.METAL.ESTRUC.(HERRERIA-OBRA),8254948.802200001,,,,,,,,306176197.2512999,0,74859341.57279998,-7624498.1919,,,,,,,0,1164097.5526,,2444895.4614,,,,,,36212068.792,,1280797.9087999999,136141480.6669,221700666.50329998,527876863.75460005,,,,,81154094.133625,487047649.7332999,8076803.1667,8014174.1667,37692,8051866.1667,179974936.22319996,36031487.06950001,216006423.2927,24937,15701301.358600002,30586536.519,0,13497099.483,2948469.29,16708929.4779,-2567961.7319,0,21583474.289574996,0,10695727.355886001,373614353.9542139,0
1997,C,Rev.2,38130,5,subclase_5_digitos,Prod.metálicos estruc(Herr.obra),8254948.802200001,,,,,,,,306176197.2512999,0,74859341.57279998,-7624498.1919,,,,,,,0,1164097.5526,,2444895.4614,,,,,,36212068.792,,1280797.9087999999,136141480.6669,221700666.50329998,527876863.75460005,,,,,81154094.133625,487047649.7332999,8076803.1667,8014174.1667,37692,8051866.1667,179974936.22319996,36031487.06950001,216006423.2927,24937,15701301.358600002,30586536.519,0,13497099.483,2948469.29,16708929.4779,-2567961.7319,0,21583474.289574996,0,10695727.355886001,373614353.9542139,0
1997,C,Rev.2,3819,4,clase_4_digitos,ARTICULOS METALICOS N.E.P.,30079328.5062,,,,,,,,608761246.7004001,392262.8493,155211713.2529,12171055.876700003,,,,,,,0,2530159.5303999996,,5777278.0337000005,,,,,,60599010.3046,,3639381.3525999994,291125299.5694,482193619.36219996,1090954866.0626,,,,,111935973.296804,1131130320.1418998,17102211.7171,11864530.8754,5195186.867400001,17059717.742799997,241298380.14899996,210706566.8192,452004946.9682,42493.9743,4931155.8404,89931310.49350001,1592865.4389,28363518.482699998,2605301.7395,18726344.980899997,37842724.097100005,800555.7543999999,67088614.20863601,0,10456076.397513,941649656.2389472,0
1997,C,Rev.2,38191,5,subclase_5_digitos,,6174763.5513,,,,,,,,140664726.6354,81304.11659999998,26946104.9199,3386244.4058999997,,,,,,,0,367999.8476999999,,1462688.2863,,,,,,-1857306.8433,,1175992.5551999998,44232225.184200004,78815781.9417,219480508.57709998,,,,,15290925.19992,166450274.6265,3687786.7293000002,801169.248,2886617.4813,3687786.7293000002,83655267.37289998,48450701.8563,132105969.22920002,0,301542.32340000005,37256652.999000005,0,3439133.0186999994,0,2001323.8854,31816196.0949,0,11119315.312890003,0,3822731.29998,136217302.81371,0
1997,C,Rev.2,38192,5,subclase_5_digitos,,17775813.5599,,,,,,,,374921765.0887,310958.73270000005,106714935.803,6676255.079100001,,,,,,,0,1231264.2141,,1967596.9437,,,,,,33401437.438700005,,1047291.4623,139520390.3722,265978736.67879996,640900501.7674999,,,,,5232762.761883999,536176147.3077,7975149.0705,5624085.710100001,2308569.3861,7932655.0962000005,140696351.3217,153161773.30440003,293858124.6261,42493.9743,1298893.9914,55325611.594900005,1572090.6786,26432496.926899996,337325.337,18204425.8477,7978717.0503,800555.7543999999,41739564.70824601,0,6633345.097533,482570474.74003696,0
1997,C,Rev.2,38193,5,subclase_5_digitos,,6128751.3950000005,,,,,,,,93174754.9763,0,21550672.53,2108556.3917,,,,,,,0,930895.4686000001,,2346992.8037,,,,,,29054879.7092,,1416097.3351,107372684.01300001,137399100.74169996,230573855.71799996,,,,,91412285.33499998,428503898.20769995,5439275.917300001,5439275.917300001,0,5439275.917300001,16946761.4544,9094091.658499999,26040853.112900004,0,3330719.5256,-2650954.1004,20774.760300000005,-1508111.4629000002,2267976.4024999994,-1479404.7522,-1952189.0481,0,14229734.187499998,0,0,322861878.6852,0
1997,C,Rev.2,382,3,grupo_3_digitos,MAQUINARIA EXCEPTO ELECTRICA.,6684188.1838,,,,,,,,180596880.5582,3028583.5738999997,43836932.62060001,18156421.8375,,,,,,,0,1529025.5789,,-834022.0409,,,,,,25687237.7264,,665535.9541,142831759.5636,192518858.3271,373115738.8852999,,,,,46252714.319377996,373547651.9736,21589037.8454,18392082.316800002,3196955.5286,21589037.8454,82990481.4605,26597241.281099997,109587722.74160002,0,3432616.0079,29120523.901699997,0,6861957.4265,17257311.8884,2597988.8297,287438.01930000004,2115827.7378000002,17145002.402598996,7201811.554764,11960475.948633999,288952126.748225,2035521
1997,C,Rev.2,3822,4,clase_4_digitos,MAQUIN.Y EQUIPO P/AGRICULTURA,1480136.9492000001,,,,,,,,68259093.0592,3028583.5738999997,15725928.636999998,13880931.373800002,,,,,,,0,420736.2719,,-2565657.3019999997,,,,,,-1781226.3702,,42190,26835929.0709,41476337.3551,109735430.4143,,,,,42890562.7625,109097358.6634,13880931.373800002,11283619.278,2597312.0958,13880931.373800002,56227988.039000005,0,56227988.039000005,0,0,-2590695.3488999996,0,-3486640.7872000006,56746.559400000006,521578,147132,170488.8789,0,0,872061.4,63299213.5009,2035521
1997,C,Rev.2,38220,5,subclase_5_digitos,Maquinaria y equipo p/agricultura,1480136.9492000001,,,,,,,,68259093.0592,3028583.5738999997,15725928.636999998,13880931.373800002,,,,,,,0,420736.2719,,-2565657.3019999997,,,,,,-1781226.3702,,42190,26835929.0709,41476337.3551,109735430.4143,,,,,42890562.7625,109097358.6634,13880931.373800002,11283619.278,2597312.0958,13880931.373800002,56227988.039000005,0,56227988.039000005,0,0,-2590695.3488999996,0,-3486640.7872000006,56746.559400000006,521578,147132,170488.8789,0,0,872061.4,63299213.5009,2035521
1997,C,Rev.2,3824,4,clase_4_digitos,MAQUIN.Y EQUIPO P/INDUSTRIA,1283231.9375999998,,,,,,,,18206656.7271,0,2389427.3426999995,-2035969.7993,,,,,,,0,116058.6866,,190896.38919999998,,,,,,4543814.370100001,,74837.70259999999,14811496.108299999,18675051.777799997,36881708.5049,,,,,1886921.68005,37451172.13120001,20207.799999999996,20207.799999999996,0,20207.799999999996,11745679.232999997,2713493.9699999997,14459173.203,0,2056177.5993000001,-99657.74149999999,0,-52194.204900000004,6398.855100000001,-53862.39169999999,0,0,943460.8400250002,0,10944145.744289998,23676643.866835002,0
1997,C,Rev.2,38240,5,subclase_5_digitos,Maquinaria y equipo p/industria.,1283231.9375999998,,,,,,,,18206656.7271,0,2389427.3426999995,-2035969.7993,,,,,,,0,116058.6866,,190896.38919999998,,,,,,4543814.370100001,,74837.70259999999,14811496.108299999,18675051.777799997,36881708.5049,,,,,1886921.68005,37451172.13120001,20207.799999999996,20207.799999999996,0,20207.799999999996,11745679.232999997,2713493.9699999997,14459173.203,0,2056177.5993000001,-99657.74149999999,0,-52194.204900000004,6398.855100000001,-53862.39169999999,0,0,943460.8400250002,0,10944145.744289998,23676643.866835002,0
1997,C,Rev.2,3825,4,clase_4_digitos,"MAQ.OFIC,CALCULO Y CONTABILIDAD",1927528.1290000002,,,,,,,,19549021.7413,0,4399230.696799999,3305832.6107,,,,,,,0,256433.6901,,668910.4203999998,,,,,,6226654.5167000005,,412476.73030000005,24720939.1951,31716608.441299997,51265630.1826,,,,,729067.1413560001,56764083.897300005,3804101.4106999994,3204457.9779,599643.4327999998,3804101.4106999994,1624806.1809000003,0,1624806.1809000003,0,498268.80000000005,547620.1787999999,0,248438.5668,219823.65899999999,-173316.066,252674.019,0,4493223.026094,7201811.554764,144268.804344,44195713.37074199,0
1997,C,Rev.2,38250,5,subclase_5_digitos,Máq.ofic.cálculo y contabilidad,1927528.1290000002,,,,,,,,19549021.7413,0,4399230.696799999,3305832.6107,,,,,,,0,256433.6901,,668910.4203999998,,,,,,6226654.5167000005,,412476.73030000005,24720939.1951,31716608.441299997,51265630.1826,,,,,729067.1413560001,56764083.897300005,3804101.4106999994,3204457.9779,599643.4327999998,3804101.4106999994,1624806.1809000003,0,1624806.1809000003,0,498268.80000000005,547620.1787999999,0,248438.5668,219823.65899999999,-173316.066,252674.019,0,4493223.026094,7201811.554764,144268.804344,44195713.37074199,0
1997,C,Rev.2,3829,4,clase_4_digitos,MAQUIN.Y EQUIPOS N.E.P.,1993291.168,,,,,,,,74582109.03059998,0,21322345.9441,3005627.6522999997,,,,,,,0,735796.9303,,871828.4515000001,,,,,,16697995.209799998,,136031.52119999996,76463395.1893,100650860.7529,175232969.7835,,,,,746162.735472,170235037.28170002,3883797.2609,3883797.2609,0,3883797.2609,13392008.0076,23883747.3111,37275755.31869999,0,878169.6086,31263256.8133,0,10152353.851800002,16974342.814900003,2303589.2874000003,-112367.9997,1945338.8589,11708318.536479998,0,0,157780556.00974798,0
1997,C,Rev.2,38290,5,subclase_5_digitos,Maquin.y equipo n.e.p.,1993291.168,,,,,,,,74582109.03059998,0,21322345.9441,3005627.6522999997,,,,,,,0,735796.9303,,871828.4515000001,,,,,,16697995.209799998,,136031.52119999996,76463395.1893,100650860.7529,175232969.7835,,,,,746162.735472,170235037.28170002,3883797.2609,3883797.2609,0,3883797.2609,13392008.0076,23883747.3111,37275755.31869999,0,878169.6086,31263256.8133,0,10152353.851800002,16974342.814900003,2303589.2874000003,-112367.9997,1945338.8589,11708318.536479998,0,0,157780556.00974798,0
1997,C,Rev.2,383,3,grupo_3_digitos,MAQUIN.APAR.Y SUMIN.ELECTRICOS,18350244.3493,,,,,,,,481258235.9507,2298341.04,123887664.3101,35104955.111600004,,,,,,,0,2430999.3647,,1696622.5514,,,,,,39054924.8941,,1563964.2267,196146774.0094,340081305.22019994,821339541.1709001,,,,,217541988.124586,802557046.0397998,43185627.0489,27436370.0489,14233528,41669898.0489,106476728.67699999,242392863.57159996,348869592.2486,1515729,8080671.937300001,64833778.3201,1233059.0075,29480682.822500005,5353015.054400001,2532578.7780999998,25958813.7951,275628.8625,64659897.43993901,0,1294219.514,519060940.96127486,0
1997,C,Rev.2,3831,4,clase_4_digitos,MAQ.Y APAR.INDUSTR.ELECTRICOS,843090.453,,,,,,,,79556530.7168,60089.04,17350021.966499995,2611416.7944,,,,,,,0,217085.8786,,401116.84839999996,,,,,,14256149.8971,,244120.0098,34088383.390200004,52682612.6581,132239143.37489998,,,,,6035719.5605999995,130244766.39479998,5945387.7944,1442625.7944,4502762,5945387.7944,15674397.8477,52466479.52,68140877.36769998,0,3333971,11257806.2549,54750.15,10530684.302800002,1430889.456,2143469.4253,-3104303.4791999995,202316.39999999997,5623530.753095999,0,319212.8279999999,118266303.253104,0
1997,C,Rev.2,38310,5,subclase_5_digitos,Máq.y apar.industriales eléctricos,843090.453,,,,,,,,79556530.7168,60089.04,17350021.966499995,2611416.7944,,,,,,,0,217085.8786,,401116.84839999996,,,,,,14256149.8971,,244120.0098,34088383.390200004,52682612.6581,132239143.37489998,,,,,6035719.5605999995,130244766.39479998,5945387.7944,1442625.7944,4502762,5945387.7944,15674397.8477,52466479.52,68140877.36769998,0,3333971,11257806.2549,54750.15,10530684.302800002,1430889.456,2143469.4253,-3104303.4791999995,202316.39999999997,5623530.753095999,0,319212.8279999999,118266303.253104,0
1997,C,Rev.2,3832,4,clase_4_digitos,"EQ.Y APAR.RADIO,TV Y COMUNICACION",1364471.3628000002,,,,,,,,29611449.6093,0,4359409.3296,8431968.6126,,,,,,,0,65366.308800000006,,259988.7888,,,,,,3469967.8181999996,,194622.47999999998,6554365.014599999,12538234.495800002,42149684.105100006,,,,,0,49593314.464200005,8431968.6126,8431968.6126,0,8431968.6126,4289747.904,3350602.1601,7640350.064099999,0,0,2981180.1708,0,713996.0568000001,2073752.8578,116060.4315,77370.8247,0,37194985.84815,0,0,12398328.616049998,0
1997,C,Rev.2,38320,5,subclase_5_digitos,"Eq.y apar. radio,tv,y comunicación",1364471.3628000002,,,,,,,,29611449.6093,0,4359409.3296,8431968.6126,,,,,,,0,65366.308800000006,,259988.7888,,,,,,3469967.8181999996,,194622.47999999998,6554365.014599999,12538234.495800002,42149684.105100006,,,,,0,49593314.464200005,8431968.6126,8431968.6126,0,8431968.6126,4289747.904,3350602.1601,7640350.064099999,0,0,2981180.1708,0,713996.0568000001,2073752.8578,116060.4315,77370.8247,0,37194985.84815,0,0,12398328.616049998,0
1997,C,Rev.2,3833,4,clase_4_digitos,APAR.Y ACCES.ELECT.USO DOMESTICO,4421282.1049,,,,,,,,117221588.4772,893524,50249421.4163,1626643,,,,,,,0,380863.14839999995,,-279236.4849,,,,,,8852052.391499998,,233424.36669999998,48416855.0908,102808322.1271,220029910.6043,,,,,189130060.35400003,266281366.4472,5055091,2775726,2279365,5055091,23322186.080899995,43910615,67232801.0809,0,3428448,25035145.983799994,54375,6494455.3404,854082,-527455,18159688.6434,0,0,0,0,77151306.09320001,0
1997,C,Rev.2,38330,5,subclase_5_digitos,Apar.y acces.eléct. uso doméstico,4421282.1049,,,,,,,,117221588.4772,893524,50249421.4163,1626643,,,,,,,0,380863.14839999995,,-279236.4849,,,,,,8852052.391499998,,233424.36669999998,48416855.0908,102808322.1271,220029910.6043,,,,,189130060.35400003,266281366.4472,5055091,2775726,2279365,5055091,23322186.080899995,43910615,67232801.0809,0,3428448,25035145.983799994,54375,6494455.3404,854082,-527455,18159688.6434,0,0,0,0,77151306.09320001,0
1997,C,Rev.2,3839,4,clase_4_digitos,"PILAS,LAMP,MATER.DE CONDUCCION",11721400.4286,,,,,,,,254868667.14739996,1344728,51928811.5977,22434926.7046,,,,,,,0,1767684.0289,,1314753.3991000003,,,,,,12476754.787299998,,891797.3702,107087170.51380001,172052135.9392,426920803.08659995,,,,,22376208.209986,356437598.73359996,23753179.641899996,14786049.641899997,7451401,22237450.641899996,63190396.8444,142665166.8915,205855563.73589998,1515729,1318252.9372999999,25559645.9106,1123933.8575000002,11741547.1225,994290.7406,800503.9213,10826057.8062,73312.46249999998,21841380.838693,0,975006.6859999999,311245002.9989209,0
1997,C,Rev.2,38391,5,subclase_5_digitos,Acumuladores y pilas (baterías),660203.3520000001,,,,,,,,44288568.313999996,0,6800271.625399999,2121873.751,,,,,,,0,1025302.1568000001,,1159573.2768,,,,,,2503183.8327999995,,134271.12,18525625.1916,27145673.445799995,71434241.7598,,,,,8652542.77316,72023153.06579998,2121873.751,2121873.751,0,2121873.751,15606130.7418,19453095.58,35059226.3218,0,0,2375646.1674,33815.286400000005,-445772.2519999999,1816748.395,-2971204.7008,3955246.4387999997,-13187,6874976.0200000005,0,639829.1360000002,55855805.136640005,0
1997,C,Rev.2,38392,5,subclase_5_digitos,"Lamp.eléc,tubo-luz,válvulas.radio",0,,,,,,,,0,0,0,0,,,,,,,0,0,,0,,,,,,0,,0,0,0,0,,,,,0,0,0,0,0,0,0,0,0,0,0,0,0,0,0,0,0,0,0,0,0,0,0
1997,C,Rev.2,38393,5,subclase_5_digitos,Piezas y material conducción elect,11061197.0766,,,,,,,,210580098.8334,1344728,45128539.97229999,20313052.953599997,,,,,,,0,742381.8720999999,,155180.1223,,,,,,9973570.9545,,757526.2502,88561545.3222,144906462.4934,355486561.3268,,,,,13723665.436825998,284414445.66780007,21631305.8909,12664175.890900003,7451401,20115576.8909,47584266.1026,123212071.3115,170796337.4141,1515729,1318252.9372999999,23183999.743199997,1090118.5711,12187319.374500003,-822457.6544,3771708.6221,6870811.367400001,86499.46249999998,14966404.818693003,0,335177.55,255389197.862281,0
1997,C,Rev.2,384,3,grupo_3_digitos,MATERIAL DE TRANSPORTE,37247244.0026,,,,,,,,512736717.2067,8481687.127099998,154395390.9436,137712788.14809996,,,,,,,1527311,4045864.9964999994,,-1314929.7262000002,,,,,,36893911.2497,,1593581.4043999999,234971026.92680004,425298732.1468,938035449.3534999,,,,,126066649.37443998,1061289197.7564,138820696.14809996,123439044.66069998,1263061.2941,124702105.95479998,139897919.70319998,171833478.5253,311731398.2285,14118590.193299998,1107908,113259174.18479998,149946.48599999998,36031355.138000004,11283829.854700001,4600945.038300001,61193097.6678,0,47919425.999436006,3266427.9170399997,2804582.897016,881232111.568468,0
1997,C,Rev.2,3841,4,clase_4_digitos,CONSTRUCCION Y REPARACION NAVALES,8876798.0776,,,,,,,,135317589.061,1963830.1320000002,18569675.5004,12060832.164000003,,,,,,,0,652091.1191999998,,-532928.1047999999,,,,,,-11161147.9088,,778810.908,60265605.961,87179151.4342,222496740.4952,,,,,36364112.8752,42960838.343200006,12060832.164000003,3760011.864,138558.33199999997,3898570.196,31037410.483399995,9949522.203999998,40986932.6874,8162261.968,0,25775479.7462,0,9502363.773199998,13660868.841,2612247.1319999998,0,0,0,0,0,6596725.468,0
1997,C,Rev.2,38410,5,subclase_5_digitos,Construcción y reparacion navales,8876798.0776,,,,,,,,135317589.061,1963830.1320000002,18569675.5004,12060832.164000003,,,,,,,0,652091.1191999998,,-532928.1047999999,,,,,,-11161147.9088,,778810.908,60265605.961,87179151.4342,222496740.4952,,,,,36364112.8752,42960838.343200006,12060832.164000003,3760011.864,138558.33199999997,3898570.196,31037410.483399995,9949522.203999998,40986932.6874,8162261.968,0,25775479.7462,0,9502363.773199998,13660868.841,2612247.1319999998,0,0,0,0,0,6596725.468,0
1997,C,Rev.2,3843,4,clase_4_digitos,AUTOMOVILES Y REPUESTOS,21190159.924999997,,,,,,,,284691287.1457,6517856.995100001,90307669.44320002,114826063.9841,,,,,,,0,3038940.8773,,-2664145.6214,,,,,,22450097.158500005,,814770.4963999998,130828937.9658,239662621.71259996,524353908.8583,,,,,56216728.99924002,818225096.4132,114943856.9841,107863025.7967,1124502.9621000001,108987528.7588,86980503.2198,122410538.3213,209391041.54109997,5956328.2253,117793,73838948.4386,-55889.514,16719258.364800004,4440218.013699999,1988697.9063,50746663.6678,0,47919425.999436006,3266427.9170399997,2804582.897016,708017930.6004679,0
1997,C,Rev.2,38430,5,subclase_5_digitos,Automotores y repuestos,21190159.924999997,,,,,,,,284691287.1457,6517856.995100001,90307669.44320002,114826063.9841,,,,,,,0,3038940.8773,,-2664145.6214,,,,,,22450097.158500005,,814770.4963999998,130828937.9658,239662621.71259996,524353908.8583,,,,,56216728.99924002,818225096.4132,114943856.9841,107863025.7967,1124502.9621000001,108987528.7588,86980503.2198,122410538.3213,209391041.54109997,5956328.2253,117793,73838948.4386,-55889.514,16719258.364800004,4440218.013699999,1988697.9063,50746663.6678,0,47919425.999436006,3266427.9170399997,2804582.897016,708017930.6004679,0
1997,C,Rev.2,3844,4,clase_4_digitos,"MOTOS, MOTOCICLETAS Y BICICLETAS",7180286,,,,,,,,92727841,0,45518046,10825892,,,,,,,1527311,354833,,1882144,,,,,,25604962,,0,43876483,98456959,191184800,,,,,33485807.5,200103263,11816007,11816007,0,11816007,21880006,39473418,61353424,0,990115,13644746,205836,9809733,-6817257,0,10446434,0,0,0,0,166617455.5,0
1997,C,Rev.2,38440,5,subclase_5_digitos,"Motos,motocicletas y bicicletas.",7180286,,,,,,,,92727841,0,45518046,10825892,,,,,,,1527311,354833,,1882144,,,,,,25604962,,0,43876483,98456959,191184800,,,,,33485807.5,200103263,11816007,11816007,0,11816007,21880006,39473418,61353424,0,990115,13644746,205836,9809733,-6817257,0,10446434,0,0,0,0,166617455.5,0
1997,C,Rev.2,385,3,grupo_3_digitos,EQ.PROF.Y CIENTIF.Y AP.FOTOGRAFIA,17103572.6026,,,,,,,,165096588.8921,8042242.5035999995,65659266.9001,18565271.2663,,,,,,,0,743170.9362000001,,-6784403.421700001,,,,,,11714500.8013,,514668.1457,83940629.3694,159919065.4504,325015654.3425,,,,,70284876.23205498,283329164.22830003,19070826.1335,10264363.4307,8756416.524399998,19020779.9551,30964367.326,48095300.80279999,79059668.12879999,50046.178400000004,505554.8671999999,6858407.256200001,-44023.186400000006,1327237.5790000001,6525406.6973,-1080412.3572,-470267.9480999999,600466.4716,0,0,2664491.2440850004,210379796.75215998,0
1997,C,Rev.2,3851,4,clase_4_digitos,EQ.PROF.Y CIENTIFICO (ORTOPEDIA),15968315.1928,,,,,,,,122822550.81840001,8042242.5035999995,54253313.414,15968105.2148,,,,,,,0,509699.4124,,-7167286.0872,,,,,,9274485.255599998,,365257.004,59569321.13200001,122623663.65159999,245446214.47,,,,,0,180143871.04519996,15968105.2148,7161642.512,8756416.524399998,15918059.036399998,24023700.2528,39776637.80279999,63800338.0556,50046.178400000004,0,4020655.8251999994,-44542.5172,2644421.5708,513501.49960000004,-1080412.3572,1387221.1576,600466.4716,0,0,0,180143871.04519996,0
1997,C,Rev.2,38510,5,subclase_5_digitos,Equipo prof.científico(ortopedia),15968315.1928,,,,,,,,122822550.81840001,8042242.5035999995,54253313.414,15968105.2148,,,,,,,0,509699.4124,,-7167286.0872,,,,,,9274485.255599998,,365257.004,59569321.13200001,122623663.65159999,245446214.47,,,,,0,180143871.04519996,15968105.2148,7161642.512,8756416.524399998,15918059.036399998,24023700.2528,39776637.80279999,63800338.0556,50046.178400000004,0,4020655.8251999994,-44542.5172,2644421.5708,513501.49960000004,-1080412.3572,1387221.1576,600466.4716,0,0,0,180143871.04519996,0
1997,C,Rev.2,3852,4,clase_4_digitos,"AP.FOTOGRAFICOS,INSTRUM.OPTICA",1135257.4098,,,,,,,,42274038.073699996,0,11405953.486099998,2597166.0515,,,,,,,0,233471.5238,,382882.6655,,,,,,2440015.5457,,149411.1417,24371308.2374,37295401.79880001,79569439.87249999,,,,,70284876.23205498,103185293.18309999,3102720.9186999993,3102720.9186999993,0,3102720.9186999993,6940667.0732,8318663,15259330.0732,0,505554.8671999999,2837751.4309999994,519.3307999999998,-1317183.9918,6011905.197699999,0,-1857489.1057,0,0,0,2664491.2440850004,30235925.70696,0
1997,C,Rev.2,38520,5,subclase_5_digitos,Ap.fotográficos e instrum.óptica.,1135257.4098,,,,,,,,42274038.073699996,0,11405953.486099998,2597166.0515,,,,,,,0,233471.5238,,382882.6655,,,,,,2440015.5457,,149411.1417,24371308.2374,37295401.79880001,79569439.87249999,,,,,70284876.23205498,103185293.18309999,3102720.9186999993,3102720.9186999993,0,3102720.9186999993,6940667.0732,8318663,15259330.0732,0,505554.8671999999,2837751.4309999994,519.3307999999998,-1317183.9918,6011905.197699999,0,-1857489.1057,0,0,0,2664491.2440850004,30235925.70696,0
1997,C,Rev.2,39,2,division_2_digitos,OTRAS INDUSTRIAS MANUFACTURERAS,4155802.4809,,,,,,,,131246013.83679998,0,56234476.6058,5122609.278900001,,,,,,,0,613274.5661,,1158972.1618000001,,,,,,17735930.968999997,,545697.5956999998,74746605.15979998,136295856.40829998,267541870.24509996,,,,,24466666.687077995,270653840.8564,5122609.278900001,3487472.3663999997,1635136.9125,5122609.278900001,48064871.7536,11721760.9372,59786632.69080001,0,0,1762233.0581,-487099.6198,1943696.144,-1855795.8592,-403585.34969999996,2258097.469,306920.2738,7791789.624345,0,8866233.530219998,228839300.26152498,689850.753232
1997,C,Rev.2,390,3,grupo_3_digitos,OTRAS INDUSTRIAS MANUFACTURERAS,4155802.4809,,,,,,,,131246013.83679998,0,56234476.6058,5122609.278900001,,,,,,,0,613274.5661,,1158972.1618000001,,,,,,17735930.968999997,,545697.5956999998,74746605.15979998,136295856.40829998,267541870.24509996,,,,,24466666.687077995,270653840.8564,5122609.278900001,3487472.3663999997,1635136.9125,5122609.278900001,48064871.7536,11721760.9372,59786632.69080001,0,0,1762233.0581,-487099.6198,1943696.144,-1855795.8592,-403585.34969999996,2258097.469,306920.2738,7791789.624345,0,8866233.530219998,228839300.26152498,689850.753232
1997,C,Rev.2,3901,4,clase_4_digitos,JOYAS Y ARTICULOS CONEXOS,222248.916,,,,,,,,3143587.4452,0,796917.1640999999,133524.42129999996,,,,,,,0,26666.1842,,54751.3706,,,,,,1241958.6398000002,,28085.1864,3901786.1207,4975703.571400002,8119291.016600001,,,,,12197079.850172002,12555211.6797,133524.42129999996,133524.42129999996,0,133524.42129999996,1550536.3325000003,0,1550536.3325000003,0,0,-4232533.419199999,-19534.315999999995,-2425526.2605,-115639.465,1842.86,-1673676.2377,0,61746.867159999994,0,0,296384.962368,0
1997,C,Rev.2,39010,5,subclase_5_digitos,Joyas y artículos conexos.,222248.916,,,,,,,,3143587.4452,0,796917.1640999999,133524.42129999996,,,,,,,0,26666.1842,,54751.3706,,,,,,1241958.6398000002,,28085.1864,3901786.1207,4975703.571400002,8119291.016600001,,,,,12197079.850172002,12555211.6797,133524.42129999996,133524.42129999996,0,133524.42129999996,1550536.3325000003,0,1550536.3325000003,0,0,-4232533.419199999,-19534.315999999995,-2425526.2605,-115639.465,1842.86,-1673676.2377,0,61746.867159999994,0,0,296384.962368,0
1997,C,Rev.2,3903,4,clase_4_digitos,ARTIC.DE DEPORTE Y ATLETISMO,0,,,,,,,,271727.73420000006,0,70285.0512,0,,,,,,,0,296.47799999999995,,296.47799999999995,,,,,,17629.1466,,0,56551.0608,127132.59,398860.3242,,,,,338380.22400000005,338380.22400000005,0,0,0,0,233109.35699999996,0,233109.35699999996,0,0,60480.1002,0,0,0,0,60480.1002,0,0,0,0,0,0
1997,C,Rev.2,39030,5,subclase_5_digitos,Artículos para deporte.,0,,,,,,,,271727.73420000006,0,70285.0512,0,,,,,,,0,296.47799999999995,,296.47799999999995,,,,,,17629.1466,,0,56551.0608,127132.59,398860.3242,,,,,338380.22400000005,338380.22400000005,0,0,0,0,233109.35699999996,0,233109.35699999996,0,0,60480.1002,0,0,0,0,60480.1002,0,0,0,0,0,0
1997,C,Rev.2,3909,4,clase_4_digitos,OTRAS INDUSTRIAS MANUFACT. N.E.P.,3933553.5649,,,,,,,,127830698.6574,0,55367274.3905,4989084.857600001,,,,,,,0,586311.9039,,1103924.3132,,,,,,16476343.182600003,,517612.40930000006,70788267.9783,131193020.24690002,259023718.9043,,,,,11931206.612906,257760248.95270002,4989084.857600001,3353947.9450999997,1635136.9125,4989084.857600001,46281226.064100005,11721760.9372,58002987.0013,0,0,5934286.3771,-467565.3038,4369222.4045,-1740156.3942,-405428.2097,3871293.6065,306920.2738,7730042.757185,0,8866233.530219998,228542915.29915696,689850.753232
1997,C,Rev.2,39090,5,subclase_5_digitos,Otras industrias manufact.n.e.p.,3933553.5649,,,,,,,,127830698.6574,0,55367274.3905,4989084.857600001,,,,,,,0,586311.9039,,1103924.3132,,,,,,16476343.182600003,,517612.40930000006,70788267.9783,131193020.24690002,259023718.9043,,,,,11931206.612906,257760248.95270002,4989084.857600001,3353947.9450999997,1635136.9125,4989084.857600001,46281226.064100005,11721760.9372,58002987.0013,0,0,5934286.3771,-467565.3038,4369222.4045,-1740156.3942,-405428.2097,3871293.6065,306920.2738,7730042.757185,0,8866233.530219998,228542915.29915696,689850.753232
